{
  "question_id": "bigbench_logical_deduction_0009",
  "method": "next_sentence_attn_oracle",
  "prefix_length": 59,
  "keep_m": 5,
  "kl_to_baseline": 0.04134006734763083,
  "token_kl": 0.07798236364223414,
  "selected_indices": [
    0,
    23,
    39,
    48,
    53
  ],
  "distribution": {
    "A": 0.9586448520651841,
    "B": 0.012067560365172958,
    "C": 0.008293904860146242,
    "D": 0.013674337360086282,
    "E": 0.0073193453494103805
  }
}