{
  "question_id": "bigbench_logical_deduction_0001",
  "method": "next_sentence_attn_oracle",
  "prefix_length": 22,
  "keep_m": 3,
  "kl_to_baseline": 0.0030432872262542835,
  "token_kl": 0.1349936467757438,
  "selected_indices": [
    0,
    3,
    5
  ],
  "distribution": {
    "A": 0.9918772837730988,
    "B": 0.0007981962368788974,
    "C": 0.006683215266795956,
    "D": 0.00015717423309200416,
    "E": 0.0004841304901342991
  }
}