{
  "question_id": "bigbench_logical_deduction_0001",
  "method": "next_sentence_attn_oracle",
  "prefix_length": 128,
  "keep_m": 20,
  "kl_to_baseline": 0.08022663569075747,
  "token_kl": 0.002620629832366392,
  "selected_indices": [
    0,
    66,
    68,
    83,
    88,
    91,
    97,
    98,
    100,
    103,
    109,
    111,
    112,
    114,
    116,
    117,
    119,
    120,
    121,
    122
  ],
  "distribution": {
    "A": 0.914701310737519,
    "B": 0.0010710048844652634,
    "C": 0.06626074169609922,
    "D": 0.0012136075280588282,
    "E": 0.016753335153857598
  }
}