{
  "question_id": "bigbench_logical_deduction_0009",
  "method": "next_sentence_attn_oracle",
  "prefix_length": 28,
  "keep_m": 20,
  "kl_to_baseline": 0.03704346755822432,
  "token_kl": 0.02120132592356901,
  "selected_indices": [
    0,
    1,
    4,
    5,
    6,
    7,
    8,
    9,
    10,
    11,
    12,
    13,
    15,
    16,
    17,
    18,
    19,
    20,
    21,
    22
  ],
  "distribution": {
    "A": 0.2060025229036179,
    "B": 0.014922772707580904,
    "C": 0.2060025229036179,
    "D": 0.2334314401560981,
    "E": 0.33964074132908517
  }
}