{
  "question_id": "bigbench_logical_deduction_0009",
  "method": "next_sentence_attn_oracle",
  "prefix_length": 18,
  "keep_m": 3,
  "kl_to_baseline": 0.6200735839290524,
  "token_kl": 0.010330317334759438,
  "selected_indices": [
    0,
    6,
    12
  ],
  "distribution": {
    "A": 0.6979724487808215,
    "B": 0.030666767325168265,
    "C": 0.1374389159438071,
    "D": 0.08336091635758648,
    "E": 0.05056095159261659
  }
}