{
  "question_id": "bigbench_logical_deduction_0009",
  "method": "next_sentence_attn_oracle",
  "prefix_length": 59,
  "keep_m": 15,
  "kl_to_baseline": 0.0053928966111571035,
  "token_kl": 0.04345613483959323,
  "selected_indices": [
    0,
    10,
    15,
    23,
    25,
    38,
    39,
    43,
    45,
    47,
    48,
    50,
    51,
    52,
    53
  ],
  "distribution": {
    "A": 0.993987581982013,
    "B": 0.0010270848854773574,
    "C": 0.002463848556578659,
    "D": 0.0010270848854773574,
    "E": 0.0014943996904536736
  }
}