{
  "question_id": "bigbench_logical_deduction_0009",
  "method": "next_sentence_attn_oracle",
  "prefix_length": 65,
  "keep_m": 15,
  "kl_to_baseline": 0.002643445500551044,
  "token_kl": 0.0006209195276682436,
  "selected_indices": [
    0,
    3,
    25,
    27,
    42,
    43,
    50,
    51,
    52,
    53,
    54,
    56,
    57,
    58,
    59
  ],
  "distribution": {
    "A": 0.9951358426244897,
    "B": 0.001496126428784596,
    "C": 0.0007067200836297047,
    "D": 0.001496126428784596,
    "E": 0.0011651844343112676
  }
}