{
  "question_id": "bigbench_logical_deduction_0009",
  "method": "next_sentence_attn_oracle",
  "prefix_length": 56,
  "keep_m": 10,
  "kl_to_baseline": 0.28059048646643325,
  "token_kl": 1.0094409995366784,
  "selected_indices": [
    0,
    21,
    41,
    42,
    43,
    44,
    45,
    47,
    48,
    50
  ],
  "distribution": {
    "A": 0.17821629123695035,
    "B": 0.012909941758779743,
    "C": 0.4844421060047671,
    "D": 0.20194551472645728,
    "E": 0.12248614627304545
  }
}