{
  "question_id": "bigbench_logical_deduction_0009",
  "method": "next_sentence_attn_oracle",
  "prefix_length": 26,
  "keep_m": 20,
  "kl_to_baseline": 0.00587396936679193,
  "token_kl": 0.0038570221101137483,
  "selected_indices": [
    0,
    1,
    2,
    4,
    5,
    6,
    7,
    8,
    9,
    10,
    11,
    12,
    13,
    14,
    15,
    16,
    17,
    18,
    19,
    20
  ],
  "distribution": {
    "A": 0.26850361823081026,
    "B": 0.01945033223013618,
    "C": 0.09877696102726077,
    "D": 0.26850361823081026,
    "E": 0.3447654702809824
  }
}