{
  "question_id": "bigbench_logical_deduction_0001",
  "method": "next_sentence_attn_oracle",
  "prefix_length": 59,
  "keep_m": 3,
  "kl_to_baseline": 0.017429840918764823,
  "token_kl": 0.31717141750742534,
  "selected_indices": [
    0,
    45,
    51
  ],
  "distribution": {
    "A": 0.9721581504443566,
    "B": 0.0007823278086406285,
    "C": 0.02286296988966539,
    "D": 0.0006904018679311487,
    "E": 0.0035061499894062337
  }
}