{
  "question_id": "bigbench_logical_deduction_0009",
  "method": "next_sentence_attn_oracle",
  "prefix_length": 35,
  "keep_m": 20,
  "kl_to_baseline": 0.18004777876812464,
  "token_kl": 0.040280554917133955,
  "selected_indices": [
    0,
    6,
    8,
    13,
    14,
    15,
    16,
    17,
    18,
    19,
    20,
    21,
    22,
    23,
    24,
    25,
    26,
    27,
    28,
    29
  ],
  "distribution": {
    "A": 0.4339515827231249,
    "B": 0.01906650415878281,
    "C": 0.10972015585420594,
    "D": 0.2322775440764566,
    "E": 0.20498421318742976
  }
}