{
  "question_id": "bigbench_logical_deduction_0009",
  "method": "next_sentence_attn_oracle",
  "prefix_length": 30,
  "keep_m": 5,
  "kl_to_baseline": 1.1150058797876428,
  "token_kl": 0.6121374174605418,
  "selected_indices": [
    19,
    20,
    21,
    22,
    24
  ],
  "distribution": {
    "A": 0.3972661379744403,
    "B": 0.019778714013764142,
    "C": 0.30939117934224686,
    "D": 0.2126412405144212,
    "E": 0.0609227281551275
  }
}