{
  "question_id": "bigbench_logical_deduction_0009",
  "method": "next_sentence_attn_oracle",
  "prefix_length": 52,
  "keep_m": 15,
  "kl_to_baseline": 0.3110802017800855,
  "token_kl": 0.20555027475930376,
  "selected_indices": [
    0,
    2,
    3,
    4,
    5,
    7,
    13,
    17,
    21,
    25,
    28,
    32,
    37,
    43,
    44
  ],
  "distribution": {
    "A": 0.30268031609465945,
    "B": 0.024845513330111372,
    "C": 0.49903544562267205,
    "D": 0.08671936247627854,
    "E": 0.08671936247627854
  }
}