{
  "question_id": "bookworm_nm",
  "method": "next_sentence_attn_oracle",
  "prefix_length": 38,
  "keep_m": 3,
  "kl_to_baseline": 0.17355123006716983,
  "token_kl": 0.17250445827393848,
  "selected_indices": [
    13,
    14,
    16
  ],
  "distribution": {
    "A": 0.3486451217982255,
    "B": 0.6513548782017746
  }
}