{
  "question_id": "bookworm_nm",
  "method": "next_sentence_attn_oracle",
  "prefix_length": 65,
  "keep_m": 10,
  "kl_to_baseline": 0.05017955303165956,
  "token_kl": 0.09524296162695974,
  "selected_indices": [
    0,
    16,
    17,
    18,
    38,
    39,
    42,
    47,
    57,
    58
  ],
  "distribution": {
    "A": 0.16451645470385742,
    "B": 0.8354835452961425
  }
}