{
  "question_id": "bookworm_nm",
  "method": "next_sentence_attn_oracle",
  "prefix_length": 67,
  "keep_m": 5,
  "kl_to_baseline": 0.037899029659706915,
  "token_kl": 0.1437304194075308,
  "selected_indices": [
    0,
    4,
    50,
    53,
    56
  ],
  "distribution": {
    "A": 0.08509903804604459,
    "B": 0.9149009619539553
  }
}