{
  "question_id": "bookworm_nm",
  "method": "next_sentence_attn_oracle",
  "prefix_length": 38,
  "keep_m": 20,
  "kl_to_baseline": 0.01994467156233759,
  "token_kl": 0.038441022046078376,
  "selected_indices": [
    0,
    1,
    3,
    4,
    5,
    7,
    8,
    12,
    13,
    14,
    15,
    16,
    17,
    18,
    19,
    20,
    26,
    28,
    29,
    32
  ],
  "distribution": {
    "A": 0.1645164792819756,
    "B": 0.8354835207180245
  }
}