{
  "question_id": "bookworm_nm",
  "method": "next_sentence_attn_oracle",
  "prefix_length": 51,
  "keep_m": 20,
  "kl_to_baseline": 0.01809777330535175,
  "token_kl": 0.03371312771982856,
  "selected_indices": [
    0,
    3,
    4,
    5,
    6,
    7,
    9,
    10,
    18,
    26,
    29,
    34,
    36,
    38,
    39,
    40,
    42,
    43,
    44,
    45
  ],
  "distribution": {
    "A": 0.14804718675485834,
    "B": 0.8519528132451416
  }
}