{
  "question_id": "bookworm_nm",
  "method": "next_sentence_attn_oracle",
  "prefix_length": 55,
  "keep_m": 3,
  "kl_to_baseline": 0.014775125549913684,
  "token_kl": 0.008869531464782632,
  "selected_indices": [
    0,
    40,
    45
  ],
  "distribution": {
    "A": 0.1192029188930649,
    "B": 0.880797081106935
  }
}