{
  "question_id": "bookworm_nm",
  "method": "next_sentence_attn_oracle",
  "prefix_length": 78,
  "keep_m": 5,
  "kl_to_baseline": 0.13671991785906748,
  "token_kl": 0.7329336672517874,
  "selected_indices": [
    28,
    44,
    45,
    63,
    70
  ],
  "distribution": {
    "A": 0.1480472055495773,
    "B": 0.8519527944504226
  }
}