{
  "question_id": "bookworm_nm",
  "method": "next_sentence_attn_oracle",
  "prefix_length": 39,
  "keep_m": 20,
  "kl_to_baseline": 0.021244808634639276,
  "token_kl": 0.05794408449013917,
  "selected_indices": [
    0,
    5,
    6,
    12,
    13,
    14,
    15,
    17,
    18,
    19,
    20,
    21,
    22,
    23,
    24,
    25,
    26,
    27,
    28,
    32
  ],
  "distribution": {
    "A": 0.08509904268669496,
    "B": 0.914900957313305
  }
}