{
  "question_id": "dilemma_24577",
  "method": "next_sentence_attn_oracle",
  "prefix_length": 29,
  "keep_m": 10,
  "kl_to_baseline": 0.06118247077529372,
  "token_kl": 0.09217662904880312,
  "selected_indices": [
    0,
    4,
    13,
    14,
    16,
    19,
    20,
    21,
    22,
    23
  ],
  "distribution": {
    "A": 0.20181322466072713,
    "B": 0.798186775339273
  }
}