{
  "question_id": "dilemma_32747",
  "method": "next_sentence_attn_oracle",
  "prefix_length": 42,
  "keep_m": 15,
  "kl_to_baseline": 0.0002815430402507584,
  "token_kl": 0.07961576996071616,
  "selected_indices": [
    0,
    3,
    7,
    12,
    15,
    16,
    17,
    18,
    23,
    25,
    26,
    27,
    28,
    34,
    35
  ],
  "distribution": {
    "A": 0.0002034270650570949,
    "B": 0.999796572934943
  }
}