{
  "question_id": "dilemma_32747",
  "method": "next_sentence_attn_oracle",
  "prefix_length": 29,
  "keep_m": 10,
  "kl_to_baseline": 0.005038594726979862,
  "token_kl": 0.2963310135978096,
  "selected_indices": [
    0,
    6,
    7,
    11,
    13,
    19,
    20,
    21,
    22,
    23
  ],
  "distribution": {
    "A": 0.005911068998530638,
    "B": 0.9940889310014693
  }
}