{
  "question_id": "dilemma_24577",
  "method": "next_sentence_attn_oracle",
  "prefix_length": 26,
  "keep_m": 10,
  "kl_to_baseline": 0.006076428725974359,
  "token_kl": 0.07781444224428681,
  "selected_indices": [
    0,
    4,
    6,
    13,
    14,
    16,
    17,
    18,
    19,
    20
  ],
  "distribution": {
    "A": 0.0758581868113179,
    "B": 0.924141813188682
  }
}