{
  "question_id": "dilemma_15721",
  "method": "next_sentence_attn_oracle",
  "prefix_length": 23,
  "keep_m": 5,
  "kl_to_baseline": 0.07310151195388034,
  "token_kl": 0.08309151360295403,
  "selected_indices": [
    0,
    2,
    3,
    10,
    12
  ],
  "distribution": {
    "A": 0.18242552158390105,
    "B": 0.817574478416099
  }
}