{
  "question_id": "dilemma_32747",
  "method": "next_sentence_attn_oracle",
  "prefix_length": 23,
  "keep_m": 3,
  "kl_to_baseline": 0.004062826613447723,
  "token_kl": 0.6996630615305262,
  "selected_indices": [
    14,
    15,
    17
  ],
  "distribution": {
    "A": 0.0059110677343668944,
    "B": 0.9940889322656332
  }
}