{
  "question_id": "dilemma_3081",
  "method": "next_sentence_attn_oracle",
  "prefix_length": 32,
  "keep_m": 3,
  "kl_to_baseline": 0.6542081449896866,
  "token_kl": 0.19634907292506504,
  "selected_indices": [
    18,
    19,
    20
  ],
  "distribution": {
    "A": 0.8175744739711884,
    "B": 0.18242552602881168
  }
}