{
  "question_id": "dilemma_45012",
  "method": "next_sentence_attn_oracle",
  "prefix_length": 28,
  "keep_m": 15,
  "kl_to_baseline": 0.005503322663682077,
  "token_kl": 0.040271743908415376,
  "selected_indices": [
    0,
    1,
    4,
    7,
    12,
    13,
    14,
    15,
    16,
    17,
    18,
    19,
    20,
    21,
    22
  ],
  "distribution": {
    "A": 0.012431651367713353,
    "B": 0.9875683486322866
  }
}