{
  "question_id": "dilemma_3081",
  "method": "next_sentence_attn_oracle",
  "prefix_length": 20,
  "keep_m": 5,
  "kl_to_baseline": 0.560257278665643,
  "token_kl": 0.1652191076041936,
  "selected_indices": [
    8,
    9,
    10,
    13,
    14
  ],
  "distribution": {
    "A": 0.7310585727705126,
    "B": 0.2689414272294874
  }
}