{
  "question_id": "dilemma_25447",
  "method": "next_sentence_attn_oracle",
  "prefix_length": 18,
  "keep_m": 3,
  "kl_to_baseline": 0.0018536963599651221,
  "token_kl": 0.1077427168969471,
  "selected_indices": [
    0,
    7,
    9
  ],
  "distribution": {
    "A": 0.4073334000459302,
    "B": 0.5926665999540697
  }
}