{
  "question_id": "dilemma_3081",
  "method": "next_sentence_attn_oracle",
  "prefix_length": 31,
  "keep_m": 20,
  "kl_to_baseline": 0.0014145703601107576,
  "token_kl": 0.01771528984926834,
  "selected_indices": [
    0,
    1,
    5,
    6,
    7,
    10,
    12,
    13,
    14,
    15,
    16,
    17,
    18,
    19,
    20,
    21,
    22,
    23,
    24,
    25
  ],
  "distribution": {
    "A": 0.22270013882530884,
    "B": 0.7772998611746911
  }
}