{
  "question_id": "dilemma_23322",
  "method": "next_sentence_attn_oracle",
  "prefix_length": 34,
  "keep_m": 20,
  "kl_to_baseline": 0.0012602299302239724,
  "token_kl": 0.0807059344272144,
  "selected_indices": [
    0,
    1,
    2,
    4,
    7,
    8,
    10,
    11,
    12,
    15,
    16,
    17,
    18,
    20,
    21,
    24,
    25,
    26,
    27,
    28
  ],
  "distribution": {
    "A": 0.014063624667148581,
    "B": 0.9859363753328515
  }
}