{
  "question_id": "dilemma_24577",
  "method": "next_sentence_attn_oracle",
  "prefix_length": 33,
  "keep_m": 10,
  "kl_to_baseline": 0.04226174796024942,
  "token_kl": 0.09731514303213752,
  "selected_indices": [
    0,
    1,
    3,
    6,
    13,
    16,
    19,
    20,
    23,
    25
  ],
  "distribution": {
    "A": 0.16451646699291617,
    "B": 0.8354835330070839
  }
}