{
  "question_id": "dilemma_32747",
  "method": "next_sentence_attn_oracle",
  "prefix_length": 43,
  "keep_m": 20,
  "kl_to_baseline": 0.0014410109674041246,
  "token_kl": 0.0992247496208748,
  "selected_indices": [
    0,
    7,
    13,
    15,
    18,
    19,
    20,
    21,
    22,
    23,
    25,
    26,
    28,
    29,
    31,
    32,
    33,
    34,
    36,
    37
  ],
  "distribution": {
    "A": 7.4846220215991e-05,
    "B": 0.9999251537797841
  }
}