{
  "question_id": "dilemma_12903",
  "method": "next_sentence_attn_oracle",
  "prefix_length": 42,
  "keep_m": 3,
  "kl_to_baseline": 0.18378190904960745,
  "token_kl": 0.21133250031634873,
  "selected_indices": [
    0,
    27,
    29
  ],
  "distribution": {
    "A": 0.22270013366638422,
    "B": 0.7772998663336157
  }
}