{
  "question_id": "dilemma_15721",
  "method": "next_sentence_attn_oracle",
  "prefix_length": 32,
  "keep_m": 15,
  "kl_to_baseline": 0.004791749144757811,
  "token_kl": 0.016920511632461267,
  "selected_indices": [
    0,
    1,
    4,
    5,
    6,
    9,
    11,
    13,
    15,
    18,
    20,
    23,
    24,
    25,
    26
  ],
  "distribution": {
    "A": 0.03732688814730781,
    "B": 0.9626731118526922
  }
}