{
  "question_id": "dilemma_45012",
  "method": "next_sentence_attn_oracle",
  "prefix_length": 34,
  "keep_m": 3,
  "kl_to_baseline": 0.40926295536209084,
  "token_kl": 0.3254874986177231,
  "selected_indices": [
    9,
    17,
    27
  ],
  "distribution": {
    "A": 0.34864513533394575,
    "B": 0.6513548646660542
  }
}