{
  "question_id": "dilemma_32747",
  "method": "next_sentence_attn_oracle",
  "prefix_length": 42,
  "keep_m": 3,
  "kl_to_baseline": 0.0010629954289455758,
  "token_kl": 0.3400244862709904,
  "selected_indices": [
    0,
    12,
    18
  ],
  "distribution": {
    "A": 4.539788962285222e-05,
    "B": 0.9999546021103771
  }
}