{
  "question_id": "dilemma_3081",
  "method": "next_sentence_attn_oracle",
  "prefix_length": 53,
  "keep_m": 10,
  "kl_to_baseline": 0.0012897766835257493,
  "token_kl": 0.12080456373488703,
  "selected_indices": [
    0,
    2,
    20,
    29,
    36,
    38,
    39,
    41,
    46,
    47
  ],
  "distribution": {
    "A": 0.22270014398423357,
    "B": 0.7772998560157665
  }
}