{
  "question_id": "dilemma_32747",
  "method": "next_sentence_attn_oracle",
  "prefix_length": 31,
  "keep_m": 5,
  "kl_to_baseline": 0.039361766700077946,
  "token_kl": 0.23001954789424633,
  "selected_indices": [
    17,
    19,
    20,
    21,
    22
  ],
  "distribution": {
    "A": 0.04208772851637929,
    "B": 0.9579122714836206
  }
}