{
  "question_id": "dilemma_3081",
  "method": "next_sentence_attn_oracle",
  "prefix_length": 44,
  "keep_m": 10,
  "kl_to_baseline": 0.00967080138962359,
  "token_kl": 0.08436148690926487,
  "selected_indices": [
    0,
    6,
    13,
    18,
    21,
    28,
    33,
    35,
    36,
    38
  ],
  "distribution": {
    "A": 0.2018132270610754,
    "B": 0.7981867729389246
  }
}