{
  "question_id": "dilemma_45012",
  "method": "next_sentence_attn_oracle",
  "prefix_length": 34,
  "keep_m": 20,
  "kl_to_baseline": 0.0016522716273644922,
  "token_kl": 0.03764478719314017,
  "selected_indices": [
    0,
    1,
    4,
    6,
    9,
    10,
    11,
    14,
    15,
    16,
    17,
    19,
    20,
    21,
    23,
    24,
    25,
    26,
    27,
    28
  ],
  "distribution": {
    "A": 0.0075772423743956175,
    "B": 0.9924227576256044
  }
}