{
  "question_id": "dilemma_3081",
  "method": "next_sentence_attn_oracle",
  "prefix_length": 22,
  "keep_m": 3,
  "kl_to_baseline": 0.055122806454139237,
  "token_kl": 0.3891809120075219,
  "selected_indices": [
    6,
    7,
    10
  ],
  "distribution": {
    "A": 0.37754066879814546,
    "B": 0.6224593312018546
  }
}