{
  "question_id": "dilemma_19599",
  "method": "next_sentence_attn_oracle",
  "prefix_length": 19,
  "keep_m": 5,
  "kl_to_baseline": 0.11672800481359746,
  "token_kl": 0.02329215904164877,
  "selected_indices": [
    0,
    7,
    8,
    12,
    13
  ],
  "distribution": {
    "A": 0.8670357580842941,
    "B": 0.1329642419157059
  }
}