{
  "question_id": "dilemma_32747",
  "method": "next_sentence_attn_oracle",
  "prefix_length": 26,
  "keep_m": 20,
  "kl_to_baseline": 8.244890022919077e-05,
  "token_kl": 0.014995616397604631,
  "selected_indices": [
    0,
    1,
    2,
    3,
    5,
    6,
    7,
    8,
    9,
    10,
    11,
    12,
    13,
    14,
    15,
    16,
    17,
    18,
    19,
    20
  ],
  "distribution": {
    "A": 0.0009110510001692193,
    "B": 0.9990889489998307
  }
}