{
  "question_id": "dilemma_15721",
  "method": "next_sentence_attn_oracle",
  "prefix_length": 32,
  "keep_m": 3,
  "kl_to_baseline": 0.02397885751449853,
  "token_kl": 0.1553041562055853,
  "selected_indices": [
    0,
    25,
    26
  ],
  "distribution": {
    "A": 0.06754669489377622,
    "B": 0.9324533051062237
  }
}