{
  "question_id": "dilemma_15721",
  "method": "next_sentence_attn_oracle",
  "prefix_length": 28,
  "keep_m": 15,
  "kl_to_baseline": 0.0643373621323915,
  "token_kl": 0.03458063375324008,
  "selected_indices": [
    0,
    1,
    5,
    9,
    11,
    13,
    14,
    15,
    16,
    17,
    18,
    19,
    20,
    21,
    22
  ],
  "distribution": {
    "A": 0.18242551491653522,
    "B": 0.8175744850834649
  }
}