{
  "question_id": "dilemma_2081",
  "method": "next_sentence_attn_oracle",
  "prefix_length": 37,
  "keep_m": 15,
  "kl_to_baseline": 0.06163726481517823,
  "token_kl": 0.06966423685107194,
  "selected_indices": [
    0,
    1,
    7,
    12,
    13,
    15,
    16,
    18,
    20,
    23,
    24,
    25,
    29,
    30,
    31
  ],
  "distribution": {
    "A": 0.24508501864634827,
    "B": 0.7549149813536518
  }
}