{
  "question_id": "dilemma_15721",
  "method": "next_sentence_attn_oracle",
  "prefix_length": 23,
  "keep_m": 10,
  "kl_to_baseline": 0.6696802478314388,
  "token_kl": 0.06308989769852609,
  "selected_indices": [
    0,
    2,
    3,
    5,
    7,
    9,
    10,
    11,
    12,
    13
  ],
  "distribution": {
    "A": 0.5926665999540697,
    "B": 0.4073334000459302
  }
}