{
  "question_id": "gpqa_gpqa_diamond_0031",
  "method": "next_sentence_attn_oracle",
  "prefix_length": 91,
  "keep_m": 15,
  "kl_to_baseline": 1.3925893885157163,
  "token_kl": 0.07043213051442167,
  "selected_indices": [
    0,
    46,
    47,
    48,
    49,
    50,
    67,
    68,
    71,
    72,
    75,
    76,
    78,
    79,
    81
  ],
  "distribution": {
    "A": 0.19033151645345042,
    "B": 0.03307465817701936,
    "C": 0.5862623089160798,
    "D": 0.19033151645345042
  }
}