{
  "question_id": "gpqa_gpqa_diamond_0002",
  "method": "next_sentence_attn_oracle",
  "prefix_length": 39,
  "keep_m": 3,
  "kl_to_baseline": 0.2004432123342697,
  "token_kl": 0.062236638822631765,
  "selected_indices": [
    15,
    31,
    32
  ],
  "distribution": {
    "A": 0.19908253815691523,
    "B": 0.2556270390121863,
    "C": 0.28966338381871215,
    "D": 0.2556270390121863
  }
}