{
  "question_id": "gpqa_gpqa_diamond_0026",
  "method": "next_sentence_attn_oracle",
  "prefix_length": 86,
  "keep_m": 10,
  "kl_to_baseline": 0.03823693881475935,
  "token_kl": 0.07265735129581996,
  "selected_indices": [
    0,
    44,
    45,
    46,
    53,
    55,
    67,
    68,
    69,
    80
  ],
  "distribution": {
    "A": 0.011905837502232432,
    "B": 0.9457976905479056,
    "C": 0.0056239194184242265,
    "D": 0.0366725525314376
  }
}