{
  "question_id": "gpqa_gpqa_diamond_0023",
  "method": "next_sentence_attn_oracle",
  "prefix_length": 171,
  "keep_m": 10,
  "kl_to_baseline": 0.1392378683212985,
  "token_kl": 0.9554653137027018,
  "selected_indices": [
    104,
    105,
    119,
    123,
    137,
    158,
    162,
    163,
    164,
    165
  ],
  "distribution": {
    "A": 0.29164846059891925,
    "B": 0.20044686014552848,
    "C": 0.4243460062580423,
    "D": 0.08355867299750988
  }
}