{
  "question_id": "gpqa_gpqa_diamond_0031",
  "method": "next_sentence_attn_oracle",
  "prefix_length": 65,
  "keep_m": 5,
  "kl_to_baseline": 0.03481592556845637,
  "token_kl": 0.32277926727362777,
  "selected_indices": [
    0,
    55,
    56,
    57,
    58
  ],
  "distribution": {
    "A": 0.935906774406672,
    "B": 0.01714173230157453,
    "C": 0.02494107333047444,
    "D": 0.022010419961278956
  }
}