{
  "question_id": "gpqa_gpqa_diamond_0001",
  "method": "next_sentence_attn_oracle",
  "prefix_length": 356,
  "keep_m": 15,
  "kl_to_baseline": 0.13985956896896995,
  "token_kl": 0.20402530029561367,
  "selected_indices": [
    322,
    323,
    324,
    325,
    328,
    329,
    330,
    331,
    332,
    333,
    334,
    336,
    337,
    345,
    350
  ],
  "distribution": {
    "A": 0.24591295717373435,
    "B": 0.13162772074814233,
    "C": 0.21701742301123886,
    "D": 0.40544189906688444
  }
}