{
  "question_id": "gpqa_gpqa_diamond_0001",
  "method": "next_sentence_attn_oracle",
  "prefix_length": 340,
  "keep_m": 15,
  "kl_to_baseline": 0.24402600156090343,
  "token_kl": 0.11055412779182212,
  "selected_indices": [
    0,
    233,
    241,
    318,
    319,
    320,
    321,
    322,
    325,
    326,
    327,
    328,
    329,
    330,
    333
  ],
  "distribution": {
    "A": 0.24068831858679957,
    "B": 0.06895835782333172,
    "C": 0.24068831858679957,
    "D": 0.4496650050030692
  }
}