{
  "question_id": "gpqa_gpqa_diamond_0001",
  "method": "next_sentence_attn_oracle",
  "prefix_length": 299,
  "keep_m": 10,
  "kl_to_baseline": 0.07918561504948989,
  "token_kl": 0.2629455537552107,
  "selected_indices": [
    52,
    217,
    233,
    241,
    245,
    248,
    249,
    266,
    278,
    292
  ],
  "distribution": {
    "A": 0.2954807004966759,
    "B": 0.13957519989511502,
    "C": 0.23012060092929845,
    "D": 0.33482349867891054
  }
}