{
  "question_id": "gpqa_gpqa_diamond_0020",
  "method": "next_sentence_attn_oracle",
  "prefix_length": 73,
  "keep_m": 3,
  "kl_to_baseline": 1.371838979029881,
  "token_kl": 0.027751978434846853,
  "selected_indices": [
    63,
    66,
    67
  ],
  "distribution": {
    "A": 0.14933580283755166,
    "B": 0.246213114615352,
    "C": 0.246213114615352,
    "D": 0.35823796793174434
  }
}