{
  "question_id": "gpqa_gpqa_diamond_0023",
  "method": "next_sentence_attn_oracle",
  "prefix_length": 327,
  "keep_m": 10,
  "kl_to_baseline": 0.07318735495734727,
  "token_kl": 0.28082746451920243,
  "selected_indices": [
    12,
    74,
    77,
    128,
    131,
    281,
    289,
    290,
    318,
    319
  ],
  "distribution": {
    "A": 0.4939335587613876,
    "B": 0.23331767852840032,
    "C": 0.20590212861954163,
    "D": 0.06684663409067047
  }
}