{
  "question_id": "gpqa_gpqa_diamond_0002",
  "method": "next_sentence_attn_oracle",
  "prefix_length": 56,
  "keep_m": 3,
  "kl_to_baseline": 0.2226562520881109,
  "token_kl": 0.35111048237118175,
  "selected_indices": [
    15,
    43,
    47
  ],
  "distribution": {
    "A": 0.14176089581604862,
    "B": 0.11040349667044251,
    "C": 0.027914375473585357,
    "D": 0.7199212320399234
  }
}