{
  "question_id": "gpqa_gpqa_diamond_0011",
  "method": "next_sentence_attn_oracle",
  "prefix_length": 73,
  "keep_m": 5,
  "kl_to_baseline": 0.04600444046316689,
  "token_kl": 0.1171496785312724,
  "selected_indices": [
    0,
    22,
    26,
    28,
    67
  ],
  "distribution": {
    "A": 0.09233006246504402,
    "B": 0.6822320111719814,
    "C": 0.19546274377234749,
    "D": 0.0299751825906271
  }
}