{
  "question_id": "gpqa_gpqa_diamond_0009",
  "method": "next_sentence_attn_oracle",
  "prefix_length": 45,
  "keep_m": 3,
  "kl_to_baseline": 0.06784998033105297,
  "token_kl": 0.7358394915266888,
  "selected_indices": [
    0,
    36,
    38
  ],
  "distribution": {
    "A": 0.3489178421436557,
    "B": 0.02230557138510352,
    "C": 0.0535082841135443,
    "D": 0.5752683023576965
  }
}