{
  "question_id": "gpqa_gpqa_diamond_0002",
  "method": "next_sentence_attn_oracle",
  "prefix_length": 68,
  "keep_m": 5,
  "kl_to_baseline": 1.5608636111911733,
  "token_kl": 0.3167669826941987,
  "selected_indices": [
    29,
    30,
    31,
    59,
    62
  ],
  "distribution": {
    "A": 0.3035988665653362,
    "B": 0.3035988665653362,
    "C": 0.18414202082588113,
    "D": 0.20866024604344652
  }
}