{
  "question_id": "gpqa_gpqa_diamond_0031",
  "method": "next_sentence_attn_oracle",
  "prefix_length": 205,
  "keep_m": 20,
  "kl_to_baseline": 0.09329661319432164,
  "token_kl": 0.5040140159593586,
  "selected_indices": [
    0,
    16,
    33,
    66,
    67,
    119,
    120,
    121,
    125,
    127,
    150,
    151,
    155,
    157,
    187,
    193,
    194,
    195,
    196,
    199
  ],
  "distribution": {
    "A": 0.8361370601635625,
    "B": 0.02228229657470449,
    "C": 0.08812819251582663,
    "D": 0.05345245074590629
  }
}