{
  "question_id": "gpqa_gpqa_diamond_0023",
  "method": "next_sentence_attn_oracle",
  "prefix_length": 165,
  "keep_m": 3,
  "kl_to_baseline": 0.08193794759181292,
  "token_kl": 0.5552388284103686,
  "selected_indices": [
    2,
    124,
    128
  ],
  "distribution": {
    "A": 0.4638260884196924,
    "B": 0.17063208220857243,
    "C": 0.24826821467190005,
    "D": 0.11727361469983508
  }
}