{
  "question_id": "gpqa_gpqa_diamond_0031",
  "method": "next_sentence_attn_oracle",
  "prefix_length": 183,
  "keep_m": 15,
  "kl_to_baseline": 0.0651074947911788,
  "token_kl": 0.038135832165935926,
  "selected_indices": [
    0,
    105,
    106,
    107,
    136,
    145,
    146,
    149,
    151,
    155,
    157,
    161,
    175,
    176,
    177
  ],
  "distribution": {
    "A": 0.9916709490514576,
    "B": 0.0014909173045871756,
    "C": 0.0027854002271607363,
    "D": 0.004052733416794459
  }
}