{
  "question_id": "gpqa_gpqa_diamond_0009",
  "method": "next_sentence_attn_oracle",
  "prefix_length": 115,
  "keep_m": 15,
  "kl_to_baseline": 1.784327907705429,
  "token_kl": 0.030959402877493176,
  "selected_indices": [
    0,
    22,
    25,
    38,
    39,
    40,
    46,
    49,
    71,
    77,
    99,
    105,
    107,
    108,
    109
  ],
  "distribution": {
    "A": 0.6889520110357906,
    "B": 0.0932395099924546,
    "C": 0.06408251557753776,
    "D": 0.15372596339421704
  }
}