{
  "question_id": "gpqa_gpqa_diamond_0002",
  "method": "next_sentence_attn_oracle",
  "prefix_length": 73,
  "keep_m": 20,
  "kl_to_baseline": 0.07709006203452186,
  "token_kl": 0.1663054594521621,
  "selected_indices": [
    31,
    34,
    35,
    36,
    37,
    38,
    39,
    40,
    43,
    46,
    51,
    55,
    57,
    58,
    59,
    62,
    63,
    64,
    66,
    67
  ],
  "distribution": {
    "A": 0.04047521677632376,
    "B": 0.017960768569442263,
    "C": 0.020352217120354777,
    "D": 0.9212117975338792
  }
}