{
  "question_id": "gpqa_gpqa_diamond_0020",
  "method": "next_sentence_attn_oracle",
  "prefix_length": 68,
  "keep_m": 10,
  "kl_to_baseline": 0.530145894193474,
  "token_kl": 0.2203509908119156,
  "selected_indices": [
    0,
    24,
    25,
    29,
    31,
    32,
    33,
    34,
    36,
    62
  ],
  "distribution": {
    "A": 0.4369595257558663,
    "B": 0.5610671371343541,
    "C": 0.000955845195541983,
    "D": 0.0010174919142376987
  }
}