{
  "question_id": "gpqa_gpqa_diamond_0031",
  "method": "next_sentence_attn_oracle",
  "prefix_length": 67,
  "keep_m": 20,
  "kl_to_baseline": 0.1558126965014177,
  "token_kl": 0.14569516633801521,
  "selected_indices": [
    0,
    3,
    13,
    16,
    21,
    25,
    27,
    31,
    33,
    35,
    36,
    38,
    41,
    46,
    47,
    48,
    49,
    50,
    55,
    56
  ],
  "distribution": {
    "A": 0.7594601050782329,
    "B": 0.03336834723199408,
    "C": 0.11646697576333187,
    "D": 0.0907045719264412
  }
}