{
  "question_id": "gpqa_gpqa_diamond_0009",
  "method": "next_sentence_attn_oracle",
  "prefix_length": 85,
  "keep_m": 15,
  "kl_to_baseline": 1.5066220601814613,
  "token_kl": 0.052538530061766224,
  "selected_indices": [
    0,
    21,
    23,
    27,
    32,
    34,
    43,
    65,
    67,
    68,
    73,
    74,
    75,
    78,
    79
  ],
  "distribution": {
    "A": 0.6570540818518296,
    "B": 0.10076249492588608,
    "C": 0.05393427697516729,
    "D": 0.18824914624711714
  }
}