{
  "question_id": "gpqa_gpqa_diamond_0026",
  "method": "next_sentence_attn_oracle",
  "prefix_length": 52,
  "keep_m": 3,
  "kl_to_baseline": 0.26776639757292336,
  "token_kl": 0.16112388157921903,
  "selected_indices": [
    22,
    23,
    45
  ],
  "distribution": {
    "A": 0.11501401100841102,
    "B": 0.7499855397381935,
    "C": 0.019986438244984493,
    "D": 0.11501401100841102
  }
}