{
  "question_id": "gpqa_gpqa_diamond_0031",
  "method": "next_sentence_attn_oracle",
  "prefix_length": 164,
  "keep_m": 15,
  "kl_to_baseline": 1.3692151357643298,
  "token_kl": 0.05579932702005972,
  "selected_indices": [
    0,
    80,
    81,
    82,
    83,
    94,
    95,
    96,
    97,
    98,
    103,
    151,
    155,
    157,
    158
  ],
  "distribution": {
    "A": 0.19793255024205755,
    "B": 0.056708631859315385,
    "C": 0.41902321215062494,
    "D": 0.32633560574800213
  }
}