{
  "question_id": "gpqa_gpqa_diamond_0002",
  "method": "next_sentence_attn_oracle",
  "prefix_length": 35,
  "keep_m": 10,
  "kl_to_baseline": 0.2416985675662908,
  "token_kl": 0.5135448370186347,
  "selected_indices": [
    15,
    20,
    22,
    23,
    24,
    25,
    26,
    27,
    28,
    29
  ],
  "distribution": {
    "A": 0.28161820649809793,
    "B": 0.31911523504877376,
    "C": 0.24852719494600042,
    "D": 0.15073936350712788
  }
}