{
  "question_id": "gpqa_gpqa_diamond_0023",
  "method": "next_sentence_attn_oracle",
  "prefix_length": 262,
  "keep_m": 3,
  "kl_to_baseline": 0.13697518801143427,
  "token_kl": 1.1195145964479851,
  "selected_indices": [
    169,
    198,
    214
  ],
  "distribution": {
    "A": 0.31364508163091365,
    "B": 0.21556490195044622,
    "C": 0.35540643906208824,
    "D": 0.11538357735655191
  }
}