{
  "question_id": "gpqa_gpqa_diamond_0031",
  "method": "next_sentence_attn_oracle",
  "prefix_length": 247,
  "keep_m": 15,
  "kl_to_baseline": 1.3954789261343103,
  "token_kl": 0.015012862549210151,
  "selected_indices": [
    0,
    6,
    22,
    24,
    28,
    39,
    77,
    208,
    211,
    212,
    213,
    214,
    215,
    216,
    241
  ],
  "distribution": {
    "A": 0.18109435307770572,
    "B": 0.04578782303468916,
    "C": 0.6320813999008783,
    "D": 0.1410364239867267
  }
}