{
  "question_id": "gpqa_gpqa_diamond_0001",
  "method": "next_sentence_attn_oracle",
  "prefix_length": 312,
  "keep_m": 20,
  "kl_to_baseline": 0.16777268635332349,
  "token_kl": 0.1961738990862588,
  "selected_indices": [
    0,
    11,
    12,
    27,
    28,
    46,
    89,
    117,
    146,
    149,
    160,
    172,
    241,
    287,
    288,
    296,
    299,
    304,
    305,
    306
  ],
  "distribution": {
    "A": 0.21333184045923412,
    "B": 0.11418830567279496,
    "C": 0.2739235053384309,
    "D": 0.39855634852953997
  }
}