{
  "question_id": "gpqa_gpqa_diamond_0023",
  "method": "next_sentence_attn_oracle",
  "prefix_length": 296,
  "keep_m": 5,
  "kl_to_baseline": 0.11962384750205979,
  "token_kl": 0.16391735251669337,
  "selected_indices": [
    140,
    286,
    287,
    289,
    290
  ],
  "distribution": {
    "A": 0.45505424870416383,
    "B": 0.16740509273785692,
    "C": 0.27600433722043227,
    "D": 0.10153632133754695
  }
}