{
  "question_id": "gpqa_gpqa_diamond_0001",
  "method": "next_sentence_attn_oracle",
  "prefix_length": 327,
  "keep_m": 5,
  "kl_to_baseline": 0.14748258897824446,
  "token_kl": 0.3713821935968658,
  "selected_indices": [
    233,
    237,
    240,
    241,
    318
  ],
  "distribution": {
    "A": 0.25827423587561654,
    "B": 0.10766473243266848,
    "C": 0.25827423587561654,
    "D": 0.37578679581609836
  }
}