{
  "question_id": "gpqa_gpqa_diamond_0011",
  "method": "next_sentence_attn_oracle",
  "prefix_length": 110,
  "keep_m": 10,
  "kl_to_baseline": 0.77486105187905,
  "token_kl": 0.028888863146958866,
  "selected_indices": [
    0,
    62,
    67,
    98,
    99,
    100,
    101,
    102,
    103,
    104
  ],
  "distribution": {
    "A": 0.13198692185680616,
    "B": 0.4606796780972636,
    "C": 0.3166202037131256,
    "D": 0.09071319633280471
  }
}