{
  "question_id": "gpqa_gpqa_diamond_0001",
  "method": "next_sentence_attn_oracle",
  "prefix_length": 54,
  "keep_m": 10,
  "kl_to_baseline": 0.026044629634109903,
  "token_kl": 1.0009384783751796,
  "selected_indices": [
    0,
    17,
    23,
    26,
    30,
    32,
    35,
    37,
    38,
    45
  ],
  "distribution": {
    "A": 0.29539205153207015,
    "B": 0.29539205153207015,
    "C": 0.17916433588961472,
    "D": 0.23005156104624502
  }
}