{
  "question_id": "gpqa_gpqa_diamond_0001",
  "method": "next_sentence_attn_oracle",
  "prefix_length": 312,
  "keep_m": 5,
  "kl_to_baseline": 0.1523898431329812,
  "token_kl": 0.37779573532213606,
  "selected_indices": [
    46,
    287,
    288,
    305,
    306
  ],
  "distribution": {
    "A": 0.23054817140000738,
    "B": 0.23054817140000738,
    "C": 0.20345804715704893,
    "D": 0.33544561004293627
  }
}