{
  "question_id": "gpqa_gpqa_diamond_0011",
  "method": "next_sentence_attn_oracle",
  "prefix_length": 117,
  "keep_m": 20,
  "kl_to_baseline": 0.029279046401947083,
  "token_kl": 0.04450127282770063,
  "selected_indices": [
    0,
    25,
    29,
    42,
    45,
    53,
    82,
    86,
    87,
    90,
    97,
    98,
    99,
    100,
    101,
    102,
    103,
    104,
    110,
    111
  ],
  "distribution": {
    "A": 0.02283832627059236,
    "B": 0.9711103730373897,
    "C": 0.004497133084802295,
    "D": 0.001554167607215636
  }
}