{
  "question_id": "gpqa_gpqa_diamond_0031",
  "method": "next_sentence_attn_oracle",
  "prefix_length": 67,
  "keep_m": 15,
  "kl_to_baseline": 0.0760792114460058,
  "token_kl": 0.16838197639381844,
  "selected_indices": [
    0,
    3,
    13,
    16,
    25,
    27,
    33,
    35,
    38,
    46,
    48,
    49,
    50,
    55,
    56
  ],
  "distribution": {
    "A": 0.8388534337861541,
    "B": 0.022354689139678915,
    "C": 0.07802553180492701,
    "D": 0.06076634526923996
  }
}