{
  "question_id": "gpqa_gpqa_diamond_0011",
  "method": "next_sentence_attn_oracle",
  "prefix_length": 87,
  "keep_m": 20,
  "kl_to_baseline": 0.07066966129714533,
  "token_kl": 0.07658581229690929,
  "selected_indices": [
    0,
    1,
    6,
    7,
    12,
    13,
    16,
    18,
    19,
    24,
    25,
    71,
    72,
    74,
    75,
    76,
    77,
    78,
    79,
    80
  ],
  "distribution": {
    "A": 0.08894681529991956,
    "B": 0.657233027659399,
    "C": 0.2417825117290743,
    "D": 0.012037645311607238
  }
}