{
  "question_id": "gpqa_gpqa_diamond_0031",
  "method": "next_sentence_attn_oracle",
  "prefix_length": 124,
  "keep_m": 20,
  "kl_to_baseline": 1.0997157933947892,
  "token_kl": 0.04986457750162164,
  "selected_indices": [
    0,
    2,
    7,
    21,
    22,
    24,
    25,
    26,
    33,
    34,
    35,
    36,
    39,
    67,
    72,
    73,
    74,
    75,
    76,
    77
  ],
  "distribution": {
    "A": 0.2601484883250824,
    "B": 0.0512262746379307,
    "C": 0.48602139061457045,
    "D": 0.2026038464224164
  }
}