{
  "question_id": "gpqa_gpqa_diamond_0031",
  "method": "next_sentence_attn_oracle",
  "prefix_length": 234,
  "keep_m": 3,
  "kl_to_baseline": 1.9946906790115588,
  "token_kl": 0.118735827103538,
  "selected_indices": [
    0,
    100,
    101
  ],
  "distribution": {
    "A": 0.12077456286013313,
    "B": 0.07325347528806148,
    "C": 0.47767266228902067,
    "D": 0.32829929956278464
  }
}