{
  "question_id": "gpqa_gpqa_diamond_0023",
  "method": "next_sentence_attn_oracle",
  "prefix_length": 299,
  "keep_m": 5,
  "kl_to_baseline": 0.13146289813065262,
  "token_kl": 0.27341942631539073,
  "selected_indices": [
    268,
    290,
    291,
    292,
    293
  ],
  "distribution": {
    "A": 0.33923575081602764,
    "B": 0.26419706838133833,
    "C": 0.29937449934110405,
    "D": 0.09719268146152989
  }
}