{
  "question_id": "gpqa_gpqa_diamond_0023",
  "method": "next_sentence_attn_oracle",
  "prefix_length": 67,
  "keep_m": 10,
  "kl_to_baseline": 0.12396962024168937,
  "token_kl": 0.2978944371453779,
  "selected_indices": [
    0,
    4,
    14,
    54,
    55,
    56,
    57,
    58,
    59,
    60
  ],
  "distribution": {
    "A": 0.30283298562193867,
    "B": 0.2672491718118062,
    "C": 0.34315472919510825,
    "D": 0.0867631133711469
  }
}