{
  "question_id": "gpqa_gpqa_diamond_0011",
  "method": "next_sentence_attn_oracle",
  "prefix_length": 45,
  "keep_m": 20,
  "kl_to_baseline": 0.007052985685479285,
  "token_kl": 0.05470100267363987,
  "selected_indices": [
    0,
    4,
    9,
    10,
    11,
    15,
    24,
    25,
    26,
    27,
    28,
    29,
    31,
    32,
    34,
    35,
    36,
    37,
    38,
    39
  ],
  "distribution": {
    "A": 0.16151878867233763,
    "B": 0.2073942299278976,
    "C": 0.5637559329377879,
    "D": 0.06733104846197685
  }
}