{
  "question_id": "gpqa_gpqa_diamond_0011",
  "method": "next_sentence_attn_oracle",
  "prefix_length": 111,
  "keep_m": 10,
  "kl_to_baseline": 0.019065521071614442,
  "token_kl": 0.08430697234435602,
  "selected_indices": [
    0,
    67,
    71,
    74,
    97,
    98,
    99,
    100,
    101,
    102
  ],
  "distribution": {
    "A": 0.013993085212905255,
    "B": 0.9809908772919259,
    "C": 0.003122279344526175,
    "D": 0.0018937581506425897
  }
}