{
  "question_id": "gpqa_gpqa_diamond_0031",
  "method": "next_sentence_attn_oracle",
  "prefix_length": 138,
  "keep_m": 3,
  "kl_to_baseline": 1.5305779568093463,
  "token_kl": 0.8731049835639819,
  "selected_indices": [
    49,
    127,
    131
  ],
  "distribution": {
    "A": 0.1443324168415416,
    "B": 0.046857875247400316,
    "C": 0.5708457822128511,
    "D": 0.23796392569820704
  }
}