{
  "question_id": "gpqa_gpqa_diamond_0031",
  "method": "next_sentence_attn_oracle",
  "prefix_length": 79,
  "keep_m": 3,
  "kl_to_baseline": 1.4352184855853154,
  "token_kl": 0.08381383436785943,
  "selected_indices": [
    0,
    41,
    67
  ],
  "distribution": {
    "A": 0.19982454778091688,
    "B": 0.09439043278830389,
    "C": 0.47935414222805517,
    "D": 0.22643087720272406
  }
}