{
  "question_id": "gpqa_gpqa_diamond_0001",
  "method": "next_sentence_attn_oracle",
  "prefix_length": 332,
  "keep_m": 15,
  "kl_to_baseline": 0.1404408677357333,
  "token_kl": 0.08456749106449185,
  "selected_indices": [
    0,
    239,
    310,
    311,
    314,
    315,
    316,
    317,
    318,
    320,
    322,
    323,
    324,
    325,
    326
  ],
  "distribution": {
    "A": 0.2955497734131489,
    "B": 0.10872669844280733,
    "C": 0.2608217595966829,
    "D": 0.33490176854736076
  }
}