{
  "question_id": "gpqa_gpqa_diamond_0001",
  "method": "next_sentence_attn_oracle",
  "prefix_length": 222,
  "keep_m": 15,
  "kl_to_baseline": 0.007796321243314912,
  "token_kl": 0.17093278809446508,
  "selected_indices": [
    0,
    101,
    102,
    103,
    111,
    134,
    135,
    179,
    182,
    183,
    187,
    191,
    193,
    208,
    209
  ],
  "distribution": {
    "A": 0.36978650104694816,
    "B": 0.10594560636409635,
    "C": 0.19793245079742855,
    "D": 0.326335441791527
  }
}