{
  "question_id": "gpqa_gpqa_diamond_0001",
  "method": "next_sentence_attn_oracle",
  "prefix_length": 175,
  "keep_m": 15,
  "kl_to_baseline": 0.0484974242367659,
  "token_kl": 0.05485542016999019,
  "selected_indices": [
    0,
    23,
    61,
    64,
    66,
    69,
    70,
    116,
    128,
    129,
    139,
    148,
    155,
    164,
    168
  ],
  "distribution": {
    "A": 0.21511291853585218,
    "B": 0.21511291853585218,
    "C": 0.21511291853585218,
    "D": 0.35466124439244334
  }
}