{
  "question_id": "gpqa_gpqa_diamond_0001",
  "method": "next_sentence_attn_oracle",
  "prefix_length": 288,
  "keep_m": 5,
  "kl_to_baseline": 0.07915997862494809,
  "token_kl": 0.2253488209772737,
  "selected_indices": [
    264,
    268,
    269,
    278,
    282
  ],
  "distribution": {
    "A": 0.3068957504502047,
    "B": 0.11290062371470777,
    "C": 0.18614168198356637,
    "D": 0.3940619438515212
  }
}