{
  "question_id": "gpqa_gpqa_diamond_0031",
  "method": "next_sentence_attn_oracle",
  "prefix_length": 220,
  "keep_m": 15,
  "kl_to_baseline": 1.3645973875965722,
  "token_kl": 0.05715674204977926,
  "selected_indices": [
    0,
    39,
    41,
    75,
    77,
    78,
    79,
    126,
    140,
    159,
    160,
    161,
    211,
    212,
    213
  ],
  "distribution": {
    "A": 0.21710695729342935,
    "B": 0.0704843093659757,
    "C": 0.5208125159995776,
    "D": 0.19159621734101745
  }
}