{
  "question_id": "gpqa_gpqa_diamond_0001",
  "method": "next_sentence_attn_oracle",
  "prefix_length": 398,
  "keep_m": 5,
  "kl_to_baseline": 0.145129409534084,
  "token_kl": 0.26295488692627916,
  "selected_indices": [
    353,
    388,
    390,
    391,
    392
  ],
  "distribution": {
    "A": 0.2851784660131493,
    "B": 0.1526450331010526,
    "C": 0.19600010223289316,
    "D": 0.36617639865290497
  }
}