{
  "question_id": "gpqa_gpqa_diamond_0011",
  "method": "next_sentence_attn_oracle",
  "prefix_length": 85,
  "keep_m": 5,
  "kl_to_baseline": 0.040788568509585794,
  "token_kl": 0.05758770105594475,
  "selected_indices": [
    0,
    71,
    74,
    78,
    79
  ],
  "distribution": {
    "A": 0.03607160523624313,
    "B": 0.724517558851211,
    "C": 0.20757775602030704,
    "D": 0.03183307989223884
  }
}