{
  "question_id": "gpqa_gpqa_diamond_0001",
  "method": "next_sentence_attn_oracle",
  "prefix_length": 426,
  "keep_m": 5,
  "kl_to_baseline": 0.13168753177648834,
  "token_kl": 0.05443693192147021,
  "selected_indices": [
    244,
    302,
    307,
    419,
    420
  ],
  "distribution": {
    "A": 0.6684858048225167,
    "B": 0.14915934913229512,
    "C": 0.07983923677593582,
    "D": 0.10251560926925225
  }
}