{
  "question_id": "gpqa_gpqa_diamond_0001",
  "method": "next_sentence_attn_oracle",
  "prefix_length": 309,
  "keep_m": 20,
  "kl_to_baseline": 0.09001097089852023,
  "token_kl": 0.1474843719529429,
  "selected_indices": [
    0,
    61,
    174,
    230,
    233,
    241,
    248,
    262,
    263,
    274,
    289,
    290,
    296,
    297,
    298,
    299,
    300,
    301,
    302,
    303
  ],
  "distribution": {
    "A": 0.308176776288574,
    "B": 0.21180659431550083,
    "C": 0.2400083146979626,
    "D": 0.2400083146979626
  }
}