{
  "question_id": "gpqa_gpqa_diamond_0002",
  "method": "next_sentence_attn_oracle",
  "prefix_length": 51,
  "keep_m": 5,
  "kl_to_baseline": 0.3586801045437508,
  "token_kl": 0.5584302022403473,
  "selected_indices": [
    15,
    31,
    37,
    40,
    43
  ],
  "distribution": {
    "A": 0.29539205153207015,
    "B": 0.23005156104624502,
    "C": 0.29539205153207015,
    "D": 0.17916433588961472
  }
}