{
  "question_id": "gpqa_gpqa_diamond_0023",
  "method": "next_sentence_attn_oracle",
  "prefix_length": 85,
  "keep_m": 20,
  "kl_to_baseline": 0.4049453436420043,
  "token_kl": 0.24381681253268242,
  "selected_indices": [
    0,
    3,
    6,
    7,
    11,
    12,
    55,
    56,
    68,
    69,
    70,
    71,
    72,
    73,
    74,
    75,
    76,
    77,
    78,
    79
  ],
  "distribution": {
    "A": 0.6237497692573292,
    "B": 0.17870731158444703,
    "C": 0.17870731158444703,
    "D": 0.018835607573776864
  }
}