{
  "question_id": "gpqa_gpqa_diamond_0031",
  "method": "next_sentence_attn_oracle",
  "prefix_length": 206,
  "keep_m": 10,
  "kl_to_baseline": 1.6656751887912469,
  "token_kl": 0.38647531553477665,
  "selected_indices": [
    0,
    2,
    4,
    7,
    129,
    187,
    191,
    195,
    196,
    200
  ],
  "distribution": {
    "A": 0.17065252524838184,
    "B": 0.055402763382820235,
    "C": 0.5256467522494865,
    "D": 0.24829795911931138
  }
}