{
  "question_id": "gpqa_gpqa_diamond_0023",
  "method": "next_sentence_attn_oracle",
  "prefix_length": 257,
  "keep_m": 3,
  "kl_to_baseline": 0.09205367301324782,
  "token_kl": 0.4264823121970648,
  "selected_indices": [
    96,
    200,
    201
  ],
  "distribution": {
    "A": 0.3810959068071204,
    "B": 0.15886440940282884,
    "C": 0.3363159573449514,
    "D": 0.12372372644509935
  }
}