{
  "question_id": "gpqa_gpqa_diamond_0011",
  "method": "next_sentence_attn_oracle",
  "prefix_length": 108,
  "keep_m": 5,
  "kl_to_baseline": 1.9381807929165416,
  "token_kl": 0.021976266844052593,
  "selected_indices": [
    0,
    62,
    99,
    101,
    102
  ],
  "distribution": {
    "A": 0.09892215041503138,
    "B": 0.143930879569441,
    "C": 0.6450534882986909,
    "D": 0.11209348171683674
  }
}