{
  "question_id": "gpqa_gpqa_diamond_0009",
  "method": "next_sentence_attn_oracle",
  "prefix_length": 56,
  "keep_m": 20,
  "kl_to_baseline": 0.013928316199191972,
  "token_kl": 0.05272095767393194,
  "selected_indices": [
    0,
    1,
    5,
    7,
    10,
    11,
    14,
    15,
    24,
    25,
    27,
    30,
    35,
    36,
    40,
    41,
    42,
    43,
    44,
    49
  ],
  "distribution": {
    "A": 0.5878419105765741,
    "B": 0.09014848745306642,
    "C": 0.13116527528502828,
    "D": 0.19084432668533116
  }
}