{
  "question_id": "gpqa_gpqa_diamond_0023",
  "method": "next_sentence_attn_oracle",
  "prefix_length": 324,
  "keep_m": 5,
  "kl_to_baseline": 0.2039452320624048,
  "token_kl": 0.1654288350370627,
  "selected_indices": [
    308,
    311,
    312,
    317,
    318
  ],
  "distribution": {
    "A": 0.31292412927280244,
    "B": 0.24370555691959606,
    "C": 0.31292412927280244,
    "D": 0.13044618453479906
  }
}