{
  "question_id": "gpqa_gpqa_diamond_0031",
  "method": "next_sentence_attn_oracle",
  "prefix_length": 85,
  "keep_m": 15,
  "kl_to_baseline": 1.10639255879637,
  "token_kl": 0.02615539319673979,
  "selected_indices": [
    0,
    42,
    43,
    44,
    51,
    52,
    67,
    70,
    71,
    74,
    75,
    76,
    77,
    78,
    79
  ],
  "distribution": {
    "A": 0.31119851174140983,
    "B": 0.06943776548518661,
    "C": 0.4527911628257128,
    "D": 0.16657255994769077
  }
}