{
  "question_id": "gpqa_gpqa_diamond_0017",
  "method": "next_sentence_attn_oracle",
  "prefix_length": 130,
  "keep_m": 3,
  "kl_to_baseline": 0.09284774217728342,
  "token_kl": 0.09314303627665814,
  "selected_indices": [
    0,
    107,
    117
  ],
  "distribution": {
    "A": 0.9084439150131787,
    "B": 0.027432630854437246,
    "C": 0.02420921175878747,
    "D": 0.039914242373596566
  }
}