{
  "question_id": "gpqa_gpqa_diamond_0031",
  "method": "next_sentence_attn_oracle",
  "prefix_length": 139,
  "keep_m": 5,
  "kl_to_baseline": 1.624339242462726,
  "token_kl": 0.09497919641237947,
  "selected_indices": [
    0,
    16,
    20,
    48,
    71
  ],
  "distribution": {
    "A": 0.12435896440856999,
    "B": 0.04574910633128402,
    "C": 0.491849216102345,
    "D": 0.338042713157801
  }
}