{
  "question_id": "gpqa_gpqa_diamond_0001",
  "method": "next_sentence_attn_oracle",
  "prefix_length": 299,
  "keep_m": 5,
  "kl_to_baseline": 0.1515131146334212,
  "token_kl": 0.6029802225229302,
  "selected_indices": [
    217,
    233,
    249,
    266,
    292
  ],
  "distribution": {
    "A": 0.21327947591862909,
    "B": 0.1465846971850311,
    "C": 0.24167730820809796,
    "D": 0.3984585186882418
  }
}