{
  "question_id": "gpqa_gpqa_diamond_0002",
  "method": "next_sentence_attn_oracle",
  "prefix_length": 28,
  "keep_m": 15,
  "kl_to_baseline": 0.19782256872537946,
  "token_kl": 0.008718707963135034,
  "selected_indices": [
    0,
    5,
    7,
    8,
    10,
    11,
    14,
    15,
    16,
    17,
    18,
    19,
    20,
    21,
    22
  ],
  "distribution": {
    "A": 0.31283638571410965,
    "B": 0.24363722216737665,
    "C": 0.27607714140846157,
    "D": 0.16744925071005218
  }
}