{
  "question_id": "gpqa_gpqa_diamond_0026",
  "method": "next_sentence_attn_oracle",
  "prefix_length": 96,
  "keep_m": 20,
  "kl_to_baseline": 0.1527855275948074,
  "token_kl": 0.013305484610648753,
  "selected_indices": [
    0,
    35,
    36,
    37,
    58,
    62,
    63,
    75,
    77,
    78,
    79,
    80,
    81,
    82,
    84,
    85,
    86,
    87,
    88,
    90
  ],
  "distribution": {
    "A": 0.06665364430706257,
    "B": 0.8120075466305319,
    "C": 0.045810335124591026,
    "D": 0.07552847393781442
  }
}