{
  "question_id": "gpqa_gpqa_diamond_0011",
  "method": "next_sentence_attn_oracle",
  "prefix_length": 123,
  "keep_m": 20,
  "kl_to_baseline": 1.824251574340548,
  "token_kl": 0.009700687818230613,
  "selected_indices": [
    0,
    43,
    45,
    46,
    47,
    48,
    49,
    50,
    59,
    64,
    68,
    86,
    104,
    105,
    106,
    112,
    113,
    114,
    116,
    117
  ],
  "distribution": {
    "A": 0.26586684683640704,
    "B": 0.16125639400740363,
    "C": 0.49670463221146527,
    "D": 0.07617212694472407
  }
}