{
  "question_id": "gpqa_gpqa_diamond_0001",
  "method": "next_sentence_attn_oracle",
  "prefix_length": 425,
  "keep_m": 5,
  "kl_to_baseline": 1.150886735363091,
  "token_kl": 0.0908564816676762,
  "selected_indices": [
    301,
    305,
    310,
    311,
    315
  ],
  "distribution": {
    "A": 0.18468855108400523,
    "B": 0.16298707427447143,
    "C": 0.20927954595999407,
    "D": 0.4430448286815293
  }
}