{
  "question_id": "gpqa_gpqa_diamond_0004",
  "method": "next_sentence_attn_oracle",
  "prefix_length": 34,
  "keep_m": 5,
  "kl_to_baseline": 0.012926276724067057,
  "token_kl": 0.40696465136755283,
  "selected_indices": [
    0,
    3,
    15,
    23,
    27
  ],
  "distribution": {
    "A": 0.0008421523790221657,
    "B": 0.18185427719212635,
    "C": 0.8150143629201619,
    "D": 0.0022892075086895073
  }
}