{
  "question_id": "gpqa_gpqa_diamond_0031",
  "method": "next_sentence_attn_oracle",
  "prefix_length": 141,
  "keep_m": 15,
  "kl_to_baseline": 0.07378002150757826,
  "token_kl": 0.028756609669384977,
  "selected_indices": [
    0,
    48,
    49,
    50,
    90,
    91,
    92,
    106,
    117,
    121,
    125,
    129,
    133,
    134,
    135
  ],
  "distribution": {
    "A": 0.7676416930769138,
    "B": 0.0337278190997783,
    "C": 0.11772165586545816,
    "D": 0.08090883195784977
  }
}