{
  "question_id": "gpqa_gpqa_diamond_0001",
  "method": "next_sentence_attn_oracle",
  "prefix_length": 371,
  "keep_m": 5,
  "kl_to_baseline": 0.26797461392557426,
  "token_kl": 0.21998168416735603,
  "selected_indices": [
    170,
    351,
    363,
    364,
    365
  ],
  "distribution": {
    "A": 0.2143913804610587,
    "B": 0.18919972919771988,
    "C": 0.2429372611203101,
    "D": 0.35347162922091135
  }
}