{
  "question_id": "gpqa_gpqa_diamond_0031",
  "method": "next_sentence_attn_oracle",
  "prefix_length": 215,
  "keep_m": 20,
  "kl_to_baseline": 1.6208311264360675,
  "token_kl": 0.025711749724287997,
  "selected_indices": [
    0,
    22,
    23,
    24,
    25,
    26,
    28,
    29,
    30,
    31,
    32,
    33,
    36,
    37,
    38,
    39,
    74,
    77,
    208,
    209
  ],
  "distribution": {
    "A": 0.18109435711089156,
    "B": 0.04578781859610459,
    "C": 0.6320814139780802,
    "D": 0.14103641031492373
  }
}