{
  "question_id": "gpqa_gpqa_diamond_0009",
  "method": "next_sentence_attn_oracle",
  "prefix_length": 104,
  "keep_m": 20,
  "kl_to_baseline": 0.2653675893441736,
  "token_kl": 0.12802816748935014,
  "selected_indices": [
    0,
    10,
    11,
    13,
    14,
    43,
    53,
    54,
    55,
    58,
    62,
    63,
    78,
    79,
    81,
    82,
    89,
    90,
    91,
    98
  ],
  "distribution": {
    "A": 0.26672768834267235,
    "B": 0.040904015802414935,
    "C": 0.0525217959348978,
    "D": 0.6398464999200149
  }
}