{
  "question_id": "gpqa_gpqa_diamond_0001",
  "method": "next_sentence_attn_oracle",
  "prefix_length": 335,
  "keep_m": 15,
  "kl_to_baseline": 0.11344669999184391,
  "token_kl": 0.06777034676735254,
  "selected_indices": [
    0,
    239,
    302,
    303,
    317,
    318,
    320,
    322,
    323,
    324,
    325,
    326,
    327,
    328,
    329
  ],
  "distribution": {
    "A": 0.2776488531631464,
    "B": 0.10214130494355013,
    "C": 0.21623314426233592,
    "D": 0.4039766976309676
  }
}