{
  "question_id": "gpqa_gpqa_diamond_0023",
  "method": "next_sentence_attn_oracle",
  "prefix_length": 96,
  "keep_m": 3,
  "kl_to_baseline": 0.10903556252916129,
  "token_kl": 0.49229284184321476,
  "selected_indices": [
    9,
    10,
    90
  ],
  "distribution": {
    "A": 0.33416665852798955,
    "B": 0.2026823238509478,
    "C": 0.37866045474742294,
    "D": 0.08449056287363961
  }
}