{
  "question_id": "gpqa_gpqa_diamond_0023",
  "method": "next_sentence_attn_oracle",
  "prefix_length": 276,
  "keep_m": 10,
  "kl_to_baseline": 0.07115189798164111,
  "token_kl": 0.32764345892028524,
  "selected_indices": [
    0,
    9,
    91,
    94,
    97,
    123,
    201,
    259,
    266,
    268
  ],
  "distribution": {
    "A": 0.3314167055560545,
    "B": 0.22777914854090067,
    "C": 0.375544327221347,
    "D": 0.06525981868169782
  }
}