{
  "question_id": "gpqa_gpqa_diamond_0023",
  "method": "next_sentence_attn_oracle",
  "prefix_length": 308,
  "keep_m": 20,
  "kl_to_baseline": 0.11549994900827888,
  "token_kl": 0.19857701060698982,
  "selected_indices": [
    0,
    105,
    111,
    167,
    234,
    235,
    240,
    250,
    253,
    260,
    269,
    290,
    291,
    292,
    293,
    294,
    295,
    296,
    299,
    301
  ],
  "distribution": {
    "A": 0.4724988869236173,
    "B": 0.19696682855868805,
    "C": 0.2865850445174663,
    "D": 0.04394924000022839
  }
}