{
  "question_id": "gpqa_gpqa_diamond_0001",
  "method": "next_sentence_attn_oracle",
  "prefix_length": 15,
  "keep_m": 5,
  "kl_to_baseline": 0.02105721802380222,
  "token_kl": 0.07493854511953606,
  "selected_indices": [
    0,
    3,
    7,
    8,
    9
  ],
  "distribution": {
    "A": 0.21637932019260017,
    "B": 0.19095407985333004,
    "C": 0.2778365467729137,
    "D": 0.31483005318115603
  }
}