{
  "question_id": "gpqa_gpqa_diamond_0002",
  "method": "next_sentence_attn_oracle",
  "prefix_length": 89,
  "keep_m": 15,
  "kl_to_baseline": 1.6543311770947933,
  "token_kl": 0.1832070225918949,
  "selected_indices": [
    0,
    5,
    6,
    7,
    14,
    16,
    17,
    27,
    60,
    62,
    63,
    64,
    67,
    82,
    83
  ],
  "distribution": {
    "A": 0.30601362565976303,
    "B": 0.23832365129434321,
    "C": 0.27005607679342275,
    "D": 0.18560664625247092
  }
}