{
  "question_id": "gpqa_gpqa_diamond_0013",
  "method": "next_sentence_attn_oracle",
  "prefix_length": 25,
  "keep_m": 15,
  "kl_to_baseline": 0.00079651626914464,
  "token_kl": 0.05748265765408849,
  "selected_indices": [
    0,
    3,
    4,
    8,
    9,
    10,
    11,
    12,
    13,
    14,
    15,
    16,
    17,
    18,
    19
  ],
  "distribution": {
    "A": 0.002182552627263125,
    "B": 1.6663994946774304e-05,
    "C": 5.816305740565341e-05,
    "D": 0.9977426203203844
  }
}