{
  "question_id": "gpqa_gpqa_diamond_0031",
  "method": "next_sentence_attn_oracle",
  "prefix_length": 77,
  "keep_m": 20,
  "kl_to_baseline": 1.4077088324856604,
  "token_kl": 0.08790579225290895,
  "selected_indices": [
    0,
    16,
    22,
    24,
    25,
    26,
    33,
    36,
    38,
    39,
    40,
    41,
    42,
    45,
    46,
    66,
    67,
    68,
    69,
    71
  ],
  "distribution": {
    "A": 0.21710695729342935,
    "B": 0.0704843093659757,
    "C": 0.5208125159995776,
    "D": 0.19159621734101745
  }
}