{
  "question_id": "gpqa_gpqa_diamond_0026",
  "method": "next_sentence_attn_oracle",
  "prefix_length": 96,
  "keep_m": 3,
  "kl_to_baseline": 0.5836193577700919,
  "token_kl": 0.03792996797641072,
  "selected_indices": [
    0,
    62,
    78
  ],
  "distribution": {
    "A": 0.017790005041293466,
    "B": 0.5199000318425189,
    "C": 0.2455833858113944,
    "D": 0.21672657730479325
  }
}