{
  "question_id": "gpqa_gpqa_diamond_0023",
  "method": "next_sentence_attn_oracle",
  "prefix_length": 91,
  "keep_m": 3,
  "kl_to_baseline": 0.07592413839362461,
  "token_kl": 0.44501531921996956,
  "selected_indices": [
    9,
    10,
    82
  ],
  "distribution": {
    "A": 0.3501043862896871,
    "B": 0.240622991154595,
    "C": 0.3089660364819296,
    "D": 0.10030658607378833
  }
}