{
  "question_id": "gpqa_gpqa_diamond_0002",
  "method": "next_sentence_attn_oracle",
  "prefix_length": 52,
  "keep_m": 20,
  "kl_to_baseline": 0.2667296591281544,
  "token_kl": 0.04716378416405902,
  "selected_indices": [
    0,
    1,
    4,
    14,
    15,
    26,
    27,
    30,
    31,
    32,
    35,
    36,
    37,
    38,
    40,
    41,
    43,
    44,
    45,
    46
  ],
  "distribution": {
    "A": 0.30369251056833996,
    "B": 0.20872460656273403,
    "C": 0.1434541843104309,
    "D": 0.3441286985584952
  }
}