{
  "question_id": "gpqa_gpqa_diamond_0011",
  "method": "next_sentence_attn_oracle",
  "prefix_length": 88,
  "keep_m": 15,
  "kl_to_baseline": 0.056882553542387145,
  "token_kl": 0.0614070855965443,
  "selected_indices": [
    0,
    1,
    2,
    10,
    12,
    14,
    18,
    25,
    72,
    74,
    75,
    76,
    77,
    78,
    80
  ],
  "distribution": {
    "A": 0.14604996689550442,
    "B": 0.44986559562953166,
    "C": 0.35035565727033813,
    "D": 0.05372878020462582
  }
}