{
  "question_id": "gpqa_gpqa_diamond_0002",
  "method": "next_sentence_attn_oracle",
  "prefix_length": 37,
  "keep_m": 3,
  "kl_to_baseline": 0.2954243853404881,
  "token_kl": 0.9628808310530932,
  "selected_indices": [
    26,
    29,
    31
  ],
  "distribution": {
    "A": 0.2594833646000077,
    "B": 0.22899326553173607,
    "C": 0.3331832353540621,
    "D": 0.1783401345141942
  }
}