{
  "question_id": "gpqa_gpqa_diamond_0023",
  "method": "next_sentence_attn_oracle",
  "prefix_length": 368,
  "keep_m": 15,
  "kl_to_baseline": 0.09930938472057543,
  "token_kl": 0.7224341555365736,
  "selected_indices": [
    0,
    1,
    195,
    328,
    329,
    332,
    339,
    350,
    351,
    352,
    353,
    357,
    358,
    359,
    360
  ],
  "distribution": {
    "A": 0.03947821424289503,
    "B": 0.05069103049332123,
    "C": 0.8985200548150393,
    "D": 0.011310700448744514
  }
}