{
  "question_id": "gpqa_gpqa_diamond_0023",
  "method": "next_sentence_attn_oracle",
  "prefix_length": 238,
  "keep_m": 5,
  "kl_to_baseline": 0.07585242334583236,
  "token_kl": 0.4705204439261651,
  "selected_indices": [
    227,
    228,
    229,
    230,
    231
  ],
  "distribution": {
    "A": 0.36471497061594993,
    "B": 0.22121081173476584,
    "C": 0.32185983189480755,
    "D": 0.09221438575447677
  }
}