{
  "question_id": "gpqa_gpqa_diamond_0007",
  "method": "next_sentence_attn_oracle",
  "prefix_length": 216,
  "keep_m": 3,
  "kl_to_baseline": 0.06750664890323103,
  "token_kl": 0.11143009797351015,
  "selected_indices": [
    204,
    205,
    207
  ],
  "distribution": {
    "A": 0.9294429040947657,
    "B": 0.006262536419892658,
    "C": 0.059417291217516,
    "D": 0.004877268267825595
  }
}