{
  "question_id": "gpqa_gpqa_diamond_0023",
  "method": "next_sentence_attn_oracle",
  "prefix_length": 68,
  "keep_m": 3,
  "kl_to_baseline": 0.08948019161312093,
  "token_kl": 0.6880891819716874,
  "selected_indices": [
    0,
    14,
    56
  ],
  "distribution": {
    "A": 0.18715998033737563,
    "B": 0.34966087665839624,
    "C": 0.34966087665839624,
    "D": 0.11351826634583194
  }
}