{
  "question_id": "gpqa_gpqa_diamond_0001",
  "method": "next_sentence_attn_oracle",
  "prefix_length": 246,
  "keep_m": 15,
  "kl_to_baseline": 0.05796125077055181,
  "token_kl": 0.6174729068186786,
  "selected_indices": [
    0,
    2,
    84,
    99,
    131,
    181,
    182,
    216,
    217,
    218,
    219,
    232,
    233,
    238,
    240
  ],
  "distribution": {
    "A": 0.2594833646000077,
    "B": 0.22899326553173607,
    "C": 0.1783401345141942,
    "D": 0.3331832353540621
  }
}