{
  "question_id": "gpqa_gpqa_diamond_0013",
  "method": "next_sentence_attn_oracle",
  "prefix_length": 28,
  "keep_m": 5,
  "kl_to_baseline": 0.009842280325959143,
  "token_kl": 0.09760100827772691,
  "selected_indices": [
    0,
    8,
    9,
    16,
    17
  ],
  "distribution": {
    "A": 0.01588794617633489,
    "B": 0.0005436556219912093,
    "C": 0.0006160425270604222,
    "D": 0.9829523556746135
  }
}