{
  "question_id": "gpqa_gpqa_diamond_0009",
  "method": "next_sentence_attn_oracle",
  "prefix_length": 51,
  "keep_m": 15,
  "kl_to_baseline": 0.04052116488314152,
  "token_kl": 0.016975708678969567,
  "selected_indices": [
    0,
    1,
    7,
    11,
    14,
    25,
    30,
    35,
    39,
    40,
    41,
    42,
    43,
    44,
    45
  ],
  "distribution": {
    "A": 0.46788742910048403,
    "B": 0.06332167774016455,
    "C": 0.1043997969866281,
    "D": 0.36439109617272336
  }
}