{
  "question_id": "gpqa_gpqa_diamond_0023",
  "method": "next_sentence_attn_oracle",
  "prefix_length": 286,
  "keep_m": 5,
  "kl_to_baseline": 0.08635867452943113,
  "token_kl": 0.34379325496469354,
  "selected_indices": [
    0,
    79,
    140,
    216,
    280
  ],
  "distribution": {
    "A": 0.37230924141465066,
    "B": 0.22581696981233818,
    "C": 0.3285617523520496,
    "D": 0.07331203642096157
  }
}