{
  "question_id": "gpqa_gpqa_diamond_0023",
  "method": "next_sentence_attn_oracle",
  "prefix_length": 283,
  "keep_m": 3,
  "kl_to_baseline": 0.2267186489417476,
  "token_kl": 0.13238417839981714,
  "selected_indices": [
    0,
    80,
    133
  ],
  "distribution": {
    "A": 0.28007045165761646,
    "B": 0.28007045165761646,
    "C": 0.3596175783915949,
    "D": 0.08024151829317214
  }
}