{
  "question_id": "gpqa_gpqa_diamond_0023",
  "method": "next_sentence_attn_oracle",
  "prefix_length": 335,
  "keep_m": 20,
  "kl_to_baseline": 0.0981294173196358,
  "token_kl": 0.3333117359612803,
  "selected_indices": [
    0,
    97,
    99,
    105,
    123,
    200,
    204,
    256,
    274,
    300,
    302,
    303,
    316,
    317,
    321,
    322,
    323,
    325,
    328,
    329
  ],
  "distribution": {
    "A": 0.5097701562314944,
    "B": 0.24079838574202128,
    "C": 0.2125038295647044,
    "D": 0.036927628461779965
  }
}