{
  "question_id": "gpqa_gpqa_diamond_0002",
  "method": "next_sentence_attn_oracle",
  "prefix_length": 41,
  "keep_m": 5,
  "kl_to_baseline": 0.42990063402460366,
  "token_kl": 0.27613627810552316,
  "selected_indices": [
    30,
    31,
    32,
    34,
    35
  ],
  "distribution": {
    "A": 0.19168941637660356,
    "B": 0.24613408273759835,
    "C": 0.3160424181481998,
    "D": 0.24613408273759835
  }
}