{
  "question_id": "gpqa_gpqa_diamond_0001",
  "method": "next_sentence_attn_oracle",
  "prefix_length": 282,
  "keep_m": 15,
  "kl_to_baseline": 0.049492438619347975,
  "token_kl": 0.06411971439853609,
  "selected_indices": [
    41,
    47,
    63,
    78,
    111,
    112,
    117,
    258,
    260,
    261,
    262,
    271,
    274,
    275,
    276
  ],
  "distribution": {
    "A": 0.31807228964633283,
    "B": 0.10326295363200164,
    "C": 0.17025182812840214,
    "D": 0.40841292859326334
  }
}