{
  "question_id": "gpqa_gpqa_diamond_0002",
  "method": "next_sentence_attn_oracle",
  "prefix_length": 98,
  "keep_m": 10,
  "kl_to_baseline": 1.451631965340158,
  "token_kl": 0.6918767407694216,
  "selected_indices": [
    8,
    82,
    83,
    86,
    87,
    88,
    89,
    90,
    91,
    92
  ],
  "distribution": {
    "A": 0.2635430741248024,
    "B": 0.2052475525014414,
    "C": 0.29863342676099575,
    "D": 0.23257594661276051
  }
}