{
  "question_id": "gpqa_gpqa_diamond_0031",
  "method": "next_sentence_attn_oracle",
  "prefix_length": 95,
  "keep_m": 20,
  "kl_to_baseline": 1.272480093055161,
  "token_kl": 0.4319757555410826,
  "selected_indices": [
    0,
    13,
    16,
    25,
    33,
    49,
    50,
    51,
    67,
    68,
    71,
    72,
    73,
    78,
    80,
    81,
    82,
    83,
    84,
    89
  ],
  "distribution": {
    "A": 0.2034507907024319,
    "B": 0.04006183124309101,
    "C": 0.5530365873520452,
    "D": 0.2034507907024319
  }
}