{
  "question_id": "gpqa_gpqa_diamond_0001",
  "method": "next_sentence_attn_oracle",
  "prefix_length": 360,
  "keep_m": 5,
  "kl_to_baseline": 0.27926687507833026,
  "token_kl": 0.1332197888609807,
  "selected_indices": [
    328,
    329,
    330,
    331,
    332
  ],
  "distribution": {
    "A": 0.2052864671517966,
    "B": 0.0969704608128757,
    "C": 0.2052864671517966,
    "D": 0.49245660488353116
  }
}