{
  "question_id": "gpqa_gpqa_diamond_0020",
  "method": "next_sentence_attn_oracle",
  "prefix_length": 39,
  "keep_m": 3,
  "kl_to_baseline": 0.02143061176893395,
  "token_kl": 0.11003783902145929,
  "selected_indices": [
    0,
    6,
    15
  ],
  "distribution": {
    "A": 0.6874647222950878,
    "B": 0.2865779240529674,
    "C": 0.007637042082131803,
    "D": 0.018320311569813025
  }
}