{
  "question_id": "gpqa_gpqa_diamond_0031",
  "method": "next_sentence_attn_oracle",
  "prefix_length": 84,
  "keep_m": 20,
  "kl_to_baseline": 1.405724746910304,
  "token_kl": 0.009841925640882912,
  "selected_indices": [
    0,
    16,
    33,
    41,
    42,
    43,
    44,
    51,
    52,
    67,
    68,
    70,
    71,
    72,
    73,
    74,
    75,
    76,
    77,
    78
  ],
  "distribution": {
    "A": 0.23180818261699135,
    "B": 0.04564573756515151,
    "C": 0.4907378972008657,
    "D": 0.23180818261699135
  }
}