{
  "question_id": "gpqa_gpqa_diamond_0023",
  "method": "next_sentence_attn_oracle",
  "prefix_length": 234,
  "keep_m": 20,
  "kl_to_baseline": 0.1109722023868692,
  "token_kl": 0.46906375041394044,
  "selected_indices": [
    0,
    86,
    88,
    89,
    112,
    114,
    116,
    168,
    169,
    182,
    192,
    198,
    206,
    214,
    223,
    224,
    225,
    226,
    227,
    228
  ],
  "distribution": {
    "A": 0.5704005860493361,
    "B": 0.16342250403499842,
    "C": 0.23777834032633105,
    "D": 0.028398569589334448
  }
}