{
  "question_id": "gpqa_gpqa_diamond_0031",
  "method": "next_sentence_attn_oracle",
  "prefix_length": 119,
  "keep_m": 20,
  "kl_to_baseline": 0.03848414720630516,
  "token_kl": 0.2139097643230459,
  "selected_indices": [
    0,
    9,
    16,
    33,
    55,
    56,
    58,
    63,
    64,
    65,
    66,
    67,
    92,
    106,
    107,
    108,
    109,
    110,
    112,
    113
  ],
  "distribution": {
    "A": 0.94095065160415,
    "B": 0.011844821439761143,
    "C": 0.02212903977134027,
    "D": 0.025075487184748498
  }
}