{
  "question_id": "gpqa_gpqa_diamond_0023",
  "method": "next_sentence_attn_oracle",
  "prefix_length": 286,
  "keep_m": 15,
  "kl_to_baseline": 0.05218486408985777,
  "token_kl": 0.13509741757843677,
  "selected_indices": [
    0,
    79,
    81,
    133,
    134,
    135,
    140,
    141,
    210,
    216,
    217,
    222,
    278,
    279,
    280
  ],
  "distribution": {
    "A": 0.5939663602675491,
    "B": 0.17017421139024064,
    "C": 0.19283264438871828,
    "D": 0.043026783953491965
  }
}