{
  "question_id": "gpqa_gpqa_diamond_0026",
  "method": "next_sentence_attn_oracle",
  "prefix_length": 52,
  "keep_m": 15,
  "kl_to_baseline": 0.005180168286223877,
  "token_kl": 0.074738430626492,
  "selected_indices": [
    0,
    2,
    22,
    23,
    25,
    27,
    38,
    39,
    40,
    41,
    42,
    43,
    44,
    45,
    46
  ],
  "distribution": {
    "A": 0.002159406750046665,
    "B": 0.9871616048256459,
    "C": 0.0031419182819864898,
    "D": 0.0075370701423209405
  }
}