{
  "question_id": "gpqa_gpqa_diamond_0023",
  "method": "next_sentence_attn_oracle",
  "prefix_length": 336,
  "keep_m": 15,
  "kl_to_baseline": 0.07420290546006089,
  "token_kl": 0.4550328144765116,
  "selected_indices": [
    0,
    90,
    96,
    200,
    256,
    268,
    274,
    300,
    302,
    319,
    321,
    322,
    323,
    328,
    329
  ],
  "distribution": {
    "A": 0.5325505543494949,
    "B": 0.1959144120070426,
    "C": 0.22200011289927718,
    "D": 0.049534920744185224
  }
}