{
  "question_id": "gpqa_gpqa_diamond_0031",
  "method": "next_sentence_attn_oracle",
  "prefix_length": 157,
  "keep_m": 10,
  "kl_to_baseline": 1.3315827329853567,
  "token_kl": 0.6632955601258448,
  "selected_indices": [
    0,
    67,
    72,
    90,
    92,
    127,
    136,
    138,
    150,
    151
  ],
  "distribution": {
    "A": 0.16623880309483272,
    "B": 0.04762821451096619,
    "C": 0.5120515317160201,
    "D": 0.274081450678181
  }
}