{
  "question_id": "gpqa_gpqa_diamond_0011",
  "method": "next_sentence_attn_oracle",
  "prefix_length": 105,
  "keep_m": 15,
  "kl_to_baseline": 1.8317466511993559,
  "token_kl": 0.02742418951613271,
  "selected_indices": [
    0,
    48,
    49,
    50,
    51,
    59,
    60,
    61,
    62,
    63,
    64,
    65,
    66,
    98,
    99
  ],
  "distribution": {
    "A": 0.20555145599717986,
    "B": 0.16008363489207109,
    "C": 0.5587467543465302,
    "D": 0.07561815476421885
  }
}