{
  "question_id": "gpqa_gpqa_diamond_0017",
  "method": "next_sentence_attn_oracle",
  "prefix_length": 129,
  "keep_m": 5,
  "kl_to_baseline": 0.250052659813671,
  "token_kl": 0.1582320847440782,
  "selected_indices": [
    0,
    112,
    116,
    117,
    121
  ],
  "distribution": {
    "A": 0.7734649362590832,
    "B": 0.08152259964837345,
    "C": 0.06348986444416989,
    "D": 0.08152259964837345
  }
}