{
  "question_id": "gpqa_gpqa_diamond_0023",
  "method": "next_sentence_attn_oracle",
  "prefix_length": 361,
  "keep_m": 20,
  "kl_to_baseline": 0.042674845242100024,
  "token_kl": 0.260679498410068,
  "selected_indices": [
    0,
    106,
    135,
    137,
    138,
    150,
    174,
    189,
    190,
    226,
    264,
    295,
    332,
    338,
    339,
    340,
    346,
    348,
    349,
    352
  ],
  "distribution": {
    "A": 0.02242837265156385,
    "B": 0.01746723001954255,
    "C": 0.9536785625104912,
    "D": 0.006425834818402355
  }
}