{
  "question_id": "gpqa_gpqa_diamond_0004",
  "method": "next_sentence_attn_oracle",
  "prefix_length": 54,
  "keep_m": 20,
  "kl_to_baseline": 0.06906441950996334,
  "token_kl": 0.04058186185272727,
  "selected_indices": [
    0,
    15,
    23,
    25,
    27,
    32,
    33,
    34,
    35,
    36,
    37,
    38,
    40,
    42,
    43,
    44,
    45,
    46,
    47,
    48
  ],
  "distribution": {
    "A": 0.004433326296351811,
    "B": 0.1468116389866639,
    "C": 0.8448426379923069,
    "D": 0.003912396724677309
  }
}