{
  "question_id": "gpqa_gpqa_diamond_0031",
  "method": "next_sentence_attn_oracle",
  "prefix_length": 89,
  "keep_m": 15,
  "kl_to_baseline": 1.5285206920594607,
  "token_kl": 0.02274908325932525,
  "selected_indices": [
    0,
    45,
    46,
    47,
    67,
    68,
    72,
    75,
    76,
    78,
    79,
    80,
    81,
    82,
    83
  ],
  "distribution": {
    "A": 0.1966119395046538,
    "B": 0.07232949043260546,
    "C": 0.5344466305580869,
    "D": 0.1966119395046538
  }
}