{
  "question_id": "gpqa_gpqa_diamond_0004",
  "method": "next_sentence_attn_oracle",
  "prefix_length": 89,
  "keep_m": 20,
  "kl_to_baseline": 0.06604442273678138,
  "token_kl": 0.2381785716753749,
  "selected_indices": [
    0,
    2,
    4,
    10,
    11,
    14,
    18,
    19,
    20,
    21,
    22,
    23,
    35,
    70,
    74,
    77,
    78,
    81,
    82,
    83
  ],
  "distribution": {
    "A": 0.003164929678264391,
    "B": 0.05971782776642329,
    "C": 0.9341440662726647,
    "D": 0.0029731762826476203
  }
}