{
  "question_id": "gpqa_gpqa_diamond_0001",
  "method": "next_sentence_attn_oracle",
  "prefix_length": 53,
  "keep_m": 20,
  "kl_to_baseline": 0.04977633544835493,
  "token_kl": 0.1199719895034088,
  "selected_indices": [
    0,
    1,
    2,
    9,
    15,
    17,
    18,
    19,
    21,
    23,
    25,
    26,
    29,
    30,
    32,
    35,
    38,
    42,
    45,
    47
  ],
  "distribution": {
    "A": 0.22638909617011818,
    "B": 0.25653245411636644,
    "C": 0.2906893535433972,
    "D": 0.22638909617011818
  }
}