{
  "question_id": "gpqa_gpqa_diamond_0023",
  "method": "next_sentence_attn_oracle",
  "prefix_length": 182,
  "keep_m": 5,
  "kl_to_baseline": 0.1624590094560791,
  "token_kl": 0.5917702556015709,
  "selected_indices": [
    105,
    116,
    169,
    173,
    176
  ],
  "distribution": {
    "A": 0.30308918294772175,
    "B": 0.26747526515826026,
    "C": 0.30308918294772175,
    "D": 0.12634636894629622
  }
}