{
  "question_id": "gpqa_gpqa_diamond_0031",
  "method": "next_sentence_attn_oracle",
  "prefix_length": 139,
  "keep_m": 15,
  "kl_to_baseline": 1.6782052699342471,
  "token_kl": 0.041217932482721216,
  "selected_indices": [
    0,
    16,
    19,
    20,
    48,
    69,
    70,
    71,
    72,
    90,
    121,
    125,
    129,
    132,
    133
  ],
  "distribution": {
    "A": 0.11667855494216682,
    "B": 0.0624535299958757,
    "C": 0.461472664221687,
    "D": 0.35939525084027046
  }
}