{
  "question_id": "gpqa_gpqa_diamond_0001",
  "method": "next_sentence_attn_oracle",
  "prefix_length": 430,
  "keep_m": 15,
  "kl_to_baseline": 0.4630557556474116,
  "token_kl": 0.11599295777813218,
  "selected_indices": [
    319,
    339,
    344,
    345,
    354,
    376,
    377,
    389,
    391,
    394,
    396,
    397,
    398,
    401,
    421
  ],
  "distribution": {
    "A": 0.3293493780401331,
    "B": 0.12116086514356625,
    "C": 0.17628801857160256,
    "D": 0.37320173824469816
  }
}