{
  "question_id": "gpqa_gpqa_diamond_0007",
  "method": "next_sentence_attn_oracle",
  "prefix_length": 200,
  "keep_m": 15,
  "kl_to_baseline": 0.31395168943552076,
  "token_kl": 0.24513286774431212,
  "selected_indices": [
    0,
    18,
    29,
    45,
    66,
    67,
    68,
    70,
    123,
    161,
    178,
    179,
    180,
    190,
    194
  ],
  "distribution": {
    "A": 0.7216307519958525,
    "B": 0.010293508001773043,
    "C": 0.2654731335997933,
    "D": 0.00260260640258122
  }
}