{
  "question_id": "gpqa_gpqa_diamond_0023",
  "method": "next_sentence_attn_oracle",
  "prefix_length": 16,
  "keep_m": 5,
  "kl_to_baseline": 0.061265320048320415,
  "token_kl": 0.025613292396298,
  "selected_indices": [
    0,
    5,
    7,
    9,
    10
  ],
  "distribution": {
    "A": 0.596254862478555,
    "B": 0.15075683842569254,
    "C": 0.219349905604366,
    "D": 0.03363839349138651
  }
}