{
  "question_id": "gpqa_gpqa_diamond_0023",
  "method": "next_sentence_attn_oracle",
  "prefix_length": 297,
  "keep_m": 3,
  "kl_to_baseline": 0.07933636310723816,
  "token_kl": 0.5534484879284252,
  "selected_indices": [
    255,
    290,
    291
  ],
  "distribution": {
    "A": 0.36779178791187,
    "B": 0.2527793526591913,
    "C": 0.28643653243299644,
    "D": 0.09299232699594225
  }
}