{
  "question_id": "gpqa_gpqa_diamond_0002",
  "method": "next_sentence_attn_oracle",
  "prefix_length": 79,
  "keep_m": 10,
  "kl_to_baseline": 0.011065859830439818,
  "token_kl": 0.05971537785136169,
  "selected_indices": [
    43,
    45,
    46,
    48,
    51,
    55,
    56,
    57,
    69,
    73
  ],
  "distribution": {
    "A": 0.00851744714080512,
    "B": 0.004559060923922337,
    "C": 0.002440289462843778,
    "D": 0.9844832024724288
  }
}