{
  "question_id": "gpqa_gpqa_diamond_0031",
  "method": "next_sentence_attn_oracle",
  "prefix_length": 147,
  "keep_m": 10,
  "kl_to_baseline": 0.9174363391429183,
  "token_kl": 0.2018259369443979,
  "selected_indices": [
    0,
    58,
    60,
    62,
    64,
    116,
    128,
    129,
    134,
    136
  ],
  "distribution": {
    "A": 0.2717124208197194,
    "B": 0.06869965865518704,
    "C": 0.44797807442046894,
    "D": 0.21160984610462458
  }
}