{
  "question_id": "gpqa_gpqa_diamond_0026",
  "method": "next_sentence_attn_oracle",
  "prefix_length": 39,
  "keep_m": 3,
  "kl_to_baseline": 0.015817772978425675,
  "token_kl": 0.28728489497618304,
  "selected_indices": [
    27,
    28,
    31
  ],
  "distribution": {
    "A": 0.012366068393376606,
    "B": 0.9823583994026533,
    "C": 0.003126631734275192,
    "D": 0.002148900469694963
  }
}