{
  "question_id": "gpqa_gpqa_diamond_0011",
  "method": "next_sentence_attn_oracle",
  "prefix_length": 122,
  "keep_m": 15,
  "kl_to_baseline": 1.6433829558699553,
  "token_kl": 0.06178964136690092,
  "selected_indices": [
    0,
    10,
    43,
    45,
    48,
    49,
    99,
    101,
    102,
    104,
    112,
    113,
    114,
    115,
    116
  ],
  "distribution": {
    "A": 0.21892007905757244,
    "B": 0.19319629168188246,
    "C": 0.5251619690045344,
    "D": 0.06272166025601067
  }
}