{
  "question_id": "gpqa_gpqa_diamond_0011",
  "method": "next_sentence_attn_oracle",
  "prefix_length": 80,
  "keep_m": 5,
  "kl_to_baseline": 0.17799284013266367,
  "token_kl": 0.20794676467796086,
  "selected_indices": [
    0,
    67,
    71,
    73,
    74
  ],
  "distribution": {
    "A": 0.014444823359406144,
    "B": 0.8936697094221515,
    "C": 0.08312423897682926,
    "D": 0.008761228241613066
  }
}