{
  "question_id": "gpqa_gpqa_diamond_0011",
  "method": "next_sentence_attn_oracle",
  "prefix_length": 59,
  "keep_m": 3,
  "kl_to_baseline": 0.047652293645247645,
  "token_kl": 0.06458093775603609,
  "selected_indices": [
    0,
    49,
    53
  ],
  "distribution": {
    "A": 0.10890725506668843,
    "B": 0.1795577079620135,
    "C": 0.6267179814432038,
    "D": 0.08481705552809418
  }
}