{
  "question_id": "gpqa_gpqa_diamond_0001",
  "method": "next_sentence_attn_oracle",
  "prefix_length": 368,
  "keep_m": 15,
  "kl_to_baseline": 0.1367075101247638,
  "token_kl": 0.1678198290125973,
  "selected_indices": [
    0,
    233,
    241,
    301,
    305,
    306,
    307,
    310,
    311,
    333,
    338,
    350,
    351,
    359,
    362
  ],
  "distribution": {
    "A": 0.23619487053372698,
    "B": 0.23619487053372698,
    "C": 0.18394875012911566,
    "D": 0.3436615088034303
  }
}