{
  "question_id": "gpqa_gpqa_diamond_0009",
  "method": "next_sentence_attn_oracle",
  "prefix_length": 46,
  "keep_m": 20,
  "kl_to_baseline": 0.15325778513246974,
  "token_kl": 0.16607067888132818,
  "selected_indices": [
    0,
    7,
    21,
    22,
    23,
    25,
    26,
    27,
    28,
    29,
    30,
    31,
    32,
    33,
    35,
    36,
    37,
    38,
    39,
    40
  ],
  "distribution": {
    "A": 0.6601293883379377,
    "B": 0.06140159420938067,
    "C": 0.08933879241851955,
    "D": 0.18913022503416216
  }
}