{
  "question_id": "gpqa_gpqa_diamond_0020",
  "method": "next_sentence_attn_oracle",
  "prefix_length": 45,
  "keep_m": 5,
  "kl_to_baseline": 0.4203063329067575,
  "token_kl": 0.02515091722964141,
  "selected_indices": [
    0,
    15,
    36,
    38,
    39
  ],
  "distribution": {
    "A": 0.1776126039103386,
    "B": 0.48280111371476736,
    "C": 0.13832483500872297,
    "D": 0.20126144736617113
  }
}