{
  "question_id": "gpqa_gpqa_diamond_0009",
  "method": "next_sentence_attn_oracle",
  "prefix_length": 55,
  "keep_m": 3,
  "kl_to_baseline": 0.08389901511058412,
  "token_kl": 0.10859009503423812,
  "selected_indices": [
    0,
    13,
    43
  ],
  "distribution": {
    "A": 0.6438198034183569,
    "B": 0.04115802671487265,
    "C": 0.04663815430324105,
    "D": 0.2683840155635294
  }
}