{
  "question_id": "gpqa_gpqa_diamond_0023",
  "method": "next_sentence_attn_oracle",
  "prefix_length": 321,
  "keep_m": 10,
  "kl_to_baseline": 0.11965846621851528,
  "token_kl": 0.4525561525848539,
  "selected_indices": [
    0,
    99,
    268,
    279,
    290,
    292,
    300,
    301,
    308,
    315
  ],
  "distribution": {
    "A": 0.3939044996684532,
    "B": 0.2389151560476817,
    "C": 0.3067731327971413,
    "D": 0.060407211486723775
  }
}