{
  "question_id": "gpqa_gpqa_diamond_0011",
  "method": "next_sentence_attn_oracle",
  "prefix_length": 85,
  "keep_m": 15,
  "kl_to_baseline": 0.013985299439210942,
  "token_kl": 0.03435586479898824,
  "selected_indices": [
    0,
    18,
    24,
    26,
    67,
    69,
    70,
    71,
    72,
    73,
    74,
    75,
    77,
    78,
    79
  ],
  "distribution": {
    "A": 0.11062300978131948,
    "B": 0.6365914681153891,
    "C": 0.2066709908229353,
    "D": 0.04611453128035622
  }
}