{
  "question_id": "gpqa_gpqa_diamond_0001",
  "method": "next_sentence_attn_oracle",
  "prefix_length": 334,
  "keep_m": 15,
  "kl_to_baseline": 0.17251421399300934,
  "token_kl": 0.09030001371148094,
  "selected_indices": [
    0,
    239,
    241,
    317,
    318,
    319,
    320,
    321,
    322,
    323,
    324,
    325,
    326,
    327,
    328
  ],
  "distribution": {
    "A": 0.16645652040662834,
    "B": 0.07862849272574339,
    "C": 0.24219280809886362,
    "D": 0.5127221787687647
  }
}