{
  "question_id": "gpqa_gpqa_diamond_0031",
  "method": "next_sentence_attn_oracle",
  "prefix_length": 114,
  "keep_m": 3,
  "kl_to_baseline": 4.816644447764913,
  "token_kl": 0.005638460624851587,
  "selected_indices": [
    62,
    64,
    108
  ],
  "distribution": {
    "A": 0.006667282394181134,
    "B": 0.0019102083879543876,
    "C": 0.9895123008299102,
    "D": 0.0019102083879543876
  }
}