{
  "question_id": "gpqa_gpqa_diamond_0031",
  "method": "next_sentence_attn_oracle",
  "prefix_length": 128,
  "keep_m": 5,
  "kl_to_baseline": 0.2415278453410036,
  "token_kl": 0.2778252880993102,
  "selected_indices": [
    117,
    118,
    119,
    120,
    121
  ],
  "distribution": {
    "A": 0.6458239689545987,
    "B": 0.04678333697497512,
    "C": 0.16328987127149788,
    "D": 0.1441028227989283
  }
}