{
  "question_id": "gpqa_gpqa_diamond_0023",
  "method": "next_sentence_attn_oracle",
  "prefix_length": 348,
  "keep_m": 20,
  "kl_to_baseline": 0.12257047346316705,
  "token_kl": 0.09354288148873792,
  "selected_indices": [
    0,
    1,
    7,
    24,
    80,
    237,
    290,
    291,
    324,
    325,
    328,
    329,
    331,
    332,
    337,
    338,
    339,
    340,
    341,
    342
  ],
  "distribution": {
    "A": 0.652577136715163,
    "B": 0.1649973394784806,
    "C": 0.14560964102445811,
    "D": 0.03681588278189823
  }
}