{
  "question_id": "gpqa_gpqa_diamond_0020",
  "method": "next_sentence_attn_oracle",
  "prefix_length": 35,
  "keep_m": 5,
  "kl_to_baseline": 0.05576120043997945,
  "token_kl": 0.14378736032832962,
  "selected_indices": [
    0,
    2,
    5,
    8,
    15
  ],
  "distribution": {
    "A": 0.8018741275221689,
    "B": 0.15789838245903023,
    "C": 0.01885827025351458,
    "D": 0.021369219765286197
  }
}