{
  "question_id": "gpqa_gpqa_diamond_0009",
  "method": "next_sentence_attn_oracle",
  "prefix_length": 117,
  "keep_m": 5,
  "kl_to_baseline": 2.1030256004891066,
  "token_kl": 0.042269005996820694,
  "selected_indices": [
    0,
    40,
    99,
    105,
    111
  ],
  "distribution": {
    "A": 0.7676416877611354,
    "B": 0.080908833808842,
    "C": 0.03372781987138666,
    "D": 0.11772165855863599
  }
}