{
  "question_id": "gpqa_gpqa_diamond_0001",
  "method": "next_sentence_attn_oracle",
  "prefix_length": 271,
  "keep_m": 3,
  "kl_to_baseline": 0.02640708176205908,
  "token_kl": 0.4426782729303522,
  "selected_indices": [
    41,
    259,
    260
  ],
  "distribution": {
    "A": 0.35898421896516025,
    "B": 0.13206291386226984,
    "C": 0.19215040585906568,
    "D": 0.31680246131350415
  }
}