{
  "question_id": "gpqa_gpqa_diamond_0023",
  "method": "next_sentence_attn_oracle",
  "prefix_length": 75,
  "keep_m": 15,
  "kl_to_baseline": 0.08962599494449612,
  "token_kl": 0.12275816599308405,
  "selected_indices": [
    0,
    2,
    4,
    7,
    10,
    11,
    12,
    55,
    56,
    59,
    65,
    66,
    67,
    68,
    69
  ],
  "distribution": {
    "A": 0.46850460771096836,
    "B": 0.25077244559110207,
    "C": 0.25077244559110207,
    "D": 0.02995050110682751
  }
}