{
  "question_id": "gpqa_gpqa_diamond_0002",
  "method": "next_sentence_attn_oracle",
  "prefix_length": 47,
  "keep_m": 20,
  "kl_to_baseline": 0.6097264370599812,
  "token_kl": 0.048343672685167954,
  "selected_indices": [
    0,
    1,
    4,
    14,
    15,
    20,
    23,
    26,
    27,
    29,
    31,
    33,
    34,
    35,
    36,
    37,
    38,
    39,
    40,
    41
  ],
  "distribution": {
    "A": 0.25821446405224,
    "B": 0.22787346472864317,
    "C": 0.13821224289286746,
    "D": 0.3756998283262494
  }
}