{
  "question_id": "gpqa_gpqa_diamond_0001",
  "method": "next_sentence_attn_oracle",
  "prefix_length": 278,
  "keep_m": 15,
  "kl_to_baseline": 0.07951966335144287,
  "token_kl": 0.23776857820223588,
  "selected_indices": [
    23,
    38,
    128,
    233,
    241,
    249,
    254,
    259,
    265,
    266,
    267,
    268,
    269,
    270,
    271
  ],
  "distribution": {
    "A": 0.2914852196254777,
    "B": 0.10723143248853798,
    "C": 0.22700891729806244,
    "D": 0.3742744305879218
  }
}