{
  "question_id": "gpqa_gpqa_diamond_0001",
  "method": "next_sentence_attn_oracle",
  "prefix_length": 423,
  "keep_m": 3,
  "kl_to_baseline": 0.2910854106863754,
  "token_kl": 0.180755476244645,
  "selected_indices": [
    242,
    243,
    306
  ],
  "distribution": {
    "A": 0.9628760413539676,
    "B": 0.015563438262777852,
    "C": 0.009439702476919493,
    "D": 0.012120817906334857
  }
}