{
  "question_id": "gpqa_gpqa_diamond_0007",
  "method": "next_sentence_attn_oracle",
  "prefix_length": 194,
  "keep_m": 20,
  "kl_to_baseline": 0.009777060167468129,
  "token_kl": 0.285126799864625,
  "selected_indices": [
    0,
    30,
    31,
    33,
    34,
    44,
    46,
    73,
    120,
    121,
    147,
    149,
    151,
    182,
    183,
    184,
    185,
    186,
    187,
    188
  ],
  "distribution": {
    "A": 0.9869460980587946,
    "B": 0.008538755708986795,
    "C": 0.004033422598951751,
    "D": 0.00048172363326687425
  }
}