{
  "question_id": "gpqa_gpqa_diamond_0023",
  "method": "next_sentence_attn_oracle",
  "prefix_length": 338,
  "keep_m": 15,
  "kl_to_baseline": 0.03956726410925087,
  "token_kl": 0.10800922805757432,
  "selected_indices": [
    0,
    65,
    68,
    235,
    290,
    301,
    308,
    311,
    324,
    325,
    328,
    329,
    330,
    331,
    332
  ],
  "distribution": {
    "A": 0.49784395217641214,
    "B": 0.23516483149253437,
    "C": 0.2075322353889899,
    "D": 0.059458980942063706
  }
}