{
  "question_id": "gpqa_gpqa_diamond_0001",
  "method": "next_sentence_attn_oracle",
  "prefix_length": 279,
  "keep_m": 10,
  "kl_to_baseline": 0.16105787890290107,
  "token_kl": 0.21777472877291185,
  "selected_indices": [
    0,
    21,
    22,
    23,
    261,
    266,
    267,
    268,
    269,
    271
  ],
  "distribution": {
    "A": 0.3076566816396497,
    "B": 0.11318056811425467,
    "C": 0.2715060686064458,
    "D": 0.3076566816396497
  }
}