{
  "question_id": "gpqa_gpqa_diamond_0023",
  "method": "next_sentence_attn_oracle",
  "prefix_length": 326,
  "keep_m": 10,
  "kl_to_baseline": 0.0859340375249389,
  "token_kl": 0.13972704242400022,
  "selected_indices": [
    0,
    74,
    131,
    312,
    314,
    316,
    317,
    318,
    319,
    320
  ],
  "distribution": {
    "A": 0.3888795637837316,
    "B": 0.2672727549294688,
    "C": 0.2672727549294688,
    "D": 0.07657492635733082
  }
}