{
  "question_id": "gpqa_gpqa_diamond_0007",
  "method": "next_sentence_attn_oracle",
  "prefix_length": 216,
  "keep_m": 15,
  "kl_to_baseline": 0.0017107890588256651,
  "token_kl": 0.01880441707037158,
  "selected_indices": [
    0,
    86,
    87,
    164,
    176,
    177,
    192,
    202,
    204,
    205,
    206,
    207,
    208,
    209,
    210
  ],
  "distribution": {
    "A": 0.9957266894441404,
    "B": 0.0019222043911158865,
    "C": 0.0019222043911158865,
    "D": 0.0004289017736277028
  }
}