{
  "question_id": "gpqa_gpqa_diamond_0001",
  "method": "next_sentence_attn_oracle",
  "prefix_length": 391,
  "keep_m": 3,
  "kl_to_baseline": 0.06400482977790677,
  "token_kl": 0.22562292639608125,
  "selected_indices": [
    376,
    378,
    385
  ],
  "distribution": {
    "A": 0.23679234324613083,
    "B": 0.11185278289464193,
    "C": 0.2089685094704588,
    "D": 0.44238636438876844
  }
}