{
  "question_id": "gpqa_gpqa_diamond_0026",
  "method": "next_sentence_attn_oracle",
  "prefix_length": 104,
  "keep_m": 10,
  "kl_to_baseline": 0.04276294346454061,
  "token_kl": 0.711028275695809,
  "selected_indices": [
    0,
    40,
    60,
    87,
    88,
    90,
    91,
    95,
    97,
    98
  ],
  "distribution": {
    "A": 0.015063695347821999,
    "B": 0.9319577817793183,
    "C": 0.028142687937559027,
    "D": 0.024835834935300696
  }
}