{
  "question_id": "gpqa_gpqa_diamond_0004",
  "method": "next_sentence_attn_oracle",
  "prefix_length": 119,
  "keep_m": 10,
  "kl_to_baseline": 0.000552542997290825,
  "token_kl": 0.40364469562772015,
  "selected_indices": [
    0,
    33,
    35,
    37,
    64,
    65,
    71,
    110,
    111,
    112
  ],
  "distribution": {
    "A": 0.0005521983007718231,
    "B": 0.0009104210841269718,
    "C": 0.9983977630199301,
    "D": 0.0001396175951712156
  }
}