{
  "question_id": "gpqa_gpqa_diamond_0001",
  "method": "next_sentence_attn_oracle",
  "prefix_length": 319,
  "keep_m": 10,
  "kl_to_baseline": 0.1116307321595186,
  "token_kl": 0.04640672522923579,
  "selected_indices": [
    0,
    238,
    239,
    241,
    302,
    303,
    304,
    309,
    310,
    311
  ],
  "distribution": {
    "A": 0.24265437408247376,
    "B": 0.11462182385685213,
    "C": 0.24265437408247376,
    "D": 0.4000694279782004
  }
}