{
  "question_id": "gpqa_gpqa_diamond_0011",
  "method": "next_sentence_attn_oracle",
  "prefix_length": 71,
  "keep_m": 5,
  "kl_to_baseline": 0.10151103891246839,
  "token_kl": 0.10546559539537456,
  "selected_indices": [
    0,
    25,
    28,
    53,
    57
  ],
  "distribution": {
    "A": 0.06286816601445865,
    "B": 0.36178131638237626,
    "C": 0.5263887406808416,
    "D": 0.04896177692232347
  }
}