{
  "question_id": "gpqa_gpqa_diamond_0017",
  "method": "next_sentence_attn_oracle",
  "prefix_length": 124,
  "keep_m": 10,
  "kl_to_baseline": 0.12023675776788831,
  "token_kl": 0.045727154236692755,
  "selected_indices": [
    0,
    76,
    96,
    111,
    112,
    113,
    115,
    116,
    117,
    118
  ],
  "distribution": {
    "A": 0.8778650131165194,
    "B": 0.038570701409597834,
    "C": 0.03403852452448537,
    "D": 0.04952576094939731
  }
}