{
  "question_id": "gpqa_gpqa_diamond_0011",
  "method": "next_sentence_attn_oracle",
  "prefix_length": 120,
  "keep_m": 15,
  "kl_to_baseline": 0.3529271028658323,
  "token_kl": 0.014337887358242558,
  "selected_indices": [
    0,
    48,
    49,
    50,
    64,
    101,
    104,
    105,
    106,
    109,
    110,
    111,
    112,
    113,
    114
  ],
  "distribution": {
    "A": 0.06534411387505049,
    "B": 0.7025154717763266,
    "C": 0.201274040535549,
    "D": 0.030866373813073906
  }
}