{
  "question_id": "gpqa_gpqa_diamond_0031",
  "method": "next_sentence_attn_oracle",
  "prefix_length": 141,
  "keep_m": 10,
  "kl_to_baseline": 1.3657684079015986,
  "token_kl": 0.03781722780538844,
  "selected_indices": [
    0,
    49,
    50,
    91,
    92,
    121,
    129,
    133,
    134,
    135
  ],
  "distribution": {
    "A": 0.15710117351919747,
    "B": 0.06548951248707646,
    "C": 0.4839056816586273,
    "D": 0.2935036323350988
  }
}