{
  "question_id": "gpqa_gpqa_diamond_0023",
  "method": "next_sentence_attn_oracle",
  "prefix_length": 300,
  "keep_m": 15,
  "kl_to_baseline": 0.054128484642207784,
  "token_kl": 0.26835922656160877,
  "selected_indices": [
    0,
    9,
    90,
    95,
    99,
    123,
    199,
    200,
    256,
    268,
    274,
    290,
    291,
    292,
    294
  ],
  "distribution": {
    "A": 0.5013466680417125,
    "B": 0.20899238459895897,
    "C": 0.23681939731105758,
    "D": 0.05284155004827091
  }
}