{
  "question_id": "gpqa_gpqa_diamond_0023",
  "method": "next_sentence_attn_oracle",
  "prefix_length": 37,
  "keep_m": 3,
  "kl_to_baseline": 0.2177034932770724,
  "token_kl": 0.1409223090603974,
  "selected_indices": [
    24,
    27,
    29
  ],
  "distribution": {
    "A": 0.2979490403857785,
    "B": 0.33762049420589024,
    "C": 0.2979490403857785,
    "D": 0.0664814250225527
  }
}