{
  "question_id": "gpqa_gpqa_diamond_0002",
  "method": "next_sentence_attn_oracle",
  "prefix_length": 47,
  "keep_m": 3,
  "kl_to_baseline": 0.6858345611831864,
  "token_kl": 0.6196968930714791,
  "selected_indices": [
    35,
    37,
    40
  ],
  "distribution": {
    "A": 0.25821445979785096,
    "B": 0.227873460974158,
    "C": 0.3756998221361499,
    "D": 0.13821225709184107
  }
}