{
  "question_id": "gpqa_gpqa_diamond_0011",
  "method": "next_sentence_attn_oracle",
  "prefix_length": 72,
  "keep_m": 15,
  "kl_to_baseline": 0.21715958515445788,
  "token_kl": 0.3939130029353398,
  "selected_indices": [
    0,
    8,
    13,
    14,
    16,
    18,
    20,
    21,
    22,
    23,
    24,
    25,
    28,
    40,
    53
  ],
  "distribution": {
    "A": 0.20590213304067084,
    "B": 0.49393353992639183,
    "C": 0.23331768353819604,
    "D": 0.06684664349474138
  }
}