{
  "question_id": "gpqa_gpqa_diamond_0023",
  "method": "next_sentence_attn_oracle",
  "prefix_length": 185,
  "keep_m": 5,
  "kl_to_baseline": 0.09674435800889333,
  "token_kl": 0.3351490620021161,
  "selected_indices": [
    87,
    175,
    176,
    178,
    179
  ],
  "distribution": {
    "A": 0.3824574376918887,
    "B": 0.20471471444667308,
    "C": 0.3375175041335327,
    "D": 0.07531034372790552
  }
}