{
  "question_id": "gpqa_gpqa_diamond_0031",
  "method": "next_sentence_attn_oracle",
  "prefix_length": 234,
  "keep_m": 5,
  "kl_to_baseline": 1.760122160129816,
  "token_kl": 0.11589585230740782,
  "selected_indices": [
    0,
    100,
    101,
    102,
    221
  ],
  "distribution": {
    "A": 0.1533137766643451,
    "B": 0.10537090243116676,
    "C": 0.4167500531591177,
    "D": 0.3245652677453705
  }
}