{
  "question_id": "gpqa_gpqa_diamond_0001",
  "method": "next_sentence_attn_oracle",
  "prefix_length": 23,
  "keep_m": 5,
  "kl_to_baseline": 0.04072731250471361,
  "token_kl": 0.1585623711274063,
  "selected_indices": [
    0,
    9,
    10,
    12,
    17
  ],
  "distribution": {
    "A": 0.4104767660442633,
    "B": 0.09158974654466603,
    "C": 0.24896674370553531,
    "D": 0.24896674370553531
  }
}