{
  "question_id": "gpqa_gpqa_diamond_0023",
  "method": "next_sentence_attn_oracle",
  "prefix_length": 261,
  "keep_m": 20,
  "kl_to_baseline": 0.006170975757956462,
  "token_kl": 0.2350291853004007,
  "selected_indices": [
    0,
    1,
    3,
    6,
    7,
    70,
    71,
    83,
    85,
    185,
    194,
    195,
    196,
    197,
    198,
    214,
    230,
    244,
    254,
    255
  ],
  "distribution": {
    "A": 0.44391759894555916,
    "B": 0.2096918259149821,
    "C": 0.3050998064219134,
    "D": 0.041290768717545355
  }
}