{
  "question_id": "gpqa_gpqa_diamond_0031",
  "method": "next_sentence_attn_oracle",
  "prefix_length": 130,
  "keep_m": 10,
  "kl_to_baseline": 2.884756019702862,
  "token_kl": 0.09585307621284508,
  "selected_indices": [
    0,
    1,
    3,
    8,
    10,
    22,
    23,
    47,
    62,
    121
  ],
  "distribution": {
    "A": 0.028192586161482912,
    "B": 0.01331723473795372,
    "C": 0.9336103091372053,
    "D": 0.024879869963358
  }
}