{
  "question_id": "gpqa_gpqa_diamond_0001",
  "method": "next_sentence_attn_oracle",
  "prefix_length": 279,
  "keep_m": 15,
  "kl_to_baseline": 0.13538544969948316,
  "token_kl": 0.18135420247736495,
  "selected_indices": [
    0,
    19,
    20,
    21,
    22,
    23,
    112,
    241,
    260,
    261,
    266,
    267,
    268,
    269,
    271
  ],
  "distribution": {
    "A": 0.31265104631269014,
    "B": 0.08957602451194317,
    "C": 0.24349287969641714,
    "D": 0.3542800494789495
  }
}