{
  "question_id": "gpqa_gpqa_diamond_0003",
  "method": "next_sentence_attn_oracle",
  "prefix_length": 36,
  "keep_m": 20,
  "kl_to_baseline": 0.027394756310301388,
  "token_kl": 0.11100840777805913,
  "selected_indices": [
    0,
    1,
    2,
    5,
    8,
    9,
    10,
    12,
    15,
    16,
    17,
    18,
    19,
    23,
    24,
    25,
    26,
    28,
    29,
    30
  ],
  "distribution": {
    "A": 0.05308083575143491,
    "B": 0.0011016573371480324,
    "C": 0.9408802212642631,
    "D": 0.004937285647154074
  }
}