{
  "question_id": "gpqa_gpqa_diamond_0003",
  "method": "next_sentence_attn_oracle",
  "prefix_length": 27,
  "keep_m": 5,
  "kl_to_baseline": 0.15944714257120252,
  "token_kl": 0.2858047365876526,
  "selected_indices": [
    0,
    1,
    19,
    20,
    21
  ],
  "distribution": {
    "A": 0.23976251782324975,
    "B": 0.006389453913399143,
    "C": 0.7385205251285565,
    "D": 0.01532750313479459
  }
}