{
  "question_id": "gpqa_gpqa_diamond_0031",
  "method": "next_sentence_attn_oracle",
  "prefix_length": 180,
  "keep_m": 10,
  "kl_to_baseline": 1.300995473753576,
  "token_kl": 0.33104510957749417,
  "selected_indices": [
    0,
    71,
    90,
    98,
    99,
    100,
    139,
    155,
    156,
    157
  ],
  "distribution": {
    "A": 0.17578106375091904,
    "B": 0.057067756061611234,
    "C": 0.5414438265588815,
    "D": 0.22570735362858826
  }
}