{
  "question_id": "gpqa_gpqa_diamond_0031",
  "method": "next_sentence_attn_oracle",
  "prefix_length": 64,
  "keep_m": 20,
  "kl_to_baseline": 0.012319029640461382,
  "token_kl": 0.05656587805395579,
  "selected_indices": [
    0,
    3,
    9,
    13,
    16,
    25,
    32,
    33,
    38,
    45,
    46,
    47,
    48,
    49,
    50,
    54,
    55,
    56,
    57,
    58
  ],
  "distribution": {
    "A": 0.948527876619184,
    "B": 0.009299040059593425,
    "C": 0.013530023450899162,
    "D": 0.028643059870323402
  }
}