{
  "question_id": "gpqa_gpqa_diamond_0031",
  "method": "next_sentence_attn_oracle",
  "prefix_length": 81,
  "keep_m": 15,
  "kl_to_baseline": 1.5744247811249321,
  "token_kl": 0.13693891504719524,
  "selected_indices": [
    0,
    16,
    25,
    33,
    41,
    42,
    43,
    49,
    51,
    67,
    68,
    71,
    72,
    73,
    75
  ],
  "distribution": {
    "A": 0.1877243464162112,
    "B": 0.06094517224725654,
    "C": 0.5102876492070227,
    "D": 0.24104283212950947
  }
}