{
  "question_id": "gpqa_gpqa_diamond_0011",
  "method": "next_sentence_attn_oracle",
  "prefix_length": 70,
  "keep_m": 5,
  "kl_to_baseline": 0.5093623261563248,
  "token_kl": 0.33392405581667955,
  "selected_indices": [
    0,
    26,
    28,
    29,
    53
  ],
  "distribution": {
    "A": 0.042564751966593366,
    "B": 0.7544782587474813,
    "C": 0.19076198367033215,
    "D": 0.01219500561559321
  }
}