{
  "question_id": "gpqa_gpqa_diamond_0002",
  "method": "next_sentence_attn_oracle",
  "prefix_length": 101,
  "keep_m": 20,
  "kl_to_baseline": 0.04522078638999124,
  "token_kl": 0.10451284514050542,
  "selected_indices": [
    25,
    29,
    31,
    33,
    34,
    35,
    36,
    37,
    43,
    51,
    57,
    81,
    82,
    84,
    86,
    87,
    88,
    89,
    93,
    94
  ],
  "distribution": {
    "A": 0.02539061089697999,
    "B": 0.008243126440754615,
    "C": 0.013590617899942772,
    "D": 0.9527756447623226
  }
}