{
  "question_id": "gpqa_gpqa_diamond_0031",
  "method": "next_sentence_attn_oracle",
  "prefix_length": 102,
  "keep_m": 5,
  "kl_to_baseline": 1.553857767913007,
  "token_kl": 0.0325127073722523,
  "selected_indices": [
    0,
    92,
    94,
    95,
    96
  ],
  "distribution": {
    "A": 0.1594104294864663,
    "B": 0.051752989255435505,
    "C": 0.49101869079747323,
    "D": 0.297817890460625
  }
}