{
  "question_id": "gpqa_gpqa_diamond_0011",
  "method": "next_sentence_attn_oracle",
  "prefix_length": 88,
  "keep_m": 20,
  "kl_to_baseline": 0.07392342152101718,
  "token_kl": 0.03616253298557635,
  "selected_indices": [
    0,
    1,
    2,
    8,
    9,
    10,
    11,
    12,
    14,
    18,
    24,
    25,
    71,
    72,
    74,
    75,
    76,
    77,
    78,
    80
  ],
  "distribution": {
    "A": 0.09500641851915606,
    "B": 0.6195195965813024,
    "C": 0.2582541902612965,
    "D": 0.027219794638245014
  }
}