{
  "question_id": "gpqa_gpqa_diamond_0002",
  "method": "next_sentence_attn_oracle",
  "prefix_length": 87,
  "keep_m": 20,
  "kl_to_baseline": 0.001044174596677146,
  "token_kl": 0.4819346545188118,
  "selected_indices": [
    1,
    4,
    15,
    17,
    26,
    37,
    51,
    57,
    58,
    59,
    60,
    62,
    64,
    66,
    67,
    69,
    71,
    72,
    74,
    81
  ],
  "distribution": {
    "A": 0.0007091631894095861,
    "B": 0.00037958770181645827,
    "C": 0.0003349851308455492,
    "D": 0.9985762639779283
  }
}