{
  "question_id": "gpqa_gpqa_diamond_0001",
  "method": "next_sentence_attn_oracle",
  "prefix_length": 217,
  "keep_m": 5,
  "kl_to_baseline": 0.3401398294968836,
  "token_kl": 1.0698264324754043,
  "selected_indices": [
    69,
    84,
    182,
    186,
    193
  ],
  "distribution": {
    "A": 0.13564380245468943,
    "B": 0.5364815817433871,
    "C": 0.1537045465966226,
    "D": 0.17417006920530084
  }
}