{
  "question_id": "gpqa_gpqa_diamond_0023",
  "method": "next_sentence_attn_oracle",
  "prefix_length": 90,
  "keep_m": 3,
  "kl_to_baseline": 0.10359598700612557,
  "token_kl": 0.7264422498317736,
  "selected_indices": [
    9,
    82,
    84
  ],
  "distribution": {
    "A": 0.3076566816396497,
    "B": 0.2715060686064458,
    "C": 0.3076566816396497,
    "D": 0.11318056811425467
  }
}