{
  "question_id": "gpqa_gpqa_diamond_0003",
  "method": "next_sentence_attn_oracle",
  "prefix_length": 37,
  "keep_m": 20,
  "kl_to_baseline": 0.024803563423240447,
  "token_kl": 0.045769460066641565,
  "selected_indices": [
    0,
    1,
    3,
    5,
    7,
    8,
    9,
    10,
    14,
    16,
    17,
    18,
    19,
    23,
    24,
    25,
    28,
    29,
    30,
    31
  ],
  "distribution": {
    "A": 0.04192165256320383,
    "B": 0.001265924517968176,
    "C": 0.954132460693259,
    "D": 0.0026799622255690206
  }
}