{
  "question_id": "gpqa_gpqa_diamond_0017",
  "method": "next_sentence_attn_oracle",
  "prefix_length": 130,
  "keep_m": 10,
  "kl_to_baseline": 0.0007171697156797152,
  "token_kl": 0.07000066477399583,
  "selected_indices": [
    0,
    98,
    99,
    107,
    108,
    109,
    110,
    112,
    116,
    117
  ],
  "distribution": {
    "A": 0.9997101534573062,
    "B": 0.00015841545031055173,
    "C": 3.534726479777904e-05,
    "D": 9.608382758553285e-05
  }
}