{
  "question_id": "gpqa_gpqa_diamond_0020",
  "method": "next_sentence_attn_oracle",
  "prefix_length": 48,
  "keep_m": 20,
  "kl_to_baseline": 0.06120019970010541,
  "token_kl": 0.014910914443332602,
  "selected_indices": [
    0,
    1,
    2,
    4,
    5,
    6,
    7,
    8,
    15,
    21,
    33,
    34,
    35,
    36,
    37,
    38,
    39,
    40,
    41,
    42
  ],
  "distribution": {
    "A": 0.39841762694452026,
    "B": 0.5796942266368343,
    "C": 0.006439820389261185,
    "D": 0.015448326029384236
  }
}