{
  "question_id": "gpqa_gpqa_diamond_0031",
  "method": "next_sentence_attn_oracle",
  "prefix_length": 97,
  "keep_m": 10,
  "kl_to_baseline": 1.4636842719331333,
  "token_kl": 0.269077875587187,
  "selected_indices": [
    0,
    16,
    33,
    49,
    67,
    73,
    78,
    81,
    90,
    91
  ],
  "distribution": {
    "A": 0.16717438832842363,
    "B": 0.042268304773864354,
    "C": 0.5149333369443567,
    "D": 0.27562396995335525
  }
}