{
  "question_id": "gpqa_gpqa_diamond_0001",
  "method": "next_sentence_attn_oracle",
  "prefix_length": 341,
  "keep_m": 20,
  "kl_to_baseline": 0.18566769253315318,
  "token_kl": 0.04559005415689627,
  "selected_indices": [
    0,
    317,
    318,
    319,
    320,
    321,
    322,
    323,
    324,
    325,
    326,
    327,
    328,
    329,
    330,
    331,
    332,
    333,
    334,
    335
  ],
  "distribution": {
    "A": 0.2760512831051206,
    "B": 0.07909000736076326,
    "C": 0.18972708727464083,
    "D": 0.4551316222594753
  }
}