{
  "question_id": "gpqa_gpqa_diamond_0001",
  "method": "next_sentence_attn_oracle",
  "prefix_length": 279,
  "keep_m": 5,
  "kl_to_baseline": 0.19438789905396614,
  "token_kl": 0.33892002655834635,
  "selected_indices": [
    21,
    22,
    23,
    268,
    269
  ],
  "distribution": {
    "A": 0.26158351608596053,
    "B": 0.09623119771736414,
    "C": 0.26158351608596053,
    "D": 0.3806017701107147
  }
}