{
  "question_id": "gpqa_gpqa_diamond_0031",
  "method": "next_sentence_attn_oracle",
  "prefix_length": 207,
  "keep_m": 5,
  "kl_to_baseline": 1.318038155160993,
  "token_kl": 0.29688690513593846,
  "selected_indices": [
    0,
    2,
    4,
    6,
    7
  ],
  "distribution": {
    "A": 0.22723108303645317,
    "B": 0.05070210794862495,
    "C": 0.5450990636079688,
    "D": 0.17696774540695318
  }
}