{
  "question_id": "gpqa_gpqa_diamond_0020",
  "method": "next_sentence_attn_oracle",
  "prefix_length": 70,
  "keep_m": 10,
  "kl_to_baseline": 0.0020818607856459355,
  "token_kl": 0.014521656238362277,
  "selected_indices": [
    0,
    35,
    36,
    49,
    59,
    60,
    61,
    62,
    63,
    64
  ],
  "distribution": {
    "A": 0.00589539553463493,
    "B": 0.9914531428305626,
    "C": 0.0011608722107162893,
    "D": 0.001490589424086203
  }
}