{
  "question_id": "gpqa_gpqa_diamond_0004",
  "method": "next_sentence_attn_oracle",
  "prefix_length": 52,
  "keep_m": 15,
  "kl_to_baseline": 0.011930131578354885,
  "token_kl": 0.04329711715019365,
  "selected_indices": [
    0,
    23,
    27,
    28,
    29,
    32,
    38,
    39,
    40,
    41,
    42,
    43,
    44,
    45,
    46
  ],
  "distribution": {
    "A": 0.004346106185183114,
    "B": 0.16308645086264476,
    "C": 0.8282213367669891,
    "D": 0.004346106185183114
  }
}