{
  "question_id": "gpqa_gpqa_diamond_0031",
  "method": "next_sentence_attn_oracle",
  "prefix_length": 282,
  "keep_m": 5,
  "kl_to_baseline": 0.32871429104666694,
  "token_kl": 0.26895381229992277,
  "selected_indices": [
    0,
    131,
    146,
    196,
    276
  ],
  "distribution": {
    "A": 0.6868925118310942,
    "B": 0.043911566542931525,
    "C": 0.19679798783687888,
    "D": 0.0723979337890953
  }
}