{
  "question_id": "gpqa_gpqa_diamond_0001",
  "method": "next_sentence_attn_oracle",
  "prefix_length": 316,
  "keep_m": 20,
  "kl_to_baseline": 0.07269746754282878,
  "token_kl": 0.13580818788378493,
  "selected_indices": [
    0,
    4,
    6,
    7,
    17,
    27,
    50,
    233,
    241,
    297,
    299,
    300,
    303,
    304,
    305,
    306,
    307,
    308,
    309,
    310
  ],
  "distribution": {
    "A": 0.24902597501361748,
    "B": 0.21976465161262626,
    "C": 0.24902597501361748,
    "D": 0.2821833983601388
  }
}