{
  "question_id": "gpqa_gpqa_diamond_0001",
  "method": "next_sentence_attn_oracle",
  "prefix_length": 394,
  "keep_m": 20,
  "kl_to_baseline": 0.023325247871184597,
  "token_kl": 0.25817677996928345,
  "selected_indices": [
    319,
    320,
    326,
    338,
    339,
    340,
    341,
    343,
    345,
    353,
    369,
    374,
    375,
    376,
    377,
    378,
    379,
    385,
    387,
    388
  ],
  "distribution": {
    "A": 0.5284271800947281,
    "B": 0.11790803429345315,
    "C": 0.10405347505381066,
    "D": 0.24961131055800814
  }
}