{
  "question_id": "gpqa_gpqa_diamond_0009",
  "method": "next_sentence_attn_oracle",
  "prefix_length": 73,
  "keep_m": 3,
  "kl_to_baseline": 2.3003462503486,
  "token_kl": 0.3992267309621585,
  "selected_indices": [
    23,
    27,
    67
  ],
  "distribution": {
    "A": 0.8402786338764752,
    "B": 0.053717218282763886,
    "C": 0.017439427455126347,
    "D": 0.08856472038563463
  }
}