{
  "question_id": "gpqa_gpqa_diamond_0023",
  "method": "next_sentence_attn_oracle",
  "prefix_length": 265,
  "keep_m": 3,
  "kl_to_baseline": 0.039878203679346136,
  "token_kl": 0.2823450378963178,
  "selected_indices": [
    191,
    192,
    193
  ],
  "distribution": {
    "A": 0.3785916682018518,
    "B": 0.17883404120497876,
    "C": 0.3341059745324691,
    "D": 0.10846831606070036
  }
}