{
  "question_id": "gpqa_gpqa_diamond_0023",
  "method": "next_sentence_attn_oracle",
  "prefix_length": 273,
  "keep_m": 10,
  "kl_to_baseline": 0.05552804672592297,
  "token_kl": 0.37937869413111003,
  "selected_indices": [
    93,
    123,
    134,
    183,
    204,
    208,
    209,
    259,
    266,
    267
  ],
  "distribution": {
    "A": 0.43439970499757213,
    "B": 0.20519589116141687,
    "C": 0.26347673965115076,
    "D": 0.09692766418986028
  }
}