{
  "question_id": "gpqa_gpqa_diamond_0009",
  "method": "next_sentence_attn_oracle",
  "prefix_length": 103,
  "keep_m": 20,
  "kl_to_baseline": 0.650609624332368,
  "token_kl": 0.4838992016090183,
  "selected_indices": [
    0,
    4,
    9,
    12,
    13,
    14,
    25,
    53,
    55,
    61,
    62,
    63,
    79,
    81,
    82,
    87,
    90,
    91,
    94,
    97
  ],
  "distribution": {
    "A": 0.4155939904123177,
    "B": 0.10507861655473208,
    "C": 0.0637334026206325,
    "D": 0.4155939904123177
  }
}