{
  "question_id": "gpqa_gpqa_diamond_0023",
  "method": "next_sentence_attn_oracle",
  "prefix_length": 306,
  "keep_m": 20,
  "kl_to_baseline": 0.08998943421073033,
  "token_kl": 0.20412991547744264,
  "selected_indices": [
    0,
    125,
    126,
    255,
    257,
    258,
    270,
    272,
    274,
    278,
    290,
    291,
    292,
    293,
    294,
    295,
    297,
    298,
    299,
    300
  ],
  "distribution": {
    "A": 0.426588084381282,
    "B": 0.2015059308488895,
    "C": 0.33222711436279323,
    "D": 0.039678870407035306
  }
}