{
  "question_id": "gpqa_gpqa_diamond_0026",
  "method": "next_sentence_attn_oracle",
  "prefix_length": 99,
  "keep_m": 20,
  "kl_to_baseline": 0.014504675165079485,
  "token_kl": 0.2004449042665152,
  "selected_indices": [
    0,
    4,
    27,
    39,
    41,
    47,
    48,
    56,
    58,
    64,
    73,
    74,
    80,
    81,
    82,
    86,
    87,
    91,
    92,
    93
  ],
  "distribution": {
    "A": 0.007351766949862168,
    "B": 0.9628912463996416,
    "C": 0.01212101454746796,
    "D": 0.0176359721030282
  }
}