{
  "question_id": "gpqa_gpqa_diamond_0004",
  "method": "next_sentence_attn_oracle",
  "prefix_length": 45,
  "keep_m": 20,
  "kl_to_baseline": 0.013055920786671364,
  "token_kl": 0.10263442486394145,
  "selected_indices": [
    0,
    3,
    8,
    15,
    22,
    23,
    24,
    25,
    26,
    27,
    28,
    29,
    32,
    33,
    34,
    35,
    36,
    37,
    38,
    39
  ],
  "distribution": {
    "A": 0.0025187054404628927,
    "B": 0.2000855560697799,
    "C": 0.7913536782358502,
    "D": 0.00604206025390695
  }
}