{
  "question_id": "gpqa_gpqa_diamond_0023",
  "method": "next_sentence_attn_oracle",
  "prefix_length": 278,
  "keep_m": 3,
  "kl_to_baseline": 0.19571085612639127,
  "token_kl": 0.5027382556792871,
  "selected_indices": [
    269,
    270,
    272
  ],
  "distribution": {
    "A": 0.3320117333870983,
    "B": 0.22818810478975934,
    "C": 0.3320117333870983,
    "D": 0.10778842843604404
  }
}