{
  "question_id": "gpqa_gpqa_diamond_0023",
  "method": "next_sentence_attn_oracle",
  "prefix_length": 253,
  "keep_m": 15,
  "kl_to_baseline": 0.054412757989845614,
  "token_kl": 0.1267323057986289,
  "selected_indices": [
    0,
    225,
    230,
    234,
    235,
    236,
    237,
    238,
    239,
    240,
    241,
    242,
    243,
    244,
    247
  ],
  "distribution": {
    "A": 0.6020671375799882,
    "B": 0.17249512294855063,
    "C": 0.19546258173072217,
    "D": 0.02997515774073902
  }
}