{
  "question_id": "gpqa_gpqa_diamond_0001",
  "method": "next_sentence_attn_oracle",
  "prefix_length": 432,
  "keep_m": 3,
  "kl_to_baseline": 0.42583219795556326,
  "token_kl": 0.4016910053595759,
  "selected_indices": [
    406,
    420,
    421
  ],
  "distribution": {
    "A": 0.2664625584148007,
    "B": 0.11107812026949634,
    "C": 0.18313685959770568,
    "D": 0.43932246171799727
  }
}