{
  "question_id": "gpqa_gpqa_diamond_0026",
  "method": "next_sentence_attn_oracle",
  "prefix_length": 102,
  "keep_m": 5,
  "kl_to_baseline": 0.2757719216885731,
  "token_kl": 0.16916063973349063,
  "selected_indices": [
    0,
    46,
    84,
    86,
    87
  ],
  "distribution": {
    "A": 0.0465594559555509,
    "B": 0.7283124519461575,
    "C": 0.09856636903137835,
    "D": 0.12656172306691327
  }
}