{
  "question_id": "gpqa_gpqa_diamond_0001",
  "method": "next_sentence_attn_oracle",
  "prefix_length": 404,
  "keep_m": 20,
  "kl_to_baseline": 0.007544380437098673,
  "token_kl": 0.13416589133814397,
  "selected_indices": [
    0,
    2,
    52,
    170,
    182,
    217,
    233,
    240,
    241,
    246,
    303,
    333,
    350,
    351,
    367,
    368,
    371,
    372,
    373,
    390
  ],
  "distribution": {
    "A": 0.2925894411256113,
    "B": 0.2925894411256113,
    "C": 0.1566118422264677,
    "D": 0.2582092755223098
  }
}