{
  "question_id": "gpqa_gpqa_diamond_0009",
  "method": "next_sentence_attn_oracle",
  "prefix_length": 110,
  "keep_m": 20,
  "kl_to_baseline": 0.1697010193136511,
  "token_kl": 0.026175745002984616,
  "selected_indices": [
    0,
    40,
    41,
    42,
    43,
    52,
    53,
    56,
    58,
    78,
    79,
    82,
    91,
    98,
    99,
    100,
    101,
    102,
    103,
    104
  ],
  "distribution": {
    "A": 0.15388258435884172,
    "B": 0.030301277470850232,
    "C": 0.034335845692042614,
    "D": 0.7814802924782653
  }
}