{
  "question_id": "gpqa_gpqa_diamond_0031",
  "method": "next_sentence_attn_oracle",
  "prefix_length": 103,
  "keep_m": 10,
  "kl_to_baseline": 1.471137719339072,
  "token_kl": 0.01729913391018092,
  "selected_indices": [
    0,
    42,
    81,
    85,
    92,
    93,
    94,
    95,
    96,
    97
  ],
  "distribution": {
    "A": 0.17445546677567664,
    "B": 0.06417857962673904,
    "C": 0.5373607001774917,
    "D": 0.22400525342009261
  }
}