{
  "question_id": "gpqa_gpqa_diamond_0002",
  "method": "next_sentence_attn_oracle",
  "prefix_length": 30,
  "keep_m": 15,
  "kl_to_baseline": 0.22809816984986608,
  "token_kl": 0.01026579393606568,
  "selected_indices": [
    0,
    5,
    10,
    11,
    12,
    13,
    14,
    15,
    18,
    19,
    20,
    21,
    22,
    23,
    24
  ],
  "distribution": {
    "A": 0.31283638571410965,
    "B": 0.24363722216737665,
    "C": 0.27607714140846157,
    "D": 0.16744925071005218
  }
}