{
  "question_id": "gpqa_gpqa_diamond_0023",
  "method": "next_sentence_attn_oracle",
  "prefix_length": 30,
  "keep_m": 5,
  "kl_to_baseline": 0.14927613416896665,
  "token_kl": 0.32412625415478147,
  "selected_indices": [
    0,
    14,
    20,
    21,
    23
  ],
  "distribution": {
    "A": 0.3456578685760746,
    "B": 0.20965209506230928,
    "C": 0.3916816790673553,
    "D": 0.0530083572942608
  }
}