{
  "question_id": "gpqa_gpqa_diamond_0001",
  "method": "next_sentence_attn_oracle",
  "prefix_length": 264,
  "keep_m": 20,
  "kl_to_baseline": 0.05599932762841858,
  "token_kl": 0.05315293796366765,
  "selected_indices": [
    0,
    80,
    95,
    114,
    115,
    116,
    120,
    121,
    126,
    127,
    170,
    233,
    241,
    252,
    253,
    254,
    255,
    256,
    257,
    258
  ],
  "distribution": {
    "A": 0.37106890620496596,
    "B": 0.1752805400534187,
    "C": 0.1986188728142493,
    "D": 0.255031680927366
  }
}