{
  "question_id": "gpqa_gpqa_diamond_0013",
  "method": "next_sentence_attn_oracle",
  "prefix_length": 28,
  "keep_m": 15,
  "kl_to_baseline": 0.0024530969895653508,
  "token_kl": 0.04371281280654818,
  "selected_indices": [
    0,
    4,
    7,
    8,
    9,
    10,
    11,
    14,
    15,
    16,
    17,
    18,
    20,
    21,
    22
  ],
  "distribution": {
    "A": 0.0075753271188138335,
    "B": 9.535934077546246e-05,
    "C": 0.00015722097349644702,
    "D": 0.9921720925669143
  }
}