{
  "question_id": "gpqa_gpqa_diamond_0001",
  "method": "next_sentence_attn_oracle",
  "prefix_length": 302,
  "keep_m": 3,
  "kl_to_baseline": 0.2405752382002693,
  "token_kl": 0.17317573376947848,
  "selected_indices": [
    0,
    238,
    239
  ],
  "distribution": {
    "A": 0.22594543075280807,
    "B": 0.42212161244380625,
    "C": 0.1759664784016928,
    "D": 0.1759664784016928
  }
}