{
  "question_id": "gpqa_gpqa_diamond_0002",
  "method": "next_sentence_attn_oracle",
  "prefix_length": 51,
  "keep_m": 10,
  "kl_to_baseline": 0.2132497188362286,
  "token_kl": 0.2854947985277864,
  "selected_indices": [
    15,
    26,
    29,
    31,
    35,
    36,
    37,
    40,
    43,
    45
  ],
  "distribution": {
    "A": 0.4619154365742657,
    "B": 0.2181934024324467,
    "C": 0.1499619683178839,
    "D": 0.16992919267540368
  }
}