{
  "question_id": "gpqa_gpqa_diamond_0031",
  "method": "next_sentence_attn_oracle",
  "prefix_length": 134,
  "keep_m": 20,
  "kl_to_baseline": 0.1269300745698642,
  "token_kl": 0.15375909388625952,
  "selected_indices": [
    0,
    1,
    3,
    9,
    25,
    33,
    47,
    49,
    55,
    56,
    67,
    108,
    117,
    118,
    119,
    120,
    121,
    125,
    127,
    128
  ],
  "distribution": {
    "A": 0.671300067949965,
    "B": 0.03342206038626652,
    "C": 0.19233067813643445,
    "D": 0.10294719352733403
  }
}