{
  "question_id": "gpqa_gpqa_diamond_0023",
  "method": "next_sentence_attn_oracle",
  "prefix_length": 182,
  "keep_m": 10,
  "kl_to_baseline": 0.24956096726172566,
  "token_kl": 0.37601040064743274,
  "selected_indices": [
    65,
    82,
    99,
    105,
    116,
    123,
    169,
    173,
    175,
    176
  ],
  "distribution": {
    "A": 0.23816715926101065,
    "B": 0.26987874808793466,
    "C": 0.39267126145585324,
    "D": 0.09928283119520138
  }
}