{
  "question_id": "gpqa_gpqa_diamond_0017",
  "method": "next_sentence_attn_oracle",
  "prefix_length": 129,
  "keep_m": 20,
  "kl_to_baseline": 0.0027121812322638637,
  "token_kl": 0.043431742388192224,
  "selected_indices": [
    0,
    75,
    76,
    96,
    97,
    99,
    107,
    108,
    110,
    111,
    112,
    115,
    116,
    117,
    118,
    119,
    120,
    121,
    122,
    123
  ],
  "distribution": {
    "A": 0.9948751575796211,
    "B": 0.002176280076362385,
    "C": 0.0019205604265463711,
    "D": 0.0010280019174702519
  }
}