{
  "question_id": "gpqa_gpqa_diamond_0031",
  "method": "next_sentence_attn_oracle",
  "prefix_length": 103,
  "keep_m": 15,
  "kl_to_baseline": 1.2698283200571772,
  "token_kl": 0.00690490739127479,
  "selected_indices": [
    0,
    42,
    43,
    51,
    52,
    81,
    82,
    85,
    87,
    92,
    93,
    94,
    95,
    96,
    97
  ],
  "distribution": {
    "A": 0.21635630698901331,
    "B": 0.04827561742758139,
    "C": 0.5190117685943919,
    "D": 0.21635630698901331
  }
}