{
  "question_id": "gpqa_gpqa_diamond_0004",
  "method": "next_sentence_attn_oracle",
  "prefix_length": 56,
  "keep_m": 10,
  "kl_to_baseline": 0.11408154489917789,
  "token_kl": 0.016925724798201848,
  "selected_indices": [
    0,
    38,
    43,
    44,
    45,
    46,
    47,
    48,
    49,
    50
  ],
  "distribution": {
    "A": 0.019743947439903396,
    "B": 0.12874670997691484,
    "C": 0.8395340331171255,
    "D": 0.011975309466056168
  }
}