{
  "question_id": "gpqa_gpqa_diamond_0004",
  "method": "next_sentence_attn_oracle",
  "prefix_length": 55,
  "keep_m": 15,
  "kl_to_baseline": 0.09734888578628353,
  "token_kl": 0.1310500671975694,
  "selected_indices": [
    0,
    15,
    23,
    27,
    34,
    38,
    40,
    42,
    43,
    44,
    45,
    46,
    47,
    48,
    49
  ],
  "distribution": {
    "A": 0.011578769904383637,
    "B": 0.1598399500196466,
    "C": 0.811734269273252,
    "D": 0.0168470108027178
  }
}