{
  "question_id": "gpqa_gpqa_diamond_0009",
  "method": "next_sentence_attn_oracle",
  "prefix_length": 94,
  "keep_m": 15,
  "kl_to_baseline": 1.7570148600113165,
  "token_kl": 0.2708702529464865,
  "selected_indices": [
    0,
    25,
    35,
    36,
    42,
    74,
    75,
    79,
    80,
    82,
    83,
    85,
    86,
    87,
    88
  ],
  "distribution": {
    "A": 0.7288570376530255,
    "B": 0.06779426708532006,
    "C": 0.059828230715787745,
    "D": 0.14352046454586667
  }
}