{
  "question_id": "gpqa_gpqa_diamond_0023",
  "method": "next_sentence_attn_oracle",
  "prefix_length": 334,
  "keep_m": 5,
  "kl_to_baseline": 0.19928925178353923,
  "token_kl": 1.2619113300391125,
  "selected_indices": [
    300,
    321,
    322,
    323,
    328
  ],
  "distribution": {
    "A": 0.2829333096151749,
    "B": 0.24968776937340015,
    "C": 0.36329356077346664,
    "D": 0.1040853602379583
  }
}