{
  "question_id": "gpqa_gpqa_diamond_0023",
  "method": "next_sentence_attn_oracle",
  "prefix_length": 184,
  "keep_m": 15,
  "kl_to_baseline": 0.01811218779848636,
  "token_kl": 0.16104295255886777,
  "selected_indices": [
    0,
    9,
    10,
    87,
    89,
    91,
    94,
    118,
    172,
    173,
    174,
    175,
    176,
    177,
    178
  ],
  "distribution": {
    "A": 0.6094600517858851,
    "B": 0.1359889108534839,
    "C": 0.22420780990348246,
    "D": 0.030343227457148417
  }
}