{
  "question_id": "gpqa_gpqa_diamond_0002",
  "method": "next_sentence_attn_oracle",
  "prefix_length": 67,
  "keep_m": 5,
  "kl_to_baseline": 2.1768588981781196,
  "token_kl": 0.4991910572438788,
  "selected_indices": [
    27,
    29,
    58,
    59,
    60
  ],
  "distribution": {
    "A": 0.3076566774886917,
    "B": 0.27150606494323826,
    "C": 0.3076566774886917,
    "D": 0.1131805800793783
  }
}