{
  "question_id": "gpqa_gpqa_diamond_0023",
  "method": "next_sentence_attn_oracle",
  "prefix_length": 192,
  "keep_m": 10,
  "kl_to_baseline": 0.0936762337402128,
  "token_kl": 0.42898578691679584,
  "selected_indices": [
    0,
    65,
    82,
    99,
    116,
    123,
    169,
    173,
    182,
    183
  ],
  "distribution": {
    "A": 0.3878985516798239,
    "B": 0.18323030167023074,
    "C": 0.3423192703744952,
    "D": 0.08655187627545015
  }
}