{
  "question_id": "gpqa_gpqa_diamond_0031",
  "method": "next_sentence_attn_oracle",
  "prefix_length": 174,
  "keep_m": 3,
  "kl_to_baseline": 1.181581806308524,
  "token_kl": 0.06675002677323325,
  "selected_indices": [
    88,
    166,
    168
  ],
  "distribution": {
    "A": 0.2808500823355621,
    "B": 0.0626661313196182,
    "C": 0.40863445859305775,
    "D": 0.24784932775176208
  }
}