{
  "question_id": "gpqa_gpqa_diamond_0002",
  "method": "next_sentence_attn_oracle",
  "prefix_length": 27,
  "keep_m": 3,
  "kl_to_baseline": 0.4416197794840862,
  "token_kl": 0.4125171498919197,
  "selected_indices": [
    4,
    15,
    20
  ],
  "distribution": {
    "A": 0.1743264666927305,
    "B": 0.25364351237864874,
    "C": 0.4181874540337694,
    "D": 0.15384256689485132
  }
}