{
  "question_id": "gpqa_gpqa_diamond_0009",
  "method": "next_sentence_attn_oracle",
  "prefix_length": 36,
  "keep_m": 20,
  "kl_to_baseline": 0.09558264902767596,
  "token_kl": 0.024839729291713398,
  "selected_indices": [
    0,
    1,
    3,
    4,
    7,
    8,
    15,
    18,
    19,
    20,
    21,
    22,
    23,
    24,
    25,
    26,
    27,
    28,
    29,
    30
  ],
  "distribution": {
    "A": 0.7874714960189364,
    "B": 0.0732462677017934,
    "C": 0.0185195567199277,
    "D": 0.12076267955934257
  }
}