{
  "question_id": "gpqa_gpqa_diamond_0001",
  "method": "next_sentence_attn_oracle",
  "prefix_length": 395,
  "keep_m": 20,
  "kl_to_baseline": 0.08041257669013425,
  "token_kl": 0.1438538759271908,
  "selected_indices": [
    320,
    321,
    340,
    341,
    342,
    343,
    344,
    345,
    353,
    354,
    374,
    375,
    376,
    377,
    378,
    379,
    385,
    387,
    388,
    389
  ],
  "distribution": {
    "A": 0.34115916455750683,
    "B": 0.11075817773891075,
    "C": 0.2069234931460755,
    "D": 0.34115916455750683
  }
}