{
  "question_id": "gpqa_gpqa_diamond_0009",
  "method": "next_sentence_attn_oracle",
  "prefix_length": 72,
  "keep_m": 3,
  "kl_to_baseline": 1.4729770556071928,
  "token_kl": 0.17920771072152056,
  "selected_indices": [
    39,
    40,
    66
  ],
  "distribution": {
    "A": 0.6042524258801388,
    "B": 0.13482694859302474,
    "C": 0.03862856751792385,
    "D": 0.2222920580089126
  }
}