{
  "question_id": "gpqa_gpqa_diamond_0026",
  "method": "next_sentence_attn_oracle",
  "prefix_length": 97,
  "keep_m": 15,
  "kl_to_baseline": 0.08682182647904933,
  "token_kl": 0.41613583712767127,
  "selected_indices": [
    0,
    4,
    38,
    41,
    48,
    58,
    62,
    63,
    64,
    73,
    79,
    81,
    82,
    87,
    91
  ],
  "distribution": {
    "A": 0.014272819779782935,
    "B": 0.8830282363400835,
    "C": 0.03021556691486186,
    "D": 0.07248337696527175
  }
}