{
  "question_id": "gpqa_gpqa_diamond_0031",
  "method": "next_sentence_attn_oracle",
  "prefix_length": 121,
  "keep_m": 15,
  "kl_to_baseline": 0.0114094832711439,
  "token_kl": 0.2619085266119717,
  "selected_indices": [
    0,
    16,
    25,
    33,
    55,
    66,
    67,
    68,
    72,
    73,
    90,
    92,
    106,
    107,
    108
  ],
  "distribution": {
    "A": 0.9082431191665657,
    "B": 0.016635053489595604,
    "C": 0.035216408513826625,
    "D": 0.03990541883001205
  }
}