{
  "question_id": "gpqa_gpqa_diamond_0001",
  "method": "next_sentence_attn_oracle",
  "prefix_length": 175,
  "keep_m": 10,
  "kl_to_baseline": 0.06096856084949566,
  "token_kl": 0.14253311213553302,
  "selected_indices": [
    23,
    61,
    64,
    66,
    69,
    116,
    139,
    148,
    155,
    164
  ],
  "distribution": {
    "A": 0.16179279312295816,
    "B": 0.1833352532446411,
    "C": 0.26675121946780656,
    "D": 0.38812073416459414
  }
}