{
  "question_id": "gpqa_gpqa_diamond_0023",
  "method": "next_sentence_attn_oracle",
  "prefix_length": 285,
  "keep_m": 3,
  "kl_to_baseline": 0.07572024819209822,
  "token_kl": 0.16449849747228568,
  "selected_indices": [
    131,
    133,
    134
  ],
  "distribution": {
    "A": 0.41967679996925283,
    "B": 0.19824128326685636,
    "C": 0.2884393651761709,
    "D": 0.09364255158771993
  }
}