{
  "question_id": "gpqa_gpqa_diamond_0017",
  "method": "next_sentence_attn_oracle",
  "prefix_length": 121,
  "keep_m": 3,
  "kl_to_baseline": 0.19040427917947214,
  "token_kl": 0.32603414591751423,
  "selected_indices": [
    80,
    88,
    112
  ],
  "distribution": {
    "A": 0.8091819141783332,
    "B": 0.04028679648387576,
    "C": 0.07526564466889557,
    "D": 0.07526564466889557
  }
}