{
  "question_id": "gpqa_gpqa_diamond_0002",
  "method": "next_sentence_attn_oracle",
  "prefix_length": 41,
  "keep_m": 3,
  "kl_to_baseline": 0.3094482940346036,
  "token_kl": 0.28612875430666423,
  "selected_indices": [
    30,
    31,
    35
  ],
  "distribution": {
    "A": 0.25653245411636644,
    "B": 0.22638909617011818,
    "C": 0.2906893535433972,
    "D": 0.22638909617011818
  }
}