{
  "question_id": "gpqa_gpqa_diamond_0023",
  "method": "next_sentence_attn_oracle",
  "prefix_length": 337,
  "keep_m": 5,
  "kl_to_baseline": 0.17893272228944387,
  "token_kl": 0.5655086098472873,
  "selected_indices": [
    0,
    290,
    301,
    323,
    328
  ],
  "distribution": {
    "A": 0.3331189220919959,
    "B": 0.25943327738114874,
    "C": 0.3331189220919959,
    "D": 0.07432887843485937
  }
}