{
  "question_id": "gpqa_gpqa_diamond_0023",
  "method": "next_sentence_attn_oracle",
  "prefix_length": 293,
  "keep_m": 20,
  "kl_to_baseline": 0.06734933402141116,
  "token_kl": 0.27890968758145895,
  "selected_indices": [
    0,
    73,
    75,
    106,
    120,
    137,
    255,
    258,
    260,
    269,
    270,
    271,
    278,
    280,
    281,
    282,
    284,
    285,
    286,
    287
  ],
  "distribution": {
    "A": 0.47713736625841036,
    "B": 0.19890045801795592,
    "C": 0.28939845877975384,
    "D": 0.034563716943879906
  }
}