{
  "question_id": "gpqa_gpqa_diamond_0031",
  "method": "next_sentence_attn_oracle",
  "prefix_length": 92,
  "keep_m": 5,
  "kl_to_baseline": 1.494285400007306,
  "token_kl": 0.18370907756320667,
  "selected_indices": [
    0,
    49,
    50,
    67,
    81
  ],
  "distribution": {
    "A": 0.15839793005283492,
    "B": 0.05827134199055012,
    "C": 0.5528630996364458,
    "D": 0.2304676283201692
  }
}