{
  "question_id": "gpqa_gpqa_diamond_0011",
  "method": "next_sentence_attn_oracle",
  "prefix_length": 96,
  "keep_m": 5,
  "kl_to_baseline": 0.0011772401421933664,
  "token_kl": 0.1289415101125457,
  "selected_indices": [
    0,
    74,
    75,
    89,
    90
  ],
  "distribution": {
    "A": 0.00020339139252242955,
    "B": 0.9996218200945154,
    "C": 0.00012336311548650036,
    "D": 5.142539747553562e-05
  }
}