{
  "question_id": "gpqa_gpqa_diamond_0001",
  "method": "next_sentence_attn_oracle",
  "prefix_length": 431,
  "keep_m": 5,
  "kl_to_baseline": 0.30314373573385944,
  "token_kl": 0.23554801763240574,
  "selected_indices": [
    329,
    355,
    360,
    361,
    379
  ],
  "distribution": {
    "A": 0.29164845769381753,
    "B": 0.08355868212615494,
    "C": 0.20044685814888322,
    "D": 0.42434600203114425
  }
}