{
  "question_id": "gpqa_gpqa_diamond_0001",
  "method": "next_sentence_attn_oracle",
  "prefix_length": 313,
  "keep_m": 3,
  "kl_to_baseline": 0.22573670378651411,
  "token_kl": 0.33227817282546396,
  "selected_indices": [
    305,
    306,
    307
  ],
  "distribution": {
    "A": 0.20919647828294513,
    "B": 0.23705066575334718,
    "C": 0.1629223811025378,
    "D": 0.3908304748611699
  }
}