{
  "question_id": "gpqa_gpqa_diamond_0003",
  "method": "next_sentence_attn_oracle",
  "prefix_length": 39,
  "keep_m": 3,
  "kl_to_baseline": 0.17094082353744125,
  "token_kl": 0.18925288935884796,
  "selected_indices": [
    20,
    21,
    31
  ],
  "distribution": {
    "A": 0.19922333349697097,
    "B": 0.00601602482261238,
    "C": 0.7879435924590618,
    "D": 0.006817049221354846
  }
}