{
  "question_id": "gpqa_gpqa_diamond_0031",
  "method": "next_sentence_attn_oracle",
  "prefix_length": 121,
  "keep_m": 10,
  "kl_to_baseline": 0.0822974974576135,
  "token_kl": 0.19128770559155706,
  "selected_indices": [
    0,
    16,
    33,
    66,
    67,
    68,
    92,
    106,
    107,
    108
  ],
  "distribution": {
    "A": 0.8092342836468728,
    "B": 0.027690473634444563,
    "C": 0.06642599307991638,
    "D": 0.0966492496387664
  }
}