{
  "question_id": "gpqa_gpqa_diamond_0011",
  "method": "next_sentence_attn_oracle",
  "prefix_length": 120,
  "keep_m": 3,
  "kl_to_baseline": 1.57295147193319,
  "token_kl": 0.054417442098756076,
  "selected_indices": [
    0,
    105,
    112
  ],
  "distribution": {
    "A": 0.06733109590237829,
    "B": 0.20739437605462144,
    "C": 0.6388196895709067,
    "D": 0.08645483847209358
  }
}