{
  "question_id": "gpqa_gpqa_diamond_0002",
  "method": "next_sentence_attn_oracle",
  "prefix_length": 104,
  "keep_m": 10,
  "kl_to_baseline": 0.0028622192955079697,
  "token_kl": 0.375745276806574,
  "selected_indices": [
    15,
    43,
    57,
    62,
    81,
    82,
    87,
    88,
    94,
    98
  ],
  "distribution": {
    "A": 0.0016952713533819465,
    "B": 0.0021767715059250454,
    "C": 0.001028234052358681,
    "D": 0.9950997230883343
  }
}