{
  "question_id": "gpqa_gpqa_diamond_0031",
  "method": "next_sentence_attn_oracle",
  "prefix_length": 206,
  "keep_m": 20,
  "kl_to_baseline": 0.9742327199713298,
  "token_kl": 0.2822100511234909,
  "selected_indices": [
    0,
    2,
    4,
    7,
    21,
    33,
    72,
    120,
    122,
    129,
    132,
    187,
    188,
    191,
    194,
    195,
    196,
    197,
    199,
    200
  ],
  "distribution": {
    "A": 0.34581407102339434,
    "B": 0.04680084524915717,
    "C": 0.44403408310879117,
    "D": 0.1633510006186572
  }
}