{
  "question_id": "medmcqa_0001",
  "method": "next_sentence_attn_oracle",
  "prefix_length": 74,
  "keep_m": 15,
  "kl_to_baseline": 0.01669903512783151,
  "token_kl": 0.03697516055877968,
  "selected_indices": [
    0,
    7,
    30,
    41,
    44,
    48,
    55,
    59,
    60,
    61,
    63,
    64,
    66,
    67,
    68
  ],
  "distribution": {
    "A": 0.9692712057871529,
    "B": 0.0138259136728715,
    "C": 0.007400478303121438,
    "D": 0.009502402236854095
  }
}