{
  "question_id": "medmcqa_0001",
  "method": "next_sentence_attn_oracle",
  "prefix_length": 30,
  "keep_m": 3,
  "kl_to_baseline": 2.567562424367455,
  "token_kl": 0.8236838451514832,
  "selected_indices": [
    10,
    19,
    24
  ],
  "distribution": {
    "A": 0.07422571038899646,
    "B": 0.014615912460623309,
    "C": 0.006904068184189075,
    "D": 0.9042543089661912
  }
}