{
  "question_id": "medmcqa_0001",
  "method": "next_sentence_attn_oracle",
  "prefix_length": 34,
  "keep_m": 5,
  "kl_to_baseline": 0.5774397968288552,
  "token_kl": 0.056090475612930374,
  "selected_indices": [
    22,
    23,
    26,
    27,
    28
  ],
  "distribution": {
    "A": 0.5495368692544528,
    "B": 0.01464466326445777,
    "C": 0.007838723379113247,
    "D": 0.4279797441019761
  }
}