{
  "question_id": "medmcqa_0001",
  "method": "next_sentence_attn_oracle",
  "prefix_length": 28,
  "keep_m": 3,
  "kl_to_baseline": 1.474659774448304,
  "token_kl": 0.5215683694847554,
  "selected_indices": [
    9,
    10,
    19
  ],
  "distribution": {
    "A": 0.22530358150372343,
    "B": 0.05696566648076319,
    "C": 0.02374682278150325,
    "D": 0.6939839292340102
  }
}