{
  "question_id": "medmcqa_0001",
  "method": "next_sentence_attn_oracle",
  "prefix_length": 36,
  "keep_m": 15,
  "kl_to_baseline": 0.032402954948382905,
  "token_kl": 0.09601472357990433,
  "selected_indices": [
    0,
    1,
    2,
    3,
    8,
    9,
    10,
    14,
    15,
    18,
    19,
    24,
    28,
    29,
    30
  ],
  "distribution": {
    "A": 0.9424234329823042,
    "B": 0.00923919368393459,
    "C": 0.0014168762410736613,
    "D": 0.046920497092687384
  }
}