{
  "question_id": "medmcqa_0001",
  "method": "next_sentence_attn_oracle",
  "prefix_length": 33,
  "keep_m": 5,
  "kl_to_baseline": 0.8335593253774694,
  "token_kl": 0.12210716098825997,
  "selected_indices": [
    6,
    21,
    25,
    26,
    27
  ],
  "distribution": {
    "A": 0.4279797452490596,
    "B": 0.01464466155792901,
    "C": 0.007838722465674222,
    "D": 0.5495368707273371
  }
}