{
  "question_id": "medmcqa_0001",
  "method": "next_sentence_attn_oracle",
  "prefix_length": 32,
  "keep_m": 3,
  "kl_to_baseline": 1.4781640355769434,
  "token_kl": 0.5978974891569095,
  "selected_indices": [
    0,
    24,
    25
  ],
  "distribution": {
    "A": 0.22157009729311208,
    "B": 0.0035813466415667893,
    "C": 0.0014929273941723749,
    "D": 0.7733556286711488
  }
}