{
  "question_id": "medmcqa_0001",
  "method": "next_sentence_attn_oracle",
  "prefix_length": 17,
  "keep_m": 5,
  "kl_to_baseline": 0.009573751335673036,
  "token_kl": 0.10212893624997342,
  "selected_indices": [
    0,
    5,
    7,
    9,
    10
  ],
  "distribution": {
    "A": 0.9880025993119433,
    "B": 0.005184562726086434,
    "C": 0.004037741510958932,
    "D": 0.002775096451011335
  }
}