{
  "question_id": "medmcqa_0001",
  "method": "next_sentence_attn_oracle",
  "prefix_length": 35,
  "keep_m": 3,
  "kl_to_baseline": 0.17396652826473452,
  "token_kl": 0.08836859840447384,
  "selected_indices": [
    23,
    28,
    29
  ],
  "distribution": {
    "A": 0.81281053846873,
    "B": 0.035712401080637855,
    "C": 0.010231774216997783,
    "D": 0.14124528623363444
  }
}