{
  "question_id": "medmcqa_0001",
  "method": "next_sentence_attn_oracle",
  "prefix_length": 75,
  "keep_m": 10,
  "kl_to_baseline": 0.004617512388758398,
  "token_kl": 0.10348052590178634,
  "selected_indices": [
    0,
    8,
    9,
    28,
    46,
    60,
    61,
    63,
    64,
    66
  ],
  "distribution": {
    "A": 0.982520734893309,
    "B": 0.008500468282373818,
    "C": 0.0014771598946035302,
    "D": 0.00750163692971349
  }
}