{
  "question_id": "medmcqa_0001",
  "method": "next_sentence_attn_oracle",
  "prefix_length": 70,
  "keep_m": 10,
  "kl_to_baseline": 0.19525718204725462,
  "token_kl": 0.07396491917738263,
  "selected_indices": [
    0,
    22,
    26,
    34,
    45,
    50,
    52,
    53,
    59,
    61
  ],
  "distribution": {
    "A": 0.795430049384374,
    "B": 0.09500056901528152,
    "C": 0.01456881258506302,
    "D": 0.09500056901528152
  }
}