{
  "question_id": "medmcqa_0001",
  "method": "next_sentence_attn_oracle",
  "prefix_length": 58,
  "keep_m": 5,
  "kl_to_baseline": 0.015035997234904695,
  "token_kl": 0.061372437671904805,
  "selected_indices": [
    0,
    6,
    43,
    44,
    52
  ],
  "distribution": {
    "A": 0.9989212266320425,
    "B": 0.0005524876222684004,
    "C": 9.600795282913989e-05,
    "D": 0.00043027779285988876
  }
}