{
  "question_id": "medmcqa_0001",
  "method": "next_sentence_attn_oracle",
  "prefix_length": 27,
  "keep_m": 3,
  "kl_to_baseline": 0.8609150679239539,
  "token_kl": 0.06018165891758209,
  "selected_indices": [
    0,
    15,
    19
  ],
  "distribution": {
    "A": 0.4165968692619005,
    "B": 0.030178174191802486,
    "C": 0.01830398790147673,
    "D": 0.5349209686448203
  }
}