{
  "question_id": "medmcqa_0001",
  "method": "next_sentence_attn_oracle",
  "prefix_length": 55,
  "keep_m": 3,
  "kl_to_baseline": 1.9735769837358643,
  "token_kl": 0.8101755683095545,
  "selected_indices": [
    30,
    41,
    48
  ],
  "distribution": {
    "A": 0.1319625334979342,
    "B": 0.005116741479923099,
    "C": 0.002416977534138232,
    "D": 0.8605037474880044
  }
}