{
  "question_id": "medmcqa_0001",
  "method": "next_sentence_attn_oracle",
  "prefix_length": 74,
  "keep_m": 3,
  "kl_to_baseline": 0.002270877953507725,
  "token_kl": 0.09382975197734851,
  "selected_indices": [
    44,
    59,
    60
  ],
  "distribution": {
    "A": 0.9956995683078401,
    "B": 0.002178084325153242,
    "C": 0.0008012724443616527,
    "D": 0.0013210749226449418
  }
}