{
  "question_id": "medmcqa_0001",
  "method": "next_sentence_attn_oracle",
  "prefix_length": 91,
  "keep_m": 20,
  "kl_to_baseline": 0.016305524631054266,
  "token_kl": 0.08022262809297714,
  "selected_indices": [
    0,
    4,
    5,
    6,
    32,
    41,
    42,
    43,
    56,
    57,
    58,
    67,
    68,
    69,
    72,
    73,
    79,
    83,
    84,
    85
  ],
  "distribution": {
    "A": 0.9637862087427681,
    "B": 0.015578152762930645,
    "C": 0.005057485731370727,
    "D": 0.015578152762930645
  }
}