{
  "question_id": "medmcqa_0001",
  "method": "next_sentence_attn_oracle",
  "prefix_length": 18,
  "keep_m": 3,
  "kl_to_baseline": 0.777390688229523,
  "token_kl": 0.127157687207308,
  "selected_indices": [
    1,
    9,
    10
  ],
  "distribution": {
    "A": 0.45548947810057444,
    "B": 0.516137197497882,
    "C": 0.017661240530958078,
    "D": 0.010712083870585504
  }
}