{
  "question_id": "medmcqa_0001",
  "method": "next_sentence_attn_oracle",
  "prefix_length": 29,
  "keep_m": 20,
  "kl_to_baseline": 0.009919804134292429,
  "token_kl": 0.0512326915992493,
  "selected_indices": [
    0,
    1,
    2,
    3,
    4,
    7,
    8,
    9,
    10,
    11,
    13,
    14,
    15,
    16,
    17,
    18,
    19,
    20,
    22,
    23
  ],
  "distribution": {
    "A": 0.9764516584686848,
    "B": 0.005123947471079814,
    "C": 0.0005400600901475383,
    "D": 0.017884333970087842
  }
}