{
  "question_id": "starfish",
  "method": "next_sentence_attn_oracle",
  "prefix_length": 91,
  "keep_m": 15,
  "kl_to_baseline": 3.095373614520725,
  "token_kl": 0.27184532141514145,
  "selected_indices": [
    0,
    14,
    18,
    44,
    45,
    51,
    58,
    64,
    70,
    71,
    75,
    76,
    80,
    84,
    85
  ],
  "distribution": {
    "A": 0.06211799315958225,
    "B": 0.03767646737110627,
    "C": 0.8575125087507197,
    "D": 0.042693030718591825
  }
}