{
  "question_id": "starfish",
  "method": "next_sentence_attn_oracle",
  "prefix_length": 65,
  "keep_m": 3,
  "kl_to_baseline": 0.16469541169929702,
  "token_kl": 0.5670568100867899,
  "selected_indices": [
    41,
    53,
    55
  ],
  "distribution": {
    "A": 0.37480846975763354,
    "B": 0.1770469847975482,
    "C": 0.15624341569577824,
    "D": 0.29190112974904
  }
}