{
  "question_id": "starfish",
  "method": "next_sentence_attn_oracle",
  "prefix_length": 58,
  "keep_m": 20,
  "kl_to_baseline": 0.047057228502306,
  "token_kl": 0.14163170554684146,
  "selected_indices": [
    0,
    14,
    18,
    20,
    29,
    33,
    36,
    37,
    38,
    39,
    42,
    44,
    45,
    46,
    47,
    48,
    49,
    50,
    51,
    52
  ],
  "distribution": {
    "A": 0.3908304748611699,
    "B": 0.1629223811025378,
    "C": 0.23705066575334718,
    "D": 0.20919647828294513
  }
}