{
  "question_id": "starfish",
  "method": "next_sentence_attn_oracle",
  "prefix_length": 41,
  "keep_m": 5,
  "kl_to_baseline": 0.18354251697684568,
  "token_kl": 0.21612327296357686,
  "selected_indices": [
    16,
    17,
    24,
    31,
    33
  ],
  "distribution": {
    "A": 0.3395893495876965,
    "B": 0.16041065041230348,
    "C": 0.16041065041230348,
    "D": 0.3395893495876965
  }
}