{
  "question_id": "starfish",
  "method": "next_sentence_attn_oracle",
  "prefix_length": 43,
  "keep_m": 10,
  "kl_to_baseline": 0.10962238567979668,
  "token_kl": 0.2335908577847079,
  "selected_indices": [
    0,
    1,
    3,
    10,
    11,
    15,
    21,
    24,
    31,
    33
  ],
  "distribution": {
    "A": 0.4443286804092995,
    "B": 0.18522377319690017,
    "C": 0.18522377319690017,
    "D": 0.18522377319690017
  }
}