{
  "question_id": "starfish",
  "method": "next_sentence_attn_oracle",
  "prefix_length": 51,
  "keep_m": 10,
  "kl_to_baseline": 0.13487364788075806,
  "token_kl": 0.15922595705671766,
  "selected_indices": [
    0,
    14,
    18,
    33,
    36,
    38,
    41,
    42,
    44,
    45
  ],
  "distribution": {
    "A": 0.5589294450415401,
    "B": 0.23299645731780425,
    "C": 0.14131949496767424,
    "D": 0.06675460267298146
  }
}