{
  "question_id": "starfish",
  "method": "next_sentence_attn_oracle",
  "prefix_length": 69,
  "keep_m": 15,
  "kl_to_baseline": 0.0170985882389154,
  "token_kl": 0.08370390188504225,
  "selected_indices": [
    0,
    19,
    20,
    43,
    45,
    49,
    53,
    54,
    55,
    56,
    58,
    59,
    60,
    62,
    63
  ],
  "distribution": {
    "A": 0.2709476379584622,
    "B": 0.21101423261339788,
    "C": 0.30702389681474196,
    "D": 0.21101423261339788
  }
}