{
  "question_id": "starfish",
  "method": "next_sentence_attn_oracle",
  "prefix_length": 68,
  "keep_m": 10,
  "kl_to_baseline": 0.06455397962183515,
  "token_kl": 0.08450399088500046,
  "selected_indices": [
    0,
    18,
    19,
    45,
    53,
    54,
    55,
    56,
    57,
    59
  ],
  "distribution": {
    "A": 0.37480846975763354,
    "B": 0.15624341569577824,
    "C": 0.29190112974904,
    "D": 0.1770469847975482
  }
}