{
  "question_id": "starfish",
  "method": "next_sentence_attn_oracle",
  "prefix_length": 33,
  "keep_m": 3,
  "kl_to_baseline": 0.11601689829514363,
  "token_kl": 0.1318592134108717,
  "selected_indices": [
    21,
    23,
    26
  ],
  "distribution": {
    "A": 0.5037750996054124,
    "B": 0.09919920470219466,
    "C": 0.12737430015282805,
    "D": 0.26965139553956485
  }
}