{
  "question_id": "starfish",
  "method": "next_sentence_attn_oracle",
  "prefix_length": 30,
  "keep_m": 5,
  "kl_to_baseline": 0.040113149886130475,
  "token_kl": 0.07899322336506259,
  "selected_indices": [
    0,
    15,
    21,
    23,
    24
  ],
  "distribution": {
    "A": 0.31283638571410965,
    "B": 0.16744925071005218,
    "C": 0.24363722216737665,
    "D": 0.27607714140846157
  }
}