{
  "question_id": "starfish",
  "method": "next_sentence_attn_oracle",
  "prefix_length": 16,
  "keep_m": 3,
  "kl_to_baseline": 0.12620394390153253,
  "token_kl": 0.21341564223052054,
  "selected_indices": [
    0,
    1,
    9
  ],
  "distribution": {
    "A": 0.20483434361148226,
    "B": 0.1807656737800818,
    "C": 0.1807656737800818,
    "D": 0.43363430882835424
  }
}