{
  "question_id": "starfish",
  "method": "next_sentence_attn_oracle",
  "prefix_length": 81,
  "keep_m": 20,
  "kl_to_baseline": 0.017335595553086003,
  "token_kl": 0.0829671891763121,
  "selected_indices": [
    0,
    12,
    20,
    24,
    41,
    42,
    55,
    59,
    60,
    64,
    65,
    66,
    67,
    69,
    70,
    71,
    72,
    73,
    74,
    75
  ],
  "distribution": {
    "A": 0.005187008218958355,
    "B": 0.9884686055874958,
    "C": 0.005187008218958355,
    "D": 0.0011573779745873993
  }
}