{
  "question_id": "starfish",
  "method": "next_sentence_attn_oracle",
  "prefix_length": 59,
  "keep_m": 3,
  "kl_to_baseline": 0.12975813236577272,
  "token_kl": 0.26845770220112325,
  "selected_indices": [
    42,
    52,
    53
  ],
  "distribution": {
    "A": 0.4087009733881603,
    "B": 0.19305666990126247,
    "C": 0.15035268569626095,
    "D": 0.2478896710143163
  }
}