{
  "question_id": "starfish",
  "method": "next_sentence_attn_oracle",
  "prefix_length": 93,
  "keep_m": 5,
  "kl_to_baseline": 3.491851018576881,
  "token_kl": 0.500583683631408,
  "selected_indices": [
    0,
    69,
    70,
    84,
    87
  ],
  "distribution": {
    "A": 0.010580418223967858,
    "B": 0.028760558595708748,
    "C": 0.9524189851822744,
    "D": 0.00824003799804913
  }
}