{
  "question_id": "waffle",
  "method": "next_sentence_attn_oracle",
  "prefix_length": 184,
  "keep_m": 3,
  "kl_to_baseline": 0.45742536464779926,
  "token_kl": 1.1579066373226976,
  "selected_indices": [
    173,
    174,
    178
  ],
  "distribution": {
    "A": 0.3436615088034303,
    "B": 0.23619487053372698,
    "C": 0.23619487053372698,
    "D": 0.18394875012911566
  }
}