{
  "question_id": "waffle",
  "method": "next_sentence_attn_oracle",
  "prefix_length": 65,
  "keep_m": 5,
  "kl_to_baseline": 0.08496398007157661,
  "token_kl": 0.34808831101382404,
  "selected_indices": [
    0,
    49,
    50,
    56,
    57
  ],
  "distribution": {
    "A": 0.4288648832495037,
    "B": 0.2601196850605611,
    "C": 0.20258141441745223,
    "D": 0.10843401727248304
  }
}