{
  "question_id": "waffle",
  "method": "next_sentence_attn_oracle",
  "prefix_length": 269,
  "keep_m": 20,
  "kl_to_baseline": 1.2152934317928945,
  "token_kl": 0.14502534860682287,
  "selected_indices": [
    0,
    102,
    152,
    153,
    157,
    158,
    170,
    173,
    215,
    217,
    235,
    236,
    239,
    246,
    256,
    257,
    259,
    261,
    262,
    263
  ],
  "distribution": {
    "A": 0.7805117470863531,
    "B": 0.11969535666370443,
    "C": 0.04989644812497124,
    "D": 0.04989644812497124
  }
}