{
  "question_id": "waffle",
  "method": "next_sentence_attn_oracle",
  "prefix_length": 147,
  "keep_m": 5,
  "kl_to_baseline": 0.40098977251724627,
  "token_kl": 0.3081844916365767,
  "selected_indices": [
    81,
    101,
    138,
    139,
    141
  ],
  "distribution": {
    "A": 0.2617501108999154,
    "B": 0.2617501108999154,
    "C": 0.17989804494385983,
    "D": 0.29660173325630934
  }
}