{
  "question_id": "waffle",
  "method": "next_sentence_attn_oracle",
  "prefix_length": 152,
  "keep_m": 10,
  "kl_to_baseline": 0.20110699576441166,
  "token_kl": 0.31132410903235397,
  "selected_indices": [
    0,
    102,
    112,
    114,
    135,
    138,
    139,
    140,
    141,
    146
  ],
  "distribution": {
    "A": 0.438995969488955,
    "B": 0.3017172232622075,
    "C": 0.1830007464718906,
    "D": 0.076286060776947
  }
}