{
  "question_id": "waffle",
  "method": "next_sentence_attn_oracle",
  "prefix_length": 117,
  "keep_m": 15,
  "kl_to_baseline": 0.19821409746919155,
  "token_kl": 0.42418584374550655,
  "selected_indices": [
    0,
    30,
    75,
    85,
    86,
    91,
    101,
    103,
    105,
    106,
    107,
    108,
    109,
    110,
    111
  ],
  "distribution": {
    "A": 0.4077116247180907,
    "B": 0.3598042674074529,
    "C": 0.16995950145676475,
    "D": 0.06252460641769156
  }
}