{
  "question_id": "waffle",
  "method": "next_sentence_attn_oracle",
  "prefix_length": 270,
  "keep_m": 3,
  "kl_to_baseline": 0.4510067305527815,
  "token_kl": 0.2669117197304514,
  "selected_indices": [
    156,
    260,
    264
  ],
  "distribution": {
    "A": 0.7019277180826542,
    "B": 0.1566212394807278,
    "C": 0.08383330838086922,
    "D": 0.05761773405574878
  }
}