{
  "question_id": "waffle",
  "method": "next_sentence_attn_oracle",
  "prefix_length": 286,
  "keep_m": 15,
  "kl_to_baseline": 0.651088296491986,
  "token_kl": 0.920628468115966,
  "selected_indices": [
    138,
    147,
    153,
    212,
    218,
    223,
    235,
    248,
    267,
    268,
    272,
    273,
    275,
    276,
    277
  ],
  "distribution": {
    "A": 0.24921540878794646,
    "B": 0.3626062801770275,
    "C": 0.194089155517513,
    "D": 0.194089155517513
  }
}