{
  "question_id": "waffle",
  "method": "next_sentence_attn_oracle",
  "prefix_length": 194,
  "keep_m": 20,
  "kl_to_baseline": 0.515154143049968,
  "token_kl": 0.1952132165704567,
  "selected_indices": [
    0,
    59,
    86,
    103,
    105,
    134,
    170,
    173,
    174,
    175,
    176,
    177,
    180,
    182,
    183,
    184,
    185,
    186,
    187,
    188
  ],
  "distribution": {
    "A": 0.4287708412923183,
    "B": 0.37838893935906204,
    "C": 0.10841023974345684,
    "D": 0.08442997960516292
  }
}