{
  "question_id": "waffle",
  "method": "next_sentence_attn_oracle",
  "prefix_length": 149,
  "keep_m": 20,
  "kl_to_baseline": 0.02952653548409816,
  "token_kl": 0.14562535127216486,
  "selected_indices": [
    0,
    33,
    37,
    44,
    69,
    71,
    76,
    77,
    89,
    92,
    93,
    96,
    135,
    136,
    137,
    138,
    140,
    141,
    142,
    143
  ],
  "distribution": {
    "A": 0.6612446783073705,
    "B": 0.18944976658729187,
    "C": 0.1014051526961031,
    "D": 0.04790040240923444
  }
}