{
  "question_id": "waffle",
  "method": "next_sentence_attn_oracle",
  "prefix_length": 65,
  "keep_m": 15,
  "kl_to_baseline": 0.014577397638241354,
  "token_kl": 0.1117384676365601,
  "selected_indices": [
    0,
    27,
    32,
    39,
    42,
    43,
    46,
    47,
    49,
    50,
    51,
    52,
    56,
    57,
    58
  ],
  "distribution": {
    "A": 0.5574087572521497,
    "B": 0.2983594076757807,
    "C": 0.08548139129729966,
    "D": 0.05875044377476996
  }
}