{
  "question_id": "waffle",
  "method": "next_sentence_attn_oracle",
  "prefix_length": 252,
  "keep_m": 15,
  "kl_to_baseline": 1.9473377076414817,
  "token_kl": 0.17978606237400843,
  "selected_indices": [
    0,
    19,
    28,
    42,
    56,
    57,
    63,
    64,
    235,
    241,
    242,
    243,
    244,
    245,
    246
  ],
  "distribution": {
    "A": 0.8244813673137902,
    "B": 0.11158141271795084,
    "C": 0.03196860998412954,
    "D": 0.03196860998412954
  }
}