{
  "question_id": "waffle",
  "method": "next_sentence_attn_oracle",
  "prefix_length": 285,
  "keep_m": 3,
  "kl_to_baseline": 0.41597395664569675,
  "token_kl": 0.6282038533015916,
  "selected_indices": [
    221,
    278,
    279
  ],
  "distribution": {
    "A": 0.36029123724508655,
    "B": 0.3179559008971605,
    "C": 0.21852768181494325,
    "D": 0.10322518004280971
  }
}