{
  "question_id": "waffle",
  "method": "next_sentence_attn_oracle",
  "prefix_length": 63,
  "keep_m": 20,
  "kl_to_baseline": 0.007638204866128659,
  "token_kl": 0.05267859563347856,
  "selected_indices": [
    0,
    15,
    17,
    19,
    20,
    24,
    25,
    28,
    29,
    32,
    42,
    46,
    47,
    48,
    49,
    50,
    52,
    55,
    56,
    57
  ],
  "distribution": {
    "A": 0.5042824349916956,
    "B": 0.3058627397461658,
    "C": 0.11252061377298576,
    "D": 0.07733421148915293
  }
}