{
  "question_id": "waffle",
  "method": "next_sentence_attn_oracle",
  "prefix_length": 69,
  "keep_m": 5,
  "kl_to_baseline": 0.12813774278352918,
  "token_kl": 0.15592715522818082,
  "selected_indices": [
    0,
    40,
    53,
    54,
    55
  ],
  "distribution": {
    "A": 0.5847717370926852,
    "B": 0.24376912737536643,
    "C": 0.10161810288678395,
    "D": 0.06984103264516456
  }
}