{
  "question_id": "waffle",
  "method": "next_sentence_attn_oracle",
  "prefix_length": 192,
  "keep_m": 20,
  "kl_to_baseline": 0.44245314917227957,
  "token_kl": 0.6162521519341505,
  "selected_indices": [
    0,
    4,
    57,
    83,
    84,
    105,
    108,
    109,
    125,
    130,
    158,
    164,
    169,
    170,
    172,
    173,
    174,
    181,
    183,
    186
  ],
  "distribution": {
    "A": 0.4699038830231002,
    "B": 0.2850111121715291,
    "C": 0.15255545504471885,
    "D": 0.09252954976065175
  }
}