{
  "question_id": "waffle",
  "method": "next_sentence_attn_oracle",
  "prefix_length": 67,
  "keep_m": 15,
  "kl_to_baseline": 0.04158990340779712,
  "token_kl": 0.05549937176631206,
  "selected_indices": [
    0,
    16,
    19,
    30,
    31,
    32,
    38,
    39,
    40,
    42,
    44,
    48,
    51,
    53,
    60
  ],
  "distribution": {
    "A": 0.5421903656823702,
    "B": 0.2902135896643792,
    "C": 0.09421855794546437,
    "D": 0.07337748670778618
  }
}