{
  "question_id": "waffle",
  "method": "next_sentence_attn_oracle",
  "prefix_length": 177,
  "keep_m": 10,
  "kl_to_baseline": 1.1280543191641024,
  "token_kl": 0.1329537486189438,
  "selected_indices": [
    27,
    41,
    80,
    93,
    94,
    100,
    118,
    119,
    138,
    150
  ],
  "distribution": {
    "A": 0.6539543620562659,
    "B": 0.12877126429031938,
    "C": 0.12877126429031938,
    "D": 0.08850310936309527
  }
}