{
  "question_id": "waffle",
  "method": "next_sentence_attn_oracle",
  "prefix_length": 125,
  "keep_m": 15,
  "kl_to_baseline": 0.4768930163317621,
  "token_kl": 0.1958774983126119,
  "selected_indices": [
    0,
    28,
    30,
    50,
    55,
    57,
    84,
    105,
    106,
    108,
    109,
    112,
    113,
    114,
    115
  ],
  "distribution": {
    "A": 0.3118033719615943,
    "B": 0.2751655099715395,
    "C": 0.3118033719615943,
    "D": 0.10122774610527185
  }
}