{
  "question_id": "waffle",
  "method": "next_sentence_attn_oracle",
  "prefix_length": 279,
  "keep_m": 3,
  "kl_to_baseline": 0.8785195759791982,
  "token_kl": 0.4766400914893187,
  "selected_indices": [
    198,
    270,
    272
  ],
  "distribution": {
    "A": 0.027472924717101197,
    "B": 0.03527593360750682,
    "C": 0.9097782169582908,
    "D": 0.027472924717101197
  }
}