{
  "question_id": "waffle",
  "method": "next_sentence_attn_oracle",
  "prefix_length": 120,
  "keep_m": 15,
  "kl_to_baseline": 0.06114270008383015,
  "token_kl": 0.5818890013163827,
  "selected_indices": [
    0,
    28,
    83,
    84,
    94,
    95,
    102,
    103,
    105,
    106,
    108,
    109,
    112,
    113,
    114
  ],
  "distribution": {
    "A": 0.613546759238362,
    "B": 0.19918946922645359,
    "C": 0.13690078664740585,
    "D": 0.05036298488777852
  }
}