{
  "question_id": "waffle",
  "method": "next_sentence_attn_oracle",
  "prefix_length": 83,
  "keep_m": 5,
  "kl_to_baseline": 0.057708801878386784,
  "token_kl": 0.3318343692432459,
  "selected_indices": [
    0,
    57,
    58,
    64,
    75
  ],
  "distribution": {
    "A": 0.469976697694034,
    "B": 0.2850552765019273,
    "C": 0.1728947649112811,
    "D": 0.07207326089275755
  }
}