{
  "question_id": "waffle",
  "method": "next_sentence_attn_oracle",
  "prefix_length": 290,
  "keep_m": 3,
  "kl_to_baseline": 0.41813907342705375,
  "token_kl": 0.27103256367144773,
  "selected_indices": [
    133,
    186,
    255
  ],
  "distribution": {
    "A": 0.5113041766113304,
    "B": 0.24152297691208546,
    "C": 0.14649109052224632,
    "D": 0.1006817559543377
  }
}