{
  "question_id": "waffle",
  "method": "next_sentence_attn_oracle",
  "prefix_length": 215,
  "keep_m": 15,
  "kl_to_baseline": 1.2774492674898081,
  "token_kl": 0.3747124548236442,
  "selected_indices": [
    0,
    80,
    152,
    157,
    158,
    196,
    197,
    198,
    199,
    200,
    203,
    204,
    205,
    208,
    209
  ],
  "distribution": {
    "A": 0.8182401946668383,
    "B": 0.09772484937934386,
    "C": 0.052308342480590755,
    "D": 0.03172661347322708
  }
}