{
  "question_id": "waffle",
  "method": "next_sentence_attn_oracle",
  "prefix_length": 56,
  "keep_m": 15,
  "kl_to_baseline": 0.03765144894396755,
  "token_kl": 0.16779979104864898,
  "selected_indices": [
    0,
    2,
    24,
    28,
    29,
    30,
    41,
    42,
    43,
    44,
    46,
    47,
    48,
    49,
    50
  ],
  "distribution": {
    "A": 0.509716493481596,
    "B": 0.2728315621786208,
    "C": 0.12887650450526092,
    "D": 0.08857543983452226
  }
}