{
  "question_id": "waffle",
  "method": "next_sentence_attn_oracle",
  "prefix_length": 270,
  "keep_m": 5,
  "kl_to_baseline": 0.45855817874606347,
  "token_kl": 0.13790142207856573,
  "selected_indices": [
    150,
    156,
    217,
    260,
    264
  ],
  "distribution": {
    "A": 0.6525594096079249,
    "B": 0.2118550287408926,
    "C": 0.08831431515997694,
    "D": 0.047271246491205565
  }
}