{
  "question_id": "waffle",
  "method": "next_sentence_attn_oracle",
  "prefix_length": 212,
  "keep_m": 10,
  "kl_to_baseline": 1.279022318732128,
  "token_kl": 0.40634725475249933,
  "selected_indices": [
    147,
    148,
    151,
    153,
    199,
    200,
    203,
    204,
    205,
    206
  ],
  "distribution": {
    "A": 0.6267179669699429,
    "B": 0.1795577038153548,
    "C": 0.10890726553436976,
    "D": 0.0848170636803326
  }
}