{
  "question_id": "waffle",
  "method": "next_sentence_attn_oracle",
  "prefix_length": 219,
  "keep_m": 10,
  "kl_to_baseline": 1.9307533872964655,
  "token_kl": 0.6390406442726668,
  "selected_indices": [
    0,
    103,
    161,
    203,
    204,
    205,
    206,
    209,
    212,
    213
  ],
  "distribution": {
    "A": 0.2517696328762999,
    "B": 0.6039639520781223,
    "C": 0.07213320752278894,
    "D": 0.07213320752278894
  }
}