{
  "question_id": "waffle",
  "method": "next_sentence_attn_oracle",
  "prefix_length": 304,
  "keep_m": 10,
  "kl_to_baseline": 0.47577829930410426,
  "token_kl": 0.38151990100660277,
  "selected_indices": [
    0,
    4,
    171,
    172,
    201,
    202,
    237,
    238,
    274,
    275
  ],
  "distribution": {
    "A": 0.0007087288056568733,
    "B": 0.0010311943275233622,
    "C": 0.9979646346046114,
    "D": 0.0002954422622082764
  }
}