{
  "question_id": "waffle",
  "method": "next_sentence_attn_oracle",
  "prefix_length": 284,
  "keep_m": 15,
  "kl_to_baseline": 0.8110915962660814,
  "token_kl": 0.18350598900829607,
  "selected_indices": [
    0,
    87,
    127,
    137,
    162,
    206,
    220,
    221,
    247,
    267,
    273,
    275,
    276,
    277,
    278
  ],
  "distribution": {
    "A": 0.34611314921428016,
    "B": 0.34611314921428016,
    "C": 0.14428142641875377,
    "D": 0.16349227515268594
  }
}