{
  "question_id": "waffle",
  "method": "next_sentence_attn_oracle",
  "prefix_length": 258,
  "keep_m": 5,
  "kl_to_baseline": 0.28458300761048316,
  "token_kl": 0.41299399172456114,
  "selected_indices": [
    0,
    86,
    116,
    241,
    242
  ],
  "distribution": {
    "A": 0.4597164964856666,
    "B": 0.24606852328948978,
    "C": 0.19163835862707884,
    "D": 0.10257662159776477
  }
}