{
  "question_id": "waffle",
  "method": "next_sentence_attn_oracle",
  "prefix_length": 293,
  "keep_m": 10,
  "kl_to_baseline": 0.5127156152528705,
  "token_kl": 0.722640945630134,
  "selected_indices": [
    0,
    85,
    122,
    241,
    258,
    259,
    264,
    278,
    279,
    287
  ],
  "distribution": {
    "A": 0.7848510873258958,
    "B": 0.1363866847245494,
    "C": 0.04427827371065031,
    "D": 0.03448395423890446
  }
}