{
  "question_id": "waffle",
  "method": "next_sentence_attn_oracle",
  "prefix_length": 135,
  "keep_m": 3,
  "kl_to_baseline": 0.47515788583073815,
  "token_kl": 0.38281066820898074,
  "selected_indices": [
    65,
    105,
    114
  ],
  "distribution": {
    "A": 0.40452572836464384,
    "B": 0.27802617952847664,
    "C": 0.16863140208678998,
    "D": 0.14881669002008963
  }
}