{
  "question_id": "waffle",
  "method": "next_sentence_attn_oracle",
  "prefix_length": 175,
  "keep_m": 3,
  "kl_to_baseline": 0.3480569659883726,
  "token_kl": 0.3845422759094241,
  "selected_indices": [
    0,
    118,
    160
  ],
  "distribution": {
    "A": 0.017890712834831547,
    "B": 0.004523480601817599,
    "C": 0.9767997435010515,
    "D": 0.0007860630622994368
  }
}