{
  "question_id": "waffle",
  "method": "next_sentence_attn_oracle",
  "prefix_length": 151,
  "keep_m": 10,
  "kl_to_baseline": 0.15075960801444913,
  "token_kl": 0.24188771625062047,
  "selected_indices": [
    0,
    80,
    81,
    82,
    100,
    101,
    114,
    135,
    138,
    141
  ],
  "distribution": {
    "A": 0.48075343886434657,
    "B": 0.22709183109901124,
    "C": 0.22709183109901124,
    "D": 0.06506289893763081
  }
}