{
  "question_id": "waffle",
  "method": "next_sentence_attn_oracle",
  "prefix_length": 235,
  "keep_m": 3,
  "kl_to_baseline": 0.9093212300718156,
  "token_kl": 0.8036814583739482,
  "selected_indices": [
    183,
    199,
    218
  ],
  "distribution": {
    "A": 0.32479161563275305,
    "B": 0.19699607289886575,
    "C": 0.1534206958356282,
    "D": 0.32479161563275305
  }
}