{
  "question_id": "waffle",
  "method": "next_sentence_attn_oracle",
  "prefix_length": 128,
  "keep_m": 10,
  "kl_to_baseline": 0.08031600869969935,
  "token_kl": 0.11728416296798155,
  "selected_indices": [
    0,
    40,
    54,
    55,
    68,
    69,
    70,
    89,
    93,
    121
  ],
  "distribution": {
    "A": 0.6235091617850893,
    "B": 0.20242379985946404,
    "C": 0.10834965227901891,
    "D": 0.06571738607642777
  }
}