{
  "question_id": "waffle",
  "method": "next_sentence_attn_oracle",
  "prefix_length": 55,
  "keep_m": 20,
  "kl_to_baseline": 0.030242496591202785,
  "token_kl": 0.05361500469431412,
  "selected_indices": [
    0,
    4,
    10,
    12,
    14,
    23,
    24,
    27,
    28,
    29,
    30,
    34,
    39,
    41,
    42,
    43,
    46,
    47,
    48,
    49
  ],
  "distribution": {
    "A": 0.45279115907767636,
    "B": 0.3111985091654246,
    "C": 0.16657255856886524,
    "D": 0.06943777318803379
  }
}