{
  "question_id": "waffle",
  "method": "next_sentence_attn_oracle",
  "prefix_length": 246,
  "keep_m": 5,
  "kl_to_baseline": 1.0331028817971324,
  "token_kl": 0.28380782446632774,
  "selected_indices": [
    0,
    27,
    28,
    29,
    95
  ],
  "distribution": {
    "A": 0.5682517316796698,
    "B": 0.20904812949502133,
    "C": 0.16280684695033507,
    "D": 0.059893291874973796
  }
}