{
  "question_id": "waffle",
  "method": "next_sentence_attn_oracle",
  "prefix_length": 97,
  "keep_m": 3,
  "kl_to_baseline": 0.14902762539194975,
  "token_kl": 0.46114915683834273,
  "selected_indices": [
    45,
    88,
    91
  ],
  "distribution": {
    "A": 0.6684857836861416,
    "B": 0.14915934886142715,
    "C": 0.10251562130390128,
    "D": 0.07983924614852991
  }
}