{
  "question_id": "waffle",
  "method": "next_sentence_attn_oracle",
  "prefix_length": 82,
  "keep_m": 10,
  "kl_to_baseline": 0.048483014242267086,
  "token_kl": 0.2768851526537148,
  "selected_indices": [
    0,
    24,
    52,
    57,
    58,
    64,
    71,
    72,
    73,
    75
  ],
  "distribution": {
    "A": 0.5421903804774335,
    "B": 0.290213580285528,
    "C": 0.09421855490059719,
    "D": 0.07337748433644126
  }
}