{
  "question_id": "waffle",
  "method": "next_sentence_attn_oracle",
  "prefix_length": 128,
  "keep_m": 3,
  "kl_to_baseline": 0.44251999353553223,
  "token_kl": 0.38879002644314664,
  "selected_indices": [
    54,
    69,
    70
  ],
  "distribution": {
    "A": 0.2925894411256113,
    "B": 0.2925894411256113,
    "C": 0.2582092755223098,
    "D": 0.1566118422264677
  }
}