{
  "question_id": "waffle",
  "method": "next_sentence_attn_oracle",
  "prefix_length": 65,
  "keep_m": 20,
  "kl_to_baseline": 0.04026883942798538,
  "token_kl": 0.10224057836307118,
  "selected_indices": [
    0,
    23,
    27,
    28,
    30,
    32,
    39,
    42,
    43,
    46,
    47,
    49,
    50,
    51,
    52,
    54,
    56,
    57,
    58,
    59
  ],
  "distribution": {
    "A": 0.5967953719857468,
    "B": 0.24878132410076512,
    "C": 0.09152153448408096,
    "D": 0.06290176942940709
  }
}