{
  "question_id": "waffle",
  "method": "next_sentence_attn_oracle",
  "prefix_length": 273,
  "keep_m": 10,
  "kl_to_baseline": 2.8097798064606394,
  "token_kl": 0.8986204138453354,
  "selected_indices": [
    170,
    171,
    199,
    200,
    201,
    218,
    235,
    236,
    262,
    267
  ],
  "distribution": {
    "A": 0.0019230225727112273,
    "B": 0.0014976514854914914,
    "C": 0.9961502416071792,
    "D": 0.00042908433461810166
  }
}