{
  "question_id": "waffle",
  "method": "next_sentence_attn_oracle",
  "prefix_length": 189,
  "keep_m": 5,
  "kl_to_baseline": 0.7032641168209477,
  "token_kl": 0.24288234575708273,
  "selected_indices": [
    0,
    105,
    161,
    173,
    174
  ],
  "distribution": {
    "A": 0.551338984902183,
    "B": 0.22983229647289466,
    "C": 0.12302036332988167,
    "D": 0.0958083552950406
  }
}