{
  "question_id": "waffle",
  "method": "next_sentence_attn_oracle",
  "prefix_length": 283,
  "keep_m": 5,
  "kl_to_baseline": 1.4952921730814952,
  "token_kl": 0.7836770119543516,
  "selected_indices": [
    75,
    272,
    275,
    276,
    277
  ],
  "distribution": {
    "A": 0.5937452201987418,
    "B": 0.21842665980492812,
    "C": 0.11691536595381732,
    "D": 0.07091275404251278
  }
}