{
  "question_id": "waffle",
  "method": "next_sentence_attn_oracle",
  "prefix_length": 67,
  "keep_m": 10,
  "kl_to_baseline": 0.10120962634574691,
  "token_kl": 0.07574213108488238,
  "selected_indices": [
    0,
    19,
    31,
    38,
    39,
    40,
    44,
    48,
    51,
    60
  ],
  "distribution": {
    "A": 0.6147665712849892,
    "B": 0.2261599826952055,
    "C": 0.09427751839553519,
    "D": 0.06479592762427
  }
}