{
  "question_id": "waffle",
  "method": "next_sentence_attn_oracle",
  "prefix_length": 268,
  "keep_m": 5,
  "kl_to_baseline": 1.1648366227342486,
  "token_kl": 0.7300470166660099,
  "selected_indices": [
    212,
    218,
    235,
    257,
    262
  ],
  "distribution": {
    "A": 0.6999425439761047,
    "B": 0.08359620816914133,
    "C": 0.039488052675077545,
    "D": 0.17697319517967644
  }
}