{
  "question_id": "waffle",
  "method": "next_sentence_attn_oracle",
  "prefix_length": 35,
  "keep_m": 3,
  "kl_to_baseline": 0.020212360547366873,
  "token_kl": 0.0842471233021328,
  "selected_indices": [
    0,
    15,
    25
  ],
  "distribution": {
    "A": 0.5682517357368942,
    "B": 0.20904813098759076,
    "C": 0.1628068481127493,
    "D": 0.0598932851627657
  }
}