{
  "question_id": "waffle",
  "method": "next_sentence_attn_oracle",
  "prefix_length": 133,
  "keep_m": 10,
  "kl_to_baseline": 0.17363625805275384,
  "token_kl": 0.250860452797836,
  "selected_indices": [
    0,
    15,
    60,
    61,
    62,
    63,
    104,
    105,
    124,
    125
  ],
  "distribution": {
    "A": 0.5221145668016819,
    "B": 0.2176497328205186,
    "C": 0.16950578235590194,
    "D": 0.09072991802189755
  }
}