{
  "question_id": "waffle",
  "method": "next_sentence_attn_oracle",
  "prefix_length": 131,
  "keep_m": 15,
  "kl_to_baseline": 0.036030632455177715,
  "token_kl": 0.1807958709864661,
  "selected_indices": [
    0,
    54,
    85,
    103,
    105,
    106,
    108,
    109,
    113,
    114,
    117,
    121,
    122,
    124,
    125
  ],
  "distribution": {
    "A": 0.6091268493727091,
    "B": 0.2539218335349929,
    "C": 0.07274982333531016,
    "D": 0.06420149375698773
  }
}