{
  "question_id": "waffle",
  "method": "next_sentence_attn_oracle",
  "prefix_length": 159,
  "keep_m": 5,
  "kl_to_baseline": 1.2444279840279364,
  "token_kl": 0.693867319300747,
  "selected_indices": [
    147,
    150,
    151,
    152,
    153
  ],
  "distribution": {
    "A": 0.13850010513965114,
    "B": 0.0840045601406217,
    "C": 0.07413376412708,
    "D": 0.7033615705926471
  }
}