{
  "question_id": "waffle",
  "method": "next_sentence_attn_oracle",
  "prefix_length": 190,
  "keep_m": 10,
  "kl_to_baseline": 0.40671100429813656,
  "token_kl": 0.23837349257819476,
  "selected_indices": [
    0,
    85,
    174,
    175,
    176,
    177,
    178,
    180,
    183,
    184
  ],
  "distribution": {
    "A": 0.44391741965264947,
    "B": 0.2692495414483742,
    "C": 0.2096917537216105,
    "D": 0.07714128517736579
  }
}