{
  "question_id": "waffle",
  "method": "next_sentence_attn_oracle",
  "prefix_length": 91,
  "keep_m": 20,
  "kl_to_baseline": 0.013178873176379075,
  "token_kl": 0.09137251793931427,
  "selected_indices": [
    0,
    32,
    46,
    47,
    65,
    68,
    69,
    70,
    71,
    73,
    75,
    77,
    78,
    79,
    80,
    81,
    82,
    83,
    84,
    85
  ],
  "distribution": {
    "A": 0.5325311007146738,
    "B": 0.2850433576993266,
    "C": 0.11882376395138042,
    "D": 0.06360177763461917
  }
}