{
  "question_id": "waffle",
  "method": "next_sentence_attn_oracle",
  "prefix_length": 80,
  "keep_m": 15,
  "kl_to_baseline": 0.06561589105548685,
  "token_kl": 0.07247936592728328,
  "selected_indices": [
    0,
    23,
    27,
    28,
    40,
    41,
    42,
    51,
    56,
    57,
    68,
    69,
    70,
    71,
    72
  ],
  "distribution": {
    "A": 0.6155220814582861,
    "B": 0.25658777803342053,
    "C": 0.08330186516290213,
    "D": 0.04458827534539129
  }
}