{
  "question_id": "waffle",
  "method": "next_sentence_attn_oracle",
  "prefix_length": 150,
  "keep_m": 20,
  "kl_to_baseline": 0.07720804605949619,
  "token_kl": 0.1337487411529775,
  "selected_indices": [
    0,
    27,
    40,
    41,
    51,
    69,
    80,
    93,
    94,
    100,
    128,
    135,
    136,
    137,
    138,
    139,
    140,
    141,
    143,
    144
  ],
  "distribution": {
    "A": 0.5251619729311726,
    "B": 0.21892008069443877,
    "C": 0.19319629312641193,
    "D": 0.06272165324797661
  }
}