{
  "question_id": "waffle",
  "method": "next_sentence_attn_oracle",
  "prefix_length": 200,
  "keep_m": 10,
  "kl_to_baseline": 1.0100240778116596,
  "token_kl": 0.18024022078371357,
  "selected_indices": [
    0,
    2,
    114,
    170,
    171,
    172,
    173,
    187,
    188,
    192
  ],
  "distribution": {
    "A": 0.010748791534077375,
    "B": 0.017721761236554827,
    "C": 0.9675751878065431,
    "D": 0.003954259422824715
  }
}