{
  "question_id": "waffle",
  "method": "next_sentence_attn_oracle",
  "prefix_length": 63,
  "keep_m": 15,
  "kl_to_baseline": 0.015263899004921101,
  "token_kl": 0.07509447146817776,
  "selected_indices": [
    0,
    15,
    17,
    20,
    25,
    28,
    32,
    42,
    46,
    47,
    49,
    50,
    52,
    56,
    57
  ],
  "distribution": {
    "A": 0.574991897631964,
    "B": 0.27160692434939054,
    "C": 0.09991860354794802,
    "D": 0.05348257447069729
  }
}