{
  "question_id": "waffle",
  "method": "next_sentence_attn_oracle",
  "prefix_length": 247,
  "keep_m": 5,
  "kl_to_baseline": 1.2312427590429893,
  "token_kl": 0.12154587949662415,
  "selected_indices": [
    0,
    68,
    137,
    138,
    206
  ],
  "distribution": {
    "A": 0.7346145266466254,
    "B": 0.12765685179795375,
    "C": 0.07742779453785076,
    "D": 0.06030082701757001
  }
}