{
  "question_id": "waffle",
  "method": "next_sentence_attn_oracle",
  "prefix_length": 183,
  "keep_m": 15,
  "kl_to_baseline": 0.3816020077837342,
  "token_kl": 0.4503807536020887,
  "selected_indices": [
    0,
    4,
    30,
    84,
    106,
    108,
    109,
    125,
    153,
    158,
    169,
    170,
    172,
    173,
    174
  ],
  "distribution": {
    "A": 0.34040633907578005,
    "B": 0.30040753985453744,
    "C": 0.23395762727926803,
    "D": 0.12522849379041448
  }
}