{
  "question_id": "waffle",
  "method": "next_sentence_attn_oracle",
  "prefix_length": 237,
  "keep_m": 10,
  "kl_to_baseline": 0.7946887886460773,
  "token_kl": 0.20071232261879338,
  "selected_indices": [
    0,
    2,
    171,
    172,
    199,
    200,
    201,
    202,
    203,
    218
  ],
  "distribution": {
    "A": 0.00023027468267068182,
    "B": 0.0008037372336895048,
    "C": 0.9987627713894394,
    "D": 0.00020321669420052732
  }
}