{
  "question_id": "waffle",
  "method": "next_sentence_attn_oracle",
  "prefix_length": 105,
  "keep_m": 5,
  "kl_to_baseline": 0.06336281407486222,
  "token_kl": 0.09916966226467093,
  "selected_indices": [
    0,
    63,
    64,
    82,
    85
  ],
  "distribution": {
    "A": 0.6162767284298438,
    "B": 0.2267155317050862,
    "C": 0.08340398310855353,
    "D": 0.0736037567565164
  }
}