{
  "question_id": "waffle",
  "method": "next_sentence_attn_oracle",
  "prefix_length": 93,
  "keep_m": 15,
  "kl_to_baseline": 0.07338414849625167,
  "token_kl": 0.10083226462361652,
  "selected_indices": [
    0,
    23,
    27,
    40,
    41,
    68,
    69,
    70,
    79,
    80,
    81,
    82,
    85,
    86,
    87
  ],
  "distribution": {
    "A": 0.6052162289085941,
    "B": 0.25229167456280216,
    "C": 0.09281292025037105,
    "D": 0.04967917627823273
  }
}