{
  "question_id": "waffle",
  "method": "next_sentence_attn_oracle",
  "prefix_length": 248,
  "keep_m": 20,
  "kl_to_baseline": 1.340020062061359,
  "token_kl": 0.9334788436386068,
  "selected_indices": [
    0,
    54,
    55,
    69,
    70,
    128,
    129,
    130,
    138,
    139,
    163,
    164,
    207,
    208,
    217,
    222,
    223,
    234,
    235,
    242
  ],
  "distribution": {
    "A": 0.5658897652936591,
    "B": 0.2358979504757118,
    "C": 0.1114302883813563,
    "D": 0.08678199584927275
  }
}