{
  "question_id": "waffle",
  "method": "next_sentence_attn_oracle",
  "prefix_length": 303,
  "keep_m": 10,
  "kl_to_baseline": 0.18052550468827738,
  "token_kl": 0.44549389849416876,
  "selected_indices": [
    0,
    170,
    199,
    218,
    235,
    236,
    273,
    274,
    275,
    276
  ],
  "distribution": {
    "A": 0.03901411972605936,
    "B": 0.05676520925030298,
    "C": 0.8879571662786535,
    "D": 0.01626350474498424
  }
}