{
  "question_id": "waffle",
  "method": "next_sentence_attn_oracle",
  "prefix_length": 19,
  "keep_m": 3,
  "kl_to_baseline": 0.10418113859220687,
  "token_kl": 0.04947302270927361,
  "selected_indices": [
    0,
    1,
    13
  ],
  "distribution": {
    "A": 0.6138479614952282,
    "B": 0.17587038551123216,
    "C": 0.13696797762736118,
    "D": 0.07331367536617844
  }
}