{
  "question_id": "waffle",
  "method": "next_sentence_attn_oracle",
  "prefix_length": 65,
  "keep_m": 10,
  "kl_to_baseline": 0.02174655488453902,
  "token_kl": 0.19258581436156189,
  "selected_indices": [
    0,
    32,
    39,
    42,
    46,
    47,
    49,
    50,
    56,
    57
  ],
  "distribution": {
    "A": 0.5303554031410936,
    "B": 0.28387879070806676,
    "C": 0.10443317088610844,
    "D": 0.0813326352647311
  }
}