{
  "question_id": "waffle",
  "method": "next_sentence_attn_oracle",
  "prefix_length": 263,
  "keep_m": 5,
  "kl_to_baseline": 0.24803766910790973,
  "token_kl": 0.8220558234825681,
  "selected_indices": [
    0,
    253,
    254,
    256,
    257
  ],
  "distribution": {
    "A": 0.3925874563673054,
    "B": 0.21013692271380066,
    "C": 0.2698211497490676,
    "D": 0.12745447116982628
  }
}