{
  "question_id": "waffle",
  "method": "next_sentence_attn_oracle",
  "prefix_length": 131,
  "keep_m": 3,
  "kl_to_baseline": 0.1492877592832682,
  "token_kl": 0.48116394490724285,
  "selected_indices": [
    106,
    122,
    125
  ],
  "distribution": {
    "A": 0.5111934907698467,
    "B": 0.21309715100882523,
    "C": 0.14645938722926638,
    "D": 0.12924997099206173
  }
}