{
  "question_id": "waffle",
  "method": "next_sentence_attn_oracle",
  "prefix_length": 273,
  "keep_m": 3,
  "kl_to_baseline": 0.8175357563719083,
  "token_kl": 1.391924121186233,
  "selected_indices": [
    218,
    236,
    267
  ],
  "distribution": {
    "A": 0.22347483894735898,
    "B": 0.22347483894735898,
    "C": 0.13554435765406175,
    "D": 0.41750596445122035
  }
}