{
  "question_id": "waffle",
  "method": "next_sentence_attn_oracle",
  "prefix_length": 279,
  "keep_m": 20,
  "kl_to_baseline": 0.8644200139365341,
  "token_kl": 0.11728201022585129,
  "selected_indices": [
    0,
    110,
    142,
    150,
    180,
    195,
    197,
    198,
    214,
    217,
    241,
    258,
    260,
    266,
    267,
    269,
    270,
    271,
    272,
    273
  ],
  "distribution": {
    "A": 0.02814268715590977,
    "B": 0.024835834245497648,
    "C": 0.9319577836691573,
    "D": 0.015063694929435302
  }
}