{
  "question_id": "waffle",
  "method": "next_sentence_attn_oracle",
  "prefix_length": 108,
  "keep_m": 5,
  "kl_to_baseline": 0.15417710904354895,
  "token_kl": 0.3173776541485122,
  "selected_indices": [
    0,
    14,
    30,
    83,
    84
  ],
  "distribution": {
    "A": 0.46275239371944155,
    "B": 0.21858873996500083,
    "C": 0.24769349254916742,
    "D": 0.07096537376639023
  }
}