{
  "question_id": "waffle",
  "method": "next_sentence_attn_oracle",
  "prefix_length": 223,
  "keep_m": 3,
  "kl_to_baseline": 0.6472183556279331,
  "token_kl": 0.2243413679422511,
  "selected_indices": [
    55,
    208,
    217
  ],
  "distribution": {
    "A": 0.3689108554330873,
    "B": 0.2535484757687672,
    "C": 0.153784924277163,
    "D": 0.2237557445209824
  }
}