{
  "question_id": "waffle",
  "method": "next_sentence_attn_oracle",
  "prefix_length": 281,
  "keep_m": 10,
  "kl_to_baseline": 0.5315242665227348,
  "token_kl": 0.24769363241127051,
  "selected_indices": [
    0,
    94,
    196,
    197,
    198,
    216,
    217,
    270,
    271,
    272
  ],
  "distribution": {
    "A": 0.45279114430935463,
    "B": 0.3111985175641919,
    "C": 0.16657256306440144,
    "D": 0.06943777506205209
  }
}