{
  "question_id": "waffle",
  "method": "next_sentence_attn_oracle",
  "prefix_length": 272,
  "keep_m": 20,
  "kl_to_baseline": 0.36782804204220854,
  "token_kl": 0.3132160924372684,
  "selected_indices": [
    28,
    157,
    158,
    169,
    183,
    186,
    192,
    197,
    198,
    199,
    216,
    217,
    218,
    228,
    229,
    234,
    235,
    257,
    262,
    266
  ],
  "distribution": {
    "A": 0.739856789964887,
    "B": 0.12856783198078614,
    "C": 0.07798033194912922,
    "D": 0.05359504610519763
  }
}