{
  "question_id": "waffle",
  "method": "next_sentence_attn_oracle",
  "prefix_length": 217,
  "keep_m": 5,
  "kl_to_baseline": 1.3333471394084602,
  "token_kl": 1.10708190141331,
  "selected_indices": [
    130,
    192,
    198,
    199,
    204
  ],
  "distribution": {
    "A": 0.7409476348345622,
    "B": 0.128757388558213,
    "C": 0.08849357272118319,
    "D": 0.0418014038860416
  }
}