{
  "question_id": "waffle",
  "method": "next_sentence_attn_oracle",
  "prefix_length": 29,
  "keep_m": 5,
  "kl_to_baseline": 0.10253288639139661,
  "token_kl": 0.1184299069220322,
  "selected_indices": [
    0,
    13,
    14,
    21,
    23
  ],
  "distribution": {
    "A": 0.45038871841587785,
    "B": 0.27317455022543735,
    "C": 0.18774993960848907,
    "D": 0.08868679175019568
  }
}