{
  "question_id": "waffle",
  "method": "next_sentence_attn_oracle",
  "prefix_length": 196,
  "keep_m": 20,
  "kl_to_baseline": 0.3865664210975838,
  "token_kl": 0.14638906748454755,
  "selected_indices": [
    0,
    7,
    15,
    17,
    22,
    25,
    41,
    46,
    61,
    63,
    94,
    98,
    124,
    168,
    182,
    183,
    186,
    187,
    189,
    190
  ],
  "distribution": {
    "A": 0.509716493481596,
    "B": 0.2728315621786208,
    "C": 0.12887650450526092,
    "D": 0.08857543983452226
  }
}