{
  "question_id": "waffle",
  "method": "next_sentence_attn_oracle",
  "prefix_length": 244,
  "keep_m": 15,
  "kl_to_baseline": 2.4065535314946636,
  "token_kl": 0.4013271617892913,
  "selected_indices": [
    0,
    19,
    20,
    27,
    28,
    60,
    61,
    63,
    64,
    108,
    133,
    134,
    232,
    234,
    235
  ],
  "distribution": {
    "A": 0.8794899287832344,
    "B": 0.07219292098783732,
    "C": 0.03410152121932916,
    "D": 0.014215629009599063
  }
}