{
  "question_id": "waffle",
  "method": "next_sentence_attn_oracle",
  "prefix_length": 241,
  "keep_m": 20,
  "kl_to_baseline": 0.1310838864889523,
  "token_kl": 0.22381611209388705,
  "selected_indices": [
    0,
    1,
    6,
    13,
    14,
    16,
    30,
    48,
    74,
    75,
    85,
    86,
    109,
    110,
    116,
    122,
    125,
    201,
    234,
    235
  ],
  "distribution": {
    "A": 0.013806420895858153,
    "B": 0.013806420895858153,
    "C": 0.9679048695990554,
    "D": 0.004482288609228226
  }
}