{
  "question_id": "bigbench_logical_deduction_0001",
  "method": "faithful_monitor",
  "prefix_length": 120,
  "keep_m": 5,
  "kl_to_baseline": 0.019695541283699873,
  "token_kl": 0.362700804075534,
  "selected_indices": [
    14,
    22,
    49,
    75,
    91
  ],
  "distribution": {
    "A": 0.9731789883968631,
    "B": 0.0007831493996781049,
    "C": 0.017824398179232103,
    "D": 0.0007831493996781049,
    "E": 0.0074303146245486215
  }
}