{
  "question_id": "bigbench_logical_deduction_0009",
  "method": "faithful_monitor",
  "prefix_length": 23,
  "keep_m": 15,
  "kl_to_baseline": 0.041350602942341205,
  "token_kl": 7.867768837835434e-05,
  "selected_indices": [
    0,
    1,
    2,
    3,
    4,
    6,
    8,
    10,
    11,
    12,
    13,
    14,
    15,
    16,
    17
  ],
  "distribution": {
    "A": 0.2706316752787503,
    "B": 0.007212088137308357,
    "C": 0.14485869711219138,
    "D": 0.30666586419299957,
    "E": 0.2706316752787503
  }
}