{
  "question_id": "bigbench_logical_deduction_0009",
  "method": "faithful_monitor",
  "prefix_length": 37,
  "keep_m": 15,
  "kl_to_baseline": 0.5667373127482161,
  "token_kl": 0.5423323053469463,
  "selected_indices": [
    1,
    2,
    4,
    6,
    8,
    10,
    12,
    14,
    15,
    16,
    17,
    18,
    19,
    20,
    30
  ],
  "distribution": {
    "A": 0.2366443476707685,
    "B": 0.009175698212617059,
    "C": 0.5676802790843669,
    "D": 0.12666660668503543,
    "E": 0.05983306834721215
  }
}