{
  "question_id": "bigbench_logical_deduction_0001",
  "method": "faithful_monitor",
  "prefix_length": 128,
  "keep_m": 15,
  "kl_to_baseline": 0.07726214416039547,
  "token_kl": 0.00222054076128408,
  "selected_indices": [
    1,
    5,
    7,
    9,
    11,
    14,
    16,
    18,
    20,
    22,
    49,
    55,
    75,
    76,
    101
  ],
  "distribution": {
    "A": 0.9175482660403256,
    "B": 0.0008366956664570407,
    "C": 0.05865689470565765,
    "D": 0.001379477942390343,
    "E": 0.02157866564516947
  }
}