{
  "question_id": "bigbench_logical_deduction_0009",
  "method": "faithful_monitor",
  "prefix_length": 55,
  "keep_m": 3,
  "kl_to_baseline": 0.1728935416358122,
  "token_kl": 0.4718917580288056,
  "selected_indices": [
    12,
    20,
    31
  ],
  "distribution": {
    "A": 0.21608666877610774,
    "B": 0.02009918872543334,
    "C": 0.4574554813887976,
    "D": 0.1906958158847385,
    "E": 0.11566284522492289
  }
}