{
  "question_id": "bigbench_logical_deduction_0001",
  "method": "faithful_monitor",
  "prefix_length": 61,
  "keep_m": 20,
  "kl_to_baseline": 0.03178697234181497,
  "token_kl": 0.4648541541619708,
  "selected_indices": [
    0,
    1,
    5,
    7,
    9,
    11,
    12,
    13,
    16,
    17,
    18,
    19,
    20,
    22,
    24,
    28,
    29,
    49,
    54,
    55
  ],
  "distribution": {
    "A": 0.9592944751684427,
    "B": 0.0005305708062797277,
    "C": 0.03719588515335495,
    "D": 0.0006012154883782922,
    "E": 0.00237785338354431
  }
}