{
  "question_id": "bigbench_logical_deduction_0001",
  "method": "faithful_monitor",
  "prefix_length": 112,
  "keep_m": 10,
  "kl_to_baseline": 0.19873294913803538,
  "token_kl": 0.8382550232691525,
  "selected_indices": [
    1,
    12,
    14,
    16,
    18,
    22,
    49,
    54,
    75,
    91
  ],
  "distribution": {
    "A": 0.7969433001211671,
    "B": 0.0019754252930885507,
    "C": 0.1222152060827753,
    "D": 0.004738798930667839,
    "E": 0.07412726957230115
  }
}