{
  "question_id": "bigbench_logical_deduction_0009",
  "method": "faithful_monitor",
  "prefix_length": 62,
  "keep_m": 10,
  "kl_to_baseline": 2.754503219204785,
  "token_kl": 0.0009599110333105021,
  "selected_indices": [
    1,
    10,
    16,
    17,
    19,
    20,
    31,
    28,
    35,
    56
  ],
  "distribution": {
    "A": 0.06301734523471472,
    "B": 0.21995214713792807,
    "C": 0.5276378030738544,
    "D": 0.15117075257495238,
    "E": 0.0382219519785503
  }
}