{
  "question_id": "bigbench_logical_deduction_0009",
  "method": "faithful_monitor",
  "prefix_length": 62,
  "keep_m": 15,
  "kl_to_baseline": 1.6603279486263038,
  "token_kl": 0.0017778761447832842,
  "selected_indices": [
    0,
    1,
    6,
    8,
    10,
    12,
    14,
    15,
    16,
    18,
    19,
    20,
    30,
    31,
    36
  ],
  "distribution": {
    "A": 0.1884138060677688,
    "B": 0.047638476249157125,
    "C": 0.5803553800187159,
    "D": 0.11427876371634141,
    "E": 0.06931357394801671
  }
}