{
  "question_id": "bigbench_logical_deduction_0009",
  "method": "faithful_monitor",
  "prefix_length": 16,
  "keep_m": 10,
  "kl_to_baseline": 0.0213426807593958,
  "token_kl": 0.0006821932848317828,
  "selected_indices": [
    0,
    1,
    2,
    3,
    4,
    6,
    7,
    8,
    9,
    10
  ],
  "distribution": {
    "A": 0.1587812361099281,
    "B": 0.05841235240863119,
    "C": 0.38089642985605304,
    "D": 0.26178603256982286,
    "E": 0.14012394905556486
  }
}