{
  "question_id": "bigbench_logical_deduction_0001",
  "method": "faithful_monitor",
  "prefix_length": 75,
  "keep_m": 5,
  "kl_to_baseline": 0.05969049928533575,
  "token_kl": 0.866166853228004,
  "selected_indices": [
    14,
    16,
    18,
    22,
    49
  ],
  "distribution": {
    "A": 0.9236104902391299,
    "B": 0.00178298808967428,
    "C": 0.052106537488035023,
    "D": 0.003331060290683774,
    "E": 0.01916892389247713
  }
}