{
  "question_id": "bigbench_logical_deduction_0009",
  "method": "faithful_monitor",
  "prefix_length": 30,
  "keep_m": 5,
  "kl_to_baseline": 1.0796610353787879,
  "token_kl": 0.5054166212467994,
  "selected_indices": [
    1,
    15,
    16,
    17,
    20
  ],
  "distribution": {
    "A": 0.2805436514678252,
    "B": 0.015827193551604463,
    "C": 0.4625382855348866,
    "D": 0.17015832600297112,
    "E": 0.07093254344271259
  }
}