{
  "question_id": "bigbench_logical_deduction_0009",
  "method": "faithful_monitor",
  "prefix_length": 42,
  "keep_m": 10,
  "kl_to_baseline": 0.5445794281525242,
  "token_kl": 9.145834481775835e-05,
  "selected_indices": [
    10,
    12,
    15,
    16,
    18,
    19,
    20,
    28,
    31,
    36
  ],
  "distribution": {
    "A": 0.5360974650545327,
    "B": 0.006748472352635532,
    "C": 0.0931597650235585,
    "D": 0.3251595297687773,
    "E": 0.038834767800495856
  }
}