{
  "question_id": "bigbench_logical_deduction_0001",
  "method": "faithful_monitor",
  "prefix_length": 68,
  "keep_m": 15,
  "kl_to_baseline": 0.11460643879671133,
  "token_kl": 0.44671943603583986,
  "selected_indices": [
    1,
    2,
    5,
    7,
    9,
    11,
    12,
    13,
    16,
    17,
    18,
    19,
    22,
    29,
    54
  ],
  "distribution": {
    "A": 0.8860859625587524,
    "B": 0.001332176116320925,
    "C": 0.07273436881068407,
    "D": 0.0009155903622087669,
    "E": 0.03893190215203384
  }
}