{
  "question_id": "bigbench_logical_deduction_0001",
  "method": "faithful_monitor",
  "prefix_length": 65,
  "keep_m": 3,
  "kl_to_baseline": 0.03388274031218642,
  "token_kl": 0.03390294676858236,
  "selected_indices": [
    13,
    22,
    49
  ],
  "distribution": {
    "A": 0.9566749607476567,
    "B": 0.001438302598779739,
    "C": 0.032735616260973724,
    "D": 0.0018468170937212158,
    "E": 0.00730430329886861
  }
}