{
  "question_id": "bigbench_logical_deduction_0009",
  "method": "faithful_monitor",
  "prefix_length": 36,
  "keep_m": 3,
  "kl_to_baseline": 0.8390814957165973,
  "token_kl": 0.45713535713586556,
  "selected_indices": [
    10,
    12,
    20
  ],
  "distribution": {
    "A": 0.2682323674414427,
    "B": 0.032035787828740905,
    "C": 0.3444171773731378,
    "D": 0.2682323674414427,
    "E": 0.08708229991523583
  }
}