{
  "question_id": "bigbench_logical_deduction_0009",
  "method": "faithful_monitor",
  "prefix_length": 71,
  "keep_m": 3,
  "kl_to_baseline": 3.686416458732169,
  "token_kl": 0.30701288219848377,
  "selected_indices": [
    10,
    12,
    31
  ],
  "distribution": {
    "A": 0.025020020119246696,
    "B": 0.013392251710601863,
    "C": 0.08732845101876628,
    "D": 0.5694530331519829,
    "E": 0.30480624399940226
  }
}