{
  "question_id": "bigbench_logical_deduction_0009",
  "method": "faithful_monitor",
  "prefix_length": 54,
  "keep_m": 5,
  "kl_to_baseline": 0.2245541779355311,
  "token_kl": 0.048610917574144936,
  "selected_indices": [
    15,
    16,
    18,
    31,
    36
  ],
  "distribution": {
    "A": 0.3725471378196203,
    "B": 0.04449441048906793,
    "C": 0.3725471378196203,
    "D": 0.13705243287110222,
    "E": 0.0733588810005892
  }
}