{
  "question_id": "bigbench_logical_deduction_0009",
  "method": "faithful_monitor",
  "prefix_length": 55,
  "keep_m": 20,
  "kl_to_baseline": 0.33038884523816836,
  "token_kl": 0.07475955201022771,
  "selected_indices": [
    0,
    1,
    2,
    4,
    6,
    8,
    10,
    12,
    14,
    15,
    16,
    17,
    18,
    19,
    20,
    28,
    30,
    31,
    36,
    43
  ],
  "distribution": {
    "A": 0.30836656045624006,
    "B": 0.04173287082509912,
    "C": 0.34942509095852636,
    "D": 0.11344170441329557,
    "E": 0.18703377334683893
  }
}