{
  "question_id": "bigbench_logical_deduction_0009",
  "method": "faithful_monitor",
  "prefix_length": 56,
  "keep_m": 15,
  "kl_to_baseline": 0.6271421808822013,
  "token_kl": 0.21631867290119214,
  "selected_indices": [
    1,
    6,
    8,
    10,
    12,
    15,
    16,
    18,
    19,
    20,
    28,
    31,
    34,
    36,
    50
  ],
  "distribution": {
    "A": 0.674178895449409,
    "B": 0.006609417126441413,
    "C": 0.24801654791603958,
    "D": 0.055339972055966635,
    "E": 0.015855167452143316
  }
}