{
  "question_id": "bigbench_logical_deduction_0009",
  "method": "faithful_monitor",
  "prefix_length": 50,
  "keep_m": 5,
  "kl_to_baseline": 0.7041762551678408,
  "token_kl": 1.7147482513801675,
  "selected_indices": [
    10,
    12,
    20,
    31,
    35
  ],
  "distribution": {
    "A": 0.13807146505097947,
    "B": 0.011333596018709341,
    "C": 0.7945465169797185,
    "D": 0.039558137046619715,
    "E": 0.01649028490397312
  }
}