{
  "question_id": "bigbench_logical_deduction_0000",
  "method": "faithful_monitor",
  "prefix_length": 88,
  "keep_m": 5,
  "kl_to_baseline": 1.467201151597045,
  "token_kl": 0.0340660139918947,
  "selected_indices": [
    15,
    27,
    38,
    46,
    78
  ],
  "distribution": {
    "A": 0.0011610952591417248,
    "B": 0.0011610952591417248,
    "C": 0.003576425180407189,
    "D": 0.9916433456184174,
    "E": 0.0024580386828919297
  }
}