{
  "question_id": "bigbench_logical_deduction_0009",
  "method": "faithful_monitor",
  "prefix_length": 70,
  "keep_m": 15,
  "kl_to_baseline": 1.0425917991283207,
  "token_kl": 0.0010707076691084392,
  "selected_indices": [
    6,
    8,
    10,
    12,
    15,
    16,
    18,
    19,
    20,
    31,
    36,
    54,
    56,
    58,
    60
  ],
  "distribution": {
    "A": 0.35155302731011995,
    "B": 0.02885722976297865,
    "C": 0.5796129193575946,
    "D": 0.022474033136679224,
    "E": 0.017502790432627556
  }
}