{
  "question_id": "bigbench_logical_deduction_0009",
  "method": "faithful_monitor",
  "prefix_length": 62,
  "keep_m": 20,
  "kl_to_baseline": 0.07183099286851846,
  "token_kl": 0.00010881256881502541,
  "selected_indices": [
    1,
    6,
    8,
    10,
    12,
    15,
    16,
    18,
    19,
    20,
    28,
    30,
    31,
    36,
    50,
    51,
    52,
    54,
    55,
    56
  ],
  "distribution": {
    "A": 0.9262524542914835,
    "B": 0.00260165263258186,
    "C": 0.05921334098736077,
    "D": 0.007072025075109906,
    "E": 0.004860527013463959
  }
}