{
  "question_id": "bigbench_logical_deduction_0009",
  "method": "faithful_monitor",
  "prefix_length": 72,
  "keep_m": 5,
  "kl_to_baseline": 4.1111109121196305,
  "token_kl": 0.33011810092233357,
  "selected_indices": [
    10,
    12,
    20,
    31,
    66
  ],
  "distribution": {
    "A": 0.016383891516584,
    "B": 0.006829822107796786,
    "C": 0.023838421494665703,
    "D": 0.6966607116083678,
    "E": 0.2562871532725857
  }
}