{
  "question_id": "bigbench_logical_deduction_0000",
  "method": "faithful_monitor",
  "prefix_length": 88,
  "keep_m": 10,
  "kl_to_baseline": 0.6649182954816242,
  "token_kl": 0.24013451931131918,
  "selected_indices": [
    1,
    6,
    8,
    10,
    12,
    15,
    27,
    46,
    73,
    76
  ],
  "distribution": {
    "A": 0.010506824490694936,
    "B": 0.004963072464924435,
    "C": 0.032363297824863156,
    "D": 0.9457940940296915,
    "E": 0.006372711189826053
  }
}