{
  "question_id": "bigbench_logical_deduction_0009",
  "method": "faithful_monitor",
  "prefix_length": 24,
  "keep_m": 15,
  "kl_to_baseline": 0.26149239345263386,
  "token_kl": 0.42545793333567383,
  "selected_indices": [
    1,
    2,
    3,
    4,
    6,
    8,
    10,
    11,
    12,
    13,
    14,
    15,
    16,
    17,
    18
  ],
  "distribution": {
    "A": 0.2424574977358456,
    "B": 0.015499787416063997,
    "C": 0.27474033849382695,
    "D": 0.3527735776154673,
    "E": 0.1145287987387962
  }
}