{
  "question_id": "bigbench_logical_deduction_0009",
  "method": "faithful_monitor",
  "prefix_length": 38,
  "keep_m": 10,
  "kl_to_baseline": 0.14361887391748998,
  "token_kl": 0.024668477415738417,
  "selected_indices": [
    1,
    6,
    8,
    10,
    12,
    15,
    18,
    19,
    20,
    31
  ],
  "distribution": {
    "A": 0.23084850784093996,
    "B": 0.013023580070061488,
    "C": 0.2615856295527462,
    "D": 0.33588259698599016,
    "E": 0.1586596855502622
  }
}