{
  "question_id": "bigbench_logical_deduction_0009",
  "method": "faithful_monitor",
  "prefix_length": 68,
  "keep_m": 5,
  "kl_to_baseline": 2.1918949341482072,
  "token_kl": 0.10139716025448722,
  "selected_indices": [
    10,
    12,
    20,
    31,
    56
  ],
  "distribution": {
    "A": 0.11147743432375895,
    "B": 0.011749637935202001,
    "C": 0.0248739777735964,
    "D": 0.8237130405316733,
    "E": 0.02818590943576938
  }
}