{
  "question_id": "bigbench_logical_deduction_0009",
  "method": "faithful_monitor",
  "prefix_length": 31,
  "keep_m": 10,
  "kl_to_baseline": 1.7830529920490856,
  "token_kl": 0.21492575674965006,
  "selected_indices": [
    0,
    1,
    4,
    6,
    8,
    10,
    12,
    15,
    16,
    20
  ],
  "distribution": {
    "A": 0.6759406054273119,
    "B": 0.05548458035919942,
    "C": 0.11746085754217245,
    "D": 0.11746085754217245,
    "E": 0.03365309912914385
  }
}