{
  "question_id": "bigbench_logical_deduction_0009",
  "method": "faithful_monitor",
  "prefix_length": 67,
  "keep_m": 5,
  "kl_to_baseline": 4.9307308401103125,
  "token_kl": 0.15189343078346074,
  "selected_indices": [
    10,
    12,
    20,
    28,
    31
  ],
  "distribution": {
    "A": 0.007202903818635199,
    "B": 0.0030026170333863093,
    "C": 0.943394150987538,
    "D": 0.04144984958973001,
    "E": 0.004950478570710525
  }
}