{
  "question_id": "bookworm_nm",
  "method": "faithful_monitor",
  "prefix_length": 69,
  "keep_m": 15,
  "kl_to_baseline": 0.018122260104482923,
  "token_kl": 0.0647004251436522,
  "selected_indices": [
    0,
    1,
    2,
    3,
    4,
    5,
    8,
    11,
    14,
    16,
    18,
    20,
    27,
    45,
    63
  ],
  "distribution": {
    "A": 0.03732688654095113,
    "B": 0.9626731134590488
  }
}