{
  "question_id": "bookworm_nm",
  "method": "faithful_monitor",
  "prefix_length": 41,
  "keep_m": 15,
  "kl_to_baseline": 0.11345493412090124,
  "token_kl": 0.1033008444643768,
  "selected_indices": [
    2,
    3,
    4,
    5,
    9,
    11,
    14,
    17,
    18,
    20,
    22,
    26,
    27,
    34,
    35
  ],
  "distribution": {
    "A": 0.1645164628965632,
    "B": 0.8354835371034369
  }
}