{
  "question_id": "bookworm_nm",
  "method": "faithful_monitor",
  "prefix_length": 44,
  "keep_m": 15,
  "kl_to_baseline": 0.13337374973962568,
  "token_kl": 0.7352284011445201,
  "selected_indices": [
    1,
    2,
    3,
    4,
    5,
    7,
    8,
    9,
    11,
    13,
    14,
    16,
    18,
    20,
    27
  ],
  "distribution": {
    "A": 0.20181322226037882,
    "B": 0.7981867777396212
  }
}