{
  "question_id": "bookworm_nm",
  "method": "faithful_monitor",
  "prefix_length": 67,
  "keep_m": 15,
  "kl_to_baseline": 0.15403984719377709,
  "token_kl": 0.19923303373591786,
  "selected_indices": [
    1,
    2,
    3,
    4,
    5,
    8,
    9,
    11,
    13,
    16,
    17,
    18,
    20,
    26,
    27
  ],
  "distribution": {
    "A": 0.20181320305759334,
    "B": 0.7981867969424066
  }
}