{
  "question_id": "bookworm_nm",
  "method": "faithful_monitor",
  "prefix_length": 68,
  "keep_m": 20,
  "kl_to_baseline": 0.030390848406166574,
  "token_kl": 0.1366708901704322,
  "selected_indices": [
    0,
    1,
    2,
    3,
    4,
    5,
    7,
    8,
    9,
    11,
    13,
    14,
    17,
    18,
    20,
    21,
    26,
    27,
    41,
    58
  ],
  "distribution": {
    "A": 0.07585818419975078,
    "B": 0.9241418158002492
  }
}