{
  "question_id": "bookworm_nm",
  "method": "faithful_monitor",
  "prefix_length": 38,
  "keep_m": 5,
  "kl_to_baseline": 0.28503393887593853,
  "token_kl": 0.17756728185927265,
  "selected_indices": [
    3,
    5,
    11,
    20,
    27
  ],
  "distribution": {
    "A": 0.4378234991142019,
    "B": 0.5621765008857981
  }
}