{
  "question_id": "bookworm_nm",
  "method": "faithful_monitor",
  "prefix_length": 97,
  "keep_m": 20,
  "kl_to_baseline": 0.006053495641746738,
  "token_kl": 0.06322877483169993,
  "selected_indices": [
    0,
    1,
    2,
    3,
    4,
    5,
    8,
    9,
    11,
    14,
    17,
    18,
    20,
    25,
    26,
    27,
    32,
    34,
    69,
    77
  ],
  "distribution": {
    "A": 0.02297736798652257,
    "B": 0.9770226320134775
  }
}