{
  "question_id": "bookworm_nm",
  "method": "faithful_monitor",
  "prefix_length": 19,
  "keep_m": 3,
  "kl_to_baseline": 1.3490867560441475,
  "token_kl": 0.19902850604033673,
  "selected_indices": [
    2,
    9,
    11
  ],
  "distribution": {
    "A": 0.7772998611746911,
    "B": 0.22270013882530884
  }
}