{
  "question_id": "bookworm_nm",
  "method": "faithful_monitor",
  "prefix_length": 30,
  "keep_m": 20,
  "kl_to_baseline": 0.0033882801927471035,
  "token_kl": 0.002418550306402482,
  "selected_indices": [
    0,
    1,
    2,
    3,
    4,
    5,
    8,
    9,
    11,
    13,
    14,
    15,
    16,
    17,
    18,
    19,
    20,
    22,
    23,
    24
  ],
  "distribution": {
    "A": 0.10669060388702058,
    "B": 0.8933093961129795
  }
}