{
  "question_id": "bookworm_nm",
  "method": "faithful_monitor",
  "prefix_length": 30,
  "keep_m": 15,
  "kl_to_baseline": 0.21719746078557128,
  "token_kl": 0.004260438369884317,
  "selected_indices": [
    1,
    2,
    3,
    4,
    5,
    6,
    8,
    9,
    11,
    13,
    14,
    15,
    17,
    20,
    22
  ],
  "distribution": {
    "A": 0.4378234991142019,
    "B": 0.5621765008857981
  }
}