{
  "question_id": "bookworm_nm",
  "method": "faithful_monitor",
  "prefix_length": 77,
  "keep_m": 10,
  "kl_to_baseline": 0.33163508848598977,
  "token_kl": 0.24153337387750487,
  "selected_indices": [
    1,
    2,
    3,
    4,
    11,
    14,
    20,
    27,
    69,
    70
  ],
  "distribution": {
    "A": 0.29421497216298875,
    "B": 0.7057850278370112
  }
}