{
  "question_id": "bookworm_nm",
  "method": "faithful_monitor",
  "prefix_length": 35,
  "keep_m": 10,
  "kl_to_baseline": 0.00038058825637209224,
  "token_kl": 0.07718670390936867,
  "selected_indices": [
    0,
    1,
    2,
    3,
    4,
    5,
    11,
    17,
    20,
    27
  ],
  "distribution": {
    "A": 0.04742587216778976,
    "B": 0.9525741278322103
  }
}