{
  "question_id": "bookworm_nm",
  "method": "faithful_monitor",
  "prefix_length": 66,
  "keep_m": 15,
  "kl_to_baseline": 0.001703188861939339,
  "token_kl": 0.3539586703552218,
  "selected_indices": [
    0,
    1,
    2,
    3,
    4,
    5,
    11,
    14,
    16,
    20,
    22,
    26,
    27,
    41,
    52
  ],
  "distribution": {
    "A": 0.06754669020109236,
    "B": 0.9324533097989077
  }
}