{
  "question_id": "bookworm_nm",
  "method": "faithful_monitor",
  "prefix_length": 101,
  "keep_m": 20,
  "kl_to_baseline": 0.003913746594217839,
  "token_kl": 0.16965038846362587,
  "selected_indices": [
    0,
    1,
    2,
    3,
    4,
    5,
    11,
    14,
    16,
    17,
    18,
    20,
    23,
    25,
    26,
    27,
    69,
    70,
    77,
    92
  ],
  "distribution": {
    "A": 0.017986207922331722,
    "B": 0.9820137920776683
  }
}