{
  "question_id": "bookworm_nm",
  "method": "faithful_monitor",
  "prefix_length": 68,
  "keep_m": 15,
  "kl_to_baseline": 0.08146844310070978,
  "token_kl": 0.1701527065483423,
  "selected_indices": [
    0,
    1,
    2,
    3,
    4,
    5,
    8,
    9,
    11,
    14,
    16,
    18,
    20,
    27,
    43
  ],
  "distribution": {
    "A": 0.13296423676207594,
    "B": 0.867035763237924
  }
}