{
  "question_id": "dilemma_31754",
  "method": "faithful_monitor",
  "prefix_length": 41,
  "keep_m": 15,
  "kl_to_baseline": 0.00739289389267507,
  "token_kl": 0.10795883716140603,
  "selected_indices": [
    0,
    2,
    3,
    4,
    5,
    7,
    10,
    12,
    13,
    15,
    17,
    19,
    23,
    25,
    29
  ],
  "distribution": {
    "A": 0.8519528076067262,
    "B": 0.14804719239327382
  }
}