{
  "question_id": "dilemma_24577",
  "method": "faithful_monitor",
  "prefix_length": 29,
  "keep_m": 20,
  "kl_to_baseline": 0.24347087917578003,
  "token_kl": 0.09248418686464284,
  "selected_indices": [
    1,
    2,
    3,
    4,
    5,
    6,
    7,
    9,
    10,
    11,
    12,
    14,
    15,
    16,
    17,
    18,
    19,
    21,
    22,
    23
  ],
  "distribution": {
    "A": 0.3775406547908327,
    "B": 0.6224593452091672
  }
}