{
  "question_id": "dilemma_3081",
  "method": "faithful_monitor",
  "prefix_length": 37,
  "keep_m": 5,
  "kl_to_baseline": 0.016944300337757845,
  "token_kl": 0.1914759467831436,
  "selected_indices": [
    2,
    6,
    12,
    20,
    23
  ],
  "distribution": {
    "A": 0.46879062662624377,
    "B": 0.5312093733737563
  }
}