{
  "question_id": "dilemma_3297",
  "method": "faithful_monitor",
  "prefix_length": 24,
  "keep_m": 3,
  "kl_to_baseline": 0.04177530961348573,
  "token_kl": 0.2735645508971212,
  "selected_indices": [
    2,
    9,
    18
  ],
  "distribution": {
    "A": 0.20181321265898594,
    "B": 0.7981867873410141
  }
}