{
  "question_id": "dilemma_31754",
  "method": "faithful_monitor",
  "prefix_length": 22,
  "keep_m": 15,
  "kl_to_baseline": 0.0018162785573341902,
  "token_kl": 0.0027429571115281533,
  "selected_indices": [
    0,
    1,
    2,
    3,
    4,
    5,
    6,
    7,
    8,
    10,
    12,
    13,
    14,
    15,
    16
  ],
  "distribution": {
    "A": 0.3486451285660856,
    "B": 0.6513548714339145
  }
}