{
  "question_id": "dilemma_19599",
  "method": "faithful_monitor",
  "prefix_length": 37,
  "keep_m": 5,
  "kl_to_baseline": 0.01768132966661007,
  "token_kl": 0.21153376636234988,
  "selected_indices": [
    6,
    10,
    14,
    22,
    25
  ],
  "distribution": {
    "A": 0.7772998663336157,
    "B": 0.22270013366638422
  }
}