{
  "question_id": "dilemma_2081",
  "method": "faithful_monitor",
  "prefix_length": 18,
  "keep_m": 3,
  "kl_to_baseline": 0.16998464801041038,
  "token_kl": 0.4099417627276162,
  "selected_indices": [
    4,
    8,
    12
  ],
  "distribution": {
    "A": 0.4378234991142019,
    "B": 0.5621765008857981
  }
}