{
  "question_id": "dilemma_25447",
  "method": "faithful_monitor",
  "prefix_length": 35,
  "keep_m": 3,
  "kl_to_baseline": 0.1239444114246229,
  "token_kl": 0.39398580573303427,
  "selected_indices": [
    6,
    7,
    19
  ],
  "distribution": {
    "A": 0.8354835350552604,
    "B": 0.16451646494473965
  }
}