{
  "question_id": "dilemma_32747",
  "method": "faithful_monitor",
  "prefix_length": 29,
  "keep_m": 5,
  "kl_to_baseline": 0.003264714828610635,
  "token_kl": 1.6243956935498238,
  "selected_indices": [
    1,
    3,
    11,
    14,
    19
  ],
  "distribution": {
    "A": 0.0040701379480698775,
    "B": 0.99592986205193
  }
}