{
  "question_id": "dilemma_3081",
  "method": "faithful_monitor",
  "prefix_length": 30,
  "keep_m": 3,
  "kl_to_baseline": 0.05990199027849509,
  "token_kl": 0.4549158093381698,
  "selected_indices": [
    6,
    10,
    20
  ],
  "distribution": {
    "A": 0.07585817479810981,
    "B": 0.9241418252018903
  }
}