{
  "question_id": "dilemma_25447",
  "method": "faithful_monitor",
  "prefix_length": 27,
  "keep_m": 3,
  "kl_to_baseline": 0.018917578829605756,
  "token_kl": 0.3496151873203342,
  "selected_indices": [
    6,
    7,
    19
  ],
  "distribution": {
    "A": 0.9706877714745548,
    "B": 0.02931222852544515
  }
}