{
  "question_id": "dilemma_23322",
  "method": "faithful_monitor",
  "prefix_length": 17,
  "keep_m": 3,
  "kl_to_baseline": 0.0004254217643103629,
  "token_kl": 0.12817060448213313,
  "selected_indices": [
    3,
    5,
    9
  ],
  "distribution": {
    "A": 0.05340332923486816,
    "B": 0.9465966707651319
  }
}