{
  "question_id": "dilemma_2081",
  "method": "faithful_monitor",
  "prefix_length": 26,
  "keep_m": 3,
  "kl_to_baseline": 0.04991956093283244,
  "token_kl": 0.7533621312104002,
  "selected_indices": [
    2,
    8,
    12
  ],
  "distribution": {
    "A": 0.24508500210441886,
    "B": 0.754914997895581
  }
}