{
  "question_id": "dilemma_19599",
  "method": "faithful_monitor",
  "prefix_length": 20,
  "keep_m": 10,
  "kl_to_baseline": 0.15807299541622394,
  "token_kl": 0.673049951981876,
  "selected_indices": [
    1,
    3,
    4,
    5,
    7,
    9,
    10,
    11,
    13,
    14
  ],
  "distribution": {
    "A": 0.8519527982093668,
    "B": 0.14804720179063335
  }
}