{
  "question_id": "dilemma_3081",
  "method": "faithful_monitor",
  "prefix_length": 42,
  "keep_m": 5,
  "kl_to_baseline": 0.008492229980123313,
  "token_kl": 0.5327878324599327,
  "selected_indices": [
    2,
    3,
    18,
    20,
    34
  ],
  "distribution": {
    "A": 0.05340333507274787,
    "B": 0.9465966649272521
  }
}