{
  "question_id": "dilemma_24577",
  "method": "faithful_monitor",
  "prefix_length": 22,
  "keep_m": 5,
  "kl_to_baseline": 1.1099839546979664,
  "token_kl": 0.09872042489836509,
  "selected_indices": [
    2,
    3,
    4,
    7,
    10
  ],
  "distribution": {
    "A": 0.817574478416099,
    "B": 0.18242552158390105
  }
}