{
  "question_id": "dilemma_19599",
  "method": "faithful_monitor",
  "prefix_length": 35,
  "keep_m": 3,
  "kl_to_baseline": 0.001289776316307615,
  "token_kl": 0.6355258352645555,
  "selected_indices": [
    10,
    14,
    23
  ],
  "distribution": {
    "A": 0.7772998714925403,
    "B": 0.22270012850745968
  }
}