{
  "question_id": "dilemma_3081",
  "method": "faithful_monitor",
  "prefix_length": 35,
  "keep_m": 5,
  "kl_to_baseline": 0.42329880590277924,
  "token_kl": 0.7314018717246287,
  "selected_indices": [
    2,
    6,
    12,
    21,
    23
  ],
  "distribution": {
    "A": 0.5926665999540697,
    "B": 0.4073334000459302
  }
}