{
  "question_id": "dilemma_32747",
  "method": "faithful_monitor",
  "prefix_length": 31,
  "keep_m": 20,
  "kl_to_baseline": 0.009759346303230757,
  "token_kl": 0.08954349906744405,
  "selected_indices": [
    1,
    2,
    3,
    8,
    9,
    10,
    11,
    12,
    13,
    14,
    15,
    16,
    17,
    18,
    19,
    20,
    21,
    22,
    24,
    25
  ],
  "distribution": {
    "A": 0.012431651950844584,
    "B": 0.9875683480491555
  }
}