{
  "question_id": "dilemma_14224",
  "method": "faithful_monitor",
  "prefix_length": 18,
  "keep_m": 3,
  "kl_to_baseline": 0.03758400318754662,
  "token_kl": 0.030336301605352358,
  "selected_indices": [
    0,
    1,
    12
  ],
  "distribution": {
    "A": 0.6513548714339145,
    "B": 0.3486451285660856
  }
}