{
  "question_id": "dilemma_24577",
  "method": "faithful_monitor",
  "prefix_length": 16,
  "keep_m": 10,
  "kl_to_baseline": 0.3649534180481984,
  "token_kl": 0.30845559055663274,
  "selected_indices": [
    1,
    2,
    3,
    4,
    5,
    6,
    7,
    8,
    9,
    10
  ],
  "distribution": {
    "A": 0.7310585903489892,
    "B": 0.2689414096510108
  }
}