{
  "question_id": "dilemma_25447",
  "method": "faithful_monitor",
  "prefix_length": 25,
  "keep_m": 15,
  "kl_to_baseline": 0.0011040844898445347,
  "token_kl": 0.28045411732219505,
  "selected_indices": [
    1,
    2,
    3,
    4,
    6,
    7,
    8,
    9,
    12,
    13,
    15,
    16,
    17,
    18,
    19
  ],
  "distribution": {
    "A": 0.8175744739711884,
    "B": 0.18242552602881168
  }
}