{
  "question_id": "dilemma_31754",
  "method": "faithful_monitor",
  "prefix_length": 21,
  "keep_m": 10,
  "kl_to_baseline": 0.046543288469797994,
  "token_kl": 0.11009215047488441,
  "selected_indices": [
    0,
    2,
    3,
    4,
    6,
    7,
    8,
    10,
    12,
    15
  ],
  "distribution": {
    "A": 0.5,
    "B": 0.5
  }
}