{
  "question_id": "dilemma_32747",
  "method": "faithful_monitor",
  "prefix_length": 44,
  "keep_m": 3,
  "kl_to_baseline": 1.6268140488057725e-05,
  "selected_indices": [
    11,
    19,
    32
  ],
  "distribution": {
    "A": 0.00029595723224069235,
    "B": 0.9997040427677594
  }
}