{
  "question_id": "dilemma_15721",
  "method": "faithful_monitor",
  "prefix_length": 30,
  "keep_m": 20,
  "kl_to_baseline": 0.0015838833304232204,
  "token_kl": 0.007627650358416947,
  "selected_indices": [
    0,
    2,
    4,
    6,
    7,
    8,
    9,
    10,
    11,
    12,
    13,
    14,
    15,
    17,
    18,
    19,
    20,
    21,
    23,
    24
  ],
  "distribution": {
    "A": 0.02931222799546632,
    "B": 0.9706877720045336
  }
}