{
  "question_id": "dilemma_24577",
  "method": "faithful_monitor",
  "prefix_length": 23,
  "keep_m": 3,
  "kl_to_baseline": 0.5185745253575645,
  "token_kl": 0.7133016841888044,
  "selected_indices": [
    2,
    3,
    4
  ],
  "distribution": {
    "A": 0.5926665999540697,
    "B": 0.4073334000459302
  }
}