{
  "question_id": "dilemma_15721",
  "method": "faithful_monitor",
  "prefix_length": 21,
  "keep_m": 10,
  "kl_to_baseline": 0.45446324095657775,
  "token_kl": 0.09357406770324597,
  "selected_indices": [
    0,
    2,
    4,
    5,
    7,
    8,
    10,
    11,
    13,
    15
  ],
  "distribution": {
    "A": 0.4073334000459302,
    "B": 0.5926665999540697
  }
}