{
  "question_id": "dilemma_32747",
  "method": "faithful_monitor",
  "prefix_length": 25,
  "keep_m": 5,
  "kl_to_baseline": 0.01383877842133879,
  "token_kl": 0.4978813298884271,
  "selected_indices": [
    1,
    2,
    11,
    14,
    19
  ],
  "distribution": {
    "A": 0.015906390399763742,
    "B": 0.9840936096002363
  }
}