{
  "question_id": "dilemma_15721",
  "method": "faithful_monitor",
  "prefix_length": 27,
  "keep_m": 20,
  "kl_to_baseline": 0.4314181308247107,
  "token_kl": 0.018232844013801496,
  "selected_indices": [
    0,
    2,
    3,
    4,
    5,
    7,
    8,
    9,
    10,
    11,
    12,
    13,
    14,
    15,
    16,
    17,
    18,
    19,
    20,
    21
  ],
  "distribution": {
    "A": 0.4073334000459302,
    "B": 0.5926665999540697
  }
}