{
  "question_id": "dilemma_2081",
  "method": "faithful_monitor",
  "prefix_length": 35,
  "keep_m": 3,
  "kl_to_baseline": 0.02615136879444417,
  "token_kl": 0.4867774893239251,
  "selected_indices": [
    12,
    18,
    21
  ],
  "distribution": {
    "A": 0.22270013366638422,
    "B": 0.7772998663336157
  }
}