{
  "question_id": "dilemma_24577",
  "method": "faithful_monitor",
  "prefix_length": 23,
  "keep_m": 15,
  "kl_to_baseline": 0.30639558853703497,
  "token_kl": 0.22885690853217167,
  "selected_indices": [
    1,
    2,
    3,
    4,
    5,
    6,
    7,
    9,
    10,
    11,
    12,
    13,
    14,
    15,
    17
  ],
  "distribution": {
    "A": 0.46879062662624377,
    "B": 0.5312093733737563
  }
}