{
  "question_id": "dilemma_12903",
  "method": "faithful_monitor",
  "prefix_length": 30,
  "keep_m": 10,
  "kl_to_baseline": 0.36732047140142077,
  "token_kl": 0.12139400774260335,
  "selected_indices": [
    1,
    2,
    5,
    7,
    8,
    9,
    10,
    18,
    19,
    24
  ],
  "distribution": {
    "A": 0.24508500761839525,
    "B": 0.7549149923816048
  }
}