{
  "question_id": "dilemma_45012",
  "method": "faithful_monitor",
  "prefix_length": 32,
  "keep_m": 5,
  "kl_to_baseline": 0.21520687434115607,
  "token_kl": 2.092777284406975,
  "selected_indices": [
    2,
    8,
    11,
    20,
    24
  ],
  "distribution": {
    "A": 0.2018132270610754,
    "B": 0.7981867729389246
  }
}