{
  "question_id": "dilemma_15721",
  "method": "faithful_monitor",
  "prefix_length": 37,
  "keep_m": 15,
  "kl_to_baseline": 0.18919358083256782,
  "token_kl": 0.17644305691168682,
  "selected_indices": [
    0,
    2,
    4,
    5,
    6,
    7,
    8,
    10,
    11,
    13,
    15,
    17,
    19,
    20,
    25
  ],
  "distribution": {
    "A": 0.6513548646660542,
    "B": 0.34864513533394575
  }
}