{
  "question_id": "dilemma_2081",
  "method": "faithful_monitor",
  "prefix_length": 46,
  "keep_m": 20,
  "kl_to_baseline": 0.01071094583203409,
  "token_kl": 0.08844606194469773,
  "selected_indices": [
    0,
    2,
    3,
    4,
    5,
    6,
    8,
    10,
    11,
    12,
    14,
    15,
    17,
    18,
    19,
    20,
    21,
    23,
    31,
    35
  ],
  "distribution": {
    "A": 0.08509905138791504,
    "B": 0.914900948612085
  }
}