{
  "question_id": "dilemma_2081",
  "method": "faithful_monitor",
  "prefix_length": 29,
  "keep_m": 3,
  "kl_to_baseline": 1.0914094004714014e-15,
  "token_kl": 0.4758540772159833,
  "selected_indices": [
    12,
    20,
    21
  ],
  "distribution": {
    "A": 0.11920292515117029,
    "B": 0.8807970748488297
  }
}