{
  "question_id": "dilemma_32747",
  "method": "faithful_monitor",
  "prefix_length": 41,
  "keep_m": 10,
  "kl_to_baseline": 0.000153290760610244,
  "token_kl": 0.5829526107104893,
  "selected_indices": [
    1,
    2,
    3,
    8,
    11,
    14,
    16,
    17,
    19,
    33
  ],
  "distribution": {
    "A": 0.0017007225909046028,
    "B": 0.9982992774090953
  }
}