{
  "question_id": "dilemma_31754",
  "method": "faithful_monitor",
  "prefix_length": 41,
  "keep_m": 5,
  "kl_to_baseline": 0.010459222690106504,
  "token_kl": 0.2258351683464381,
  "selected_indices": [
    5,
    7,
    17,
    25,
    32
  ],
  "distribution": {
    "A": 0.9324533097989077,
    "B": 0.06754669020109236
  }
}