{
  "question_id": "dilemma_3081",
  "method": "faithful_monitor",
  "prefix_length": 35,
  "keep_m": 20,
  "kl_to_baseline": 0.0009568078510313535,
  "token_kl": 0.051525562370762695,
  "selected_indices": [
    0,
    2,
    3,
    4,
    5,
    6,
    7,
    8,
    9,
    10,
    11,
    12,
    17,
    18,
    20,
    21,
    24,
    26,
    28,
    29
  ],
  "distribution": {
    "A": 0.1329642384799526,
    "B": 0.8670357615200474
  }
}