{
  "question_id": "dilemma_12903",
  "method": "faithful_monitor",
  "prefix_length": 37,
  "keep_m": 5,
  "kl_to_baseline": 0.5278857583426647,
  "token_kl": 0.255199910884106,
  "selected_indices": [
    5,
    7,
    8,
    24,
    26
  ],
  "distribution": {
    "A": 0.98756835081617,
    "B": 0.012431649183829966
  }
}