{
  "question_id": "dilemma_24577",
  "method": "faithful_monitor",
  "prefix_length": 39,
  "keep_m": 10,
  "kl_to_baseline": 0.14180488884660922,
  "token_kl": 0.6473832852724483,
  "selected_indices": [
    2,
    3,
    4,
    6,
    9,
    10,
    14,
    17,
    28,
    30
  ],
  "distribution": {
    "A": 0.966914022445534,
    "B": 0.03308597755446608
  }
}