{
  "question_id": "dilemma_32747",
  "method": "faithful_monitor",
  "prefix_length": 42,
  "keep_m": 3,
  "kl_to_baseline": 5.006074668955821e-05,
  "token_kl": 0.5577256605272912,
  "selected_indices": [
    14,
    17,
    19
  ],
  "distribution": {
    "A": 0.0009110511698170691,
    "B": 0.9990889488301828
  }
}