{
  "question_id": "dilemma_24577",
  "method": "faithful_monitor",
  "prefix_length": 21,
  "keep_m": 5,
  "kl_to_baseline": 1.3839758059739475,
  "token_kl": 0.34471239694806305,
  "selected_indices": [
    2,
    3,
    4,
    7,
    10
  ],
  "distribution": {
    "A": 0.8519527944504226,
    "B": 0.1480472055495773
  }
}