{
  "question_id": "dilemma_12903",
  "method": "faithful_monitor",
  "prefix_length": 43,
  "keep_m": 20,
  "kl_to_baseline": 0.06743852086032945,
  "token_kl": 0.08936673959417336,
  "selected_indices": [
    1,
    2,
    3,
    4,
    5,
    6,
    7,
    8,
    9,
    10,
    11,
    13,
    14,
    16,
    18,
    19,
    22,
    24,
    25,
    26
  ],
  "distribution": {
    "A": 0.7057850340255386,
    "B": 0.29421496597446145
  }
}