{
  "question_id": "dilemma_24577",
  "method": "faithful_monitor",
  "prefix_length": 22,
  "keep_m": 15,
  "kl_to_baseline": 0.016255478024832126,
  "token_kl": 0.04225653834677248,
  "selected_indices": [
    1,
    2,
    3,
    4,
    5,
    6,
    7,
    9,
    10,
    11,
    12,
    13,
    14,
    15,
    16
  ],
  "distribution": {
    "A": 0.2018132198600306,
    "B": 0.7981867801399695
  }
}