{
  "question_id": "dilemma_2081",
  "method": "faithful_monitor",
  "prefix_length": 30,
  "keep_m": 15,
  "kl_to_baseline": 0.038169917782983544,
  "token_kl": 0.07760969023361447,
  "selected_indices": [
    0,
    2,
    4,
    5,
    8,
    9,
    11,
    12,
    14,
    15,
    18,
    19,
    20,
    21,
    23
  ],
  "distribution": {
    "A": 0.1480471980316895,
    "B": 0.8519528019683106
  }
}