{
  "question_id": "dilemma_12903",
  "method": "faithful_monitor",
  "prefix_length": 37,
  "keep_m": 15,
  "kl_to_baseline": 0.4701392070395054,
  "token_kl": 0.1740680058257746,
  "selected_indices": [
    1,
    2,
    4,
    5,
    7,
    8,
    9,
    10,
    11,
    14,
    18,
    19,
    24,
    26,
    31
  ],
  "distribution": {
    "A": 0.9840936115537341,
    "B": 0.015906388446265834
  }
}