{
  "question_id": "dilemma_15721",
  "method": "faithful_monitor",
  "prefix_length": 37,
  "keep_m": 20,
  "kl_to_baseline": 0.18919356278966232,
  "token_kl": 0.1379703247889323,
  "selected_indices": [
    0,
    2,
    3,
    4,
    5,
    7,
    8,
    9,
    10,
    11,
    12,
    13,
    14,
    15,
    17,
    19,
    20,
    21,
    25,
    29
  ],
  "distribution": {
    "A": 0.6513548511303336,
    "B": 0.3486451488696663
  }
}