{
  "question_id": "dilemma_12903",
  "method": "faithful_monitor",
  "prefix_length": 21,
  "keep_m": 10,
  "kl_to_baseline": 0.08162677417287498,
  "token_kl": 0.061624770683861504,
  "selected_indices": [
    1,
    2,
    3,
    4,
    5,
    7,
    8,
    9,
    10,
    13
  ],
  "distribution": {
    "A": 0.970687768612669,
    "B": 0.029312231387330967
  }
}