{
  "question_id": "dilemma_37184",
  "method": "faithful_monitor",
  "prefix_length": 36,
  "keep_m": 3,
  "kl_to_baseline": 0.12154172558297957,
  "token_kl": 0.2054711574569471,
  "selected_indices": [
    6,
    16,
    18
  ],
  "distribution": {
    "A": 0.754914997895581,
    "B": 0.24508500210441886
  }
}