{
  "question_id": "gpqa_gpqa_diamond_0013",
  "method": "faithful_monitor",
  "prefix_length": 28,
  "keep_m": 3,
  "kl_to_baseline": 0.10302085108628987,
  "token_kl": 0.3142188382995962,
  "selected_indices": [
    7,
    12,
    21
  ],
  "distribution": {
    "A": 0.10641874773788605,
    "B": 0.0007170438819669227,
    "C": 0.0018310356979592513,
    "D": 0.8910331726821877
  }
}