{
  "question_id": "gpqa_gpqa_diamond_0002",
  "method": "faithful_monitor",
  "prefix_length": 104,
  "keep_m": 5,
  "kl_to_baseline": 0.9207577616964139,
  "token_kl": 2.790261281836401,
  "selected_indices": [
    5,
    22,
    36,
    55,
    58
  ],
  "distribution": {
    "A": 0.18688821392224358,
    "B": 0.27192074675019423,
    "C": 0.14554868734945953,
    "D": 0.39564235197810277
  }
}