{
  "question_id": "gpqa_gpqa_diamond_0001",
  "method": "faithful_monitor",
  "prefix_length": 362,
  "keep_m": 20,
  "kl_to_baseline": 0.2872946554561547,
  "token_kl": 0.47200279593634,
  "selected_indices": [
    0,
    3,
    4,
    11,
    15,
    18,
    21,
    23,
    49,
    51,
    58,
    62,
    66,
    68,
    104,
    138,
    171,
    231,
    295,
    315
  ],
  "distribution": {
    "A": 0.20044685814888322,
    "B": 0.08355868212615494,
    "C": 0.29164845769381753,
    "D": 0.42434600203114425
  }
}