{
  "question_id": "gpqa_gpqa_diamond_0001",
  "method": "faithful_monitor",
  "prefix_length": 312,
  "keep_m": 20,
  "kl_to_baseline": 0.10158734132152546,
  "token_kl": 0.29308261702055505,
  "selected_indices": [
    0,
    4,
    11,
    15,
    18,
    21,
    23,
    51,
    58,
    62,
    64,
    66,
    87,
    104,
    138,
    167,
    258,
    295,
    297,
    301
  ],
  "distribution": {
    "A": 0.2725976737276997,
    "B": 0.14591102025044214,
    "C": 0.30889363229415834,
    "D": 0.2725976737276997
  }
}