{
  "question_id": "gpqa_gpqa_diamond_0011",
  "method": "faithful_monitor",
  "prefix_length": 105,
  "keep_m": 20,
  "kl_to_baseline": 0.11799410228735578,
  "token_kl": 0.0847918781289532,
  "selected_indices": [
    1,
    2,
    3,
    5,
    6,
    7,
    8,
    9,
    11,
    12,
    15,
    24,
    33,
    35,
    41,
    57,
    67,
    82,
    88,
    96
  ],
  "distribution": {
    "A": 0.03445095334547539,
    "B": 0.88850179725117,
    "C": 0.0729326688046939,
    "D": 0.004114580598660744
  }
}