{
  "question_id": "gpqa_gpqa_diamond_0002",
  "method": "faithful_monitor",
  "prefix_length": 46,
  "keep_m": 5,
  "kl_to_baseline": 0.2761127959355274,
  "token_kl": 0.718147880532572,
  "selected_indices": [
    3,
    10,
    11,
    21,
    36
  ],
  "distribution": {
    "A": 0.31712010892822357,
    "B": 0.24697338916098974,
    "C": 0.21795325095539334,
    "D": 0.21795325095539334
  }
}