{
  "question_id": "gpqa_diels_alder_nm",
  "method": "faithful_monitor",
  "prefix_length": 62,
  "keep_m": 15,
  "kl_to_baseline": 0.014537579782861167,
  "token_kl": 0.10050387820290989,
  "selected_indices": [
    1,
    2,
    4,
    5,
    15,
    18,
    19,
    23,
    24,
    25,
    29,
    30,
    34,
    35,
    55
  ],
  "distribution": {
    "A": 0.9324533126145177,
    "B": 0.06754668738548215
  }
}