{
  "question_id": "gpqa_gpqa_diamond_0023",
  "method": "faithful_monitor",
  "prefix_length": 188,
  "keep_m": 10,
  "kl_to_baseline": 0.1258801477708589,
  "token_kl": 1.3976148233991272,
  "selected_indices": [
    1,
    2,
    6,
    14,
    24,
    28,
    33,
    45,
    66,
    178
  ],
  "distribution": {
    "A": 0.39181905048556065,
    "B": 0.16333448073392626,
    "C": 0.3457790984271445,
    "D": 0.0990673703533687
  }
}