{
  "question_id": "gpqa_gpqa_diamond_0017",
  "method": "faithful_monitor",
  "prefix_length": 126,
  "keep_m": 15,
  "kl_to_baseline": 0.0010251998697058324,
  "token_kl": 0.9406971045622106,
  "selected_indices": [
    1,
    4,
    8,
    10,
    12,
    29,
    30,
    38,
    39,
    54,
    61,
    74,
    96,
    98,
    106
  ],
  "distribution": {
    "A": 0.9968926398917789,
    "B": 0.0010300866455385485,
    "C": 0.001698325763163548,
    "D": 0.0003789476995188868
  }
}