{
  "question_id": "gpqa_gpqa_diamond_0031",
  "method": "faithful_monitor",
  "prefix_length": 156,
  "keep_m": 20,
  "kl_to_baseline": 0.006934376011322096,
  "token_kl": 0.518830866415191,
  "selected_indices": [
    1,
    2,
    5,
    6,
    7,
    10,
    15,
    16,
    22,
    24,
    45,
    54,
    65,
    67,
    74,
    77,
    105,
    129,
    135,
    146
  ],
  "distribution": {
    "A": 0.9025366682524834,
    "B": 0.0128739927086214,
    "C": 0.0449346497849518,
    "D": 0.03965468925394352
  }
}