{
  "question_id": "gpqa_gpqa_diamond_0007",
  "method": "faithful_monitor",
  "prefix_length": 194,
  "keep_m": 15,
  "kl_to_baseline": 0.036158374772452796,
  "token_kl": 0.9718584046867341,
  "selected_indices": [
    2,
    5,
    6,
    7,
    8,
    9,
    10,
    14,
    15,
    18,
    21,
    22,
    47,
    58,
    88
  ],
  "distribution": {
    "A": 0.9601494998094307,
    "B": 0.00941297370749519,
    "C": 0.028994000212249117,
    "D": 0.0014435262708251083
  }
}