{
  "question_id": "gpqa_gpqa_diamond_0001",
  "method": "faithful_monitor",
  "prefix_length": 16,
  "keep_m": 3,
  "kl_to_baseline": 0.1307169603323687,
  "token_kl": 0.4776400595766933,
  "selected_indices": [
    4,
    8,
    9
  ],
  "distribution": {
    "A": 0.16147110230292355,
    "B": 0.09793717420431836,
    "C": 0.4389239893731963,
    "D": 0.30166773411956177
  }
}