{
  "question_id": "gpqa_gpqa_diamond_0023",
  "method": "faithful_monitor",
  "prefix_length": 374,
  "keep_m": 20,
  "kl_to_baseline": 1.1606934755486382,
  "token_kl": 0.26826853307651755,
  "selected_indices": [
    1,
    2,
    3,
    4,
    5,
    6,
    10,
    11,
    19,
    28,
    33,
    35,
    39,
    45,
    46,
    59,
    61,
    311,
    338,
    346
  ],
  "distribution": {
    "A": 0.3498694020437482,
    "B": 0.27247856428439526,
    "C": 0.3087586636127323,
    "D": 0.06889337005912413
  }
}