{
  "question_id": "gpqa_gpqa_diamond_0004",
  "method": "faithful_monitor",
  "prefix_length": 32,
  "keep_m": 20,
  "kl_to_baseline": 0.060899577838910895,
  "token_kl": 0.14704727098800124,
  "selected_indices": [
    1,
    4,
    6,
    7,
    8,
    9,
    11,
    12,
    13,
    14,
    16,
    17,
    18,
    20,
    21,
    22,
    23,
    24,
    25,
    26
  ],
  "distribution": {
    "A": 0.000852394081650021,
    "B": 0.11884185718225611,
    "C": 0.8781290841950772,
    "D": 0.002176664541016723
  }
}