{
  "question_id": "gpqa_gpqa_diamond_0023",
  "method": "faithful_monitor",
  "prefix_length": 369,
  "keep_m": 5,
  "kl_to_baseline": 0.20164068787655462,
  "token_kl": 0.24523742777840027,
  "selected_indices": [
    36,
    45,
    66,
    311,
    349
  ],
  "distribution": {
    "A": 0.12328243869610576,
    "B": 0.05139176638575055,
    "C": 0.8039025193877337,
    "D": 0.021423275530410048
  }
}