{
  "question_id": "gpqa_gpqa_diamond_0023",
  "method": "faithful_monitor",
  "prefix_length": 299,
  "keep_m": 20,
  "kl_to_baseline": 0.15124735661042923,
  "token_kl": 0.7481780153928268,
  "selected_indices": [
    1,
    2,
    3,
    4,
    5,
    6,
    8,
    10,
    11,
    14,
    19,
    24,
    26,
    28,
    33,
    36,
    39,
    45,
    59,
    289
  ],
  "distribution": {
    "A": 0.6355006647338226,
    "B": 0.16067972162768943,
    "C": 0.18207397800162453,
    "D": 0.02174563563686343
  }
}