{
  "question_id": "gpqa_gpqa_diamond_0009",
  "method": "faithful_monitor",
  "prefix_length": 118,
  "keep_m": 3,
  "kl_to_baseline": 0.36029026722489105,
  "token_kl": 0.1708801677112616,
  "selected_indices": [
    7,
    43,
    75
  ],
  "distribution": {
    "A": 0.219481796263297,
    "B": 0.0489730083498945,
    "C": 0.05549368865371173,
    "D": 0.6760515067330967
  }
}