{
  "question_id": "gpqa_gpqa_diamond_0023",
  "method": "faithful_monitor",
  "prefix_length": 185,
  "keep_m": 5,
  "kl_to_baseline": 0.11006424454874003,
  "token_kl": 0.778114180486619,
  "selected_indices": [
    6,
    24,
    28,
    45,
    66
  ],
  "distribution": {
    "A": 0.37444798455447037,
    "B": 0.20042756311868262,
    "C": 0.3304491865483646,
    "D": 0.0946752657784824
  }
}