{
  "question_id": "gpqa_gpqa_diamond_0023",
  "method": "faithful_monitor",
  "prefix_length": 291,
  "keep_m": 15,
  "kl_to_baseline": 0.027883675727057074,
  "token_kl": 0.5055245613484188,
  "selected_indices": [
    1,
    2,
    3,
    4,
    6,
    14,
    19,
    24,
    28,
    33,
    36,
    45,
    54,
    58,
    79
  ],
  "distribution": {
    "A": 0.5279254937271608,
    "B": 0.24937436043986685,
    "C": 0.15125319535300846,
    "D": 0.07144695047996388
  }
}