{
  "question_id": "gpqa_gpqa_diamond_0031",
  "method": "faithful_monitor",
  "prefix_length": 74,
  "keep_m": 10,
  "kl_to_baseline": 0.18744715206524987,
  "token_kl": 0.24127278046622194,
  "selected_indices": [
    5,
    6,
    7,
    10,
    15,
    16,
    24,
    55,
    65,
    66
  ],
  "distribution": {
    "A": 0.7686356271318542,
    "B": 0.026301266395436996,
    "C": 0.07149425450817692,
    "D": 0.133568851964532
  }
}