{
  "question_id": "gpqa_gpqa_diamond_0023",
  "method": "faithful_monitor",
  "prefix_length": 178,
  "keep_m": 10,
  "kl_to_baseline": 0.16531084392721687,
  "token_kl": 0.3787994174832084,
  "selected_indices": [
    1,
    2,
    6,
    14,
    24,
    28,
    33,
    45,
    66,
    104
  ],
  "distribution": {
    "A": 0.4110588735207212,
    "B": 0.08616262067944604,
    "C": 0.4110588735207212,
    "D": 0.09171963227911167
  }
}