{
  "question_id": "gpqa_gpqa_diamond_0001",
  "method": "faithful_monitor",
  "prefix_length": 380,
  "keep_m": 20,
  "kl_to_baseline": 0.3030929068798111,
  "token_kl": 0.8190942783662232,
  "selected_indices": [
    0,
    3,
    6,
    9,
    11,
    15,
    18,
    21,
    49,
    51,
    62,
    64,
    68,
    104,
    138,
    167,
    178,
    295,
    297,
    315
  ],
  "distribution": {
    "A": 0.22029937974823469,
    "B": 0.13361834406152764,
    "C": 0.28287000287727804,
    "D": 0.3632122733129596
  }
}