{
  "question_id": "gpqa_gpqa_diamond_0031",
  "method": "faithful_monitor",
  "prefix_length": 198,
  "keep_m": 5,
  "kl_to_baseline": 0.02918934734812242,
  "token_kl": 0.10288370490725186,
  "selected_indices": [
    7,
    20,
    54,
    119,
    129
  ],
  "distribution": {
    "A": 0.9378194965387827,
    "B": 0.011805403461015706,
    "C": 0.028319697449885467,
    "D": 0.02205540255031607
  }
}