{
  "question_id": "gpqa_gpqa_diamond_0017",
  "method": "faithful_monitor",
  "prefix_length": 120,
  "keep_m": 10,
  "kl_to_baseline": 0.13708315232598609,
  "token_kl": 0.1742898113196514,
  "selected_indices": [
    4,
    8,
    10,
    12,
    29,
    52,
    54,
    74,
    96,
    98
  ],
  "distribution": {
    "A": 0.8632314956076197,
    "B": 0.023004341864212147,
    "C": 0.08029304261679748,
    "D": 0.03347111991137074
  }
}