{
  "question_id": "gpqa_gpqa_diamond_0001",
  "method": "faithful_monitor",
  "prefix_length": 258,
  "keep_m": 5,
  "kl_to_baseline": 0.08708822020657322,
  "token_kl": 0.7347026666654782,
  "selected_indices": [
    11,
    15,
    52,
    66,
    138
  ],
  "distribution": {
    "A": 0.28421364612008754,
    "B": 0.17238429028054963,
    "C": 0.2213458101579033,
    "D": 0.32205625344145955
  }
}