{
  "question_id": "gpqa_gpqa_diamond_0031",
  "method": "faithful_monitor",
  "prefix_length": 183,
  "keep_m": 3,
  "kl_to_baseline": 0.008416328163295676,
  "token_kl": 0.10470575372936633,
  "selected_indices": [
    7,
    65,
    129
  ],
  "distribution": {
    "A": 0.9508718650837974,
    "B": 0.0044034111862133905,
    "C": 0.02236236186499463,
    "D": 0.02236236186499463
  }
}