{
  "question_id": "gpqa_gpqa_diamond_0023",
  "method": "faithful_monitor",
  "prefix_length": 70,
  "keep_m": 15,
  "kl_to_baseline": 0.29487035957337576,
  "token_kl": 0.17664110242821163,
  "selected_indices": [
    1,
    2,
    3,
    4,
    6,
    10,
    11,
    13,
    16,
    19,
    24,
    28,
    33,
    39,
    45
  ],
  "distribution": {
    "A": 0.5835536179430444,
    "B": 0.14754546968551183,
    "C": 0.2432613542659443,
    "D": 0.025639558105499498
  }
}