{
  "question_id": "gpqa_gpqa_diamond_0001",
  "method": "faithful_monitor",
  "prefix_length": 337,
  "keep_m": 5,
  "kl_to_baseline": 0.04138650827945728,
  "token_kl": 0.5872292051078534,
  "selected_indices": [
    15,
    21,
    66,
    296,
    297
  ],
  "distribution": {
    "A": 0.326335441791527,
    "B": 0.10594560636409635,
    "C": 0.19793245079742855,
    "D": 0.36978650104694816
  }
}