{
  "question_id": "gpqa_gpqa_diamond_0023",
  "method": "faithful_monitor",
  "prefix_length": 70,
  "keep_m": 5,
  "kl_to_baseline": 0.10378756408404952,
  "token_kl": 0.2181198616623652,
  "selected_indices": [
    1,
    24,
    28,
    39,
    45
  ],
  "distribution": {
    "A": 0.24627469645208172,
    "B": 0.27906579131417864,
    "C": 0.3583275689754825,
    "D": 0.11633194325825712
  }
}