{
  "question_id": "gpqa_gpqa_diamond_0026",
  "method": "faithful_monitor",
  "prefix_length": 86,
  "keep_m": 3,
  "kl_to_baseline": 0.26049544999300517,
  "token_kl": 0.40095676306554023,
  "selected_indices": [
    16,
    23,
    47
  ],
  "distribution": {
    "A": 0.07917646188591779,
    "B": 0.7512053324434332,
    "C": 0.054417133386793326,
    "D": 0.11520107228385562
  }
}