{
  "question_id": "gpqa_gpqa_diamond_0001",
  "method": "faithful_monitor",
  "prefix_length": 299,
  "keep_m": 3,
  "kl_to_baseline": 0.15982571240228663,
  "token_kl": 0.8519374081628389,
  "selected_indices": [
    21,
    68,
    138
  ],
  "distribution": {
    "A": 0.20590200803271982,
    "B": 0.12488589565579951,
    "C": 0.23331754188562973,
    "D": 0.43589455442585096
  }
}