{
  "question_id": "gpqa_gpqa_diamond_0020",
  "method": "faithful_monitor",
  "prefix_length": 58,
  "keep_m": 20,
  "kl_to_baseline": 0.04640892288033336,
  "token_kl": 0.25190258895266954,
  "selected_indices": [
    0,
    2,
    8,
    9,
    11,
    19,
    21,
    22,
    24,
    30,
    31,
    33,
    34,
    36,
    40,
    41,
    43,
    45,
    47,
    52
  ],
  "distribution": {
    "A": 0.4870829399905394,
    "B": 0.4870829399905394,
    "C": 0.006947863746733139,
    "D": 0.01888625627218792
  }
}