{
  "question_id": "gpqa_gpqa_diamond_0023",
  "method": "faithful_monitor",
  "prefix_length": 170,
  "keep_m": 5,
  "kl_to_baseline": 0.03501844313888083,
  "token_kl": 0.7645968187334317,
  "selected_indices": [
    6,
    19,
    24,
    28,
    45
  ],
  "distribution": {
    "A": 0.538583667435727,
    "B": 0.15430679503348718,
    "C": 0.22451506199097437,
    "D": 0.08259447553981139
  }
}