{
  "question_id": "gpqa_gpqa_diamond_0009",
  "method": "faithful_monitor",
  "prefix_length": 43,
  "keep_m": 20,
  "kl_to_baseline": 0.37755967453765626,
  "token_kl": 0.09794148822493168,
  "selected_indices": [
    0,
    1,
    3,
    4,
    5,
    6,
    7,
    9,
    12,
    13,
    14,
    15,
    16,
    18,
    19,
    20,
    21,
    23,
    36,
    37
  ],
  "distribution": {
    "A": 0.27699972275802165,
    "B": 0.037487840404818604,
    "C": 0.16800882458463942,
    "D": 0.5175036122525203
  }
}