{
  "question_id": "gpqa_gpqa_diamond_0023",
  "method": "faithful_monitor",
  "prefix_length": 309,
  "keep_m": 3,
  "kl_to_baseline": 0.19185554436954158,
  "token_kl": 0.8121500033433957,
  "selected_indices": [
    28,
    45,
    66
  ],
  "distribution": {
    "A": 0.40202865642572594,
    "B": 0.16759047768626525,
    "C": 0.21519043294400442,
    "D": 0.21519043294400442
  }
}