{
  "question_id": "gpqa_gpqa_diamond_0031",
  "method": "faithful_monitor",
  "prefix_length": 202,
  "keep_m": 5,
  "kl_to_baseline": 0.1293919307037703,
  "token_kl": 0.2715668892814976,
  "selected_indices": [
    7,
    15,
    54,
    117,
    129
  ],
  "distribution": {
    "A": 0.8015276103743227,
    "B": 0.024204035852711643,
    "C": 0.10847496293916845,
    "D": 0.06579339083379729
  }
}