{
  "question_id": "gpqa_gpqa_diamond_0023",
  "method": "faithful_monitor",
  "prefix_length": 323,
  "keep_m": 15,
  "kl_to_baseline": 0.12657070993131692,
  "token_kl": 1.2530083940217613,
  "selected_indices": [
    1,
    2,
    3,
    6,
    9,
    11,
    14,
    19,
    24,
    28,
    33,
    36,
    45,
    59,
    79
  ],
  "distribution": {
    "A": 0.4528218291405944,
    "B": 0.18876422225006462,
    "C": 0.2746503227609261,
    "D": 0.08376362584841504
  }
}