{
  "question_id": "gpqa_gpqa_diamond_0002",
  "method": "faithful_monitor",
  "prefix_length": 102,
  "keep_m": 10,
  "kl_to_baseline": 0.008002457345964132,
  "token_kl": 0.665874540717192,
  "selected_indices": [
    0,
    11,
    21,
    23,
    50,
    55,
    56,
    58,
    83,
    93
  ],
  "distribution": {
    "A": 0.0035693527828582483,
    "B": 0.004583139694315112,
    "C": 0.002164921898134137,
    "D": 0.9896825856246925
  }
}