{
  "question_id": "gpqa_gpqa_diamond_0009",
  "method": "faithful_monitor",
  "prefix_length": 74,
  "keep_m": 20,
  "kl_to_baseline": 0.6300239877360787,
  "token_kl": 0.2250636107067301,
  "selected_indices": [
    1,
    3,
    4,
    5,
    6,
    7,
    9,
    10,
    14,
    15,
    16,
    18,
    21,
    23,
    24,
    29,
    30,
    32,
    41,
    58
  ],
  "distribution": {
    "A": 0.3960772507469865,
    "B": 0.053603226913422286,
    "C": 0.04174623509532748,
    "D": 0.5085732872442636
  }
}