{
  "question_id": "gpqa_gpqa_diamond_0026",
  "method": "faithful_monitor",
  "prefix_length": 85,
  "keep_m": 20,
  "kl_to_baseline": 0.025740457753019075,
  "token_kl": 0.2205142862533984,
  "selected_indices": [
    1,
    2,
    3,
    6,
    8,
    10,
    14,
    16,
    18,
    23,
    25,
    26,
    32,
    33,
    39,
    41,
    43,
    46,
    47,
    54
  ],
  "distribution": {
    "A": 0.02566433219542725,
    "B": 0.9630469607094425,
    "C": 0.0039357528129269756,
    "D": 0.007352954282203321
  }
}