{
  "question_id": "gpqa_gpqa_diamond_0023",
  "method": "faithful_monitor",
  "prefix_length": 85,
  "keep_m": 5,
  "kl_to_baseline": 0.221681868657252,
  "token_kl": 0.9410804457569802,
  "selected_indices": [
    13,
    24,
    28,
    45,
    59
  ],
  "distribution": {
    "A": 0.43940420265899854,
    "B": 0.20755984846994535,
    "C": 0.26651212091926607,
    "D": 0.08652382795179002
  }
}