{
  "question_id": "gpqa_gpqa_diamond_0004",
  "method": "faithful_monitor",
  "prefix_length": 119,
  "keep_m": 3,
  "kl_to_baseline": 0.052572482629709455,
  "token_kl": 0.842800276774616,
  "selected_indices": [
    4,
    12,
    65
  ],
  "distribution": {
    "A": 0.015293768205063337,
    "B": 0.03668783395172368,
    "C": 0.9461918177104991,
    "D": 0.0018265801327138947
  }
}