{
  "question_id": "gpqa_gpqa_diamond_0023",
  "method": "faithful_monitor",
  "prefix_length": 47,
  "keep_m": 20,
  "kl_to_baseline": 0.2154456627911691,
  "token_kl": 0.18471067513878425,
  "selected_indices": [
    1,
    2,
    3,
    4,
    5,
    6,
    7,
    8,
    9,
    10,
    11,
    13,
    14,
    16,
    19,
    24,
    26,
    28,
    33,
    35
  ],
  "distribution": {
    "A": 0.4877733767788076,
    "B": 0.23040784224122665,
    "C": 0.23040784224122665,
    "D": 0.05141093873873906
  }
}