{
  "question_id": "gpqa_gpqa_diamond_0009",
  "method": "faithful_monitor",
  "prefix_length": 79,
  "keep_m": 20,
  "kl_to_baseline": 0.07631088290089483,
  "token_kl": 0.5762518212809837,
  "selected_indices": [
    3,
    4,
    5,
    6,
    7,
    9,
    10,
    12,
    14,
    16,
    18,
    21,
    23,
    24,
    37,
    38,
    40,
    41,
    58,
    71
  ],
  "distribution": {
    "A": 0.15188108413091503,
    "B": 0.03840155192204725,
    "C": 0.03840155192204725,
    "D": 0.7713158120249904
  }
}