{
  "question_id": "gpqa_gpqa_diamond_0023",
  "method": "faithful_monitor",
  "prefix_length": 365,
  "keep_m": 20,
  "kl_to_baseline": 0.21324483050992715,
  "token_kl": 0.41162245343203596,
  "selected_indices": [
    0,
    1,
    2,
    3,
    4,
    5,
    14,
    19,
    24,
    26,
    28,
    33,
    36,
    38,
    45,
    46,
    59,
    66,
    311,
    349
  ],
  "distribution": {
    "A": 0.12302360804226477,
    "B": 0.05811223763668638,
    "C": 0.8022147194818589,
    "D": 0.016649434839189927
  }
}