{
  "question_id": "gpqa_gpqa_diamond_0002",
  "method": "faithful_monitor",
  "prefix_length": 64,
  "keep_m": 5,
  "kl_to_baseline": 0.09737001770267627,
  "token_kl": 1.6592296122624612,
  "selected_indices": [
    0,
    3,
    11,
    50,
    56
  ],
  "distribution": {
    "A": 0.065442703577114,
    "B": 0.014602240929707671,
    "C": 0.01654650672080734,
    "D": 0.9034085487723711
  }
}