{
  "question_id": "gpqa_gpqa_diamond_0023",
  "method": "faithful_monitor",
  "prefix_length": 289,
  "keep_m": 5,
  "kl_to_baseline": 0.1271689492715192,
  "token_kl": 0.47720554657743053,
  "selected_indices": [
    6,
    24,
    28,
    45,
    66
  ],
  "distribution": {
    "A": 0.4392175912406816,
    "B": 0.1830931212497193,
    "C": 0.23509622130533,
    "D": 0.14259306620426906
  }
}