{
  "question_id": "gpqa_gpqa_diamond_0026",
  "method": "faithful_monitor",
  "prefix_length": 18,
  "keep_m": 3,
  "kl_to_baseline": 0.058498134922545394,
  "token_kl": 0.19287936570141254,
  "selected_indices": [
    1,
    8,
    10
  ],
  "distribution": {
    "A": 0.012489259580226774,
    "B": 0.8755647841051387,
    "C": 0.05597297815731729,
    "D": 0.05597297815731729
  }
}