{
  "question_id": "gpqa_gpqa_diamond_0002",
  "method": "faithful_monitor",
  "prefix_length": 32,
  "keep_m": 20,
  "kl_to_baseline": 0.10962007363569123,
  "token_kl": 0.0008896254067464237,
  "selected_indices": [
    0,
    3,
    5,
    6,
    7,
    8,
    9,
    10,
    11,
    12,
    13,
    14,
    18,
    19,
    21,
    22,
    23,
    24,
    25,
    26
  ],
  "distribution": {
    "A": 0.3833677286549997,
    "B": 0.2325242813736508,
    "C": 0.08554090269052987,
    "D": 0.29856708728081965
  }
}