{
  "question_id": "gpqa_gpqa_diamond_0009",
  "method": "faithful_monitor",
  "prefix_length": 116,
  "keep_m": 20,
  "kl_to_baseline": 0.09844381981908697,
  "token_kl": 0.1717490802186708,
  "selected_indices": [
    4,
    5,
    6,
    7,
    9,
    14,
    16,
    21,
    23,
    24,
    37,
    38,
    40,
    41,
    44,
    58,
    59,
    74,
    75,
    83
  ],
  "distribution": {
    "A": 0.06399451014567052,
    "B": 0.018334734129452707,
    "C": 0.03425379291794462,
    "D": 0.8834169628069322
  }
}