{
  "question_id": "gpqa_gpqa_diamond_0031",
  "method": "faithful_monitor",
  "prefix_length": 268,
  "keep_m": 15,
  "kl_to_baseline": 0.007271648545604272,
  "token_kl": 1.3604609665125058,
  "selected_indices": [
    1,
    5,
    6,
    7,
    10,
    11,
    15,
    16,
    20,
    24,
    39,
    46,
    54,
    65,
    129
  ],
  "distribution": {
    "A": 0.9459263810073901,
    "B": 0.008183867434274354,
    "C": 0.017325247494314737,
    "D": 0.0285645040640208
  }
}