{
  "question_id": "gpqa_gpqa_diamond_0017",
  "method": "faithful_monitor",
  "prefix_length": 103,
  "keep_m": 10,
  "kl_to_baseline": 0.07633992650070767,
  "token_kl": 0.6440436057750193,
  "selected_indices": [
    4,
    8,
    10,
    12,
    29,
    52,
    54,
    61,
    74,
    96
  ],
  "distribution": {
    "A": 0.8182401725053567,
    "B": 0.03172661734156728,
    "C": 0.09772486129467052,
    "D": 0.05230834885840552
  }
}