{
  "question_id": "gpqa_gpqa_diamond_0031",
  "method": "faithful_monitor",
  "prefix_length": 96,
  "keep_m": 20,
  "kl_to_baseline": 0.030020975789725575,
  "token_kl": 0.21913873382846896,
  "selected_indices": [
    1,
    2,
    7,
    10,
    11,
    15,
    16,
    22,
    29,
    30,
    33,
    45,
    54,
    65,
    66,
    67,
    70,
    74,
    77,
    89
  ],
  "distribution": {
    "A": 0.8903990928681603,
    "B": 0.02094018082462645,
    "C": 0.044330363153606604,
    "D": 0.044330363153606604
  }
}