{
  "question_id": "gpqa_gpqa_diamond_0020",
  "method": "faithful_monitor",
  "prefix_length": 34,
  "keep_m": 15,
  "kl_to_baseline": 0.07449357614425425,
  "token_kl": 0.027532179135304882,
  "selected_indices": [
    0,
    1,
    2,
    4,
    6,
    7,
    8,
    9,
    11,
    14,
    16,
    19,
    21,
    22,
    24
  ],
  "distribution": {
    "A": 0.4934439811233099,
    "B": 0.2992889034019494,
    "C": 0.09716488094241767,
    "D": 0.11010223453232292
  }
}