{
  "question_id": "gpqa_gpqa_diamond_0001",
  "method": "faithful_monitor",
  "prefix_length": 221,
  "keep_m": 5,
  "kl_to_baseline": 0.05304230461246205,
  "token_kl": 0.9994078978366698,
  "selected_indices": [
    11,
    15,
    49,
    64,
    138
  ],
  "distribution": {
    "A": 0.2809665401404391,
    "B": 0.1171242654227248,
    "C": 0.1931052907375171,
    "D": 0.40880390369931907
  }
}