{
  "question_id": "gpqa_gpqa_diamond_0023",
  "method": "faithful_monitor",
  "prefix_length": 172,
  "keep_m": 5,
  "kl_to_baseline": 0.11707965093224873,
  "token_kl": 0.7319642511320711,
  "selected_indices": [
    6,
    24,
    28,
    45,
    59
  ],
  "distribution": {
    "A": 0.5349680218432725,
    "B": 0.11936748615846404,
    "C": 0.25270100030478654,
    "D": 0.09296349169347688
  }
}