{
  "question_id": "gpqa_gpqa_diamond_0017",
  "method": "faithful_monitor",
  "prefix_length": 119,
  "keep_m": 5,
  "kl_to_baseline": 0.08936719594708814,
  "token_kl": 0.09048772696194536,
  "selected_indices": [
    4,
    29,
    74,
    96,
    98
  ],
  "distribution": {
    "A": 0.9084439230691663,
    "B": 0.024209209628627493,
    "C": 0.0399142388615565,
    "D": 0.02743262844064976
  }
}