{
  "question_id": "gpqa_gpqa_diamond_0001",
  "method": "faithful_monitor",
  "prefix_length": 367,
  "keep_m": 10,
  "kl_to_baseline": 0.15390665984007232,
  "token_kl": 0.4991538812313068,
  "selected_indices": [
    11,
    15,
    21,
    66,
    68,
    134,
    167,
    295,
    298,
    323
  ],
  "distribution": {
    "A": 0.26247719372968253,
    "B": 0.12398543239500942,
    "C": 0.23163531046554162,
    "D": 0.38190206340976646
  }
}