{
  "question_id": "gpqa_gpqa_diamond_0009",
  "method": "faithful_monitor",
  "prefix_length": 99,
  "keep_m": 20,
  "kl_to_baseline": 0.15460468764909854,
  "token_kl": 0.31107571618202257,
  "selected_indices": [
    1,
    5,
    6,
    7,
    9,
    10,
    12,
    14,
    16,
    18,
    21,
    24,
    36,
    38,
    40,
    44,
    49,
    51,
    58,
    75
  ],
  "distribution": {
    "A": 0.2172742523118918,
    "B": 0.02290054044088925,
    "C": 0.09057339444006239,
    "D": 0.6692518128071565
  }
}