{
  "question_id": "gpqa_gpqa_diamond_0001",
  "method": "faithful_monitor",
  "prefix_length": 214,
  "keep_m": 10,
  "kl_to_baseline": 0.33894613259156553,
  "token_kl": 0.9139670400091188,
  "selected_indices": [
    4,
    9,
    11,
    15,
    18,
    21,
    63,
    66,
    104,
    167
  ],
  "distribution": {
    "A": 0.16748250596991876,
    "B": 0.5158824367875585,
    "C": 0.1015832627265906,
    "D": 0.2150517945159321
  }
}