{
  "question_id": "gpqa_gpqa_diamond_0002",
  "method": "faithful_monitor",
  "prefix_length": 77,
  "keep_m": 20,
  "kl_to_baseline": 1.756448514433539,
  "token_kl": 0.08335908299407015,
  "selected_indices": [
    0,
    3,
    5,
    7,
    8,
    10,
    11,
    13,
    14,
    16,
    19,
    22,
    23,
    24,
    25,
    28,
    30,
    32,
    36,
    58
  ],
  "distribution": {
    "A": 0.5269642010108049,
    "B": 0.15097778036216972,
    "C": 0.15097778036216972,
    "D": 0.17108023826485572
  }
}