{
  "question_id": "gpqa_gpqa_diamond_0031",
  "method": "faithful_monitor",
  "prefix_length": 143,
  "keep_m": 20,
  "kl_to_baseline": 0.023157450025781227,
  "token_kl": 0.5942358538149455,
  "selected_indices": [
    1,
    2,
    5,
    6,
    7,
    10,
    11,
    15,
    16,
    21,
    24,
    33,
    54,
    65,
    67,
    74,
    89,
    117,
    129,
    135
  ],
  "distribution": {
    "A": 0.8879261388097189,
    "B": 0.020882019093269994,
    "C": 0.056763213042770655,
    "D": 0.03442862905424045
  }
}