{
  "question_id": "gpqa_gpqa_diamond_0031",
  "method": "faithful_monitor",
  "prefix_length": 200,
  "keep_m": 15,
  "kl_to_baseline": 0.0489886954319333,
  "token_kl": 0.7461125869510327,
  "selected_indices": [
    1,
    5,
    6,
    7,
    10,
    11,
    15,
    16,
    22,
    24,
    37,
    46,
    54,
    65,
    129
  ],
  "distribution": {
    "A": 0.9052028342653797,
    "B": 0.014631239150638667,
    "C": 0.04506740009725058,
    "D": 0.03509852648673106
  }
}