{
  "question_id": "gpqa_gpqa_diamond_0031",
  "method": "faithful_monitor",
  "prefix_length": 130,
  "keep_m": 3,
  "kl_to_baseline": 0.01068571541673042,
  "token_kl": 0.5012407331182156,
  "selected_indices": [
    7,
    15,
    55
  ],
  "distribution": {
    "A": 0.8222153524432232,
    "B": 0.024828754103331015,
    "C": 0.07647794672672291,
    "D": 0.07647794672672291
  }
}