{
  "question_id": "gpqa_gpqa_diamond_0031",
  "method": "faithful_monitor",
  "prefix_length": 60,
  "keep_m": 10,
  "kl_to_baseline": 0.0813073487795908,
  "token_kl": 0.0008901841712406355,
  "selected_indices": [
    1,
    5,
    6,
    7,
    10,
    15,
    16,
    31,
    45,
    50
  ],
  "distribution": {
    "A": 0.8335609242194121,
    "B": 0.028522885474873284,
    "C": 0.06038294902414817,
    "D": 0.07753324128156651
  }
}