{
  "question_id": "gpqa_gpqa_diamond_0031",
  "method": "faithful_monitor",
  "prefix_length": 168,
  "keep_m": 3,
  "kl_to_baseline": 1.68390273550264,
  "token_kl": 0.11521250502081262,
  "selected_indices": [
    20,
    117,
    129
  ],
  "distribution": {
    "A": 0.1723429934156081,
    "B": 0.09224855685087732,
    "C": 0.41342934899303657,
    "D": 0.321979100740478
  }
}