{
  "question_id": "gpqa_gpqa_diamond_0031",
  "method": "faithful_monitor",
  "prefix_length": 92,
  "keep_m": 5,
  "kl_to_baseline": 0.05147782635295355,
  "token_kl": 0.66159042946656,
  "selected_indices": [
    7,
    15,
    46,
    65,
    67
  ],
  "distribution": {
    "A": 0.9734800617974146,
    "B": 0.007432612213513982,
    "C": 0.009543662994535686,
    "D": 0.009543662994535686
  }
}