{
  "question_id": "gpqa_gpqa_diamond_0009",
  "method": "faithful_monitor",
  "prefix_length": 101,
  "keep_m": 5,
  "kl_to_baseline": 0.02558222338631958,
  "token_kl": 0.23474207305554026,
  "selected_indices": [
    7,
    9,
    40,
    58,
    80
  ],
  "distribution": {
    "A": 0.11381795523909426,
    "B": 0.025396218580265917,
    "C": 0.01977859491736366,
    "D": 0.8410072312632761
  }
}