{
  "question_id": "gpqa_gpqa_diamond_0031",
  "method": "faithful_monitor",
  "prefix_length": 117,
  "keep_m": 15,
  "kl_to_baseline": 0.050479061178651495,
  "token_kl": 0.46605976724674075,
  "selected_indices": [
    1,
    5,
    6,
    7,
    10,
    15,
    16,
    22,
    30,
    36,
    54,
    65,
    66,
    67,
    105
  ],
  "distribution": {
    "A": 0.916536016378661,
    "B": 0.027676989094531538,
    "C": 0.03136213737801583,
    "D": 0.024424857148791706
  }
}