{
  "question_id": "gpqa_gpqa_diamond_0031",
  "method": "faithful_monitor",
  "prefix_length": 63,
  "keep_m": 3,
  "kl_to_baseline": 0.1790482028385698,
  "token_kl": 0.002985532937441993,
  "selected_indices": [
    15,
    32,
    55
  ],
  "distribution": {
    "A": 0.7854941091794331,
    "B": 0.02687812715689592,
    "C": 0.09381388183183556,
    "D": 0.09381388183183556
  }
}