{
  "question_id": "gpqa_gpqa_diamond_0007",
  "method": "faithful_monitor",
  "prefix_length": 216,
  "keep_m": 10,
  "kl_to_baseline": 0.010865971046596038,
  "token_kl": 0.025410212062897796,
  "selected_indices": [
    5,
    6,
    7,
    8,
    15,
    29,
    42,
    84,
    198,
    207
  ],
  "distribution": {
    "A": 0.9851331561584775,
    "B": 0.0027670364702427684,
    "C": 0.009657906256951917,
    "D": 0.002441901114327855
  }
}