{
  "question_id": "gpqa_gpqa_diamond_0023",
  "method": "faithful_monitor",
  "prefix_length": 75,
  "keep_m": 3,
  "kl_to_baseline": 0.1625063903947338,
  "token_kl": 0.35860296204435654,
  "selected_indices": [
    13,
    28,
    45
  ],
  "distribution": {
    "A": 0.4358945462590411,
    "B": 0.20590201644770817,
    "C": 0.23331755142106078,
    "D": 0.12488588587218993
  }
}