{
  "question_id": "gpqa_gpqa_diamond_0009",
  "method": "faithful_monitor",
  "prefix_length": 73,
  "keep_m": 10,
  "kl_to_baseline": 0.004926564010954616,
  "token_kl": 0.6824123291163983,
  "selected_indices": [
    1,
    7,
    9,
    14,
    16,
    18,
    28,
    37,
    40,
    58
  ],
  "distribution": {
    "A": 0.00517246910784376,
    "B": 0.004564687966386624,
    "C": 0.004564687966386624,
    "D": 0.985698154959383
  }
}