{
  "question_id": "gpqa_gpqa_diamond_0001",
  "method": "faithful_monitor",
  "prefix_length": 331,
  "keep_m": 3,
  "kl_to_baseline": 0.08223274454951578,
  "token_kl": 0.43646037844152547,
  "selected_indices": [
    52,
    68,
    295
  ],
  "distribution": {
    "A": 0.2618289811220115,
    "B": 0.14014697116985944,
    "C": 0.2618289811220115,
    "D": 0.3361950665861176
  }
}