{
  "question_id": "gpqa_gpqa_diamond_0020",
  "method": "faithful_monitor",
  "prefix_length": 72,
  "keep_m": 15,
  "kl_to_baseline": 0.8255508959544628,
  "token_kl": 1.7158965694134716,
  "selected_indices": [
    0,
    2,
    4,
    8,
    11,
    14,
    19,
    21,
    22,
    30,
    33,
    36,
    40,
    41,
    53
  ],
  "distribution": {
    "A": 0.376735408582443,
    "B": 0.426897145450694,
    "C": 0.05777424264885781,
    "D": 0.13859320331800523
  }
}