{
  "question_id": "gpqa_gpqa_diamond_0011",
  "method": "faithful_monitor",
  "prefix_length": 67,
  "keep_m": 10,
  "kl_to_baseline": 0.7187126644915216,
  "token_kl": 1.6724632911191781,
  "selected_indices": [
    1,
    2,
    3,
    5,
    7,
    11,
    15,
    27,
    33,
    41
  ],
  "distribution": {
    "A": 0.04965315043250128,
    "B": 0.7767058846629156,
    "C": 0.1529424523318899,
    "D": 0.020698512572693287
  }
}