{
  "question_id": "gpqa_gpqa_diamond_0017",
  "method": "faithful_monitor",
  "prefix_length": 129,
  "keep_m": 10,
  "kl_to_baseline": 0.0026861715175638488,
  "token_kl": 0.14244293122093812,
  "selected_indices": [
    4,
    21,
    29,
    45,
    66,
    74,
    77,
    47,
    98,
    107
  ],
  "distribution": {
    "A": 0.9953388981445913,
    "B": 0.0024671984763809038,
    "C": 0.0011654220392159314,
    "D": 0.0010284813398118823
  }
}