{
  "question_id": "gpqa_gpqa_diamond_0023",
  "method": "faithful_monitor",
  "prefix_length": 364,
  "keep_m": 15,
  "kl_to_baseline": 0.19644356848209812,
  "token_kl": 0.9743322698303443,
  "selected_indices": [
    1,
    2,
    3,
    4,
    6,
    14,
    19,
    24,
    28,
    33,
    45,
    59,
    66,
    312,
    349
  ],
  "distribution": {
    "A": 0.059008000681439084,
    "B": 0.08585613438527885,
    "C": 0.8145802987020385,
    "D": 0.04055556623124346
  }
}