{
  "question_id": "gpqa_gpqa_diamond_0023",
  "method": "faithful_monitor",
  "prefix_length": 100,
  "keep_m": 10,
  "kl_to_baseline": 0.4059588127136114,
  "token_kl": 0.5434484753085326,
  "selected_indices": [
    1,
    6,
    14,
    19,
    24,
    28,
    45,
    58,
    61,
    75
  ],
  "distribution": {
    "A": 0.5552791692202022,
    "B": 0.12389952995519077,
    "C": 0.26229530697344144,
    "D": 0.05852599385116555
  }
}