{
  "question_id": "gpqa_gpqa_diamond_0001",
  "method": "faithful_monitor",
  "prefix_length": 283,
  "keep_m": 3,
  "kl_to_baseline": 0.07951842016983454,
  "token_kl": 0.6934398211086914,
  "selected_indices": [
    15,
    57,
    68
  ],
  "distribution": {
    "A": 0.27192074675019423,
    "B": 0.14554868734945953,
    "C": 0.18688821392224358,
    "D": 0.39564235197810277
  }
}