{
  "question_id": "gpqa_gpqa_diamond_0001",
  "method": "faithful_monitor",
  "prefix_length": 214,
  "keep_m": 3,
  "kl_to_baseline": 0.6723249799379027,
  "token_kl": 0.46290382586546397,
  "selected_indices": [
    15,
    63,
    138
  ],
  "distribution": {
    "A": 0.11960101589952167,
    "B": 0.6882562851251186,
    "C": 0.07254168307583803,
    "D": 0.11960101589952167
  }
}