{
  "question_id": "gpqa_gpqa_diamond_0031",
  "method": "faithful_monitor",
  "prefix_length": 170,
  "keep_m": 15,
  "kl_to_baseline": 0.059167048305766926,
  "token_kl": 0.020042108937555012,
  "selected_indices": [
    1,
    2,
    5,
    6,
    7,
    10,
    15,
    16,
    22,
    24,
    54,
    65,
    129,
    144,
    146
  ],
  "distribution": {
    "A": 0.8860384879488649,
    "B": 0.01838914379211028,
    "C": 0.0566425505456345,
    "D": 0.03892981771339033
  }
}