{
  "question_id": "gpqa_gpqa_diamond_0009",
  "method": "faithful_monitor",
  "prefix_length": 50,
  "keep_m": 3,
  "kl_to_baseline": 0.3300165161713963,
  "token_kl": 0.973743867330132,
  "selected_indices": [
    9,
    30,
    34
  ],
  "distribution": {
    "A": 0.8628387878418879,
    "B": 0.04295821244047441,
    "C": 0.013946492987206818,
    "D": 0.08025650673043092
  }
}