{
  "question_id": "gpqa_gpqa_diamond_0001",
  "method": "faithful_monitor",
  "prefix_length": 31,
  "keep_m": 20,
  "kl_to_baseline": 0.009034465396639022,
  "token_kl": 0.0986181263669991,
  "selected_indices": [
    0,
    2,
    3,
    4,
    7,
    8,
    9,
    10,
    11,
    12,
    14,
    15,
    16,
    18,
    19,
    20,
    21,
    23,
    24,
    25
  ],
  "distribution": {
    "A": 0.3888795637837316,
    "B": 0.07657492635733082,
    "C": 0.2672727549294688,
    "D": 0.2672727549294688
  }
}