{
  "question_id": "gpqa_gpqa_diamond_0023",
  "method": "faithful_monitor",
  "prefix_length": 365,
  "keep_m": 3,
  "kl_to_baseline": 1.030740794902791,
  "token_kl": 0.32890958854591384,
  "selected_indices": [
    24,
    28,
    59
  ],
  "distribution": {
    "A": 0.35339924261628175,
    "B": 0.21434747576599836,
    "C": 0.35339924261628175,
    "D": 0.07885403900143816
  }
}