{
  "question_id": "gpqa_gpqa_diamond_0023",
  "method": "faithful_monitor",
  "prefix_length": 190,
  "keep_m": 3,
  "kl_to_baseline": 0.14237598055109205,
  "token_kl": 0.23752477684779538,
  "selected_indices": [
    33,
    45,
    66
  ],
  "distribution": {
    "A": 0.2914852233515281,
    "B": 0.22700892019991345,
    "C": 0.3742744353722653,
    "D": 0.1072314210762932
  }
}