{
  "question_id": "gpqa_gpqa_diamond_0001",
  "method": "faithful_monitor",
  "prefix_length": 360,
  "keep_m": 20,
  "kl_to_baseline": 0.20649049433050953,
  "token_kl": 0.1355699766311887,
  "selected_indices": [
    0,
    1,
    2,
    6,
    9,
    11,
    14,
    15,
    18,
    21,
    51,
    58,
    62,
    68,
    104,
    138,
    241,
    248,
    296,
    315
  ],
  "distribution": {
    "A": 0.24968777247151133,
    "B": 0.10408534912150208,
    "C": 0.2829333131257948,
    "D": 0.3632935652811919
  }
}