{
  "question_id": "gpqa_gpqa_diamond_0020",
  "method": "faithful_monitor",
  "prefix_length": 75,
  "keep_m": 20,
  "kl_to_baseline": 1.6778688371846293,
  "token_kl": 0.815170024702547,
  "selected_indices": [
    8,
    11,
    14,
    19,
    21,
    22,
    24,
    30,
    33,
    35,
    36,
    37,
    40,
    41,
    45,
    46,
    47,
    52,
    53,
    55
  ],
  "distribution": {
    "A": 0.7165165525381443,
    "B": 0.1811637555311548,
    "C": 0.06664642909019401,
    "D": 0.03567326284050683
  }
}