{
  "question_id": "gpqa_gpqa_diamond_0009",
  "method": "faithful_monitor",
  "prefix_length": 71,
  "keep_m": 15,
  "kl_to_baseline": 0.031389180248814035,
  "token_kl": 0.094566803168219,
  "selected_indices": [
    1,
    7,
    9,
    10,
    12,
    14,
    15,
    18,
    21,
    24,
    36,
    37,
    38,
    40,
    58
  ],
  "distribution": {
    "A": 0.028498758359453272,
    "B": 0.008165030974542803,
    "C": 0.019586891079306827,
    "D": 0.9437493195866969
  }
}