{
  "question_id": "gpqa_gpqa_diamond_0001",
  "method": "faithful_monitor",
  "prefix_length": 310,
  "keep_m": 3,
  "kl_to_baseline": 0.36060999399634797,
  "token_kl": 0.18288279461335988,
  "selected_indices": [
    62,
    68,
    295
  ],
  "distribution": {
    "A": 0.16179279312295816,
    "B": 0.26675121946780656,
    "C": 0.1833352532446411,
    "D": 0.38812073416459414
  }
}