{
  "question_id": "gpqa_gpqa_diamond_0023",
  "method": "faithful_monitor",
  "prefix_length": 330,
  "keep_m": 15,
  "kl_to_baseline": 0.07003723132844356,
  "token_kl": 0.4705633594916969,
  "selected_indices": [
    1,
    2,
    3,
    4,
    6,
    14,
    24,
    26,
    28,
    33,
    36,
    45,
    66,
    79,
    312
  ],
  "distribution": {
    "A": 0.3481566048401048,
    "B": 0.3481566048401048,
    "C": 0.23928430184686914,
    "D": 0.06440248847292138
  }
}