{
  "question_id": "gpqa_gpqa_diamond_0023",
  "method": "faithful_monitor",
  "prefix_length": 361,
  "keep_m": 5,
  "kl_to_baseline": 0.04355219182512282,
  "token_kl": 0.33891003193170355,
  "selected_indices": [
    24,
    28,
    66,
    311,
    349
  ],
  "distribution": {
    "A": 0.01977508294637728,
    "B": 0.02240810464995559,
    "C": 0.952816887232425,
    "D": 0.00499992517124228
  }
}