{
  "question_id": "gpqa_gpqa_diamond_0001",
  "method": "faithful_monitor",
  "prefix_length": 430,
  "keep_m": 10,
  "kl_to_baseline": 0.21488043398175305,
  "token_kl": 0.36692515913197815,
  "selected_indices": [
    11,
    15,
    18,
    21,
    62,
    68,
    138,
    167,
    295,
    371
  ],
  "distribution": {
    "A": 0.4878385083313353,
    "B": 0.12334489861641391,
    "C": 0.1583779848422481,
    "D": 0.23043860821000262
  }
}