{
  "question_id": "gpqa_gpqa_diamond_0023",
  "method": "faithful_monitor",
  "prefix_length": 362,
  "keep_m": 5,
  "kl_to_baseline": 0.09354361368084475,
  "token_kl": 0.44427517224026203,
  "selected_indices": [
    6,
    24,
    28,
    59,
    349
  ],
  "distribution": {
    "A": 0.05769924713941241,
    "B": 0.030884181448312144,
    "C": 0.9025681031705947,
    "D": 0.008848468241680896
  }
}