{
  "question_id": "gpqa_gpqa_diamond_0001",
  "method": "faithful_monitor",
  "prefix_length": 328,
  "keep_m": 20,
  "kl_to_baseline": 0.1459640892504539,
  "token_kl": 0.3551504000062617,
  "selected_indices": [
    0,
    4,
    11,
    14,
    15,
    18,
    21,
    23,
    49,
    51,
    58,
    62,
    64,
    68,
    84,
    138,
    167,
    258,
    295,
    315
  ],
  "distribution": {
    "A": 0.21885988538510387,
    "B": 0.09123436297225701,
    "C": 0.2810216555278393,
    "D": 0.4088840961147998
  }
}