{
  "question_id": "gpqa_gpqa_diamond_0017",
  "method": "faithful_monitor",
  "prefix_length": 116,
  "keep_m": 20,
  "kl_to_baseline": 0.12761294469524173,
  "token_kl": 1.6511306188199544,
  "selected_indices": [
    1,
    2,
    4,
    8,
    10,
    12,
    14,
    18,
    20,
    22,
    24,
    27,
    29,
    31,
    43,
    45,
    54,
    61,
    74,
    98
  ],
  "distribution": {
    "A": 0.8761083499148212,
    "B": 0.02645617700227819,
    "C": 0.06346506938358566,
    "D": 0.0339704036993149
  }
}