{
  "question_id": "gpqa_gpqa_diamond_0009",
  "method": "faithful_monitor",
  "prefix_length": 114,
  "keep_m": 20,
  "kl_to_baseline": 0.04560667713155498,
  "token_kl": 0.047264508411055055,
  "selected_indices": [
    1,
    3,
    4,
    5,
    6,
    7,
    9,
    10,
    12,
    14,
    16,
    18,
    21,
    24,
    37,
    38,
    41,
    58,
    59,
    75
  ],
  "distribution": {
    "A": 0.06513658407867698,
    "B": 0.014533936436996861,
    "C": 0.021146752736437083,
    "D": 0.8991827267478891
  }
}