{
  "question_id": "gpqa_gpqa_diamond_0004",
  "method": "faithful_monitor",
  "prefix_length": 52,
  "keep_m": 10,
  "kl_to_baseline": 0.042821278885790424,
  "token_kl": 0.33316625449303544,
  "selected_indices": [
    1,
    4,
    6,
    11,
    12,
    13,
    22,
    32,
    41,
    44
  ],
  "distribution": {
    "A": 0.0031520679379008903,
    "B": 0.11828050495025187,
    "C": 0.8739811953239081,
    "D": 0.004586231787939093
  }
}