{
  "question_id": "gpqa_gpqa_diamond_0001",
  "method": "faithful_monitor",
  "prefix_length": 309,
  "keep_m": 3,
  "kl_to_baseline": 0.13020019152716644,
  "token_kl": 0.20636161143804777,
  "selected_indices": [
    21,
    68,
    295
  ],
  "distribution": {
    "A": 0.2534646653922829,
    "B": 0.22368178212333056,
    "C": 0.19739847988844153,
    "D": 0.325455072595945
  }
}