{
  "question_id": "gpqa_gpqa_diamond_0001",
  "method": "faithful_monitor",
  "prefix_length": 23,
  "keep_m": 3,
  "kl_to_baseline": 0.2711527770596923,
  "token_kl": 0.9224268103477988,
  "selected_indices": [
    6,
    8,
    11
  ],
  "distribution": {
    "A": 0.20582489387108635,
    "B": 0.11017012671820724,
    "C": 0.29947345349713306,
    "D": 0.38453152591357326
  }
}