{
  "question_id": "gpqa_gpqa_diamond_0011",
  "method": "faithful_monitor",
  "prefix_length": 39,
  "keep_m": 5,
  "kl_to_baseline": 0.04392854842435754,
  "token_kl": 0.0039336333477543025,
  "selected_indices": [
    1,
    3,
    5,
    7,
    24
  ],
  "distribution": {
    "A": 0.1627127383678893,
    "B": 0.26826795276100396,
    "C": 0.5011905481276477,
    "D": 0.06782876074345906
  }
}