{
  "question_id": "gpqa_gpqa_diamond_0031",
  "method": "faithful_monitor",
  "prefix_length": 208,
  "keep_m": 15,
  "kl_to_baseline": 0.026737455165091094,
  "token_kl": 0.14140324226641032,
  "selected_indices": [
    1,
    5,
    6,
    7,
    10,
    11,
    20,
    24,
    39,
    45,
    54,
    65,
    67,
    129,
    145
  ],
  "distribution": {
    "A": 0.9143175512290624,
    "B": 0.014778567561918369,
    "C": 0.03545194060450954,
    "D": 0.03545194060450954
  }
}