{
  "question_id": "gpqa_gpqa_diamond_0001",
  "method": "faithful_monitor",
  "prefix_length": 321,
  "keep_m": 3,
  "kl_to_baseline": 0.16855778534742166,
  "token_kl": 0.10691581132863945,
  "selected_indices": [
    52,
    64,
    296
  ],
  "distribution": {
    "A": 0.29539205153207015,
    "B": 0.17916433588961472,
    "C": 0.23005156104624502,
    "D": 0.29539205153207015
  }
}