{
  "question_id": "gpqa_gpqa_diamond_0009",
  "method": "faithful_monitor",
  "prefix_length": 48,
  "keep_m": 10,
  "kl_to_baseline": 0.09465186142110057,
  "token_kl": 0.3896688295866849,
  "selected_indices": [
    1,
    7,
    9,
    10,
    14,
    16,
    18,
    29,
    32,
    40
  ],
  "distribution": {
    "A": 0.6282512318325579,
    "B": 0.051569995352815375,
    "C": 0.14018178126127542,
    "D": 0.17999699155335122
  }
}