{
  "question_id": "gpqa_gpqa_diamond_0020",
  "method": "faithful_monitor",
  "prefix_length": 59,
  "keep_m": 5,
  "kl_to_baseline": 0.2134102987618653,
  "token_kl": 0.4934331739204456,
  "selected_indices": [
    11,
    21,
    33,
    47,
    53
  ],
  "distribution": {
    "A": 0.56815158133134,
    "B": 0.3041096451650832,
    "C": 0.06785603382836718,
    "D": 0.05988273967520956
  }
}