{
  "question_id": "gpqa_gpqa_diamond_0001",
  "method": "faithful_monitor",
  "prefix_length": 188,
  "keep_m": 5,
  "kl_to_baseline": 0.06749361220436301,
  "token_kl": 0.12225394081611386,
  "selected_indices": [
    11,
    15,
    49,
    64,
    138
  ],
  "distribution": {
    "A": 0.26982114154987297,
    "B": 0.12745449768431805,
    "C": 0.21013691632826142,
    "D": 0.39258744443754756
  }
}