{
  "question_id": "gpqa_gpqa_diamond_0023",
  "method": "faithful_monitor",
  "prefix_length": 371,
  "keep_m": 10,
  "kl_to_baseline": 1.3480651345066033,
  "token_kl": 0.2562898178419651,
  "selected_indices": [
    1,
    2,
    6,
    33,
    24,
    28,
    45,
    59,
    311,
    321
  ],
  "distribution": {
    "A": 0.5399900863511466,
    "B": 0.15470974999655177,
    "C": 0.25507325560401395,
    "D": 0.050226908048287645
  }
}