{
  "question_id": "gpqa_gpqa_diamond_0031",
  "method": "faithful_monitor",
  "prefix_length": 148,
  "keep_m": 20,
  "kl_to_baseline": 0.011687094125906808,
  "token_kl": 1.0061917230950188,
  "selected_indices": [
    1,
    2,
    5,
    6,
    7,
    10,
    11,
    15,
    16,
    24,
    30,
    45,
    54,
    55,
    65,
    67,
    74,
    105,
    117,
    129
  ],
  "distribution": {
    "A": 0.8389172110018757,
    "B": 0.025333103170235054,
    "C": 0.08842121824088416,
    "D": 0.047328467587005055
  }
}