{
  "question_id": "gpqa_gpqa_diamond_0023",
  "method": "faithful_monitor",
  "prefix_length": 338,
  "keep_m": 15,
  "kl_to_baseline": 0.04547323997686108,
  "token_kl": 0.18637321602172408,
  "selected_indices": [
    1,
    2,
    3,
    4,
    14,
    19,
    24,
    26,
    28,
    33,
    45,
    59,
    66,
    79,
    311
  ],
  "distribution": {
    "A": 0.5208125203756443,
    "B": 0.21710695911764535,
    "C": 0.19159621895088244,
    "D": 0.07048430155582792
  }
}