{
  "question_id": "gpqa_gpqa_diamond_0009",
  "method": "faithful_monitor",
  "prefix_length": 75,
  "keep_m": 5,
  "kl_to_baseline": 1.6107650117697319,
  "token_kl": 0.4234548389002385,
  "selected_indices": [
    7,
    14,
    34,
    37,
    66
  ],
  "distribution": {
    "A": 0.6387729613820705,
    "B": 0.12578184265511388,
    "C": 0.052433672968095126,
    "D": 0.18301152299472048
  }
}