{
  "question_id": "gpqa_gpqa_diamond_0023",
  "method": "faithful_monitor",
  "prefix_length": 254,
  "keep_m": 15,
  "kl_to_baseline": 0.0306247731423098,
  "token_kl": 0.7395814786344329,
  "selected_indices": [
    1,
    2,
    3,
    4,
    5,
    6,
    19,
    28,
    33,
    35,
    39,
    45,
    59,
    66,
    75
  ],
  "distribution": {
    "A": 0.3542802019981244,
    "B": 0.24349298452121085,
    "C": 0.3542802019981244,
    "D": 0.04794661148254052
  }
}