{
  "question_id": "gpqa_gpqa_diamond_0004",
  "method": "faithful_monitor",
  "prefix_length": 120,
  "keep_m": 3,
  "kl_to_baseline": 0.01769566779401575,
  "token_kl": 0.33758282402793277,
  "selected_indices": [
    12,
    22,
    65
  ],
  "distribution": {
    "A": 0.005145170784085779,
    "B": 0.013986024246698751,
    "C": 0.9804960900477165,
    "D": 0.00037271492149890296
  }
}