{
  "question_id": "gpqa_gpqa_diamond_0011",
  "method": "faithful_monitor",
  "prefix_length": 48,
  "keep_m": 20,
  "kl_to_baseline": 0.03996214718976011,
  "token_kl": 0.2949528672839676,
  "selected_indices": [
    1,
    2,
    3,
    5,
    6,
    7,
    8,
    9,
    11,
    12,
    13,
    15,
    16,
    19,
    20,
    21,
    24,
    26,
    33,
    41
  ],
  "distribution": {
    "A": 0.1507698974471298,
    "B": 0.21936890636844053,
    "C": 0.5262386497518335,
    "D": 0.10362254643259608
  }
}