{
  "question_id": "gpqa_gpqa_diamond_0023",
  "method": "faithful_monitor",
  "prefix_length": 300,
  "keep_m": 20,
  "kl_to_baseline": 0.061614530921630856,
  "token_kl": 1.2513220283936344,
  "selected_indices": [
    1,
    2,
    3,
    4,
    6,
    10,
    11,
    14,
    19,
    24,
    28,
    33,
    36,
    45,
    46,
    59,
    64,
    75,
    286,
    289
  ],
  "distribution": {
    "A": 0.6708971584969624,
    "B": 0.16962937143627407,
    "C": 0.11658444835620273,
    "D": 0.04288902171056074
  }
}