{
  "question_id": "gpqa_gpqa_diamond_0023",
  "method": "faithful_monitor",
  "prefix_length": 91,
  "keep_m": 10,
  "kl_to_baseline": 0.15759900290464554,
  "token_kl": 0.3754521306969101,
  "selected_indices": [
    1,
    2,
    3,
    6,
    10,
    14,
    24,
    28,
    45,
    63
  ],
  "distribution": {
    "A": 0.4103659492807188,
    "B": 0.13322631795383674,
    "C": 0.4103659492807188,
    "D": 0.046041783484725735
  }
}