{
  "question_id": "gpqa_gpqa_diamond_0004",
  "method": "faithful_monitor",
  "prefix_length": 120,
  "keep_m": 5,
  "kl_to_baseline": 0.19462965650287645,
  "token_kl": 0.3223835346519136,
  "selected_indices": [
    6,
    12,
    22,
    32,
    58
  ],
  "distribution": {
    "A": 0.03182140909680983,
    "B": 0.1426136613519289,
    "C": 0.820684957250785,
    "D": 0.0048799723004761
  }
}