{
  "question_id": "gpqa_gpqa_diamond_0023",
  "method": "faithful_monitor",
  "prefix_length": 34,
  "keep_m": 10,
  "kl_to_baseline": 0.1825813027289922,
  "token_kl": 0.50059081508846,
  "selected_indices": [
    1,
    2,
    3,
    4,
    6,
    9,
    10,
    11,
    19,
    28
  ],
  "distribution": {
    "A": 0.5722792164808499,
    "B": 0.16396075043797662,
    "C": 0.21052977090155775,
    "D": 0.05323026217961574
  }
}