{
  "question_id": "gpqa_gpqa_diamond_0023",
  "method": "faithful_monitor",
  "prefix_length": 169,
  "keep_m": 10,
  "kl_to_baseline": 0.022907737478202368,
  "token_kl": 1.0003332202648403,
  "selected_indices": [
    1,
    2,
    3,
    6,
    14,
    24,
    28,
    33,
    45,
    59
  ],
  "distribution": {
    "A": 0.47495142270765867,
    "B": 0.2542231921485108,
    "C": 0.19798922112017242,
    "D": 0.07283616402365815
  }
}