{
  "question_id": "gpqa_gpqa_diamond_0009",
  "method": "faithful_monitor",
  "prefix_length": 25,
  "keep_m": 10,
  "kl_to_baseline": 0.11875887381038842,
  "token_kl": 0.5583184717852083,
  "selected_indices": [
    1,
    4,
    5,
    7,
    9,
    10,
    14,
    15,
    16,
    18
  ],
  "distribution": {
    "A": 0.62372438763188,
    "B": 0.17870002897521825,
    "C": 0.03987336133049414,
    "D": 0.15770222206240755
  }
}