{
  "question_id": "gpqa_gpqa_diamond_0001",
  "method": "faithful_monitor",
  "prefix_length": 329,
  "keep_m": 15,
  "kl_to_baseline": 0.2867309791418924,
  "token_kl": 0.4770368908593981,
  "selected_indices": [
    0,
    4,
    11,
    15,
    18,
    21,
    23,
    49,
    52,
    58,
    62,
    68,
    110,
    295,
    315
  ],
  "distribution": {
    "A": 0.1679427367209163,
    "B": 0.1154252423991007,
    "C": 0.31375833895895594,
    "D": 0.40287368192102707
  }
}