{
  "question_id": "gpqa_gpqa_diamond_0023",
  "method": "faithful_monitor",
  "prefix_length": 89,
  "keep_m": 15,
  "kl_to_baseline": 0.07068804805896862,
  "token_kl": 0.21654988840305472,
  "selected_indices": [
    1,
    2,
    3,
    4,
    6,
    10,
    11,
    19,
    24,
    28,
    39,
    45,
    59,
    75,
    79
  ],
  "distribution": {
    "A": 0.4938476992352744,
    "B": 0.1706691776917732,
    "C": 0.2643376249634896,
    "D": 0.07114549810946282
  }
}