{
  "question_id": "gpqa_gpqa_diamond_0001",
  "method": "faithful_monitor",
  "prefix_length": 258,
  "keep_m": 15,
  "kl_to_baseline": 0.021291263658899006,
  "token_kl": 0.6844531581638972,
  "selected_indices": [
    4,
    11,
    14,
    15,
    18,
    19,
    49,
    51,
    58,
    61,
    62,
    64,
    68,
    134,
    238
  ],
  "distribution": {
    "A": 0.3818183045785905,
    "B": 0.14046310451739943,
    "C": 0.18035819630720756,
    "D": 0.2973603945968024
  }
}