{
  "question_id": "gpqa_gpqa_diamond_0001",
  "method": "faithful_monitor",
  "prefix_length": 434,
  "keep_m": 20,
  "kl_to_baseline": 0.30227046364984383,
  "token_kl": 0.2576413376571607,
  "selected_indices": [
    0,
    4,
    8,
    9,
    11,
    15,
    18,
    21,
    23,
    49,
    51,
    58,
    62,
    66,
    68,
    104,
    138,
    171,
    295,
    371
  ],
  "distribution": {
    "A": 0.4304106743123355,
    "B": 0.10882486092317928,
    "C": 0.23038223238224256,
    "D": 0.23038223238224256
  }
}