{
  "question_id": "gpqa_gpqa_diamond_0031",
  "method": "faithful_monitor",
  "prefix_length": 99,
  "keep_m": 20,
  "kl_to_baseline": 0.05443474961079073,
  "token_kl": 0.2678335974070497,
  "selected_indices": [
    1,
    2,
    6,
    7,
    10,
    11,
    15,
    22,
    30,
    45,
    54,
    55,
    65,
    66,
    67,
    70,
    74,
    77,
    89,
    91
  ],
  "distribution": {
    "A": 0.8481061894606335,
    "B": 0.029020597931820206,
    "C": 0.06143660630377313,
    "D": 0.06143660630377313
  }
}