{
  "question_id": "gpqa_gpqa_diamond_0031",
  "method": "faithful_monitor",
  "prefix_length": 118,
  "keep_m": 20,
  "kl_to_baseline": 0.09796801576392342,
  "token_kl": 0.09526660588200467,
  "selected_indices": [
    1,
    2,
    5,
    7,
    10,
    11,
    15,
    16,
    22,
    30,
    36,
    39,
    45,
    54,
    65,
    66,
    67,
    70,
    74,
    105
  ],
  "distribution": {
    "A": 0.823752377005943,
    "B": 0.041012211634278053,
    "C": 0.06761770567988949,
    "D": 0.06761770567988949
  }
}