{
  "question_id": "gpqa_gpqa_diamond_0023",
  "method": "faithful_monitor",
  "prefix_length": 191,
  "keep_m": 20,
  "kl_to_baseline": 0.05517490003265532,
  "token_kl": 0.39599788880944065,
  "selected_indices": [
    1,
    2,
    3,
    4,
    6,
    9,
    10,
    11,
    14,
    16,
    19,
    24,
    26,
    28,
    33,
    36,
    45,
    46,
    59,
    87
  ],
  "distribution": {
    "A": 0.37057530431872937,
    "B": 0.1983546431177851,
    "C": 0.37057530431872937,
    "D": 0.06049474824475617
  }
}