{
  "question_id": "gpqa_gpqa_diamond_0011",
  "method": "faithful_monitor",
  "prefix_length": 80,
  "keep_m": 15,
  "kl_to_baseline": 0.3243601577906291,
  "token_kl": 0.5069260460098955,
  "selected_indices": [
    1,
    2,
    3,
    5,
    6,
    7,
    9,
    11,
    12,
    15,
    16,
    21,
    24,
    41,
    67
  ],
  "distribution": {
    "A": 0.028353664419755283,
    "B": 0.9389444958934657,
    "C": 0.028353664419755283,
    "D": 0.004348175267023799
  }
}