{
  "question_id": "gpqa_gpqa_diamond_0001",
  "method": "faithful_monitor",
  "prefix_length": 251,
  "keep_m": 20,
  "kl_to_baseline": 0.07067438845426607,
  "token_kl": 0.6352433838498392,
  "selected_indices": [
    0,
    2,
    4,
    6,
    9,
    11,
    15,
    18,
    21,
    23,
    49,
    51,
    58,
    62,
    64,
    66,
    68,
    84,
    104,
    167
  ],
  "distribution": {
    "A": 0.25462410310216954,
    "B": 0.12027590982714452,
    "C": 0.25462410310216954,
    "D": 0.3704758839685164
  }
}