{
  "question_id": "gpqa_gpqa_diamond_0023",
  "method": "faithful_monitor",
  "prefix_length": 178,
  "keep_m": 3,
  "kl_to_baseline": 0.09258911738395663,
  "token_kl": 0.3601493123659238,
  "selected_indices": [
    6,
    38,
    45
  ],
  "distribution": {
    "A": 0.303006867405966,
    "B": 0.2674026219476262,
    "C": 0.2674026219476262,
    "D": 0.16218788869878162
  }
}