{
  "question_id": "gpqa_gpqa_diamond_0031",
  "method": "faithful_monitor",
  "prefix_length": 72,
  "keep_m": 5,
  "kl_to_baseline": 0.1744259042871002,
  "token_kl": 0.48125284977504823,
  "selected_indices": [
    7,
    10,
    20,
    65,
    66
  ],
  "distribution": {
    "A": 0.7293833418478546,
    "B": 0.028281261285804653,
    "C": 0.14362409570929438,
    "D": 0.0987113011570465
  }
}