{
  "question_id": "gpqa_gpqa_diamond_0004",
  "method": "faithful_monitor",
  "prefix_length": 122,
  "keep_m": 3,
  "kl_to_baseline": 0.03607159636769941,
  "token_kl": 2.8327850718810703,
  "selected_indices": [
    7,
    12,
    61
  ],
  "distribution": {
    "A": 0.002705045702279155,
    "B": 0.03295420293144269,
    "C": 0.9630629782528856,
    "D": 0.0012777731133925016
  }
}