{
  "question_id": "gpqa_gpqa_diamond_0023",
  "method": "faithful_monitor",
  "prefix_length": 165,
  "keep_m": 5,
  "kl_to_baseline": 0.05390203940218637,
  "token_kl": 0.9257720229360904,
  "selected_indices": [
    6,
    24,
    28,
    45,
    66
  ],
  "distribution": {
    "A": 0.4814834121163195,
    "B": 0.17712783802502868,
    "C": 0.25771948361630015,
    "D": 0.08366926624235163
  }
}