{
  "question_id": "gpqa_gpqa_diamond_0023",
  "method": "faithful_monitor",
  "prefix_length": 258,
  "keep_m": 20,
  "kl_to_baseline": 0.0094502981273147,
  "token_kl": 2.0803873020549486,
  "selected_indices": [
    1,
    2,
    3,
    4,
    6,
    8,
    10,
    11,
    14,
    16,
    19,
    24,
    26,
    28,
    30,
    33,
    36,
    45,
    59,
    66
  ],
  "distribution": {
    "A": 0.5172608673245337,
    "B": 0.24433673276591733,
    "C": 0.19028963881120503,
    "D": 0.048112761098344003
  }
}