{
  "question_id": "gpqa_gpqa_diamond_0011",
  "method": "faithful_monitor",
  "prefix_length": 83,
  "keep_m": 5,
  "kl_to_baseline": 0.07433606200728576,
  "token_kl": 0.19789715377324907,
  "selected_indices": [
    3,
    7,
    20,
    24,
    67
  ],
  "distribution": {
    "A": 0.01878570963256014,
    "B": 0.798788759229857,
    "C": 0.17823387173939834,
    "D": 0.004191659398184403
  }
}