{
  "question_id": "gpqa_gpqa_diamond_0023",
  "method": "faithful_monitor",
  "prefix_length": 305,
  "keep_m": 20,
  "kl_to_baseline": 0.19213905972573045,
  "token_kl": 0.4160286508648133,
  "selected_indices": [
    1,
    2,
    3,
    4,
    6,
    14,
    19,
    24,
    26,
    28,
    33,
    36,
    45,
    46,
    59,
    66,
    75,
    79,
    87,
    88
  ],
  "distribution": {
    "A": 0.47651177189118576,
    "B": 0.11318146636822254,
    "C": 0.32750143203850135,
    "D": 0.08280532970209033
  }
}