{
  "question_id": "gpqa_gpqa_diamond_0023",
  "method": "faithful_monitor",
  "prefix_length": 285,
  "keep_m": 10,
  "kl_to_baseline": 0.1420162590290537,
  "token_kl": 0.27246848951729696,
  "selected_indices": [
    1,
    2,
    4,
    6,
    19,
    24,
    28,
    45,
    59,
    66
  ],
  "distribution": {
    "A": 0.4359598932881794,
    "B": 0.14153547189763233,
    "C": 0.31895507152354224,
    "D": 0.10354956329064603
  }
}