{
  "question_id": "gpqa_gpqa_diamond_0001",
  "method": "faithful_monitor",
  "prefix_length": 434,
  "keep_m": 10,
  "kl_to_baseline": 0.06483099313600892,
  "token_kl": 0.2482859807307823,
  "selected_indices": [
    11,
    15,
    18,
    49,
    62,
    66,
    138,
    167,
    295,
    371
  ],
  "distribution": {
    "A": 0.6468110591001266,
    "B": 0.07725056930056133,
    "C": 0.11239891510668513,
    "D": 0.1635394564926269
  }
}