{
  "question_id": "gpqa_gpqa_diamond_0023",
  "method": "faithful_monitor",
  "prefix_length": 92,
  "keep_m": 3,
  "kl_to_baseline": 0.09496937000674362,
  "token_kl": 0.4094208603929655,
  "selected_indices": [
    6,
    28,
    45
  ],
  "distribution": {
    "A": 0.3401211452465684,
    "B": 0.2337616166180735,
    "C": 0.3401211452465684,
    "D": 0.08599609288878982
  }
}