{
  "question_id": "gpqa_gpqa_diamond_0001",
  "method": "faithful_monitor",
  "prefix_length": 410,
  "keep_m": 10,
  "kl_to_baseline": 0.01771155437255786,
  "token_kl": 0.6983112078822284,
  "selected_indices": [
    11,
    15,
    18,
    21,
    66,
    68,
    138,
    167,
    295,
    337
  ],
  "distribution": {
    "A": 0.8241587300421569,
    "B": 0.05268670726171069,
    "C": 0.046495855965840986,
    "D": 0.07665870673029149
  }
}