{
  "question_id": "gpqa_gpqa_diamond_0004",
  "method": "faithful_monitor",
  "prefix_length": 56,
  "keep_m": 3,
  "kl_to_baseline": 0.18499890661374546,
  "token_kl": 0.07687843812377576,
  "selected_indices": [
    12,
    22,
    32
  ],
  "distribution": {
    "A": 0.0013207272313401348,
    "B": 0.11888804825059665,
    "C": 0.8784704972867232,
    "D": 0.0013207272313401348
  }
}