{
  "question_id": "gpqa_gpqa_diamond_0031",
  "method": "faithful_monitor",
  "prefix_length": 145,
  "keep_m": 5,
  "kl_to_baseline": 0.021466467584324765,
  "token_kl": 0.27837553258907216,
  "selected_indices": [
    7,
    20,
    55,
    65,
    129
  ],
  "distribution": {
    "A": 0.8660383612756852,
    "B": 0.015862043052561982,
    "C": 0.0627356122124857,
    "D": 0.055363983459266956
  }
}