{
  "question_id": "gpqa_gpqa_diamond_0017",
  "method": "faithful_monitor",
  "prefix_length": 99,
  "keep_m": 3,
  "kl_to_baseline": 0.19832243696974677,
  "token_kl": 0.21965326576373995,
  "selected_indices": [
    29,
    45,
    54
  ],
  "distribution": {
    "A": 0.7427531538026163,
    "B": 0.041903266790613646,
    "C": 0.14625677213726299,
    "D": 0.069086807269507
  }
}