{
  "question_id": "gpqa_gpqa_diamond_0001",
  "method": "faithful_monitor",
  "prefix_length": 173,
  "keep_m": 10,
  "kl_to_baseline": 0.04479890290721861,
  "token_kl": 0.7478503343048519,
  "selected_indices": [
    11,
    14,
    15,
    18,
    49,
    63,
    66,
    68,
    104,
    138
  ],
  "distribution": {
    "A": 0.31911523504877376,
    "B": 0.24852719494600042,
    "C": 0.15073936350712788,
    "D": 0.28161820649809793
  }
}