{
  "question_id": "gpqa_gpqa_diamond_0001",
  "method": "faithful_monitor",
  "prefix_length": 315,
  "keep_m": 10,
  "kl_to_baseline": 0.08855327515903333,
  "token_kl": 0.28487711403383076,
  "selected_indices": [
    4,
    11,
    15,
    18,
    21,
    68,
    138,
    167,
    295,
    297
  ],
  "distribution": {
    "A": 0.24302450229106337,
    "B": 0.1670281349081599,
    "C": 0.1892676726898186,
    "D": 0.4006796901109581
  }
}