{
  "question_id": "gpqa_gpqa_diamond_0004",
  "method": "faithful_monitor",
  "prefix_length": 86,
  "keep_m": 15,
  "kl_to_baseline": 0.10334704275674854,
  "token_kl": 0.7886807215334053,
  "selected_indices": [
    1,
    4,
    6,
    11,
    12,
    13,
    20,
    22,
    26,
    32,
    35,
    41,
    52,
    56,
    68
  ],
  "distribution": {
    "A": 0.0019693473431897164,
    "B": 0.09488846886728713,
    "C": 0.9002768003127809,
    "D": 0.0028653834767422017
  }
}