{
  "question_id": "gpqa_gpqa_diamond_0001",
  "method": "faithful_monitor",
  "prefix_length": 398,
  "keep_m": 15,
  "kl_to_baseline": 0.04144656759413376,
  "token_kl": 0.5546290854323724,
  "selected_indices": [
    0,
    4,
    11,
    15,
    18,
    21,
    62,
    68,
    134,
    167,
    181,
    248,
    295,
    315,
    371
  ],
  "distribution": {
    "A": 0.5873401565253322,
    "B": 0.1156541479231447,
    "C": 0.14850284777576153,
    "D": 0.14850284777576153
  }
}