{
  "question_id": "gpqa_gpqa_diamond_0031",
  "method": "faithful_monitor",
  "prefix_length": 121,
  "keep_m": 5,
  "kl_to_baseline": 0.008907746587656242,
  "token_kl": 0.6398943224851216,
  "selected_indices": [
    7,
    20,
    46,
    54,
    65
  ],
  "distribution": {
    "A": 0.9129924619799314,
    "B": 0.011492880347731412,
    "C": 0.03540056368968121,
    "D": 0.04011409398265593
  }
}