{
  "question_id": "gpqa_gpqa_diamond_0011",
  "method": "faithful_monitor",
  "prefix_length": 45,
  "keep_m": 20,
  "kl_to_baseline": 0.019502095137701757,
  "token_kl": 0.7679045313926697,
  "selected_indices": [
    1,
    2,
    3,
    5,
    6,
    7,
    8,
    9,
    11,
    12,
    13,
    14,
    15,
    16,
    19,
    20,
    21,
    24,
    26,
    33
  ],
  "distribution": {
    "A": 0.18453012665996324,
    "B": 0.236941372776001,
    "C": 0.5016048901030241,
    "D": 0.07692361046101165
  }
}