{
  "question_id": "gpqa_gpqa_diamond_0020",
  "method": "faithful_monitor",
  "prefix_length": 50,
  "keep_m": 15,
  "kl_to_baseline": 0.8288652120949362,
  "token_kl": 0.2135690646138578,
  "selected_indices": [
    8,
    9,
    11,
    12,
    14,
    17,
    19,
    21,
    22,
    24,
    30,
    33,
    34,
    40,
    41
  ],
  "distribution": {
    "A": 0.7006286687498918,
    "B": 0.22746081245392696,
    "C": 0.02115715128584454,
    "D": 0.05075336751033668
  }
}