{
  "question_id": "gpqa_gpqa_diamond_0002",
  "method": "faithful_monitor",
  "prefix_length": 33,
  "keep_m": 3,
  "kl_to_baseline": 1.0015826085947748,
  "token_kl": 0.9074597457341991,
  "selected_indices": [
    0,
    10,
    11
  ],
  "distribution": {
    "A": 0.22638909617011818,
    "B": 0.25653245411636644,
    "C": 0.2906893535433972,
    "D": 0.22638909617011818
  }
}