{
  "question_id": "gpqa_gpqa_diamond_0017",
  "method": "faithful_monitor",
  "prefix_length": 116,
  "keep_m": 15,
  "kl_to_baseline": 0.08246556907950853,
  "token_kl": 1.6784657687332543,
  "selected_indices": [
    1,
    4,
    8,
    10,
    12,
    20,
    22,
    24,
    29,
    54,
    61,
    66,
    78,
    96,
    98
  ],
  "distribution": {
    "A": 0.9167749496545983,
    "B": 0.013077090570009577,
    "C": 0.05860746785254044,
    "D": 0.011540491922851673
  }
}