{
  "question_id": "gpqa_gpqa_diamond_0001",
  "method": "faithful_monitor",
  "prefix_length": 282,
  "keep_m": 10,
  "kl_to_baseline": 0.028591400993936984,
  "token_kl": 0.1961163244058858,
  "selected_indices": [
    11,
    15,
    18,
    21,
    23,
    49,
    51,
    62,
    64,
    138
  ],
  "distribution": {
    "A": 0.3810959068071204,
    "B": 0.12372372644509935,
    "C": 0.15886440940282884,
    "D": 0.3363159573449514
  }
}