{
  "question_id": "gpqa_gpqa_diamond_0023",
  "method": "faithful_monitor",
  "prefix_length": 168,
  "keep_m": 15,
  "kl_to_baseline": 0.030997032626346486,
  "token_kl": 0.31246872676287196,
  "selected_indices": [
    1,
    2,
    3,
    6,
    10,
    11,
    14,
    19,
    24,
    26,
    28,
    33,
    36,
    45,
    66
  ],
  "distribution": {
    "A": 0.45489072058880226,
    "B": 0.21487516155840863,
    "C": 0.2759051688558814,
    "D": 0.05432894899690764
  }
}