{
  "question_id": "gpqa_gpqa_diamond_0001",
  "method": "faithful_monitor",
  "prefix_length": 175,
  "keep_m": 3,
  "kl_to_baseline": 0.23388882354766938,
  "token_kl": 0.46261608293353296,
  "selected_indices": [
    11,
    68,
    138
  ],
  "distribution": {
    "A": 0.23705066575334718,
    "B": 0.3908304748611699,
    "C": 0.1629223811025378,
    "D": 0.20919647828294513
  }
}