{
  "question_id": "gpqa_gpqa_diamond_0002",
  "method": "faithful_monitor",
  "prefix_length": 44,
  "keep_m": 3,
  "kl_to_baseline": 0.7113499036913334,
  "token_kl": 0.044083712173745404,
  "selected_indices": [
    11,
    21,
    36
  ],
  "distribution": {
    "A": 0.2237557445209824,
    "B": 0.2535484757687672,
    "C": 0.3689108554330873,
    "D": 0.153784924277163
  }
}