{
  "question_id": "gpqa_gpqa_diamond_0023",
  "method": "faithful_monitor",
  "prefix_length": 369,
  "keep_m": 15,
  "kl_to_baseline": 0.2657955877087293,
  "token_kl": 0.32801043816116365,
  "selected_indices": [
    1,
    2,
    3,
    4,
    14,
    24,
    26,
    28,
    36,
    45,
    59,
    79,
    311,
    321,
    349
  ],
  "distribution": {
    "A": 0.1309105461449631,
    "B": 0.08997341484610398,
    "C": 0.7533382240656323,
    "D": 0.025777814943300635
  }
}