{
  "question_id": "gpqa_gpqa_diamond_0002",
  "method": "faithful_monitor",
  "prefix_length": 63,
  "keep_m": 10,
  "kl_to_baseline": 0.47625082905572813,
  "token_kl": 0.08188555204686596,
  "selected_indices": [
    0,
    5,
    7,
    10,
    11,
    13,
    21,
    36,
    41,
    55
  ],
  "distribution": {
    "A": 0.17755255421769156,
    "B": 0.10769106784331958,
    "C": 0.09503703380775705,
    "D": 0.6197193441312318
  }
}