{
  "question_id": "gpqa_gpqa_diamond_0011",
  "method": "faithful_monitor",
  "prefix_length": 108,
  "keep_m": 10,
  "kl_to_baseline": 0.037679454170273484,
  "token_kl": 0.048124607482428285,
  "selected_indices": [
    1,
    3,
    5,
    7,
    15,
    24,
    41,
    67,
    82,
    96
  ],
  "distribution": {
    "A": 0.017635578848299516,
    "B": 0.9628700659680907,
    "C": 0.017635578848299516,
    "D": 0.0018587763353103857
  }
}