{
  "question_id": "gpqa_gpqa_diamond_0001",
  "method": "faithful_monitor",
  "prefix_length": 423,
  "keep_m": 20,
  "kl_to_baseline": 0.04782297004183089,
  "token_kl": 0.5340695163879594,
  "selected_indices": [
    0,
    2,
    9,
    11,
    15,
    18,
    21,
    23,
    49,
    51,
    62,
    64,
    66,
    68,
    104,
    138,
    190,
    257,
    295,
    318
  ],
  "distribution": {
    "A": 0.8718448210928281,
    "B": 0.02323387888434727,
    "C": 0.04918612198414003,
    "D": 0.05573517803868451
  }
}