{
  "question_id": "gpqa_gpqa_diamond_0009",
  "method": "faithful_monitor",
  "prefix_length": 92,
  "keep_m": 10,
  "kl_to_baseline": 0.0016407032526282975,
  "token_kl": 0.4527242871677276,
  "selected_indices": [
    7,
    9,
    14,
    16,
    24,
    37,
    40,
    58,
    66,
    74
  ],
  "distribution": {
    "A": 0.04672485916683734,
    "B": 0.009200670292221984,
    "C": 0.005580488622139828,
    "D": 0.938493981918801
  }
}