{
  "question_id": "gpqa_gpqa_diamond_0001",
  "method": "faithful_monitor",
  "prefix_length": 53,
  "keep_m": 3,
  "kl_to_baseline": 0.5712157326460441,
  "token_kl": 0.5522698033087523,
  "selected_indices": [
    8,
    9,
    11
  ],
  "distribution": {
    "A": 0.15817940987727727,
    "B": 0.7089109746539041,
    "C": 0.05819095291048129,
    "D": 0.07471866255833748
  }
}