{
  "question_id": "gpqa_gpqa_diamond_0002",
  "method": "faithful_monitor",
  "prefix_length": 24,
  "keep_m": 3,
  "kl_to_baseline": 0.04417015717959796,
  "token_kl": 0.281185282139425,
  "selected_indices": [
    0,
    3,
    11
  ],
  "distribution": {
    "A": 0.21180659431550083,
    "B": 0.2400083146979626,
    "C": 0.308176776288574,
    "D": 0.2400083146979626
  }
}