{
  "question_id": "gpqa_gpqa_diamond_0031",
  "method": "faithful_monitor",
  "prefix_length": 165,
  "keep_m": 3,
  "kl_to_baseline": 1.1958681396826498,
  "token_kl": 0.04030353651878828,
  "selected_indices": [
    7,
    55,
    129
  ],
  "distribution": {
    "A": 0.2516752930693686,
    "B": 0.0817070048681063,
    "C": 0.41494240899315654,
    "D": 0.2516752930693686
  }
}