{
  "question_id": "gpqa_gpqa_diamond_0031",
  "method": "faithful_monitor",
  "prefix_length": 96,
  "keep_m": 3,
  "kl_to_baseline": 0.27311805327540656,
  "token_kl": 0.18389669614968365,
  "selected_indices": [
    7,
    54,
    66
  ],
  "distribution": {
    "A": 0.6517105296968769,
    "B": 0.03676699215945964,
    "C": 0.21157943146950814,
    "D": 0.09994304667415534
  }
}