{
  "question_id": "gpqa_gpqa_diamond_0002",
  "method": "faithful_monitor",
  "prefix_length": 23,
  "keep_m": 10,
  "kl_to_baseline": 0.020847096115146554,
  "token_kl": 0.03904649671478862,
  "selected_indices": [
    0,
    3,
    5,
    8,
    9,
    10,
    11,
    13,
    16,
    17
  ],
  "distribution": {
    "A": 0.16817565603641965,
    "B": 0.2772747813211935,
    "C": 0.2772747813211935,
    "D": 0.2772747813211935
  }
}