{
  "question_id": "gpqa_gpqa_diamond_0023",
  "method": "faithful_monitor",
  "prefix_length": 323,
  "keep_m": 20,
  "kl_to_baseline": 0.026776100697150744,
  "token_kl": 1.068772829423153,
  "selected_indices": [
    1,
    2,
    3,
    4,
    5,
    6,
    10,
    11,
    14,
    19,
    24,
    26,
    28,
    33,
    45,
    46,
    79,
    86,
    228,
    311
  ],
  "distribution": {
    "A": 0.6094600375988771,
    "B": 0.22420781804820114,
    "C": 0.1359889157935055,
    "D": 0.030343228559416225
  }
}