{
  "question_id": "gpqa_gpqa_diamond_0026",
  "method": "faithful_monitor",
  "prefix_length": 103,
  "keep_m": 15,
  "kl_to_baseline": 0.028056451844538064,
  "token_kl": 0.2644385416170838,
  "selected_indices": [
    1,
    2,
    6,
    8,
    10,
    14,
    16,
    18,
    23,
    26,
    32,
    39,
    41,
    46,
    76
  ],
  "distribution": {
    "A": 0.00937332769599196,
    "B": 0.9561056317102903,
    "C": 0.022485449593120953,
    "D": 0.012035591000596823
  }
}