{
  "question_id": "gpqa_gpqa_diamond_0023",
  "method": "faithful_monitor",
  "prefix_length": 243,
  "keep_m": 20,
  "kl_to_baseline": 0.1614929178532544,
  "token_kl": 0.6039327493260296,
  "selected_indices": [
    1,
    2,
    3,
    4,
    5,
    6,
    10,
    11,
    14,
    19,
    24,
    26,
    28,
    33,
    36,
    45,
    46,
    59,
    66,
    104
  ],
  "distribution": {
    "A": 0.4464894119103613,
    "B": 0.16425429492318627,
    "C": 0.3477263036288804,
    "D": 0.04152998953757204
  }
}