{
  "question_id": "gpqa_gpqa_diamond_0031",
  "method": "faithful_monitor",
  "prefix_length": 86,
  "keep_m": 3,
  "kl_to_baseline": 1.4951439551683816,
  "token_kl": 0.08668582485038824,
  "selected_indices": [
    7,
    15,
    66
  ],
  "distribution": {
    "A": 0.19969832859503706,
    "B": 0.06483255510571728,
    "C": 0.47905138671315767,
    "D": 0.256417729586088
  }
}