{
  "question_id": "gpqa_gpqa_diamond_0023",
  "method": "faithful_monitor",
  "prefix_length": 242,
  "keep_m": 15,
  "kl_to_baseline": 0.08840429544275846,
  "token_kl": 0.3868258523103908,
  "selected_indices": [
    1,
    2,
    3,
    4,
    5,
    6,
    19,
    24,
    26,
    28,
    33,
    36,
    45,
    59,
    66
  ],
  "distribution": {
    "A": 0.39969048464896273,
    "B": 0.22773674621302026,
    "C": 0.25805954167775635,
    "D": 0.11451322746026069
  }
}