{
  "question_id": "gpqa_gpqa_diamond_0020",
  "method": "faithful_monitor",
  "prefix_length": 74,
  "keep_m": 3,
  "kl_to_baseline": 0.7951723057545024,
  "token_kl": 0.5037396435820191,
  "selected_indices": [
    11,
    21,
    53
  ],
  "distribution": {
    "A": 0.3741824887034252,
    "B": 0.42400430823898144,
    "C": 0.09460813792281855,
    "D": 0.10720506513477479
  }
}