{
  "question_id": "gpqa_gpqa_diamond_0011",
  "method": "faithful_monitor",
  "prefix_length": 71,
  "keep_m": 15,
  "kl_to_baseline": 0.43927591881355044,
  "token_kl": 0.2167914179184536,
  "selected_indices": [
    1,
    2,
    3,
    5,
    7,
    8,
    9,
    11,
    12,
    15,
    19,
    20,
    24,
    33,
    58
  ],
  "distribution": {
    "A": 0.11040349667044251,
    "B": 0.7199212320399234,
    "C": 0.14176089581604862,
    "D": 0.027914375473585357
  }
}