{
  "question_id": "gpqa_gpqa_diamond_0026",
  "method": "faithful_monitor",
  "prefix_length": 94,
  "keep_m": 15,
  "kl_to_baseline": 0.019961310615818833,
  "token_kl": 0.6923822112556978,
  "selected_indices": [
    1,
    3,
    8,
    10,
    16,
    18,
    23,
    25,
    32,
    33,
    39,
    41,
    46,
    47,
    81
  ],
  "distribution": {
    "A": 0.04151613151387714,
    "B": 0.9449027416243088,
    "C": 0.006366704971840319,
    "D": 0.007214421889973729
  }
}