{
  "question_id": "gpqa_gpqa_diamond_0031",
  "method": "faithful_monitor",
  "prefix_length": 92,
  "keep_m": 10,
  "kl_to_baseline": 0.059201599328214304,
  "token_kl": 0.6304928330940991,
  "selected_indices": [
    6,
    7,
    10,
    15,
    16,
    22,
    30,
    54,
    65,
    67
  ],
  "distribution": {
    "A": 0.96908901053857,
    "B": 0.005762414881897469,
    "C": 0.01774948740967659,
    "D": 0.007399087169856039
  }
}