{
  "question_id": "gpqa_gpqa_diamond_0009",
  "method": "faithful_monitor",
  "prefix_length": 90,
  "keep_m": 15,
  "kl_to_baseline": 0.0194492413025049,
  "token_kl": 0.32755467731755455,
  "selected_indices": [
    1,
    7,
    9,
    12,
    14,
    18,
    21,
    23,
    36,
    40,
    51,
    58,
    71,
    73,
    77
  ],
  "distribution": {
    "A": 0.04056939786042182,
    "B": 0.016911837097139743,
    "C": 0.019163622045142065,
    "D": 0.9233551429972964
  }
}