{
  "question_id": "gpqa_gpqa_diamond_0023",
  "method": "faithful_monitor",
  "prefix_length": 289,
  "keep_m": 10,
  "kl_to_baseline": 0.1658851570678214,
  "token_kl": 0.5217402559496984,
  "selected_indices": [
    1,
    2,
    3,
    14,
    19,
    24,
    28,
    45,
    59,
    66
  ],
  "distribution": {
    "A": 0.5683674732118085,
    "B": 0.12681991776185284,
    "C": 0.23693079868046849,
    "D": 0.06788181034587022
  }
}