{
  "question_id": "gpqa_gpqa_diamond_0001",
  "method": "faithful_monitor",
  "prefix_length": 434,
  "keep_m": 3,
  "kl_to_baseline": 0.6355411014007647,
  "token_kl": 0.3822341763241437,
  "selected_indices": [
    11,
    62,
    295
  ],
  "distribution": {
    "A": 0.26158351608596053,
    "B": 0.09623119771736414,
    "C": 0.26158351608596053,
    "D": 0.3806017701107147
  }
}