{
  "question_id": "gpqa_gpqa_diamond_0031",
  "method": "faithful_monitor",
  "prefix_length": 161,
  "keep_m": 10,
  "kl_to_baseline": 0.04585162487403836,
  "token_kl": 1.0381764807311178,
  "selected_indices": [
    1,
    5,
    6,
    7,
    10,
    15,
    54,
    65,
    129,
    145
  ],
  "distribution": {
    "A": 0.8892692236975017,
    "B": 0.016287537009898316,
    "C": 0.050169133964009745,
    "D": 0.04427410532859022
  }
}