{
  "question_id": "gpqa_gpqa_diamond_0020",
  "method": "faithful_monitor",
  "prefix_length": 48,
  "keep_m": 5,
  "kl_to_baseline": 0.17010639344793152,
  "token_kl": 0.1285077674832947,
  "selected_indices": [
    2,
    11,
    19,
    33,
    41
  ],
  "distribution": {
    "A": 0.26175497712719603,
    "B": 0.5541352578976881,
    "C": 0.07499405654897101,
    "D": 0.10911570842614472
  }
}