{
  "question_id": "gpqa_gpqa_diamond_0031",
  "method": "faithful_monitor",
  "prefix_length": 208,
  "keep_m": 20,
  "kl_to_baseline": 0.025436915862494962,
  "token_kl": 0.11866096450358955,
  "selected_indices": [
    1,
    2,
    5,
    6,
    7,
    10,
    11,
    15,
    16,
    24,
    39,
    45,
    54,
    65,
    67,
    74,
    89,
    129,
    144,
    146
  ],
  "distribution": {
    "A": 0.9159080466965911,
    "B": 0.013064727979972041,
    "C": 0.03551361266171845,
    "D": 0.03551361266171845
  }
}