{
  "question_id": "gpqa_gpqa_diamond_0001",
  "method": "faithful_monitor",
  "prefix_length": 408,
  "keep_m": 10,
  "kl_to_baseline": 0.19457773380968799,
  "token_kl": 0.1972585338332096,
  "selected_indices": [
    0,
    11,
    15,
    18,
    51,
    66,
    134,
    295,
    297,
    337
  ],
  "distribution": {
    "A": 0.26039477921889714,
    "B": 0.378872145592357,
    "C": 0.1579374172253632,
    "D": 0.2027956579633827
  }
}