{
  "question_id": "gpqa_gpqa_diamond_0031",
  "method": "faithful_monitor",
  "prefix_length": 158,
  "keep_m": 3,
  "kl_to_baseline": 0.3809323129615627,
  "token_kl": 0.7723888578183524,
  "selected_indices": [
    7,
    54,
    129
  ],
  "distribution": {
    "A": 0.5199401961164911,
    "B": 0.03323866469312336,
    "C": 0.31535967016165134,
    "D": 0.1314614690287342
  }
}