{
  "question_id": "gpqa_gpqa_diamond_0023",
  "method": "faithful_monitor",
  "prefix_length": 312,
  "keep_m": 5,
  "kl_to_baseline": 0.07713648718815978,
  "token_kl": 0.18509396512704093,
  "selected_indices": [
    1,
    14,
    24,
    28,
    45
  ],
  "distribution": {
    "A": 0.49245660488353116,
    "B": 0.2052864671517966,
    "C": 0.2052864671517966,
    "D": 0.0969704608128757
  }
}