{
  "question_id": "gpqa_gpqa_diamond_0001",
  "method": "faithful_monitor",
  "prefix_length": 222,
  "keep_m": 10,
  "kl_to_baseline": 0.019883902294240287,
  "token_kl": 0.5324247394319758,
  "selected_indices": [
    0,
    11,
    15,
    18,
    49,
    51,
    61,
    62,
    64,
    138
  ],
  "distribution": {
    "A": 0.32479161563275305,
    "B": 0.1534206958356282,
    "C": 0.19699607289886575,
    "D": 0.32479161563275305
  }
}