{
  "question_id": "gpqa_gpqa_diamond_0001",
  "method": "faithful_monitor",
  "prefix_length": 283,
  "keep_m": 10,
  "kl_to_baseline": 0.05925770809328819,
  "token_kl": 0.4688611240202947,
  "selected_indices": [
    11,
    15,
    18,
    21,
    49,
    52,
    64,
    68,
    138,
    258
  ],
  "distribution": {
    "A": 0.2973603945968024,
    "B": 0.14046310451739943,
    "C": 0.18035819630720756,
    "D": 0.3818183045785905
  }
}