{
  "question_id": "gpqa_gpqa_diamond_0011",
  "method": "faithful_monitor",
  "prefix_length": 119,
  "keep_m": 15,
  "kl_to_baseline": 0.008404584356171294,
  "token_kl": 0.2498941617985062,
  "selected_indices": [
    1,
    2,
    3,
    5,
    7,
    9,
    11,
    15,
    24,
    41,
    57,
    67,
    82,
    89,
    96
  ],
  "distribution": {
    "A": 0.0035760242492031175,
    "B": 0.9915324056991813,
    "C": 0.0035760242492031175,
    "D": 0.0013155458024123696
  }
}