{
  "question_id": "gpqa_gpqa_diamond_0002",
  "method": "faithful_monitor",
  "prefix_length": 77,
  "keep_m": 10,
  "kl_to_baseline": 1.3780035319154917,
  "token_kl": 0.08052712331845414,
  "selected_indices": [
    0,
    3,
    7,
    10,
    11,
    13,
    22,
    28,
    36,
    41
  ],
  "distribution": {
    "A": 0.25,
    "B": 0.25,
    "C": 0.25,
    "D": 0.25
  }
}