{
  "question_id": "gpqa_gpqa_diamond_0031",
  "method": "faithful_monitor",
  "prefix_length": 129,
  "keep_m": 5,
  "kl_to_baseline": 0.20086576607772585,
  "token_kl": 0.4616392386798876,
  "selected_indices": [
    1,
    7,
    20,
    54,
    117
  ],
  "distribution": {
    "A": 0.6762997294467916,
    "B": 0.048990989543500826,
    "C": 0.17099535533224486,
    "D": 0.10371392567746263
  }
}