{
  "question_id": "gpqa_gpqa_diamond_0023",
  "method": "faithful_monitor",
  "prefix_length": 310,
  "keep_m": 15,
  "kl_to_baseline": 0.08892660685941263,
  "token_kl": 0.40750680813912654,
  "selected_indices": [
    1,
    2,
    3,
    4,
    5,
    6,
    11,
    14,
    19,
    24,
    28,
    39,
    45,
    66,
    286
  ],
  "distribution": {
    "A": 0.5872666517661933,
    "B": 0.14848425401181967,
    "C": 0.2160433147931858,
    "D": 0.04820577942880119
  }
}