{
  "question_id": "gpqa_gpqa_diamond_0011",
  "method": "faithful_monitor",
  "prefix_length": 55,
  "keep_m": 15,
  "kl_to_baseline": 0.018218495943922323,
  "token_kl": 0.5243373824159092,
  "selected_indices": [
    1,
    2,
    3,
    5,
    6,
    7,
    8,
    9,
    11,
    15,
    24,
    27,
    33,
    41,
    44
  ],
  "distribution": {
    "A": 0.13314493053447055,
    "B": 0.2487475078766306,
    "C": 0.5265984783071884,
    "D": 0.09150908328171037
  }
}