{
  "question_id": "gpqa_gpqa_diamond_0023",
  "method": "faithful_monitor",
  "prefix_length": 283,
  "keep_m": 20,
  "kl_to_baseline": 0.135511824298305,
  "token_kl": 0.18866573525326022,
  "selected_indices": [
    1,
    2,
    3,
    4,
    6,
    8,
    10,
    11,
    14,
    19,
    26,
    28,
    33,
    36,
    38,
    45,
    46,
    59,
    64,
    66
  ],
  "distribution": {
    "A": 0.7135112407069638,
    "B": 0.1094204796181618,
    "C": 0.15920587740664968,
    "D": 0.017862402268224734
  }
}