{
  "question_id": "gpqa_gpqa_diamond_0023",
  "method": "faithful_monitor",
  "prefix_length": 318,
  "keep_m": 3,
  "kl_to_baseline": 0.22064380259014937,
  "token_kl": 1.6095461790485026,
  "selected_indices": [
    28,
    45,
    66
  ],
  "distribution": {
    "A": 0.2900896107837484,
    "B": 0.22592201603926232,
    "C": 0.3287145937103622,
    "D": 0.15527377946662704
  }
}