{
  "question_id": "gpqa_gpqa_diamond_0031",
  "method": "faithful_monitor",
  "prefix_length": 60,
  "keep_m": 20,
  "kl_to_baseline": 0.010860718678984208,
  "token_kl": 0.0009688609971938396,
  "selected_indices": [
    1,
    2,
    5,
    6,
    7,
    10,
    11,
    15,
    16,
    20,
    21,
    22,
    24,
    28,
    30,
    36,
    39,
    45,
    48,
    54
  ],
  "distribution": {
    "A": 0.9336103100608106,
    "B": 0.01331723455268598,
    "C": 0.0281925857692711,
    "D": 0.024879869617232292
  }
}