{
  "question_id": "gpqa_gpqa_diamond_0023",
  "method": "faithful_monitor",
  "prefix_length": 294,
  "keep_m": 10,
  "kl_to_baseline": 0.10202254159364997,
  "token_kl": 1.0119993151618403,
  "selected_indices": [
    1,
    2,
    6,
    14,
    24,
    28,
    39,
    45,
    66,
    79
  ],
  "distribution": {
    "A": 0.430950131120484,
    "B": 0.1585376745101988,
    "C": 0.3356242995813576,
    "D": 0.07488789478795964
  }
}