{
  "question_id": "gpqa_gpqa_diamond_0023",
  "method": "faithful_monitor",
  "prefix_length": 85,
  "keep_m": 10,
  "kl_to_baseline": 0.7606891310866589,
  "token_kl": 1.2398930133564818,
  "selected_indices": [
    1,
    2,
    4,
    6,
    10,
    24,
    28,
    33,
    45,
    66
  ],
  "distribution": {
    "A": 0.5650962111418225,
    "B": 0.05595210525364155,
    "C": 0.302474223255309,
    "D": 0.07647746034922696
  }
}