{
  "question_id": "gpqa_gpqa_diamond_0031",
  "method": "faithful_monitor",
  "prefix_length": 152,
  "keep_m": 10,
  "kl_to_baseline": 0.009857341370319411,
  "token_kl": 0.29378449806580614,
  "selected_indices": [
    2,
    7,
    11,
    15,
    24,
    39,
    54,
    117,
    129,
    145
  ],
  "distribution": {
    "A": 0.910497969077262,
    "B": 0.016676351637799482,
    "C": 0.027494655662914924,
    "D": 0.04533102362202357
  }
}