{
  "question_id": "gpqa_gpqa_diamond_0023",
  "method": "faithful_monitor",
  "prefix_length": 181,
  "keep_m": 3,
  "kl_to_baseline": 0.1419668341965343,
  "token_kl": 0.8698307899325847,
  "selected_indices": [
    24,
    38,
    45
  ],
  "distribution": {
    "A": 0.3320117333870983,
    "B": 0.22818810478975934,
    "C": 0.3320117333870983,
    "D": 0.10778842843604404
  }
}