{
  "question_id": "gpqa_gpqa_diamond_0009",
  "method": "faithful_monitor",
  "prefix_length": 115,
  "keep_m": 3,
  "kl_to_baseline": 0.5880651145078553,
  "token_kl": 0.10715189274080952,
  "selected_indices": [
    9,
    40,
    77
  ],
  "distribution": {
    "A": 0.406196216575853,
    "B": 0.042812763695218366,
    "C": 0.029424753483134947,
    "D": 0.5215662662457937
  }
}