{
  "question_id": "gpqa_gpqa_diamond_0011",
  "method": "faithful_monitor",
  "prefix_length": 80,
  "keep_m": 20,
  "kl_to_baseline": 0.02218052506734279,
  "token_kl": 0.680243992982697,
  "selected_indices": [
    1,
    2,
    3,
    5,
    6,
    7,
    8,
    9,
    11,
    12,
    13,
    15,
    16,
    19,
    20,
    24,
    26,
    41,
    65,
    68
  ],
  "distribution": {
    "A": 0.0649573793425149,
    "B": 0.6983575794063056,
    "C": 0.2267235044957747,
    "D": 0.009961536755404813
  }
}