{
  "question_id": "gpqa_gpqa_diamond_0002",
  "method": "faithful_monitor",
  "prefix_length": 32,
  "keep_m": 5,
  "kl_to_baseline": 0.16649582972632437,
  "token_kl": 0.00852088700749054,
  "selected_indices": [
    0,
    3,
    10,
    11,
    21
  ],
  "distribution": {
    "A": 0.3626062801770275,
    "B": 0.194089155517513,
    "C": 0.194089155517513,
    "D": 0.24921540878794646
  }
}