{
  "question_id": "gpqa_gpqa_diamond_0031",
  "method": "faithful_monitor",
  "prefix_length": 95,
  "keep_m": 20,
  "kl_to_baseline": 0.012925923710283145,
  "token_kl": 3.0051458964000184,
  "selected_indices": [
    1,
    2,
    5,
    6,
    7,
    10,
    11,
    15,
    16,
    22,
    30,
    39,
    45,
    55,
    65,
    67,
    70,
    74,
    77,
    89
  ],
  "distribution": {
    "A": 0.9115974845131878,
    "B": 0.013003240815650024,
    "C": 0.04005280145090385,
    "D": 0.03534647322025843
  }
}