{
  "question_id": "gpqa_gpqa_diamond_0031",
  "method": "faithful_monitor",
  "prefix_length": 76,
  "keep_m": 15,
  "kl_to_baseline": 0.1579999884297664,
  "token_kl": 0.5580603424118099,
  "selected_indices": [
    1,
    2,
    5,
    6,
    7,
    10,
    11,
    15,
    16,
    22,
    30,
    31,
    55,
    65,
    67
  ],
  "distribution": {
    "A": 0.7471176454210835,
    "B": 0.03719679396576433,
    "C": 0.11457419149907984,
    "D": 0.10111136911407223
  }
}