{
  "question_id": "gpqa_gpqa_diamond_0004",
  "method": "faithful_monitor",
  "prefix_length": 118,
  "keep_m": 20,
  "kl_to_baseline": 0.0582000197228783,
  "token_kl": 0.3424561703215674,
  "selected_indices": [
    1,
    7,
    8,
    11,
    12,
    13,
    14,
    20,
    22,
    32,
    35,
    41,
    42,
    52,
    54,
    56,
    61,
    68,
    81,
    89
  ],
  "distribution": {
    "A": 0.0038481615266345824,
    "B": 0.053122218609070904,
    "C": 0.9416139603523387,
    "D": 0.0014156595119557743
  }
}