{
  "question_id": "gpqa_gpqa_diamond_0011",
  "method": "faithful_monitor",
  "prefix_length": 112,
  "keep_m": 10,
  "kl_to_baseline": 0.002586064615173793,
  "token_kl": 2.404671065073867,
  "selected_indices": [
    1,
    3,
    5,
    7,
    9,
    15,
    24,
    57,
    67,
    96
  ],
  "distribution": {
    "A": 0.0011678024310565844,
    "B": 0.9973720050349695,
    "C": 0.0010305820282381962,
    "D": 0.000429610505735748
  }
}