{
  "question_id": "gpqa_gpqa_diamond_0001",
  "method": "faithful_monitor",
  "prefix_length": 393,
  "keep_m": 5,
  "kl_to_baseline": 0.084400714950225,
  "token_kl": 1.2785243773781485,
  "selected_indices": [
    11,
    15,
    62,
    295,
    371
  ],
  "distribution": {
    "A": 0.580869657081244,
    "B": 0.1296095473352323,
    "C": 0.10094001695820924,
    "D": 0.1885807786253144
  }
}