{
  "question_id": "gpqa_gpqa_diamond_0023",
  "method": "faithful_monitor",
  "prefix_length": 307,
  "keep_m": 10,
  "kl_to_baseline": 0.04909905833270363,
  "token_kl": 0.3793502928813854,
  "selected_indices": [
    1,
    2,
    6,
    14,
    24,
    28,
    33,
    45,
    66,
    79
  ],
  "distribution": {
    "A": 0.517260870291277,
    "B": 0.19028963990260891,
    "C": 0.24433673416730767,
    "D": 0.04811275563880639
  }
}