{
  "question_id": "gpqa_gpqa_diamond_0020",
  "method": "faithful_monitor",
  "prefix_length": 52,
  "keep_m": 15,
  "kl_to_baseline": 0.1719046179125682,
  "token_kl": 0.20392755472553442,
  "selected_indices": [
    1,
    2,
    8,
    9,
    11,
    19,
    21,
    22,
    24,
    31,
    33,
    34,
    40,
    41,
    45
  ],
  "distribution": {
    "A": 0.6866053628696833,
    "B": 0.2525879971978145,
    "C": 0.03418406406787672,
    "D": 0.026622575864625464
  }
}