{
  "question_id": "gpqa_gpqa_diamond_0001",
  "method": "faithful_monitor",
  "prefix_length": 340,
  "keep_m": 10,
  "kl_to_baseline": 0.13404421929568988,
  "token_kl": 1.2956122585440017,
  "selected_indices": [
    0,
    11,
    15,
    21,
    66,
    134,
    167,
    295,
    297,
    315
  ],
  "distribution": {
    "A": 0.3320117333870983,
    "B": 0.10778842843604404,
    "C": 0.22818810478975934,
    "D": 0.3320117333870983
  }
}