{
  "question_id": "gpqa_gpqa_diamond_0011",
  "method": "faithful_monitor",
  "prefix_length": 91,
  "keep_m": 20,
  "kl_to_baseline": 0.17372188411613518,
  "token_kl": 0.05102615626956204,
  "selected_indices": [
    1,
    2,
    3,
    5,
    7,
    8,
    9,
    11,
    12,
    15,
    16,
    19,
    20,
    24,
    33,
    35,
    41,
    57,
    64,
    82
  ],
  "distribution": {
    "A": 0.272371834813784,
    "B": 0.5766111788256054,
    "C": 0.12865934467473225,
    "D": 0.02235764168587825
  }
}