{
  "question_id": "gpqa_gpqa_diamond_0004",
  "method": "faithful_monitor",
  "prefix_length": 122,
  "keep_m": 15,
  "kl_to_baseline": 0.06254263561849129,
  "token_kl": 3.3572838113273074,
  "selected_indices": [
    1,
    4,
    6,
    11,
    12,
    16,
    17,
    22,
    32,
    41,
    52,
    56,
    58,
    82,
    90
  ],
  "distribution": {
    "A": 0.001597630174847636,
    "B": 0.05995063002258249,
    "C": 0.9377857484611836,
    "D": 0.0006659913413863142
  }
}