{
  "question_id": "gpqa_gpqa_diamond_0023",
  "method": "faithful_monitor",
  "prefix_length": 216,
  "keep_m": 20,
  "kl_to_baseline": 0.22209086193527233,
  "token_kl": 0.29099278918164356,
  "selected_indices": [
    1,
    2,
    3,
    4,
    5,
    6,
    9,
    10,
    11,
    14,
    19,
    24,
    26,
    28,
    33,
    36,
    45,
    59,
    66,
    86
  ],
  "distribution": {
    "A": 0.5571078174494338,
    "B": 0.058718731956522996,
    "C": 0.359695841397686,
    "D": 0.02447760919635715
  }
}