{
  "question_id": "gpqa_gpqa_diamond_0001",
  "method": "faithful_monitor",
  "prefix_length": 337,
  "keep_m": 3,
  "kl_to_baseline": 0.08923272988481075,
  "token_kl": 1.0220031350485699,
  "selected_indices": [
    15,
    62,
    295
  ],
  "distribution": {
    "A": 0.2663576739964966,
    "B": 0.11103439793904928,
    "C": 0.23505982228154568,
    "D": 0.38754810578290844
  }
}