{
  "question_id": "gpqa_gpqa_diamond_0023",
  "method": "faithful_monitor",
  "prefix_length": 183,
  "keep_m": 20,
  "kl_to_baseline": 0.009584380566987794,
  "token_kl": 0.5206632050923614,
  "selected_indices": [
    1,
    2,
    3,
    4,
    6,
    10,
    11,
    14,
    19,
    24,
    26,
    28,
    33,
    36,
    39,
    45,
    59,
    66,
    75,
    78
  ],
  "distribution": {
    "A": 0.5635285019598458,
    "B": 0.20731056274184023,
    "C": 0.20731056274184023,
    "D": 0.021850372556473683
  }
}