{
  "question_id": "gpqa_gpqa_diamond_0013",
  "method": "faithful_monitor",
  "prefix_length": 26,
  "keep_m": 15,
  "kl_to_baseline": 0.0010213555972221062,
  "token_kl": 0.1305406745766859,
  "selected_indices": [
    1,
    3,
    4,
    5,
    6,
    7,
    8,
    9,
    11,
    12,
    15,
    16,
    17,
    19,
    20
  ],
  "distribution": {
    "A": 0.010983013491902506,
    "B": 0.0002011609090277817,
    "C": 0.00015666427347419204,
    "D": 0.9886591613255955
  }
}