{
  "question_id": "gpqa_gpqa_diamond_0007",
  "method": "faithful_monitor",
  "prefix_length": 201,
  "keep_m": 3,
  "kl_to_baseline": 0.1467914950372626,
  "token_kl": 0.625642950884395,
  "selected_indices": [
    14,
    22,
    88
  ],
  "distribution": {
    "A": 0.8565275909491183,
    "B": 0.020143596701786132,
    "C": 0.11591839548447866,
    "D": 0.007410416864616839
  }
}