{
  "question_id": "gpqa_gpqa_diamond_0031",
  "method": "faithful_monitor",
  "prefix_length": 202,
  "keep_m": 15,
  "kl_to_baseline": 0.061441026195477894,
  "token_kl": 0.49193113901710883,
  "selected_indices": [
    1,
    5,
    6,
    7,
    10,
    15,
    20,
    22,
    45,
    54,
    65,
    117,
    118,
    129,
    145
  ],
  "distribution": {
    "A": 0.873032989823285,
    "B": 0.029873547026061764,
    "C": 0.06324229955045227,
    "D": 0.033851163600200976
  }
}