{
  "question_id": "gpqa_gpqa_diamond_0031",
  "method": "faithful_monitor",
  "prefix_length": 133,
  "keep_m": 3,
  "kl_to_baseline": 0.38864940881171506,
  "token_kl": 0.1696834202026782,
  "selected_indices": [
    7,
    10,
    55
  ],
  "distribution": {
    "A": 0.5102876492070227,
    "B": 0.06094517224725654,
    "C": 0.24104283212950947,
    "D": 0.1877243464162112
  }
}