{
  "question_id": "gpqa_gpqa_diamond_0004",
  "method": "faithful_monitor",
  "prefix_length": 45,
  "keep_m": 3,
  "kl_to_baseline": 0.13089951593849142,
  "token_kl": 0.7909544864953146,
  "selected_indices": [
    12,
    22,
    32
  ],
  "distribution": {
    "A": 0.0005663972864835633,
    "B": 0.09525340019848529,
    "C": 0.9037390918647882,
    "D": 0.000441110650242918
  }
}