{
  "question_id": "gpqa_gpqa_diamond_0001",
  "method": "faithful_monitor",
  "prefix_length": 188,
  "keep_m": 20,
  "kl_to_baseline": 0.021521897170170882,
  "token_kl": 0.09719729791007209,
  "selected_indices": [
    2,
    4,
    11,
    14,
    15,
    18,
    21,
    34,
    49,
    51,
    58,
    62,
    64,
    66,
    68,
    84,
    134,
    138,
    167,
    182
  ],
  "distribution": {
    "A": 0.349660881390158,
    "B": 0.1135182543495788,
    "C": 0.18715998287010518,
    "D": 0.349660881390158
  }
}