{
  "question_id": "gpqa_gpqa_diamond_0001",
  "method": "faithful_monitor",
  "prefix_length": 299,
  "keep_m": 10,
  "kl_to_baseline": 0.13265518347698474,
  "token_kl": 0.5619517544616808,
  "selected_indices": [
    0,
    11,
    15,
    18,
    21,
    66,
    68,
    134,
    167,
    258
  ],
  "distribution": {
    "A": 0.22347484616923674,
    "B": 0.1355443297180622,
    "C": 0.22347484616923674,
    "D": 0.4175059779434643
  }
}