{
  "question_id": "gpqa_gpqa_diamond_0001",
  "method": "faithful_monitor",
  "prefix_length": 278,
  "keep_m": 5,
  "kl_to_baseline": 0.03262349327579798,
  "token_kl": 1.1249117434213873,
  "selected_indices": [
    11,
    15,
    18,
    62,
    258
  ],
  "distribution": {
    "A": 0.37897238681311185,
    "B": 0.12303432043955968,
    "C": 0.2028493011348376,
    "D": 0.29514399161249083
  }
}