{
  "question_id": "gpqa_gpqa_diamond_0020",
  "method": "faithful_monitor",
  "prefix_length": 71,
  "keep_m": 3,
  "kl_to_baseline": 0.9626033433373237,
  "token_kl": 0.5879862970896599,
  "selected_indices": [
    21,
    47,
    53
  ],
  "distribution": {
    "A": 0.39768395581729826,
    "B": 0.3097165762054459,
    "C": 0.14629973398862786,
    "D": 0.14629973398862786
  }
}