{
  "question_id": "gpqa_gpqa_diamond_0001",
  "method": "faithful_monitor",
  "prefix_length": 54,
  "keep_m": 3,
  "kl_to_baseline": 0.005714509786552552,
  "token_kl": 1.0929633323228451,
  "selected_indices": [
    8,
    11,
    23
  ],
  "distribution": {
    "A": 0.23839774625169233,
    "B": 0.3468666740605408,
    "C": 0.14459554230804392,
    "D": 0.2701400373797229
  }
}