{
  "question_id": "gpqa_gpqa_diamond_0011",
  "method": "faithful_monitor",
  "prefix_length": 73,
  "keep_m": 10,
  "kl_to_baseline": 0.051532781121402554,
  "token_kl": 0.31862767535842124,
  "selected_indices": [
    1,
    2,
    3,
    5,
    7,
    9,
    11,
    15,
    27,
    41
  ],
  "distribution": {
    "A": 0.027635606810845197,
    "B": 0.8076308640453185,
    "C": 0.14034519173221977,
    "D": 0.024388337411616636
  }
}