{
  "question_id": "gpqa_gpqa_diamond_0004",
  "method": "faithful_monitor",
  "prefix_length": 55,
  "keep_m": 20,
  "kl_to_baseline": 0.2264566428460913,
  "token_kl": 0.7096480936810664,
  "selected_indices": [
    1,
    4,
    6,
    8,
    10,
    11,
    12,
    13,
    14,
    16,
    17,
    20,
    21,
    22,
    24,
    26,
    32,
    41,
    42,
    46
  ],
  "distribution": {
    "A": 0.002829633606838903,
    "B": 0.10618121773973309,
    "C": 0.8890443718125409,
    "D": 0.001944776840887007
  }
}