{
  "question_id": "gpqa_gpqa_diamond_0009",
  "method": "faithful_monitor",
  "prefix_length": 47,
  "keep_m": 5,
  "kl_to_baseline": 0.15253668956099178,
  "token_kl": 1.0481690121333107,
  "selected_indices": [
    7,
    9,
    14,
    32,
    40
  ],
  "distribution": {
    "A": 0.4885992928707122,
    "B": 0.040106672282930335,
    "C": 0.040106672282930335,
    "D": 0.4311873625634271
  }
}