{
  "question_id": "gpqa_gpqa_diamond_0011",
  "method": "faithful_monitor",
  "prefix_length": 96,
  "keep_m": 20,
  "kl_to_baseline": 0.0008893098283349358,
  "token_kl": 0.38303408501944336,
  "selected_indices": [
    1,
    2,
    3,
    5,
    7,
    9,
    11,
    15,
    24,
    26,
    30,
    35,
    41,
    51,
    57,
    65,
    74,
    82,
    86,
    89
  ],
  "distribution": {
    "A": 0.00020334526923654298,
    "B": 0.9993953785166937,
    "C": 0.0003352596706865328,
    "D": 6.601654338329161e-05
  }
}