{
  "question_id": "gpqa_gpqa_diamond_0009",
  "method": "faithful_monitor",
  "prefix_length": 78,
  "keep_m": 10,
  "kl_to_baseline": 1.458641510504689,
  "token_kl": 0.3838984092921521,
  "selected_indices": [
    1,
    7,
    10,
    12,
    14,
    15,
    37,
    40,
    43,
    71
  ],
  "distribution": {
    "A": 0.6570540563039483,
    "B": 0.10076250902573114,
    "C": 0.0539342845222705,
    "D": 0.18824915014805
  }
}