{
  "question_id": "gpqa_gpqa_diamond_0011",
  "method": "faithful_monitor",
  "prefix_length": 89,
  "keep_m": 3,
  "kl_to_baseline": 1.0799545265464308,
  "token_kl": 0.25155509328091613,
  "selected_indices": [
    3,
    7,
    27
  ],
  "distribution": {
    "A": 0.0002303620334958367,
    "B": 0.9991422403096181,
    "C": 0.0005526100543261288,
    "D": 7.47876025601102e-05
  }
}