{
  "question_id": "gpqa_gpqa_diamond_0002",
  "method": "faithful_monitor",
  "prefix_length": 98,
  "keep_m": 10,
  "kl_to_baseline": 0.5459975652571414,
  "token_kl": 0.3721214777524641,
  "selected_indices": [
    0,
    10,
    11,
    13,
    21,
    36,
    50,
    55,
    58,
    83
  ],
  "distribution": {
    "A": 0.14562345030901583,
    "B": 0.16501298744791515,
    "C": 0.1134116436144991,
    "D": 0.5759519186285699
  }
}