{
  "question_id": "gpqa_gpqa_diamond_0001",
  "method": "faithful_monitor",
  "prefix_length": 337,
  "keep_m": 15,
  "kl_to_baseline": 0.09295370587749398,
  "token_kl": 0.6260050886972851,
  "selected_indices": [
    1,
    2,
    11,
    15,
    18,
    21,
    49,
    51,
    58,
    62,
    66,
    68,
    138,
    295,
    297
  ],
  "distribution": {
    "A": 0.30601362565976303,
    "B": 0.27005607679342275,
    "C": 0.18560664625247092,
    "D": 0.23832365129434321
  }
}