{
  "question_id": "gpqa_gpqa_diamond_0031",
  "method": "faithful_monitor",
  "prefix_length": 200,
  "keep_m": 20,
  "kl_to_baseline": 0.02231479015981514,
  "token_kl": 0.6033930942028569,
  "selected_indices": [
    1,
    2,
    5,
    6,
    7,
    10,
    11,
    15,
    16,
    21,
    22,
    30,
    34,
    45,
    47,
    54,
    65,
    66,
    135,
    146
  ],
  "distribution": {
    "A": 0.9378194952353613,
    "B": 0.011805403708479387,
    "C": 0.02831969804352012,
    "D": 0.022055403012639203
  }
}