{
  "question_id": "gpqa_gpqa_diamond_0023",
  "method": "faithful_monitor",
  "prefix_length": 317,
  "keep_m": 15,
  "kl_to_baseline": 0.16866333510828674,
  "token_kl": 0.5630013230463533,
  "selected_indices": [
    1,
    2,
    4,
    6,
    19,
    24,
    25,
    28,
    33,
    36,
    45,
    46,
    59,
    75,
    79
  ],
  "distribution": {
    "A": 0.5032812152098355,
    "B": 0.1534920984549621,
    "C": 0.2377332126879787,
    "D": 0.10549347364722379
  }
}