{
  "question_id": "gpqa_gpqa_diamond_0023",
  "method": "faithful_monitor",
  "prefix_length": 47,
  "keep_m": 3,
  "kl_to_baseline": 0.09498990128971105,
  "token_kl": 0.5979297952638651,
  "selected_indices": [
    13,
    24,
    28
  ],
  "distribution": {
    "A": 0.32856174948059197,
    "B": 0.2258169678388161,
    "C": 0.37230923816086287,
    "D": 0.07331204451972897
  }
}