{
  "question_id": "gpqa_gpqa_diamond_0009",
  "method": "faithful_monitor",
  "prefix_length": 67,
  "keep_m": 15,
  "kl_to_baseline": 0.17443894046723063,
  "token_kl": 0.22940385505281954,
  "selected_indices": [
    1,
    3,
    4,
    5,
    6,
    7,
    9,
    14,
    15,
    21,
    24,
    29,
    30,
    32,
    37,
    41
  ],
  "distribution": {
    "A": 0.1229713330208841,
    "B": 0.03523187678677519,
    "C": 0.039922946679575334,
    "D": 0.8018738435127652
  }
}