{
  "question_id": "gpqa_gpqa_diamond_0002",
  "method": "faithful_monitor",
  "prefix_length": 91,
  "keep_m": 5,
  "kl_to_baseline": 0.18486568567043604,
  "token_kl": 0.2986004967945208,
  "selected_indices": [
    10,
    21,
    50,
    56,
    58
  ],
  "distribution": {
    "A": 0.07612467390826012,
    "B": 0.059285955650808325,
    "C": 0.046171948685986106,
    "D": 0.8184174217549455
  }
}