{
  "question_id": "gpqa_gpqa_diamond_0031",
  "method": "faithful_monitor",
  "prefix_length": 15,
  "keep_m": 5,
  "kl_to_baseline": 0.0492015982352242,
  "token_kl": 0.05244831607031395,
  "selected_indices": [
    1,
    2,
    5,
    6,
    7
  ],
  "distribution": {
    "A": 0.09643125284449464,
    "B": 0.05161593015142014,
    "C": 0.5549236118215596,
    "D": 0.2970292051825256
  }
}