{
  "question_id": "gpqa_gpqa_diamond_0002",
  "method": "faithful_monitor",
  "prefix_length": 70,
  "keep_m": 5,
  "kl_to_baseline": 1.9223213303161202,
  "token_kl": 0.05294177604331998,
  "selected_indices": [
    5,
    7,
    22,
    50,
    58
  ],
  "distribution": {
    "A": 0.3075818303735863,
    "B": 0.23954497035348501,
    "C": 0.3075818303735863,
    "D": 0.14529136889934247
  }
}