{
  "question_id": "gpqa_gpqa_diamond_0031",
  "method": "faithful_monitor",
  "prefix_length": 98,
  "keep_m": 5,
  "kl_to_baseline": 0.13894345410766157,
  "token_kl": 0.22637520867529412,
  "selected_indices": [
    7,
    15,
    16,
    65,
    67
  ],
  "distribution": {
    "A": 0.7559102424196684,
    "B": 0.025865827649839787,
    "C": 0.1023013328569568,
    "D": 0.1159225970735351
  }
}