{
  "question_id": "gpqa_gpqa_diamond_0023",
  "method": "faithful_monitor",
  "prefix_length": 334,
  "keep_m": 20,
  "kl_to_baseline": 0.19857500264448416,
  "token_kl": 1.5341807542611832,
  "selected_indices": [
    1,
    2,
    3,
    4,
    6,
    10,
    11,
    19,
    24,
    28,
    33,
    36,
    46,
    59,
    66,
    79,
    303,
    311,
    312,
    321
  ],
  "distribution": {
    "A": 0.5484221263797192,
    "B": 0.20175322537862522,
    "C": 0.2147651904843526,
    "D": 0.03505945775730293
  }
}