{
  "question_id": "gpqa_gpqa_diamond_0023",
  "method": "faithful_monitor",
  "prefix_length": 167,
  "keep_m": 15,
  "kl_to_baseline": 0.016905702620967862,
  "token_kl": 0.37794819623628295,
  "selected_indices": [
    1,
    2,
    3,
    4,
    6,
    9,
    10,
    11,
    14,
    19,
    24,
    28,
    33,
    45,
    59
  ],
  "distribution": {
    "A": 0.5722792164808499,
    "B": 0.21052977090155775,
    "C": 0.16396075043797662,
    "D": 0.05323026217961574
  }
}