{
  "question_id": "gpqa_gpqa_diamond_0009",
  "method": "faithful_monitor",
  "prefix_length": 97,
  "keep_m": 3,
  "kl_to_baseline": 1.0893167729713027,
  "token_kl": 1.3295565813332,
  "selected_indices": [
    7,
    40,
    75
  ],
  "distribution": {
    "A": 0.5499882425771769,
    "B": 0.1390588132391272,
    "C": 0.05115687850437408,
    "D": 0.2597960656793218
  }
}