{
  "question_id": "gpqa_gpqa_diamond_0001",
  "method": "faithful_monitor",
  "prefix_length": 300,
  "keep_m": 15,
  "kl_to_baseline": 0.14177705181074574,
  "token_kl": 0.9940696259663137,
  "selected_indices": [
    0,
    4,
    11,
    15,
    18,
    21,
    23,
    49,
    51,
    58,
    62,
    64,
    66,
    134,
    138
  ],
  "distribution": {
    "A": 0.21926600452731243,
    "B": 0.17076453602680913,
    "C": 0.24846093384026782,
    "D": 0.3615085256056106
  }
}