{
  "question_id": "gpqa_gpqa_diamond_0031",
  "method": "faithful_monitor",
  "prefix_length": 71,
  "keep_m": 5,
  "kl_to_baseline": 0.004439296415127925,
  "token_kl": 0.2828406985787882,
  "selected_indices": [
    6,
    20,
    32,
    54,
    65
  ],
  "distribution": {
    "A": 0.9394244300206352,
    "B": 0.007172594408786307,
    "C": 0.025034814381437464,
    "D": 0.028368161189141
  }
}