{
  "question_id": "gpqa_gpqa_diamond_0001",
  "method": "faithful_monitor",
  "prefix_length": 365,
  "keep_m": 20,
  "kl_to_baseline": 0.37872012332464344,
  "token_kl": 0.23903648573563094,
  "selected_indices": [
    0,
    11,
    14,
    15,
    18,
    19,
    21,
    23,
    61,
    62,
    64,
    68,
    69,
    138,
    167,
    295,
    297,
    318,
    337,
    350
  ],
  "distribution": {
    "A": 0.18972708548584374,
    "B": 0.07909001604334585,
    "C": 0.2760512805024362,
    "D": 0.45513161796837415
  }
}