{
  "question_id": "gpqa_gpqa_diamond_0026",
  "method": "faithful_monitor",
  "prefix_length": 74,
  "keep_m": 15,
  "kl_to_baseline": 0.07099590893854352,
  "token_kl": 0.8078035008253015,
  "selected_indices": [
    1,
    3,
    8,
    10,
    14,
    16,
    18,
    23,
    26,
    32,
    39,
    41,
    46,
    47,
    54
  ],
  "distribution": {
    "A": 0.03576012010175339,
    "B": 0.9222655841897252,
    "C": 0.03576012010175339,
    "D": 0.006214175606768124
  }
}