{
  "question_id": "gpqa_gpqa_diamond_0001",
  "method": "faithful_monitor",
  "prefix_length": 213,
  "keep_m": 15,
  "kl_to_baseline": 0.1551359622441734,
  "token_kl": 0.22003712968821446,
  "selected_indices": [
    0,
    4,
    11,
    15,
    18,
    21,
    49,
    51,
    58,
    62,
    64,
    66,
    68,
    138,
    167
  ],
  "distribution": {
    "A": 0.21795325095539334,
    "B": 0.31712010892822357,
    "C": 0.24697338916098974,
    "D": 0.21795325095539334
  }
}