{
  "question_id": "gpqa_gpqa_diamond_0001",
  "method": "faithful_monitor",
  "prefix_length": 328,
  "keep_m": 15,
  "kl_to_baseline": 0.07513086769730883,
  "token_kl": 0.29096857008245147,
  "selected_indices": [
    0,
    11,
    14,
    15,
    18,
    19,
    21,
    62,
    64,
    68,
    104,
    138,
    140,
    258,
    297
  ],
  "distribution": {
    "A": 0.3118033719615943,
    "B": 0.10122774610527185,
    "C": 0.2751655099715395,
    "D": 0.3118033719615943
  }
}