{
  "question_id": "gpqa_gpqa_diamond_0002",
  "method": "faithful_monitor",
  "prefix_length": 89,
  "keep_m": 10,
  "kl_to_baseline": 1.2779070865826927,
  "token_kl": 0.3911188988170706,
  "selected_indices": [
    3,
    7,
    10,
    13,
    22,
    24,
    30,
    32,
    55,
    58
  ],
  "distribution": {
    "A": 0.1863941846776741,
    "B": 0.2712019384407753,
    "C": 0.2712019384407753,
    "D": 0.2712019384407753
  }
}