{
  "question_id": "gpqa_gpqa_diamond_0001",
  "method": "faithful_monitor",
  "prefix_length": 370,
  "keep_m": 10,
  "kl_to_baseline": 0.1919513221465179,
  "token_kl": 0.7317221592112402,
  "selected_indices": [
    11,
    15,
    18,
    34,
    64,
    68,
    138,
    295,
    315,
    337
  ],
  "distribution": {
    "A": 0.22787346472864317,
    "B": 0.13821224289286746,
    "C": 0.25821446405224,
    "D": 0.3756998283262494
  }
}