{
  "question_id": "gpqa_gpqa_diamond_0011",
  "method": "faithful_monitor",
  "prefix_length": 113,
  "keep_m": 3,
  "kl_to_baseline": 0.14687491178172288,
  "token_kl": 0.3921713737682052,
  "selected_indices": [
    3,
    24,
    82
  ],
  "distribution": {
    "A": 0.01231531740040379,
    "B": 0.8633705589183203,
    "C": 0.11684450609383855,
    "D": 0.007469617587437384
  }
}