{
  "question_id": "gpqa_gpqa_diamond_0031",
  "method": "faithful_monitor",
  "prefix_length": 159,
  "keep_m": 3,
  "kl_to_baseline": 0.43600345156634474,
  "token_kl": 0.2599687234711017,
  "selected_indices": [
    7,
    54,
    129
  ],
  "distribution": {
    "A": 0.5062982348083676,
    "B": 0.041559489907527246,
    "C": 0.307085402369661,
    "D": 0.1450568729144442
  }
}