{
  "question_id": "gpqa_gpqa_diamond_0001",
  "method": "faithful_monitor",
  "prefix_length": 174,
  "keep_m": 3,
  "kl_to_baseline": 0.16184395174949173,
  "token_kl": 0.2634272900657696,
  "selected_indices": [
    11,
    66,
    138
  ],
  "distribution": {
    "A": 0.22368178212333056,
    "B": 0.325455072595945,
    "C": 0.19739847988844153,
    "D": 0.2534646653922829
  }
}