{
  "question_id": "gpqa_gpqa_diamond_0031",
  "method": "faithful_monitor",
  "prefix_length": 127,
  "keep_m": 20,
  "kl_to_baseline": 0.009897178263253276,
  "token_kl": 0.5702237643240992,
  "selected_indices": [
    1,
    2,
    5,
    6,
    7,
    10,
    15,
    16,
    22,
    30,
    45,
    54,
    55,
    65,
    66,
    67,
    70,
    74,
    105,
    119
  ],
  "distribution": {
    "A": 0.8755145863571063,
    "B": 0.014151372115364864,
    "C": 0.038467426840306504,
    "D": 0.07186661468722239
  }
}