{
  "question_id": "gpqa_gpqa_diamond_0001",
  "method": "faithful_monitor",
  "prefix_length": 415,
  "keep_m": 15,
  "kl_to_baseline": 0.0069734307540086395,
  "token_kl": 0.4555690530988101,
  "selected_indices": [
    3,
    11,
    15,
    18,
    49,
    51,
    58,
    62,
    68,
    138,
    295,
    297,
    301,
    371,
    372
  ],
  "distribution": {
    "A": 0.6695348947804207,
    "B": 0.07056846293317381,
    "C": 0.09061170002278195,
    "D": 0.1692849422636236
  }
}