{
  "question_id": "gpqa_gpqa_diamond_0020",
  "method": "faithful_monitor",
  "prefix_length": 59,
  "keep_m": 15,
  "kl_to_baseline": 0.07096832706440377,
  "token_kl": 0.414224354403427,
  "selected_indices": [
    2,
    8,
    11,
    14,
    21,
    22,
    30,
    33,
    34,
    36,
    40,
    41,
    45,
    47,
    53
  ],
  "distribution": {
    "A": 0.5368245635509269,
    "B": 0.4180793904654271,
    "C": 0.018369123143538627,
    "D": 0.026726922840107414
  }
}