{
  "question_id": "gpqa_gpqa_diamond_0031",
  "method": "faithful_monitor",
  "prefix_length": 131,
  "keep_m": 3,
  "kl_to_baseline": 0.17906674775882872,
  "token_kl": 0.7388862837372585,
  "selected_indices": [
    7,
    15,
    55
  ],
  "distribution": {
    "A": 0.6355005406520865,
    "B": 0.04062618793808463,
    "C": 0.1417993289582149,
    "D": 0.182073942451614
  }
}