{
  "question_id": "gpqa_gpqa_diamond_0009",
  "method": "faithful_monitor",
  "prefix_length": 91,
  "keep_m": 5,
  "kl_to_baseline": 0.018863966285023633,
  "token_kl": 0.36910375693609404,
  "selected_indices": [
    7,
    9,
    41,
    58,
    80
  ],
  "distribution": {
    "A": 0.04042968113494563,
    "B": 0.014873244956605051,
    "C": 0.024521841170749983,
    "D": 0.9201752327376993
  }
}