{
  "question_id": "gpqa_gpqa_diamond_0023",
  "method": "faithful_monitor",
  "prefix_length": 95,
  "keep_m": 15,
  "kl_to_baseline": 0.2723661489648992,
  "token_kl": 0.22875968937557306,
  "selected_indices": [
    1,
    2,
    3,
    4,
    6,
    14,
    19,
    24,
    26,
    28,
    33,
    36,
    45,
    59,
    66
  ],
  "distribution": {
    "A": 0.5740286183166412,
    "B": 0.06855794175560033,
    "C": 0.3072553782509476,
    "D": 0.050158061676810764
  }
}