{
  "question_id": "gpqa_gpqa_diamond_0001",
  "method": "faithful_monitor",
  "prefix_length": 239,
  "keep_m": 10,
  "kl_to_baseline": 0.014882956182232364,
  "token_kl": 0.21993001409426266,
  "selected_indices": [
    0,
    11,
    15,
    18,
    34,
    62,
    64,
    68,
    69,
    138
  ],
  "distribution": {
    "A": 0.30489397416338965,
    "B": 0.11216422483176795,
    "C": 0.23745166583220054,
    "D": 0.3454901351726419
  }
}