{
  "question_id": "gpqa_gpqa_diamond_0023",
  "method": "faithful_monitor",
  "prefix_length": 299,
  "keep_m": 15,
  "kl_to_baseline": 0.04706873389806274,
  "token_kl": 0.7592755463722117,
  "selected_indices": [
    1,
    2,
    3,
    4,
    6,
    14,
    19,
    25,
    26,
    28,
    33,
    36,
    45,
    59,
    79
  ],
  "distribution": {
    "A": 0.43573153445556084,
    "B": 0.2994736120624461,
    "C": 0.20582500285132593,
    "D": 0.058969850630667196
  }
}