{
  "question_id": "gpqa_gpqa_diamond_0020",
  "method": "faithful_monitor",
  "prefix_length": 54,
  "keep_m": 3,
  "kl_to_baseline": 0.17436447469807417,
  "token_kl": 0.3493543946979154,
  "selected_indices": [
    11,
    21,
    47
  ],
  "distribution": {
    "A": 0.3324879294350306,
    "B": 0.3324879294350306,
    "C": 0.17796796407471568,
    "D": 0.15705617705522312
  }
}