{
  "question_id": "gpqa_gpqa_diamond_0023",
  "method": "faithful_monitor",
  "prefix_length": 339,
  "keep_m": 5,
  "kl_to_baseline": 0.08157045362747284,
  "token_kl": 0.743818027708061,
  "selected_indices": [
    1,
    24,
    28,
    45,
    312
  ],
  "distribution": {
    "A": 0.40544189906688444,
    "B": 0.24591295717373435,
    "C": 0.21701742301123886,
    "D": 0.13162772074814233
  }
}