{
  "question_id": "gpqa_gpqa_diamond_0031",
  "method": "faithful_monitor",
  "prefix_length": 131,
  "keep_m": 20,
  "kl_to_baseline": 0.005554907007790679,
  "token_kl": 1.230659092137109,
  "selected_indices": [
    1,
    2,
    6,
    7,
    10,
    11,
    15,
    16,
    22,
    29,
    30,
    54,
    56,
    65,
    67,
    70,
    74,
    105,
    117,
    119
  ],
  "distribution": {
    "A": 0.8903990986848909,
    "B": 0.020940179713290836,
    "C": 0.044330360800909095,
    "D": 0.044330360800909095
  }
}