{
  "question_id": "gpqa_gpqa_diamond_0026",
  "method": "faithful_monitor",
  "prefix_length": 86,
  "keep_m": 5,
  "kl_to_baseline": 0.16354878564347053,
  "token_kl": 0.3262753414083742,
  "selected_indices": [
    8,
    18,
    23,
    39,
    47
  ],
  "distribution": {
    "A": 0.041340675793816575,
    "B": 0.8303497443252825,
    "C": 0.06015032835451761,
    "D": 0.06815925152638329
  }
}