{
  "question_id": "gpqa_gpqa_diamond_0007",
  "method": "faithful_monitor",
  "prefix_length": 201,
  "keep_m": 5,
  "kl_to_baseline": 0.09869854057857759,
  "token_kl": 0.7811254990515444,
  "selected_indices": [
    6,
    26,
    29,
    42,
    88
  ],
  "distribution": {
    "A": 0.8993570835724001,
    "B": 0.03077430984155289,
    "C": 0.06514921444581107,
    "D": 0.004719392140235997
  }
}