{
  "question_id": "gpqa_gpqa_diamond_0009",
  "method": "faithful_monitor",
  "prefix_length": 66,
  "keep_m": 10,
  "kl_to_baseline": 0.06745601283324601,
  "token_kl": 0.3433565610850355,
  "selected_indices": [
    7,
    9,
    10,
    14,
    15,
    18,
    21,
    24,
    29,
    34
  ],
  "distribution": {
    "A": 0.0658208698831014,
    "B": 0.008907886068509757,
    "C": 0.016642122136760168,
    "D": 0.9086291219116288
  }
}