{
  "question_id": "gpqa_gpqa_diamond_0011",
  "method": "faithful_monitor",
  "prefix_length": 107,
  "keep_m": 15,
  "kl_to_baseline": 0.16243911476934308,
  "token_kl": 0.1608800570338931,
  "selected_indices": [
    1,
    2,
    3,
    5,
    7,
    9,
    15,
    24,
    33,
    41,
    57,
    67,
    82,
    96,
    101
  ],
  "distribution": {
    "A": 0.10148485814567224,
    "B": 0.8497222505416073,
    "C": 0.042305182933391854,
    "D": 0.0064877083793285426
  }
}