{
  "question_id": "gpqa_gpqa_diamond_0031",
  "method": "faithful_monitor",
  "prefix_length": 81,
  "keep_m": 20,
  "kl_to_baseline": 0.04223487227105904,
  "token_kl": 0.34091985948740655,
  "selected_indices": [
    1,
    2,
    5,
    6,
    7,
    8,
    10,
    11,
    15,
    16,
    20,
    21,
    22,
    24,
    30,
    37,
    39,
    54,
    65,
    67
  ],
  "distribution": {
    "A": 0.9206597144127111,
    "B": 0.019107679647632304,
    "C": 0.03569785376862956,
    "D": 0.024534752171026998
  }
}