{
  "question_id": "gpqa_gpqa_diamond_0026",
  "method": "faithful_monitor",
  "prefix_length": 51,
  "keep_m": 15,
  "kl_to_baseline": 0.013745417091692578,
  "token_kl": 0.13441063641958806,
  "selected_indices": [
    1,
    6,
    8,
    10,
    14,
    16,
    18,
    21,
    23,
    25,
    27,
    29,
    32,
    39,
    41
  ],
  "distribution": {
    "A": 0.00514481190659183,
    "B": 0.9804276471368876,
    "C": 0.010891566891723992,
    "D": 0.0035359740647967056
  }
}