{
  "question_id": "gpqa_gpqa_diamond_0011",
  "method": "faithful_monitor",
  "prefix_length": 91,
  "keep_m": 10,
  "kl_to_baseline": 0.12823101181889582,
  "token_kl": 0.15890974666497643,
  "selected_indices": [
    1,
    3,
    5,
    7,
    9,
    11,
    15,
    24,
    41,
    67
  ],
  "distribution": {
    "A": 0.015656869374176152,
    "B": 0.9686560455158197,
    "C": 0.013817138726882066,
    "D": 0.0018699463831221544
  }
}