{
  "question_id": "gpqa_gpqa_diamond_0023",
  "method": "faithful_monitor",
  "prefix_length": 191,
  "keep_m": 10,
  "kl_to_baseline": 0.12522556524478531,
  "token_kl": 0.42874337397389084,
  "selected_indices": [
    1,
    2,
    3,
    4,
    6,
    28,
    33,
    36,
    45,
    66
  ],
  "distribution": {
    "A": 0.5941188260341744,
    "B": 0.062619656096762,
    "C": 0.28064186177230155,
    "D": 0.062619656096762
  }
}