{
  "question_id": "gpqa_gpqa_diamond_0031",
  "method": "faithful_monitor",
  "prefix_length": 138,
  "keep_m": 15,
  "kl_to_baseline": 0.003390274231086144,
  "token_kl": 0.6797743935185602,
  "selected_indices": [
    1,
    2,
    5,
    6,
    7,
    10,
    11,
    15,
    21,
    22,
    45,
    54,
    65,
    67,
    129
  ],
  "distribution": {
    "A": 0.9039040333415819,
    "B": 0.011378471443122743,
    "C": 0.045002727547111265,
    "D": 0.03971476766818414
  }
}