{
  "question_id": "gpqa_gpqa_diamond_0023",
  "method": "faithful_monitor",
  "prefix_length": 288,
  "keep_m": 3,
  "kl_to_baseline": 0.08444330370920033,
  "token_kl": 0.7117975562874123,
  "selected_indices": [
    11,
    28,
    66
  ],
  "distribution": {
    "A": 0.3925874361889516,
    "B": 0.21013692443824253,
    "C": 0.2698211519632948,
    "D": 0.12745448740951104
  }
}