{
  "question_id": "gpqa_gpqa_diamond_0031",
  "method": "faithful_monitor",
  "prefix_length": 132,
  "keep_m": 10,
  "kl_to_baseline": 0.008975833051128292,
  "token_kl": 0.12610546555171115,
  "selected_indices": [
    1,
    7,
    11,
    15,
    24,
    45,
    54,
    67,
    118,
    119
  ],
  "distribution": {
    "A": 0.8782255571320812,
    "B": 0.016085262646666765,
    "C": 0.0495460970235348,
    "D": 0.05614308319771736
  }
}