{
  "question_id": "gpqa_gpqa_diamond_0009",
  "method": "faithful_monitor",
  "prefix_length": 28,
  "keep_m": 5,
  "kl_to_baseline": 0.10119897462042544,
  "token_kl": 0.25800243429296804,
  "selected_indices": [
    7,
    12,
    14,
    15,
    18
  ],
  "distribution": {
    "A": 0.5541352726241704,
    "B": 0.10911570482215815,
    "C": 0.0749940540719897,
    "D": 0.2617549684816817
  }
}