{
  "question_id": "gpqa_gpqa_diamond_0026",
  "method": "faithful_monitor",
  "prefix_length": 101,
  "keep_m": 10,
  "kl_to_baseline": 0.026867977380468457,
  "token_kl": 0.3839790935098318,
  "selected_indices": [
    8,
    10,
    16,
    18,
    23,
    26,
    39,
    41,
    46,
    54
  ],
  "distribution": {
    "A": 0.008200185253093194,
    "B": 0.947812496036897,
    "C": 0.00723663808647462,
    "D": 0.03675068062353514
  }
}