{
  "question_id": "gpqa_gpqa_diamond_0031",
  "method": "faithful_monitor",
  "prefix_length": 134,
  "keep_m": 5,
  "kl_to_baseline": 0.45212114142738946,
  "token_kl": 0.38227199906818304,
  "selected_indices": [
    7,
    15,
    55,
    117,
    120
  ],
  "distribution": {
    "A": 0.40525308591614534,
    "B": 0.07042242263760702,
    "C": 0.24579840690057297,
    "D": 0.2785260845456746
  }
}