{
  "question_id": "gpqa_gpqa_diamond_0001",
  "method": "faithful_monitor",
  "prefix_length": 420,
  "keep_m": 5,
  "kl_to_baseline": 0.07177724093607515,
  "token_kl": 1.2972795998837137,
  "selected_indices": [
    11,
    15,
    62,
    295,
    372
  ],
  "distribution": {
    "A": 0.8483893857798427,
    "B": 0.04223882161120609,
    "C": 0.01995220655632809,
    "D": 0.0894195860526231
  }
}