{
  "question_id": "gpqa_gpqa_diamond_0001",
  "method": "faithful_monitor",
  "prefix_length": 303,
  "keep_m": 10,
  "kl_to_baseline": 0.07554043517337566,
  "token_kl": 0.3329647323002786,
  "selected_indices": [
    4,
    11,
    15,
    18,
    21,
    62,
    64,
    68,
    138,
    296
  ],
  "distribution": {
    "A": 0.1852237682914239,
    "B": 0.1852237682914239,
    "C": 0.1852237682914239,
    "D": 0.44432869512572826
  }
}