{
  "question_id": "gpqa_gpqa_diamond_0001",
  "method": "faithful_monitor",
  "prefix_length": 363,
  "keep_m": 20,
  "kl_to_baseline": 0.23453015751494127,
  "token_kl": 0.6317964929115114,
  "selected_indices": [
    0,
    4,
    6,
    9,
    11,
    14,
    15,
    18,
    21,
    62,
    66,
    68,
    84,
    104,
    138,
    167,
    241,
    295,
    315,
    337
  ],
  "distribution": {
    "A": 0.19824127830791274,
    "B": 0.09364254924528084,
    "C": 0.28843935796095055,
    "D": 0.41967681448585586
  }
}