{
  "question_id": "gpqa_gpqa_diamond_0001",
  "method": "faithful_monitor",
  "prefix_length": 416,
  "keep_m": 3,
  "kl_to_baseline": 0.8069837748367934,
  "token_kl": 0.5636587094692864,
  "selected_indices": [
    62,
    295,
    409
  ],
  "distribution": {
    "A": 0.1156716803375286,
    "B": 0.07015842058519006,
    "C": 0.14852537754436637,
    "D": 0.665644521532915
  }
}