{
  "question_id": "gpqa_gpqa_diamond_0023",
  "method": "faithful_monitor",
  "prefix_length": 186,
  "keep_m": 3,
  "kl_to_baseline": 0.07365351814869626,
  "token_kl": 0.6970136567207478,
  "selected_indices": [
    24,
    28,
    59
  ],
  "distribution": {
    "A": 0.36471497061594993,
    "B": 0.22121081173476584,
    "C": 0.32185983189480755,
    "D": 0.09221438575447677
  }
}