{
  "question_id": "gpqa_gpqa_diamond_0031",
  "method": "faithful_monitor",
  "prefix_length": 198,
  "keep_m": 15,
  "kl_to_baseline": 0.004636839377476019,
  "token_kl": 0.1026861054463153,
  "selected_indices": [
    1,
    2,
    5,
    6,
    7,
    10,
    11,
    15,
    16,
    24,
    39,
    54,
    65,
    67,
    129
  ],
  "distribution": {
    "A": 0.9726217109874316,
    "B": 0.005103850209769883,
    "C": 0.01572096541048702,
    "D": 0.00655347339231159
  }
}