{
  "question_id": "medmcqa_0001",
  "method": "faithful_monitor",
  "prefix_length": 16,
  "keep_m": 5,
  "kl_to_baseline": 0.0015784694627690174,
  "token_kl": 0.009939417125002847,
  "selected_indices": [
    1,
    5,
    6,
    7,
    8
  ],
  "distribution": {
    "A": 0.9885092267772829,
    "B": 0.006660521835261882,
    "C": 0.0031462077387789116,
    "D": 0.0016840436486763024
  }
}