{
  "question_id": "medmcqa_0001",
  "method": "faithful_monitor",
  "prefix_length": 44,
  "keep_m": 20,
  "kl_to_baseline": 0.000970865339696246,
  "token_kl": 0.05529579577380333,
  "selected_indices": [
    1,
    2,
    4,
    5,
    6,
    7,
    8,
    9,
    11,
    13,
    14,
    15,
    17,
    18,
    19,
    21,
    22,
    23,
    24,
    29
  ],
  "distribution": {
    "A": 0.9967730092303508,
    "B": 0.0014985874690122646,
    "C": 0.0002298158316246011,
    "D": 0.0014985874690122646
  }
}