{
  "question_id": "medmcqa_0001",
  "method": "faithful_monitor",
  "prefix_length": 75,
  "keep_m": 10,
  "kl_to_baseline": 0.027436139459480764,
  "token_kl": 0.22722917076557436,
  "selected_indices": [
    1,
    5,
    6,
    8,
    17,
    18,
    21,
    22,
    46,
    47
  ],
  "distribution": {
    "A": 0.9560711545747264,
    "B": 0.02887084691105489,
    "C": 0.005685006829819649,
    "D": 0.00937299168439916
  }
}