{
  "question_id": "medmcqa_0001",
  "method": "faithful_monitor",
  "prefix_length": 56,
  "keep_m": 15,
  "kl_to_baseline": 0.005313716842979267,
  "token_kl": 0.08208493176518356,
  "selected_indices": [
    1,
    2,
    5,
    6,
    7,
    8,
    11,
    12,
    13,
    14,
    16,
    17,
    18,
    23,
    47
  ],
  "distribution": {
    "A": 0.9868626428529343,
    "B": 0.006649427699885019,
    "C": 0.0013093499475335297,
    "D": 0.005178579499647143
  }
}