{
  "question_id": "medmcqa_0001",
  "method": "faithful_monitor",
  "prefix_length": 24,
  "keep_m": 5,
  "kl_to_baseline": 0.1976070261174892,
  "token_kl": 0.518484241016434,
  "selected_indices": [
    5,
    6,
    8,
    9,
    14
  ],
  "distribution": {
    "A": 0.8177534882117613,
    "B": 0.014977677590089363,
    "C": 0.006243624930298186,
    "D": 0.16102520926785108
  }
}