{
  "question_id": "medmcqa_0001",
  "method": "faithful_monitor",
  "prefix_length": 33,
  "keep_m": 10,
  "kl_to_baseline": 0.003845780410146346,
  "token_kl": 0.274021388868815,
  "selected_indices": [
    1,
    2,
    5,
    6,
    7,
    8,
    11,
    17,
    22,
    24
  ],
  "distribution": {
    "A": 0.991111518689676,
    "B": 0.005200876152774569,
    "C": 0.0009037767584650167,
    "D": 0.002783828399084466
  }
}