{
  "question_id": "medmcqa_0001",
  "method": "faithful_monitor",
  "prefix_length": 54,
  "keep_m": 5,
  "kl_to_baseline": 0.05054968466734634,
  "token_kl": 0.7101524089811722,
  "selected_indices": [
    5,
    7,
    8,
    39,
    46
  ],
  "distribution": {
    "A": 0.9243864276964926,
    "B": 0.01318566717419295,
    "C": 0.003333858758738859,
    "D": 0.05909404637057568
  }
}