{
  "question_id": "medmcqa_0001",
  "method": "faithful_monitor",
  "prefix_length": 35,
  "keep_m": 20,
  "kl_to_baseline": 0.004314646969388689,
  "token_kl": 0.051680056316309265,
  "selected_indices": [
    1,
    2,
    4,
    5,
    6,
    7,
    8,
    11,
    12,
    13,
    16,
    17,
    20,
    21,
    22,
    23,
    24,
    26,
    28,
    29
  ],
  "distribution": {
    "A": 0.9978827189679597,
    "B": 0.0007086708728398211,
    "C": 8.463866586742686e-05,
    "D": 0.0013239714933329604
  }
}