{
  "question_id": "medmcqa_0001",
  "method": "faithful_monitor",
  "prefix_length": 29,
  "keep_m": 5,
  "kl_to_baseline": 1.877390650378787,
  "token_kl": 0.9658082643511584,
  "selected_indices": [
    1,
    6,
    8,
    14,
    23
  ],
  "distribution": {
    "A": 0.14729533091448985,
    "B": 0.0026978074478189048,
    "C": 0.002380806716469836,
    "D": 0.8476260549212213
  }
}