{
  "question_id": "medmcqa_0001",
  "method": "faithful_monitor",
  "prefix_length": 85,
  "keep_m": 10,
  "kl_to_baseline": 0.13284600717594985,
  "token_kl": 0.10058581363370775,
  "selected_indices": [
    1,
    5,
    6,
    8,
    13,
    21,
    22,
    23,
    46,
    47
  ],
  "distribution": {
    "A": 0.8349843479755854,
    "B": 0.0323758571270781,
    "C": 0.019636949982048645,
    "D": 0.11300284491528782
  }
}