{
  "question_id": "medmcqa_0001",
  "method": "faithful_monitor",
  "prefix_length": 56,
  "keep_m": 20,
  "kl_to_baseline": 2.766239703548524e-05,
  "token_kl": 0.17362040008031868,
  "selected_indices": [
    1,
    2,
    4,
    5,
    6,
    7,
    8,
    9,
    11,
    12,
    13,
    14,
    16,
    17,
    18,
    20,
    21,
    22,
    23,
    24
  ],
  "distribution": {
    "A": 0.9962682346458321,
    "B": 0.0011665102309106592,
    "C": 9.575294504049226e-05,
    "D": 0.0024695021782167206
  }
}