{
  "question_id": "medmcqa_0001",
  "method": "faithful_monitor",
  "prefix_length": 23,
  "keep_m": 3,
  "kl_to_baseline": 0.0033925366383452497,
  "token_kl": 0.08936778725146938,
  "selected_indices": [
    7,
    8,
    13
  ],
  "distribution": {
    "A": 0.9946055850745558,
    "B": 0.004064725652192689,
    "C": 0.0006233458676257399,
    "D": 0.0007063434056257059
  }
}