{
  "question_id": "medmcqa_0001",
  "method": "faithful_monitor",
  "prefix_length": 30,
  "keep_m": 5,
  "kl_to_baseline": 0.09282201660830287,
  "token_kl": 0.3695147441317956,
  "selected_indices": [
    6,
    8,
    9,
    22,
    24
  ],
  "distribution": {
    "A": 0.8954861586853582,
    "B": 0.021059817466614714,
    "C": 0.01858521925222235,
    "D": 0.06486880459580488
  }
}