{
  "question_id": "medmcqa_0001",
  "method": "faithful_monitor",
  "prefix_length": 27,
  "keep_m": 10,
  "kl_to_baseline": 0.0032482892783050766,
  "token_kl": 0.034378541634520726,
  "selected_indices": [
    1,
    4,
    5,
    7,
    8,
    9,
    11,
    16,
    20,
    21
  ],
  "distribution": {
    "A": 0.9915728811815236,
    "B": 0.0035761694205893534,
    "C": 0.0002590569674687713,
    "D": 0.004591892430418204
  }
}