{
  "question_id": "medmcqa_0001",
  "method": "faithful_monitor",
  "prefix_length": 24,
  "keep_m": 15,
  "kl_to_baseline": 0.00014104139260303914,
  "token_kl": 0.3547295284923976,
  "selected_indices": [
    1,
    2,
    4,
    5,
    6,
    7,
    8,
    9,
    11,
    12,
    13,
    14,
    16,
    17,
    18
  ],
  "distribution": {
    "A": 0.9992870620953647,
    "B": 0.00026107231136966497,
    "C": 2.1430120319517028e-05,
    "D": 0.0004304354729460136
  }
}