{
  "question_id": "medmcqa_0001",
  "method": "faithful_monitor",
  "prefix_length": 32,
  "keep_m": 15,
  "kl_to_baseline": 0.0023764379926062723,
  "token_kl": 0.19596266305448706,
  "selected_indices": [
    0,
    1,
    2,
    4,
    6,
    7,
    8,
    11,
    13,
    14,
    16,
    17,
    18,
    20,
    23
  ],
  "distribution": {
    "A": 0.9891119756230919,
    "B": 0.004580497092156649,
    "C": 0.00042605259735788007,
    "D": 0.005881474687393429
  }
}