{
  "question_id": "medmcqa_0001",
  "method": "faithful_monitor",
  "prefix_length": 50,
  "keep_m": 10,
  "kl_to_baseline": 0.187029346428583,
  "token_kl": 0.27056228050675474,
  "selected_indices": [
    1,
    5,
    6,
    8,
    13,
    14,
    17,
    22,
    29,
    31
  ],
  "distribution": {
    "A": 0.8126608641769075,
    "B": 0.04584718321725421,
    "C": 0.03151027748798421,
    "D": 0.10998167511785409
  }
}