{
  "question_id": "starfish",
  "method": "faithful_monitor",
  "prefix_length": 47,
  "keep_m": 15,
  "kl_to_baseline": 0.029199468888931254,
  "token_kl": 0.1264053867796825,
  "selected_indices": [
    1,
    2,
    3,
    4,
    7,
    10,
    13,
    14,
    15,
    18,
    20,
    21,
    25,
    29,
    31
  ],
  "distribution": {
    "A": 0.4304106743123355,
    "B": 0.23038223238224256,
    "C": 0.10882486092317928,
    "D": 0.23038223238224256
  }
}