{
  "question_id": "starfish",
  "method": "faithful_monitor",
  "prefix_length": 73,
  "keep_m": 5,
  "kl_to_baseline": 0.21303388610987956,
  "token_kl": 0.1381623661809495,
  "selected_indices": [
    7,
    13,
    21,
    25,
    53
  ],
  "distribution": {
    "A": 0.411811260039643,
    "B": 0.2497761552289355,
    "C": 0.11798590140239684,
    "D": 0.2204266833290247
  }
}