{
  "question_id": "starfish",
  "method": "faithful_monitor",
  "prefix_length": 61,
  "keep_m": 3,
  "kl_to_baseline": 0.17124549915795861,
  "token_kl": 0.43455059979778327,
  "selected_indices": [
    13,
    21,
    31
  ],
  "distribution": {
    "A": 0.3827714827491933,
    "B": 0.15956289337416604,
    "C": 0.15956289337416604,
    "D": 0.2981027305024745
  }
}