{
  "question_id": "starfish",
  "method": "faithful_monitor",
  "prefix_length": 92,
  "keep_m": 15,
  "kl_to_baseline": 1.1149788213682137,
  "token_kl": 0.4273928903355596,
  "selected_indices": [
    0,
    1,
    2,
    3,
    4,
    5,
    7,
    13,
    15,
    17,
    21,
    25,
    28,
    31,
    73
  ],
  "distribution": {
    "A": 0.11009328686717125,
    "B": 0.29926458112636045,
    "C": 0.5590998772169188,
    "D": 0.03154225478954953
  }
}