{
  "question_id": "starfish",
  "method": "faithful_monitor",
  "prefix_length": 89,
  "keep_m": 15,
  "kl_to_baseline": 0.324752517730236,
  "token_kl": 0.9995499269434831,
  "selected_indices": [
    1,
    2,
    4,
    7,
    10,
    13,
    14,
    17,
    20,
    23,
    25,
    27,
    31,
    52,
    73
  ],
  "distribution": {
    "A": 0.0607687220296813,
    "B": 0.6533253902539514,
    "C": 0.27234654980507145,
    "D": 0.013559337911295898
  }
}