{
  "question_id": "starfish",
  "method": "faithful_monitor",
  "prefix_length": 25,
  "keep_m": 10,
  "kl_to_baseline": 0.056736905159392226,
  "token_kl": 0.16702253102394624,
  "selected_indices": [
    1,
    2,
    3,
    4,
    5,
    7,
    10,
    13,
    15,
    18
  ],
  "distribution": {
    "A": 0.5037751145057241,
    "B": 0.2696513874426518,
    "C": 0.09919920172350682,
    "D": 0.12737429632811717
  }
}