{
  "question_id": "starfish",
  "method": "faithful_monitor",
  "prefix_length": 68,
  "keep_m": 15,
  "kl_to_baseline": 0.08769073207181138,
  "token_kl": 0.21251644877113066,
  "selected_indices": [
    1,
    2,
    3,
    4,
    7,
    10,
    13,
    14,
    15,
    18,
    20,
    21,
    25,
    31,
    45
  ],
  "distribution": {
    "A": 0.4137189778658777,
    "B": 0.19542700737804078,
    "C": 0.19542700737804078,
    "D": 0.19542700737804078
  }
}