{
  "question_id": "starfish",
  "method": "faithful_monitor",
  "prefix_length": 44,
  "keep_m": 5,
  "kl_to_baseline": 0.15423090686758753,
  "token_kl": 0.36020161234325987,
  "selected_indices": [
    7,
    13,
    18,
    21,
    31
  ],
  "distribution": {
    "A": 0.7283124224607186,
    "B": 0.12656173680227945,
    "C": 0.046559461008509724,
    "D": 0.09856637972849228
  }
}