{
  "question_id": "starfish",
  "method": "faithful_monitor",
  "prefix_length": 26,
  "keep_m": 15,
  "kl_to_baseline": 0.0531166682363107,
  "token_kl": 0.031178712738039488,
  "selected_indices": [
    0,
    1,
    2,
    3,
    5,
    7,
    9,
    10,
    11,
    13,
    14,
    15,
    18,
    19,
    20
  ],
  "distribution": {
    "A": 0.41902320226360484,
    "B": 0.19793256916715954,
    "C": 0.056708630521252565,
    "D": 0.3263355980479831
  }
}