{
  "question_id": "starfish",
  "method": "faithful_monitor",
  "prefix_length": 94,
  "keep_m": 15,
  "kl_to_baseline": 0.17831830763037473,
  "token_kl": 0.6181092602324091,
  "selected_indices": [
    1,
    2,
    4,
    7,
    10,
    13,
    15,
    17,
    18,
    21,
    25,
    28,
    31,
    45,
    73
  ],
  "distribution": {
    "A": 0.1099816831088526,
    "B": 0.8126608505653057,
    "C": 0.045847186548397985,
    "D": 0.03151027977744362
  }
}