{
  "question_id": "starfish",
  "method": "faithful_monitor",
  "prefix_length": 73,
  "keep_m": 15,
  "kl_to_baseline": 0.10670951564750031,
  "token_kl": 0.16296652418403051,
  "selected_indices": [
    1,
    2,
    3,
    5,
    7,
    10,
    13,
    15,
    17,
    18,
    21,
    25,
    28,
    31,
    33
  ],
  "distribution": {
    "A": 0.3672766904603997,
    "B": 0.32412054172282395,
    "C": 0.17348922417490772,
    "D": 0.13511354364186864
  }
}