{
  "question_id": "starfish",
  "method": "faithful_monitor",
  "prefix_length": 94,
  "keep_m": 20,
  "kl_to_baseline": 2.766793691968788,
  "token_kl": 1.1060307317123304,
  "selected_indices": [
    0,
    1,
    2,
    4,
    5,
    7,
    10,
    13,
    15,
    17,
    18,
    20,
    21,
    25,
    28,
    31,
    33,
    45,
    87,
    88
  ],
  "distribution": {
    "A": 0.09773004865005247,
    "B": 0.059276270881464074,
    "C": 0.8182836544698261,
    "D": 0.024710025998657473
  }
}