{
  "question_id": "starfish",
  "method": "faithful_monitor",
  "prefix_length": 66,
  "keep_m": 20,
  "kl_to_baseline": 0.04187018087817214,
  "token_kl": 0.39366975408544813,
  "selected_indices": [
    1,
    2,
    3,
    5,
    7,
    10,
    11,
    13,
    14,
    15,
    17,
    18,
    20,
    21,
    25,
    26,
    29,
    31,
    45,
    59
  ],
  "distribution": {
    "A": 0.32214924591241917,
    "B": 0.32214924591241917,
    "C": 0.22140972288620214,
    "D": 0.13429178528895952
  }
}