{
  "question_id": "starfish",
  "method": "faithful_monitor",
  "prefix_length": 58,
  "keep_m": 15,
  "kl_to_baseline": 0.04154298789625677,
  "token_kl": 0.46754364842490576,
  "selected_indices": [
    1,
    2,
    3,
    4,
    7,
    13,
    15,
    17,
    20,
    21,
    23,
    25,
    29,
    31,
    45
  ],
  "distribution": {
    "A": 0.4087009660628339,
    "B": 0.1930566664410233,
    "C": 0.15035270092486153,
    "D": 0.24788966657128125
  }
}