{
  "question_id": "starfish",
  "method": "faithful_monitor",
  "prefix_length": 90,
  "keep_m": 20,
  "kl_to_baseline": 0.577359679885696,
  "token_kl": 0.8895026886028984,
  "selected_indices": [
    0,
    1,
    2,
    4,
    5,
    7,
    10,
    11,
    13,
    14,
    15,
    17,
    18,
    20,
    21,
    25,
    26,
    31,
    45,
    73
  ],
  "distribution": {
    "A": 0.14336460318843236,
    "B": 0.5003916330880563,
    "C": 0.30350286733158083,
    "D": 0.05274089639193049
  }
}