{
  "question_id": "starfish",
  "method": "faithful_monitor",
  "prefix_length": 41,
  "keep_m": 5,
  "kl_to_baseline": 0.5253546110340029,
  "token_kl": 0.6635075866464974,
  "selected_indices": [
    7,
    13,
    15,
    21,
    31
  ],
  "distribution": {
    "A": 0.8168113327720142,
    "B": 0.09755420198685694,
    "C": 0.009659176341858686,
    "D": 0.07597528889927019
  }
}