{
  "question_id": "starfish",
  "method": "faithful_monitor",
  "prefix_length": 33,
  "keep_m": 15,
  "kl_to_baseline": 0.019506675499929283,
  "token_kl": 0.14821093142559943,
  "selected_indices": [
    0,
    1,
    2,
    3,
    4,
    5,
    7,
    9,
    10,
    13,
    14,
    15,
    18,
    21,
    26
  ],
  "distribution": {
    "A": 0.3984585256510083,
    "B": 0.24167731243122934,
    "C": 0.1465846822722329,
    "D": 0.21327947964552943
  }
}