{
  "question_id": "starfish",
  "method": "faithful_monitor",
  "prefix_length": 50,
  "keep_m": 3,
  "kl_to_baseline": 0.14707077351221154,
  "token_kl": 0.3078985830338305,
  "selected_indices": [
    7,
    18,
    31
  ],
  "distribution": {
    "A": 0.6239667563255136,
    "B": 0.1392258188632181,
    "C": 0.05803795604271528,
    "D": 0.178769468768553
  }
}