{
  "question_id": "starfish",
  "method": "faithful_monitor",
  "prefix_length": 90,
  "keep_m": 10,
  "kl_to_baseline": 0.49738163935827107,
  "token_kl": 0.8151917871078641,
  "selected_indices": [
    1,
    2,
    3,
    7,
    13,
    20,
    21,
    25,
    31,
    73
  ],
  "distribution": {
    "A": 0.09461097980381326,
    "B": 0.5444485651068837,
    "C": 0.3302247670568041,
    "D": 0.030715688032498967
  }
}