{
  "question_id": "starfish",
  "method": "faithful_monitor",
  "prefix_length": 31,
  "keep_m": 3,
  "kl_to_baseline": 0.0652150996631055,
  "token_kl": 0.4258777743509885,
  "selected_indices": [
    13,
    18,
    21
  ],
  "distribution": {
    "A": 0.33075425723442,
    "B": 0.13787888768800521,
    "C": 0.2006125978431548,
    "D": 0.33075425723442
  }
}