{
  "question_id": "waffle",
  "method": "faithful_monitor",
  "prefix_length": 199,
  "keep_m": 20,
  "kl_to_baseline": 0.23423957357533223,
  "token_kl": 1.2309410682165787,
  "selected_indices": [
    1,
    2,
    6,
    7,
    8,
    9,
    10,
    13,
    16,
    20,
    23,
    33,
    34,
    45,
    51,
    61,
    111,
    114,
    171,
    172
  ],
  "distribution": {
    "A": 0.10577129412256166,
    "B": 0.0823747666891269,
    "C": 0.7815499560520874,
    "D": 0.030303983136223945
  }
}