{
  "question_id": "waffle",
  "method": "faithful_monitor",
  "prefix_length": 288,
  "keep_m": 20,
  "kl_to_baseline": 0.38007833689293735,
  "token_kl": 0.7064989567432635,
  "selected_indices": [
    1,
    2,
    5,
    6,
    7,
    8,
    9,
    10,
    13,
    15,
    20,
    23,
    32,
    45,
    51,
    111,
    114,
    170,
    171,
    172
  ],
  "distribution": {
    "A": 0.1509160260198931,
    "B": 0.048995260211275204,
    "C": 0.7664147967140484,
    "D": 0.03367391705478335
  }
}