{
  "question_id": "waffle",
  "method": "faithful_monitor",
  "prefix_length": 183,
  "keep_m": 20,
  "kl_to_baseline": 0.8544746937738119,
  "token_kl": 0.7611349558030256,
  "selected_indices": [
    1,
    2,
    6,
    7,
    8,
    10,
    13,
    20,
    23,
    24,
    34,
    45,
    51,
    52,
    54,
    111,
    114,
    170,
    171,
    173
  ],
  "distribution": {
    "A": 0.0512230939471019,
    "B": 0.024196076308521663,
    "C": 0.9079511259087212,
    "D": 0.016629703835655183
  }
}