{
  "question_id": "waffle",
  "method": "faithful_monitor",
  "prefix_length": 214,
  "keep_m": 10,
  "kl_to_baseline": 0.8312426509750185,
  "token_kl": 0.5507678663941207,
  "selected_indices": [
    6,
    7,
    8,
    9,
    10,
    20,
    63,
    81,
    111,
    170
  ],
  "distribution": {
    "A": 0.563674329165017,
    "B": 0.2073642095757838,
    "C": 0.14251919804640045,
    "D": 0.08644226321279871
  }
}