{
  "question_id": "waffle",
  "method": "faithful_monitor",
  "prefix_length": 181,
  "keep_m": 5,
  "kl_to_baseline": 0.8874951900465263,
  "token_kl": 0.6345434438422312,
  "selected_indices": [
    6,
    10,
    63,
    171,
    172
  ],
  "distribution": {
    "A": 0.008448521136541948,
    "B": 0.012292525719888942,
    "C": 0.9765161199110616,
    "D": 0.0027428332325075125
  }
}