{
  "question_id": "waffle",
  "method": "faithful_monitor",
  "prefix_length": 281,
  "keep_m": 15,
  "kl_to_baseline": 0.4554815507647846,
  "token_kl": 0.3564004890005599,
  "selected_indices": [
    1,
    6,
    7,
    8,
    10,
    13,
    20,
    27,
    33,
    34,
    45,
    51,
    111,
    114,
    171
  ],
  "distribution": {
    "A": 0.06295852933591908,
    "B": 0.03818627833265219,
    "C": 0.8691156888633765,
    "D": 0.029739503468052143
  }
}