{
  "question_id": "waffle",
  "method": "faithful_monitor",
  "prefix_length": 187,
  "keep_m": 20,
  "kl_to_baseline": 0.3752167727450652,
  "token_kl": 1.4917292181329687,
  "selected_indices": [
    1,
    5,
    6,
    7,
    8,
    9,
    10,
    13,
    15,
    20,
    23,
    33,
    34,
    45,
    51,
    111,
    114,
    170,
    171,
    172
  ],
  "distribution": {
    "A": 0.05754272956989674,
    "B": 0.02116878719765304,
    "C": 0.9001196960347972,
    "D": 0.02116878719765304
  }
}