{
  "question_id": "waffle",
  "method": "faithful_monitor",
  "prefix_length": 97,
  "keep_m": 3,
  "kl_to_baseline": 0.02735511978132294,
  "token_kl": 0.8134011797464646,
  "selected_indices": [
    9,
    10,
    63
  ],
  "distribution": {
    "A": 0.4699038726566607,
    "B": 0.2850111058839657,
    "C": 0.15255545167922868,
    "D": 0.09252956978014495
  }
}