{
  "question_id": "waffle",
  "method": "faithful_monitor",
  "prefix_length": 182,
  "keep_m": 15,
  "kl_to_baseline": 0.44190249570444523,
  "token_kl": 0.510380350586609,
  "selected_indices": [
    1,
    6,
    7,
    8,
    9,
    10,
    13,
    20,
    23,
    31,
    45,
    63,
    111,
    171,
    172
  ],
  "distribution": {
    "A": 0.14217115735753144,
    "B": 0.024705642658932,
    "C": 0.8181384738156275,
    "D": 0.014984726167909057
  }
}