{
  "question_id": "waffle",
  "method": "faithful_monitor",
  "prefix_length": 217,
  "keep_m": 5,
  "kl_to_baseline": 1.3031531495103126,
  "token_kl": 1.8304027578627735,
  "selected_indices": [
    6,
    7,
    63,
    111,
    171
  ],
  "distribution": {
    "A": 0.00017933831104640757,
    "B": 0.0006259525094412744,
    "C": 0.9987644987307411,
    "D": 0.0004302104487712927
  }
}