{
  "question_id": "waffle",
  "method": "faithful_monitor",
  "prefix_length": 32,
  "keep_m": 5,
  "kl_to_baseline": 0.1811924913746471,
  "token_kl": 0.1767322013446827,
  "selected_indices": [
    1,
    6,
    9,
    10,
    26
  ],
  "distribution": {
    "A": 0.4304106687286458,
    "B": 0.23038222939350886,
    "C": 0.23038222939350886,
    "D": 0.10882487248433641
  }
}