{
  "question_id": "waffle",
  "method": "faithful_monitor",
  "prefix_length": 301,
  "keep_m": 10,
  "kl_to_baseline": 0.33776807153950217,
  "token_kl": 0.6251509023538796,
  "selected_indices": [
    5,
    6,
    8,
    10,
    13,
    20,
    63,
    111,
    114,
    171
  ],
  "distribution": {
    "A": 0.008448519861077676,
    "B": 0.012292523864099378,
    "C": 0.9765161234563982,
    "D": 0.00274283281842489
  }
}