{
  "question_id": "waffle",
  "method": "faithful_monitor",
  "prefix_length": 285,
  "keep_m": 10,
  "kl_to_baseline": 0.5194991629438291,
  "token_kl": 0.7349929865389658,
  "selected_indices": [
    5,
    6,
    7,
    8,
    9,
    10,
    20,
    27,
    111,
    170
  ],
  "distribution": {
    "A": 0.5967953719857468,
    "B": 0.24878132410076512,
    "C": 0.09152153448408096,
    "D": 0.06290176942940709
  }
}