{
  "question_id": "waffle",
  "method": "faithful_monitor",
  "prefix_length": 85,
  "keep_m": 20,
  "kl_to_baseline": 0.16246931718301574,
  "token_kl": 0.610368355481499,
  "selected_indices": [
    1,
    2,
    5,
    6,
    7,
    8,
    9,
    10,
    11,
    13,
    15,
    16,
    20,
    23,
    24,
    33,
    34,
    52,
    54,
    61
  ],
  "distribution": {
    "A": 0.39564235197810277,
    "B": 0.27192074675019423,
    "C": 0.18688821392224358,
    "D": 0.14554868734945953
  }
}