{
  "question_id": "waffle",
  "method": "faithful_monitor",
  "prefix_length": 284,
  "keep_m": 5,
  "kl_to_baseline": 1.921628533251822,
  "token_kl": 0.9465934433375754,
  "selected_indices": [
    6,
    10,
    63,
    111,
    171
  ],
  "distribution": {
    "A": 0.0010291549618945436,
    "B": 0.002178721071427766,
    "C": 0.9959906172764526,
    "D": 0.0008015066902252925
  }
}