{
  "question_id": "waffle",
  "method": "faithful_monitor",
  "prefix_length": 208,
  "keep_m": 3,
  "kl_to_baseline": 1.7828735541561884,
  "token_kl": 0.6786712485677807,
  "selected_indices": [
    10,
    111,
    170
  ],
  "distribution": {
    "A": 0.5522770492510483,
    "B": 0.230223339895259,
    "C": 0.10874980542684641,
    "D": 0.10874980542684641
  }
}