{
  "question_id": "waffle",
  "method": "faithful_monitor",
  "prefix_length": 183,
  "keep_m": 5,
  "kl_to_baseline": 2.2373800157959254,
  "token_kl": 1.6377598679649246,
  "selected_indices": [
    6,
    10,
    63,
    111,
    171
  ],
  "distribution": {
    "A": 0.004060593651870435,
    "B": 0.0013182817480193883,
    "C": 0.9935944457424439,
    "D": 0.0010266788576662402
  }
}