{
  "question_id": "waffle",
  "method": "faithful_monitor",
  "prefix_length": 248,
  "keep_m": 20,
  "kl_to_baseline": 0.081502272171763,
  "token_kl": 1.808164304424006,
  "selected_indices": [
    1,
    2,
    5,
    6,
    7,
    8,
    9,
    10,
    13,
    16,
    20,
    23,
    33,
    39,
    41,
    45,
    111,
    114,
    171,
    172
  ],
  "distribution": {
    "A": 0.0717289805994581,
    "B": 0.03388237129739315,
    "C": 0.8738379510875125,
    "D": 0.020550697015636263
  }
}