{
  "question_id": "waffle",
  "method": "faithful_monitor",
  "prefix_length": 128,
  "keep_m": 10,
  "kl_to_baseline": 0.23810756593488755,
  "token_kl": 0.6349341470637949,
  "selected_indices": [
    5,
    6,
    7,
    8,
    10,
    20,
    23,
    81,
    111,
    114
  ],
  "distribution": {
    "A": 0.3967757573269966,
    "B": 0.30900927051001464,
    "C": 0.16540074355880152,
    "D": 0.12881422860418726
  }
}