{
  "question_id": "waffle",
  "method": "faithful_monitor",
  "prefix_length": 91,
  "keep_m": 10,
  "kl_to_baseline": 0.03201878499188057,
  "token_kl": 0.6037909325386427,
  "selected_indices": [
    1,
    2,
    6,
    8,
    10,
    13,
    20,
    23,
    34,
    81
  ],
  "distribution": {
    "A": 0.5847717490451392,
    "B": 0.2437691323578906,
    "C": 0.10161809284998792,
    "D": 0.06984102574698224
  }
}