{
  "question_id": "waffle",
  "method": "faithful_monitor",
  "prefix_length": 162,
  "keep_m": 20,
  "kl_to_baseline": 0.3133274618434051,
  "token_kl": 0.2881340152857054,
  "selected_indices": [
    1,
    2,
    5,
    6,
    7,
    8,
    9,
    10,
    11,
    13,
    16,
    19,
    20,
    23,
    33,
    34,
    41,
    81,
    111,
    114
  ],
  "distribution": {
    "A": 0.37320173824469816,
    "B": 0.3293493780401331,
    "C": 0.17628801857160256,
    "D": 0.12116086514356625
  }
}