{
  "question_id": "waffle",
  "method": "faithful_monitor",
  "prefix_length": 273,
  "keep_m": 5,
  "kl_to_baseline": 3.1589725789372047,
  "token_kl": 3.881632411052518,
  "selected_indices": [
    6,
    8,
    9,
    10,
    171
  ],
  "distribution": {
    "A": 0.0010308623274718524,
    "B": 0.0011681200516995974,
    "C": 0.9976429298381595,
    "D": 0.0001580877826689847
  }
}