{
  "question_id": "waffle",
  "method": "faithful_monitor",
  "prefix_length": 107,
  "keep_m": 20,
  "kl_to_baseline": 0.2598236254718039,
  "token_kl": 0.3598702210840295,
  "selected_indices": [
    1,
    2,
    5,
    6,
    7,
    8,
    9,
    10,
    13,
    15,
    16,
    19,
    20,
    23,
    24,
    33,
    34,
    53,
    54,
    81
  ],
  "distribution": {
    "A": 0.4287649028625185,
    "B": 0.22950131440499777,
    "C": 0.2025341991015039,
    "D": 0.13919958363097978
  }
}