{
  "question_id": "waffle",
  "method": "faithful_monitor",
  "prefix_length": 58,
  "keep_m": 3,
  "kl_to_baseline": 0.18424732862938153,
  "token_kl": 0.7711551778429864,
  "selected_indices": [
    9,
    10,
    33
  ],
  "distribution": {
    "A": 0.29800049176271115,
    "B": 0.2048125430629488,
    "C": 0.33767879625406966,
    "D": 0.15950816892027034
  }
}