{
  "question_id": "waffle",
  "method": "faithful_monitor",
  "prefix_length": 213,
  "keep_m": 3,
  "kl_to_baseline": 1.6720393260601105,
  "token_kl": 1.4472142263255237,
  "selected_indices": [
    6,
    111,
    170
  ],
  "distribution": {
    "A": 0.7244946291637983,
    "B": 0.1426614426018,
    "C": 0.08652853889682574,
    "D": 0.04631538933757596
  }
}