{
  "question_id": "waffle",
  "method": "faithful_monitor",
  "prefix_length": 159,
  "keep_m": 15,
  "kl_to_baseline": 0.07706171773716163,
  "token_kl": 1.1620982158083517,
  "selected_indices": [
    1,
    2,
    5,
    6,
    7,
    8,
    9,
    10,
    11,
    13,
    16,
    20,
    63,
    81,
    111
  ],
  "distribution": {
    "A": 0.5769652409383731,
    "B": 0.24051489562186742,
    "C": 0.11361119212776649,
    "D": 0.06890867131199295
  }
}