{
  "question_id": "waffle",
  "method": "faithful_monitor",
  "prefix_length": 235,
  "keep_m": 15,
  "kl_to_baseline": 0.12158975003760325,
  "token_kl": 2.0303971899113007,
  "selected_indices": [
    1,
    2,
    6,
    7,
    8,
    10,
    13,
    20,
    23,
    33,
    34,
    45,
    81,
    111,
    171
  ],
  "distribution": {
    "A": 0.09844808094065045,
    "B": 0.03621702500084741,
    "C": 0.8242956282041094,
    "D": 0.04103926585439282
  }
}