{
  "question_id": "waffle",
  "method": "faithful_monitor",
  "prefix_length": 290,
  "keep_m": 5,
  "kl_to_baseline": 1.824568223689761,
  "token_kl": 0.9551398006003308,
  "selected_indices": [
    6,
    10,
    63,
    111,
    171
  ],
  "distribution": {
    "A": 0.013915208844183447,
    "B": 0.007448274564077719,
    "C": 0.9755316138138374,
    "D": 0.0031049027779015
  }
}