{
  "question_id": "waffle",
  "method": "faithful_monitor",
  "prefix_length": 136,
  "keep_m": 3,
  "kl_to_baseline": 0.1922764952553041,
  "token_kl": 0.7870771226668519,
  "selected_indices": [
    6,
    10,
    114
  ],
  "distribution": {
    "A": 0.4839879942290105,
    "B": 0.20175621277445557,
    "C": 0.157127896498267,
    "D": 0.157127896498267
  }
}