{
  "question_id": "waffle",
  "method": "faithful_monitor",
  "prefix_length": 270,
  "keep_m": 15,
  "kl_to_baseline": 0.5114722856325117,
  "token_kl": 0.16370498437994305,
  "selected_indices": [
    1,
    2,
    5,
    6,
    7,
    8,
    9,
    10,
    13,
    20,
    63,
    79,
    81,
    111,
    172
  ],
  "distribution": {
    "A": 0.7386320804561145,
    "B": 0.14544527165295854,
    "C": 0.06870348158318845,
    "D": 0.04721916630773843
  }
}