{
  "question_id": "waffle",
  "method": "faithful_monitor",
  "prefix_length": 71,
  "keep_m": 15,
  "kl_to_baseline": 0.17906735170423954,
  "token_kl": 0.3979282405257489,
  "selected_indices": [
    1,
    2,
    5,
    6,
    7,
    8,
    9,
    10,
    13,
    15,
    16,
    20,
    23,
    33,
    63
  ],
  "distribution": {
    "A": 0.5512254612288979,
    "B": 0.20278450254945893,
    "C": 0.12299501811082152,
    "D": 0.12299501811082152
  }
}