{
  "question_id": "waffle",
  "method": "faithful_monitor",
  "prefix_length": 301,
  "keep_m": 15,
  "kl_to_baseline": 0.06526919482506706,
  "token_kl": 0.5947250769752874,
  "selected_indices": [
    1,
    2,
    5,
    6,
    7,
    8,
    10,
    11,
    13,
    17,
    20,
    27,
    45,
    111,
    171
  ],
  "distribution": {
    "A": 0.0650297151558577,
    "B": 0.018631325330605034,
    "C": 0.8977076341829322,
    "D": 0.018631325330605034
  }
}