{
  "question_id": "waffle",
  "method": "faithful_monitor",
  "prefix_length": 304,
  "keep_m": 5,
  "kl_to_baseline": 2.0067791859791626,
  "token_kl": 2.4683838540507255,
  "selected_indices": [
    6,
    8,
    10,
    63,
    111
  ],
  "distribution": {
    "A": 0.28273626643647,
    "B": 0.28273626643647,
    "C": 0.07148691480323534,
    "D": 0.36304055232382465
  }
}