{
  "question_id": "waffle",
  "method": "faithful_monitor",
  "prefix_length": 125,
  "keep_m": 10,
  "kl_to_baseline": 0.0196771470676981,
  "token_kl": 0.39417944372261887,
  "selected_indices": [
    6,
    8,
    10,
    13,
    20,
    33,
    34,
    81,
    111,
    114
  ],
  "distribution": {
    "A": 0.6828997627557348,
    "B": 0.19565404614231355,
    "C": 0.0719771011577659,
    "D": 0.04946908994418577
  }
}