{
  "question_id": "waffle",
  "method": "faithful_monitor",
  "prefix_length": 224,
  "keep_m": 3,
  "kl_to_baseline": 2.1125201652138514,
  "token_kl": 0.9807797084989469,
  "selected_indices": [
    6,
    111,
    171
  ],
  "distribution": {
    "A": 6.603226555614188e-05,
    "B": 0.00026116267646280694,
    "C": 0.9996327544643909,
    "D": 4.005059359008654e-05
  }
}