{
  "question_id": "waffle",
  "method": "faithful_monitor",
  "prefix_length": 223,
  "keep_m": 15,
  "kl_to_baseline": 0.16446887724164555,
  "token_kl": 0.5950657278596195,
  "selected_indices": [
    1,
    2,
    6,
    7,
    8,
    10,
    13,
    15,
    20,
    23,
    45,
    51,
    111,
    114,
    171
  ],
  "distribution": {
    "A": 0.1616800300408791,
    "B": 0.06739826386452277,
    "C": 0.7245996019313866,
    "D": 0.0463221041632115
  }
}