{
  "question_id": "waffle",
  "method": "faithful_monitor",
  "prefix_length": 215,
  "keep_m": 5,
  "kl_to_baseline": 0.9505617551664227,
  "token_kl": 0.8893646680366635,
  "selected_indices": [
    6,
    8,
    10,
    63,
    111
  ],
  "distribution": {
    "A": 0.7446049871045711,
    "B": 0.12939293720960887,
    "C": 0.08893037849543763,
    "D": 0.03707169719038233
  }
}