{
  "question_id": "waffle",
  "method": "faithful_monitor",
  "prefix_length": 283,
  "keep_m": 3,
  "kl_to_baseline": 1.7222108301387846,
  "token_kl": 1.9026124160829525,
  "selected_indices": [
    6,
    111,
    170
  ],
  "distribution": {
    "A": 0.7379426528077072,
    "B": 0.1453095239689926,
    "C": 0.08813468143544179,
    "D": 0.02861314178785832
  }
}