{
  "question_id": "waffle",
  "method": "faithful_monitor",
  "prefix_length": 304,
  "keep_m": 20,
  "kl_to_baseline": 0.015522780805862585,
  "token_kl": 1.7831510324049507,
  "selected_indices": [
    1,
    2,
    5,
    6,
    7,
    8,
    9,
    10,
    13,
    15,
    16,
    19,
    20,
    23,
    33,
    34,
    45,
    51,
    111,
    171
  ],
  "distribution": {
    "A": 0.09093083092927552,
    "B": 0.026052119243720372,
    "C": 0.8627276389593251,
    "D": 0.020289410867679044
  }
}