{
  "question_id": "waffle",
  "method": "faithful_monitor",
  "prefix_length": 218,
  "keep_m": 3,
  "kl_to_baseline": 0.748105424091029,
  "token_kl": 2.560267324428862,
  "selected_indices": [
    9,
    10,
    112
  ],
  "distribution": {
    "A": 0.4734044326799291,
    "B": 0.22362041991733386,
    "C": 0.1973443279317137,
    "D": 0.10563081947102333
  }
}