{
  "question_id": "waffle",
  "method": "faithful_monitor",
  "prefix_length": 187,
  "keep_m": 10,
  "kl_to_baseline": 0.5025422703339136,
  "token_kl": 1.622730004524337,
  "selected_indices": [
    5,
    6,
    8,
    9,
    10,
    13,
    20,
    23,
    111,
    171
  ],
  "distribution": {
    "A": 0.03399932603708318,
    "B": 0.08156014324189112,
    "C": 0.8768542538487236,
    "D": 0.007586276872302186
  }
}