{
  "question_id": "waffle",
  "method": "faithful_monitor",
  "prefix_length": 225,
  "keep_m": 5,
  "kl_to_baseline": 0.8444770554162309,
  "token_kl": 0.7397787472710051,
  "selected_indices": [
    6,
    10,
    63,
    111,
    171
  ],
  "distribution": {
    "A": 0.07150040274324528,
    "B": 0.04336718644557955,
    "C": 0.8710531467292281,
    "D": 0.01407926408194698
  }
}