{
  "question_id": "waffle",
  "method": "faithful_monitor",
  "prefix_length": 62,
  "keep_m": 10,
  "kl_to_baseline": 0.0807329656726121,
  "token_kl": 0.14967595992447302,
  "selected_indices": [
    1,
    5,
    6,
    8,
    9,
    10,
    13,
    20,
    34,
    56
  ],
  "distribution": {
    "A": 0.5220127371890727,
    "B": 0.19203775404149107,
    "C": 0.1694727231209182,
    "D": 0.11647678564851799
  }
}