{
  "question_id": "waffle",
  "method": "faithful_monitor",
  "prefix_length": 107,
  "keep_m": 10,
  "kl_to_baseline": 0.09827781860807117,
  "token_kl": 0.3292363184720629,
  "selected_indices": [
    5,
    6,
    8,
    9,
    10,
    13,
    20,
    33,
    34,
    81
  ],
  "distribution": {
    "A": 0.581911025212799,
    "B": 0.18891883885792143,
    "C": 0.11458506796463978,
    "D": 0.11458506796463978
  }
}