{
  "question_id": "waffle",
  "method": "faithful_monitor",
  "prefix_length": 159,
  "keep_m": 20,
  "kl_to_baseline": 0.21953555857448492,
  "token_kl": 1.0961519147552465,
  "selected_indices": [
    1,
    2,
    4,
    5,
    6,
    7,
    8,
    9,
    10,
    13,
    15,
    16,
    19,
    20,
    23,
    34,
    45,
    63,
    81,
    111
  ],
  "distribution": {
    "A": 0.435076452547321,
    "B": 0.2990233812901829,
    "C": 0.14124866064715721,
    "D": 0.12465150551533888
  }
}