{
  "question_id": "waffle",
  "method": "faithful_monitor",
  "prefix_length": 253,
  "keep_m": 15,
  "kl_to_baseline": 0.08304026594764796,
  "token_kl": 0.8822152280916159,
  "selected_indices": [
    1,
    2,
    6,
    7,
    8,
    9,
    10,
    13,
    15,
    20,
    23,
    34,
    77,
    111,
    171
  ],
  "distribution": {
    "A": 0.23652310816481362,
    "B": 0.06776500505750069,
    "C": 0.6429364477740664,
    "D": 0.05277543900361925
  }
}