{
  "question_id": "waffle",
  "method": "faithful_monitor",
  "prefix_length": 262,
  "keep_m": 3,
  "kl_to_baseline": 0.31727774329257363,
  "token_kl": 3.77577562201277,
  "selected_indices": [
    6,
    10,
    111
  ],
  "distribution": {
    "A": 0.5976948214923352,
    "B": 0.21987963692166526,
    "C": 0.1333637571376697,
    "D": 0.04906178444832989
  }
}