{
  "question_id": "waffle",
  "method": "faithful_monitor",
  "prefix_length": 279,
  "keep_m": 20,
  "kl_to_baseline": 0.8167171110002648,
  "token_kl": 0.47406421979243213,
  "selected_indices": [
    1,
    2,
    5,
    6,
    7,
    8,
    9,
    10,
    13,
    15,
    16,
    19,
    20,
    27,
    35,
    36,
    37,
    79,
    111,
    171
  ],
  "distribution": {
    "A": 0.03219781466200433,
    "B": 0.013422049249302946,
    "C": 0.9409580868393899,
    "D": 0.013422049249302946
  }
}