{
  "question_id": "waffle",
  "method": "faithful_monitor",
  "prefix_length": 89,
  "keep_m": 3,
  "kl_to_baseline": 0.14821646372470343,
  "token_kl": 0.26800714959375216,
  "selected_indices": [
    9,
    10,
    63
  ],
  "distribution": {
    "A": 0.3756998283262494,
    "B": 0.22787346472864317,
    "C": 0.25821446405224,
    "D": 0.13821224289286746
  }
}