{
  "question_id": "waffle",
  "method": "faithful_monitor",
  "prefix_length": 288,
  "keep_m": 15,
  "kl_to_baseline": 0.8850428925984826,
  "token_kl": 1.7878516762924161,
  "selected_indices": [
    1,
    5,
    6,
    7,
    8,
    9,
    10,
    13,
    15,
    16,
    20,
    27,
    34,
    111,
    171
  ],
  "distribution": {
    "A": 0.05136914450529999,
    "B": 0.016677123485868865,
    "C": 0.9105398866811946,
    "D": 0.021413845327636506
  }
}