{
  "question_id": "waffle",
  "method": "faithful_monitor",
  "prefix_length": 169,
  "keep_m": 10,
  "kl_to_baseline": 0.17628747132876096,
  "token_kl": 1.2125745931699565,
  "selected_indices": [
    5,
    6,
    7,
    8,
    10,
    13,
    20,
    69,
    81,
    114
  ],
  "distribution": {
    "A": 0.5808696715925967,
    "B": 0.18858077209617083,
    "C": 0.12960954284782195,
    "D": 0.10094001346341054
  }
}