{
  "question_id": "waffle",
  "method": "faithful_monitor",
  "prefix_length": 20,
  "keep_m": 10,
  "kl_to_baseline": 0.1655868990148429,
  "token_kl": 0.1315477665544152,
  "selected_indices": [
    1,
    2,
    4,
    5,
    6,
    7,
    8,
    9,
    10,
    13
  ],
  "distribution": {
    "A": 0.5759519253991803,
    "B": 0.14562344334106037,
    "C": 0.1650129795521872,
    "D": 0.11341165170757217
  }
}