{
  "question_id": "waffle",
  "method": "faithful_monitor",
  "prefix_length": 243,
  "keep_m": 20,
  "kl_to_baseline": 0.32297319862776935,
  "token_kl": 0.36092819979237084,
  "selected_indices": [
    1,
    2,
    5,
    6,
    7,
    8,
    9,
    10,
    11,
    13,
    15,
    16,
    17,
    19,
    20,
    23,
    34,
    45,
    111,
    171
  ],
  "distribution": {
    "A": 0.017764930209389733,
    "B": 0.005767428424927262,
    "C": 0.969932288767803,
    "D": 0.006535352597879969
  }
}