{
  "question_id": "waffle",
  "method": "faithful_monitor",
  "prefix_length": 300,
  "keep_m": 20,
  "kl_to_baseline": 0.2036304566432668,
  "token_kl": 2.2340723132078817,
  "selected_indices": [
    1,
    2,
    5,
    6,
    7,
    8,
    10,
    11,
    13,
    15,
    16,
    20,
    23,
    31,
    33,
    34,
    45,
    111,
    114,
    171
  ],
  "distribution": {
    "A": 0.13965425826373146,
    "B": 0.04001161489451091,
    "C": 0.803654804246233,
    "D": 0.016679322595524508
  }
}