{
  "question_id": "waffle",
  "method": "faithful_monitor",
  "prefix_length": 155,
  "keep_m": 20,
  "kl_to_baseline": 0.06465698135448934,
  "token_kl": 0.35412936443488263,
  "selected_indices": [
    1,
    2,
    5,
    6,
    7,
    8,
    9,
    10,
    13,
    16,
    20,
    23,
    24,
    31,
    32,
    34,
    53,
    54,
    111,
    114
  ],
  "distribution": {
    "A": 0.5940327390019741,
    "B": 0.17019322921606292,
    "C": 0.1325466201869209,
    "D": 0.10322741159504208
  }
}