{
  "question_id": "waffle",
  "method": "faithful_monitor",
  "prefix_length": 73,
  "keep_m": 10,
  "kl_to_baseline": 0.08777418123796628,
  "token_kl": 0.7725446951234751,
  "selected_indices": [
    1,
    2,
    6,
    7,
    8,
    9,
    10,
    20,
    34,
    63
  ],
  "distribution": {
    "A": 0.5463490849541556,
    "B": 0.1773735678970544,
    "C": 0.138138673574395,
    "D": 0.138138673574395
  }
}