{
  "question_id": "waffle",
  "method": "faithful_monitor",
  "prefix_length": 89,
  "keep_m": 20,
  "kl_to_baseline": 0.16801225974248335,
  "token_kl": 0.18522586329560586,
  "selected_indices": [
    1,
    2,
    5,
    6,
    7,
    8,
    9,
    10,
    13,
    15,
    16,
    19,
    20,
    23,
    24,
    33,
    34,
    61,
    63,
    81
  ],
  "distribution": {
    "A": 0.6237889909047183,
    "B": 0.15771854692704143,
    "C": 0.12283132785166397,
    "D": 0.09566113431657636
  }
}