{
  "question_id": "waffle",
  "method": "faithful_monitor",
  "prefix_length": 85,
  "keep_m": 15,
  "kl_to_baseline": 0.15919600886866872,
  "token_kl": 0.7234000657736749,
  "selected_indices": [
    1,
    2,
    4,
    5,
    6,
    7,
    8,
    9,
    10,
    13,
    20,
    23,
    34,
    45,
    52
  ],
  "distribution": {
    "A": 0.4209626922472216,
    "B": 0.2253250920054479,
    "C": 0.19884869576939673,
    "D": 0.15486351997793374
  }
}