{
  "question_id": "waffle",
  "method": "faithful_monitor",
  "prefix_length": 96,
  "keep_m": 10,
  "kl_to_baseline": 0.0298326329939081,
  "token_kl": 0.5233640761586827,
  "selected_indices": [
    1,
    5,
    6,
    8,
    9,
    10,
    13,
    20,
    23,
    63
  ],
  "distribution": {
    "A": 0.6147665970589137,
    "B": 0.2261599786967168,
    "C": 0.0942775054899618,
    "D": 0.06479591875440777
  }
}