{
  "question_id": "waffle",
  "method": "faithful_monitor",
  "prefix_length": 23,
  "keep_m": 3,
  "kl_to_baseline": 0.28237293463522367,
  "token_kl": 0.26902096648178425,
  "selected_indices": [
    8,
    9,
    10
  ],
  "distribution": {
    "A": 0.8309525323398442,
    "B": 0.09924313777796034,
    "C": 0.04137069485335303,
    "D": 0.028433635028842386
  }
}