{
  "question_id": "waffle",
  "method": "faithful_monitor",
  "prefix_length": 295,
  "keep_m": 10,
  "kl_to_baseline": 1.129899120153317,
  "token_kl": 0.6294996402150117,
  "selected_indices": [
    1,
    6,
    8,
    10,
    20,
    33,
    34,
    45,
    111,
    171
  ],
  "distribution": {
    "A": 0.04525403000043332,
    "B": 0.031102609641382832,
    "C": 0.9089515243578281,
    "D": 0.014691836000355701
  }
}