{
  "question_id": "waffle",
  "method": "faithful_monitor",
  "prefix_length": 168,
  "keep_m": 5,
  "kl_to_baseline": 0.24616460187492464,
  "token_kl": 0.8884919225072373,
  "selected_indices": [
    8,
    10,
    63,
    81,
    111
  ],
  "distribution": {
    "A": 0.5221145780959056,
    "B": 0.21764973752865147,
    "C": 0.1695057860225995,
    "D": 0.09072989835284354
  }
}