{
  "question_id": "waffle",
  "method": "faithful_monitor",
  "prefix_length": 67,
  "keep_m": 15,
  "kl_to_baseline": 0.016486830397043344,
  "token_kl": 0.29905696856714886,
  "selected_indices": [
    1,
    2,
    5,
    8,
    9,
    10,
    13,
    20,
    23,
    33,
    34,
    52,
    53,
    54,
    55
  ],
  "distribution": {
    "A": 0.43137935301654556,
    "B": 0.335958597954814,
    "C": 0.10906978775628219,
    "D": 0.12359226127235823
  }
}