{
  "question_id": "waffle",
  "method": "faithful_monitor",
  "prefix_length": 96,
  "keep_m": 20,
  "kl_to_baseline": 0.02752143031817477,
  "token_kl": 0.3765941103886829,
  "selected_indices": [
    1,
    2,
    4,
    5,
    6,
    8,
    9,
    10,
    11,
    13,
    15,
    16,
    20,
    23,
    24,
    33,
    34,
    52,
    54,
    81
  ],
  "distribution": {
    "A": 0.4167500426893631,
    "B": 0.3245652595915174,
    "C": 0.15331377281273764,
    "D": 0.10537092490638175
  }
}