{
  "question_id": "waffle",
  "method": "faithful_monitor",
  "prefix_length": 204,
  "keep_m": 5,
  "kl_to_baseline": 0.21589178773677478,
  "token_kl": 2.4312237738836577,
  "selected_indices": [
    6,
    8,
    10,
    63,
    111
  ],
  "distribution": {
    "A": 0.00048772748131243893,
    "B": 0.00023038614902461444,
    "C": 0.9992465555094178,
    "D": 3.5330860245200495e-05
  }
}