{
  "question_id": "waffle",
  "method": "faithful_monitor",
  "prefix_length": 185,
  "keep_m": 10,
  "kl_to_baseline": 0.14960490525647924,
  "token_kl": 0.7196067947565651,
  "selected_indices": [
    6,
    7,
    9,
    10,
    13,
    20,
    33,
    34,
    111,
    171
  ],
  "distribution": {
    "A": 0.12720000059586634,
    "B": 0.04129579404143156,
    "C": 0.8294482083512683,
    "D": 0.0020559970114338096
  }
}