{
  "question_id": "waffle",
  "method": "faithful_monitor",
  "prefix_length": 151,
  "keep_m": 5,
  "kl_to_baseline": 0.08221722390720841,
  "token_kl": 1.1689524096372006,
  "selected_indices": [
    6,
    8,
    10,
    63,
    114
  ],
  "distribution": {
    "A": 0.6401658090451574,
    "B": 0.16185925475943247,
    "C": 0.16185925475943247,
    "D": 0.03611568143597767
  }
}