{
  "question_id": "waffle",
  "method": "faithful_monitor",
  "prefix_length": 297,
  "keep_m": 20,
  "kl_to_baseline": 0.5917318192587482,
  "token_kl": 0.5800010303491109,
  "selected_indices": [
    1,
    2,
    5,
    6,
    7,
    8,
    9,
    10,
    13,
    16,
    20,
    23,
    33,
    34,
    35,
    40,
    41,
    111,
    114,
    171
  ],
  "distribution": {
    "A": 0.06588983622071241,
    "B": 0.01665956352963486,
    "C": 0.9095811796549892,
    "D": 0.00786942059466355
  }
}