{
  "question_id": "waffle",
  "method": "faithful_monitor",
  "prefix_length": 208,
  "keep_m": 20,
  "kl_to_baseline": 0.0206074848663168,
  "token_kl": 0.36471414456656565,
  "selected_indices": [
    1,
    2,
    5,
    6,
    7,
    8,
    9,
    10,
    13,
    15,
    16,
    20,
    23,
    33,
    34,
    39,
    41,
    111,
    114,
    171
  ],
  "distribution": {
    "A": 0.08130877006820024,
    "B": 0.026397092820513942,
    "C": 0.8741516982244965,
    "D": 0.01814243888678938
  }
}