{
  "question_id": "waffle",
  "method": "faithful_monitor",
  "prefix_length": 256,
  "keep_m": 3,
  "kl_to_baseline": 0.5040784041313319,
  "token_kl": 1.5224043516638999,
  "selected_indices": [
    10,
    114,
    171
  ],
  "distribution": {
    "A": 0.044274108605857974,
    "B": 0.05016913767764063,
    "C": 0.8892692232674649,
    "D": 0.016287530449036445
  }
}