{
  "question_id": "waffle",
  "method": "faithful_monitor",
  "prefix_length": 212,
  "keep_m": 15,
  "kl_to_baseline": 0.1064840297394567,
  "token_kl": 1.636173278122981,
  "selected_indices": [
    1,
    2,
    6,
    7,
    8,
    9,
    10,
    20,
    23,
    34,
    45,
    51,
    61,
    111,
    171
  ],
  "distribution": {
    "A": 0.06725047347828021,
    "B": 0.06725047347828021,
    "C": 0.819278523628201,
    "D": 0.04622052941523861
  }
}