{
  "question_id": "waffle",
  "method": "faithful_monitor",
  "prefix_length": 227,
  "keep_m": 10,
  "kl_to_baseline": 0.275806484555592,
  "token_kl": 0.4136221653677414,
  "selected_indices": [
    5,
    6,
    7,
    9,
    10,
    20,
    23,
    45,
    111,
    171
  ],
  "distribution": {
    "A": 0.17761272777764398,
    "B": 0.20126158772621658,
    "C": 0.5470856840741417,
    "D": 0.07404000042199776
  }
}