{
  "question_id": "waffle",
  "method": "faithful_monitor",
  "prefix_length": 292,
  "keep_m": 10,
  "kl_to_baseline": 2.2765021266606777,
  "token_kl": 0.7441164635849957,
  "selected_indices": [
    1,
    2,
    6,
    8,
    10,
    20,
    34,
    63,
    111,
    171
  ],
  "distribution": {
    "A": 0.015732345282618385,
    "B": 0.007431433707681813,
    "C": 0.9733258602872786,
    "D": 0.003510360722421035
  }
}