{
  "question_id": "waffle",
  "method": "faithful_monitor",
  "prefix_length": 229,
  "keep_m": 10,
  "kl_to_baseline": 0.40941663376772675,
  "token_kl": 2.480166922243066,
  "selected_indices": [
    6,
    7,
    8,
    9,
    10,
    20,
    61,
    111,
    114,
    171
  ],
  "distribution": {
    "A": 0.04135516695942201,
    "B": 0.015213715710583865,
    "C": 0.941239373776198,
    "D": 0.0021917435537959777
  }
}