{
  "question_id": "waffle",
  "method": "faithful_monitor",
  "prefix_length": 302,
  "keep_m": 15,
  "kl_to_baseline": 0.07393487607512102,
  "token_kl": 0.6651560840914152,
  "selected_indices": [
    1,
    2,
    5,
    6,
    7,
    8,
    9,
    10,
    13,
    20,
    23,
    33,
    34,
    111,
    171
  ],
  "distribution": {
    "A": 0.08087482836385573,
    "B": 0.033713644292909614,
    "C": 0.8694863332051188,
    "D": 0.01592519413811589
  }
}