{
  "question_id": "bigbench_logical_deduction_0009",
  "method": "single_sentence_oracle",
  "prefix_length": 33,
  "keep_m": 3,
  "kl_to_baseline": 0.5756409171508473,
  "token_kl": 0.280247923808307,
  "distribution": {
    "A": 0.1362327938090607,
    "B": 0.04422831264523287,
    "C": 0.22460990491990313,
    "D": 0.37031908370590016,
    "E": 0.22460990491990313
  }
}