{
  "question_id": "bigbench_logical_deduction_0009",
  "method": "single_sentence_oracle",
  "prefix_length": 53,
  "keep_m": 3,
  "kl_to_baseline": 0.06165673744431388,
  "token_kl": 0.04307801229619081,
  "distribution": {
    "A": 0.5659622493962487,
    "B": 0.011746173848108235,
    "C": 0.3432734360380609,
    "D": 0.05965197866211798,
    "E": 0.019366162055464233
  }
}