{
  "question_id": "bigbench_logical_deduction_0001",
  "method": "single_sentence_oracle",
  "prefix_length": 68,
  "keep_m": 20,
  "kl_to_baseline": 0.009892882047862473,
  "token_kl": 0.059146431127300836,
  "distribution": {
    "A": 0.9863151711146096,
    "B": 0.0002919935083856222,
    "C": 0.008533297082345728,
    "D": 0.0002919935083856222,
    "E": 0.004567544786273307
  }
}