{
  "question_id": "bigbench_logical_deduction_0009",
  "method": "single_sentence_oracle",
  "prefix_length": 42,
  "keep_m": 5,
  "kl_to_baseline": 0.13526897460130183,
  "token_kl": 0.000102972941179969,
  "distribution": {
    "A": 0.3896415327486987,
    "B": 0.005557937301230636,
    "C": 0.3896415327486987,
    "D": 0.16242675629225223,
    "E": 0.052732240909119696
  }
}