{
  "question_id": "bigbench_logical_deduction_0009",
  "method": "single_sentence_oracle",
  "prefix_length": 32,
  "keep_m": 3,
  "kl_to_baseline": 0.8389279990061127,
  "token_kl": 1.5852006104839358,
  "distribution": {
    "A": 0.08542134644373499,
    "B": 0.06652621150139457,
    "C": 0.49156585023391064,
    "D": 0.23219926612019828,
    "E": 0.12428732570076143
  }
}