{
  "question_id": "bigbench_logical_deduction_0009",
  "method": "single_sentence_oracle",
  "prefix_length": 64,
  "keep_m": 15,
  "kl_to_baseline": 0.0005745057878492359,
  "token_kl": 0.07293021019823463,
  "distribution": {
    "A": 0.9982004558393407,
    "B": 0.00023014494638869313,
    "C": 0.0010314380908237458,
    "D": 0.0003348589211133147,
    "E": 0.00020310220233351944
  }
}