{
  "question_id": "bigbench_logical_deduction_0001",
  "method": "single_sentence_oracle",
  "prefix_length": 126,
  "keep_m": 15,
  "kl_to_baseline": 0.00670037612423011,
  "token_kl": 0.5855391587354839,
  "distribution": {
    "A": 0.9880295768561284,
    "B": 0.0004255863217432334,
    "C": 0.009686300036115904,
    "D": 0.0007016732211770972,
    "E": 0.001156863564835356
  }
}