{
  "question_id": "bigbench_logical_deduction_0000",
  "method": "single_sentence_oracle",
  "prefix_length": 88,
  "keep_m": 15,
  "kl_to_baseline": 0.009653635104436306,
  "token_kl": 0.036053592304261875,
  "distribution": {
    "A": 0.0006982864972983509,
    "B": 0.0009544444783167397,
    "C": 0.43631919535789493,
    "D": 0.5602449366282811,
    "E": 0.0017831370382087553
  }
}