{
  "question_id": "bigbench_logical_deduction_0009",
  "method": "single_sentence_oracle",
  "prefix_length": 73,
  "keep_m": 5,
  "kl_to_baseline": 0.22821346136845136,
  "token_kl": 0.48643991624589145,
  "distribution": {
    "A": 0.7956444970126154,
    "B": 0.014572736856790197,
    "C": 0.17753227874876748,
    "D": 0.010015685804313952,
    "E": 0.0022348015775129275
  }
}