{
  "question_id": "bigbench_logical_deduction_0001",
  "method": "single_sentence_oracle",
  "prefix_length": 98,
  "keep_m": 10,
  "kl_to_baseline": 0.010825338431404105,
  "token_kl": 9.182868556907136e-05,
  "distribution": {
    "A": 0.9818553836025046,
    "B": 0.0004792389095361142,
    "C": 0.009625770812515816,
    "D": 0.0005430488289902806,
    "E": 0.0074965578464531914
  }
}