{
  "question_id": "bigbench_logical_deduction_0009",
  "method": "single_sentence_oracle",
  "prefix_length": 50,
  "keep_m": 15,
  "kl_to_baseline": 0.19410076553781996,
  "token_kl": 0.26642286958073236,
  "distribution": {
    "A": 0.2989004109188637,
    "B": 0.02780207236074063,
    "C": 0.3386985382537491,
    "D": 0.2989004109188637,
    "E": 0.03569856754778272
  }
}