{
  "question_id": "bigbench_logical_deduction_0009",
  "method": "single_sentence_oracle",
  "prefix_length": 66,
  "keep_m": 5,
  "kl_to_baseline": 0.10941590247851012,
  "token_kl": 0.00017565184144116138,
  "distribution": {
    "A": 0.8936447837759327,
    "B": 0.008760987142933838,
    "C": 0.011249330166801567,
    "D": 0.08312191186007918,
    "E": 0.003222987054252691
  }
}