{
  "question_id": "bigbench_logical_deduction_0001",
  "method": "single_sentence_oracle",
  "prefix_length": 68,
  "keep_m": 15,
  "kl_to_baseline": 0.017853228613780133,
  "token_kl": 0.5985701371136046,
  "distribution": {
    "A": 0.9779416489823715,
    "B": 0.0006129022528206539,
    "C": 0.01791162936658899,
    "D": 0.0007869820705668955,
    "E": 0.002746837327651902
  }
}