{
  "question_id": "bigbench_logical_deduction_0009",
  "method": "single_sentence_oracle",
  "prefix_length": 27,
  "keep_m": 3,
  "kl_to_baseline": 0.2276314084426148,
  "token_kl": 0.8836215062546006,
  "distribution": {
    "A": 0.28839916396544013,
    "B": 0.02367324215516617,
    "C": 0.28839916396544013,
    "D": 0.22460549473342326,
    "E": 0.17492293518053031
  }
}