{
  "question_id": "bigbench_logical_deduction_0009",
  "method": "single_sentence_oracle",
  "prefix_length": 63,
  "keep_m": 10,
  "kl_to_baseline": 0.00050756310483217,
  "token_kl": 0.11165392068990919,
  "distribution": {
    "A": 0.9989074600095571,
    "B": 9.600667502901093e-05,
    "C": 0.0006260418636883997,
    "D": 0.0002957213780329575,
    "E": 7.477007369267561e-05
  }
}