{
  "question_id": "bigbench_logical_deduction_0001",
  "method": "single_sentence_oracle",
  "prefix_length": 128,
  "keep_m": 15,
  "kl_to_baseline": 0.0062703032523629704,
  "token_kl": 0.00018541678103804702,
  "distribution": {
    "A": 0.9886344317884634,
    "B": 0.0004258468128547758,
    "C": 0.008553361883216388,
    "D": 0.0007021026984135257,
    "E": 0.001684256817051839
  }
}