{
  "question_id": "bigbench_logical_deduction_0009",
  "method": "single_sentence_oracle",
  "prefix_length": 45,
  "keep_m": 10,
  "kl_to_baseline": 0.029549165423012877,
  "token_kl": 0.10827278483553474,
  "distribution": {
    "A": 0.20522662143681156,
    "B": 0.0025834222105486464,
    "C": 0.5578637957677284,
    "D": 0.12447625292938898,
    "E": 0.10984990765552244
  }
}