{
  "question_id": "bigbench_logical_deduction_0009",
  "method": "single_sentence_oracle",
  "prefix_length": 30,
  "keep_m": 3,
  "kl_to_baseline": 0.09827253697429275,
  "token_kl": 0.6924498456873773,
  "distribution": {
    "A": 0.06819506825020563,
    "B": 0.011850523108325262,
    "C": 0.18537341481505837,
    "D": 0.08756420092601927,
    "E": 0.6470167929003915
  }
}