{
  "question_id": "bigbench_logical_deduction_0001",
  "method": "single_sentence_oracle",
  "prefix_length": 79,
  "keep_m": 15,
  "kl_to_baseline": 0.00587383054059913,
  "token_kl": 0.001568420008453279,
  "distribution": {
    "A": 0.9885964156518358,
    "B": 0.0005467772289365573,
    "C": 0.008553034914911047,
    "D": 0.0006195797711416258,
    "E": 0.0016841924331750956
  }
}