{
  "question_id": "bigbench_logical_deduction_0001",
  "method": "single_sentence_oracle",
  "prefix_length": 22,
  "keep_m": 3,
  "kl_to_baseline": 0.0008525944580736188,
  "token_kl": 0.11360337702544475,
  "distribution": {
    "A": 0.9973027881802942,
    "B": 0.0004295807004969177,
    "C": 0.0019252471302452056,
    "D": 0.00020291955461779933,
    "E": 0.00013946443434585258
  }
}