{
  "question_id": "bigbench_logical_deduction_0001",
  "method": "single_sentence_oracle",
  "prefix_length": 97,
  "keep_m": 15,
  "kl_to_baseline": 0.019340641234673307,
  "token_kl": 0.003896481644781734,
  "distribution": {
    "A": 0.9728021225501541,
    "B": 0.0016572853052856922,
    "C": 0.02287811248972747,
    "D": 0.001005194349546984,
    "E": 0.0016572853052856922
  }
}