{
  "question_id": "bigbench_logical_deduction_0001",
  "method": "single_sentence_oracle",
  "prefix_length": 128,
  "keep_m": 20,
  "kl_to_baseline": 0.004443390582103492,
  "token_kl": 0.0004960264924804624,
  "distribution": {
    "A": 0.990846547695684,
    "B": 0.00048362751852078467,
    "C": 0.007565207241284032,
    "D": 0.00048362751852078467,
    "E": 0.0006209900259903091
  }
}