{
  "question_id": "bigbench_logical_deduction_0001",
  "method": "single_sentence_oracle",
  "prefix_length": 97,
  "keep_m": 10,
  "kl_to_baseline": 0.013606460641481563,
  "token_kl": 0.0018453076857638168,
  "distribution": {
    "A": 0.9788489541353703,
    "B": 0.0005413859554184151,
    "C": 0.015821616796322772,
    "D": 0.0007877119171286663,
    "E": 0.0040003311957598365
  }
}