{
  "question_id": "bigbench_logical_deduction_0001",
  "method": "single_sentence_oracle",
  "prefix_length": 65,
  "keep_m": 20,
  "kl_to_baseline": 0.0068199469554502245,
  "token_kl": 0.03332621030147761,
  "distribution": {
    "A": 0.9863106606197005,
    "B": 0.0003308704431765165,
    "C": 0.008533261198074673,
    "D": 0.00025768216024105384,
    "E": 0.00456752557880712
  }
}