{
  "question_id": "bigbench_logical_deduction_0000",
  "method": "single_sentence_oracle",
  "prefix_length": 88,
  "keep_m": 20,
  "kl_to_baseline": 0.2265480312585399,
  "token_kl": 0.0070878918720611896,
  "distribution": {
    "A": 0.012633907275189217,
    "B": 0.008157063615252542,
    "C": 0.12759794338930064,
    "D": 0.8320433073423104,
    "E": 0.01956777837794726
  }
}