{
  "question_id": "bigbench_logical_deduction_0009",
  "method": "single_sentence_oracle",
  "prefix_length": 69,
  "keep_m": 20,
  "kl_to_baseline": 0.0005321894294457402,
  "token_kl": 5.259739059147053e-05,
  "distribution": {
    "A": 0.998191434546215,
    "B": 0.0007088899074704584,
    "C": 0.00033485604153648244,
    "D": 0.00033485604153648244,
    "E": 0.00042996346324168476
  }
}