{
  "question_id": "bigbench_logical_deduction_0009",
  "method": "single_sentence_oracle",
  "prefix_length": 34,
  "keep_m": 15,
  "kl_to_baseline": 0.37507397462080816,
  "token_kl": 0.04913352924834464,
  "distribution": {
    "A": 0.2231594058868827,
    "B": 0.01426610352650796,
    "C": 0.2528727355680332,
    "D": 0.2231594058868827,
    "E": 0.2865423491316934
  }
}