{
  "question_id": "bigbench_logical_deduction_0009",
  "method": "single_sentence_oracle",
  "prefix_length": 27,
  "keep_m": 15,
  "kl_to_baseline": 0.19759450722325025,
  "token_kl": 0.051888784986151126,
  "distribution": {
    "A": 0.09255719399364506,
    "B": 0.014194105416155052,
    "C": 0.3230563117068328,
    "D": 0.28509619444168355,
    "E": 0.28509619444168355
  }
}