{
  "question_id": "bigbench_logical_deduction_0009",
  "method": "single_sentence_oracle",
  "prefix_length": 34,
  "keep_m": 3,
  "kl_to_baseline": 0.6340598627905373,
  "token_kl": 0.08922694430883515,
  "distribution": {
    "A": 0.2938906673444547,
    "B": 0.016580176887762976,
    "C": 0.33302175507214604,
    "D": 0.17825370034781818,
    "E": 0.17825370034781818
  }
}