{
  "question_id": "bigbench_logical_deduction_0009",
  "method": "single_sentence_oracle",
  "prefix_length": 71,
  "keep_m": 20,
  "kl_to_baseline": 0.0016615407213083498,
  "token_kl": 0.0534571573396604,
  "distribution": {
    "A": 0.9979015301496544,
    "B": 0.0009099685231517399,
    "C": 0.0003793313164049038,
    "D": 0.00042983869438401956,
    "E": 0.0003793313164049038
  }
}