{
  "question_id": "bookworm_nm",
  "method": "single_sentence_oracle",
  "prefix_length": 100,
  "keep_m": 20,
  "kl_to_baseline": -2.357736623499863e-16,
  "token_kl": 0.1591199501710909,
  "distribution": {
    "A": 0.0066928512710080395,
    "B": 0.9933071487289921
  }
}