{
  "question_id": "bookworm_nm",
  "method": "single_sentence_oracle",
  "prefix_length": 19,
  "keep_m": 10,
  "kl_to_baseline": 0.002007165221468524,
  "token_kl": 0.024507206237683786,
  "distribution": {
    "A": 0.03732688332823794,
    "B": 0.962673116671762
  }
}