{
  "question_id": "bookworm_nm",
  "method": "single_sentence_oracle",
  "prefix_length": 38,
  "keep_m": 20,
  "kl_to_baseline": 0.002884088998121738,
  "token_kl": 0.023851339532191367,
  "distribution": {
    "A": 0.11920293140927592,
    "B": 0.880797068590724
  }
}