{
  "question_id": "bookworm_nm",
  "method": "single_sentence_oracle",
  "prefix_length": 88,
  "keep_m": 15,
  "kl_to_baseline": 0.0015838856246623992,
  "token_kl": 0.07297373879040765,
  "distribution": {
    "A": 0.029312230327373224,
    "B": 0.9706877696726267
  }
}