{
  "question_id": "bookworm_nm",
  "method": "single_sentence_oracle",
  "prefix_length": 79,
  "keep_m": 3,
  "kl_to_baseline": 0.028136442896535947,
  "token_kl": 0.8539233205196737,
  "distribution": {
    "A": 0.0534033354493853,
    "B": 0.9465966645506146
  }
}