{
  "question_id": "bookworm_nm",
  "method": "single_sentence_oracle",
  "prefix_length": 38,
  "keep_m": 5,
  "kl_to_baseline": 0.019944665378324955,
  "token_kl": 0.09553381224321282,
  "distribution": {
    "A": 0.16451646699291617,
    "B": 0.8354835330070839
  }
}