{
  "question_id": "bookworm_nm",
  "method": "single_sentence_oracle",
  "prefix_length": 75,
  "keep_m": 5,
  "kl_to_baseline": 0.008327777019358927,
  "token_kl": 0.13839304043048095,
  "distribution": {
    "A": 0.015906392644828796,
    "B": 0.9840936073551713
  }
}