{
  "question_id": "bookworm_nm",
  "method": "single_sentence_oracle",
  "prefix_length": 35,
  "keep_m": 10,
  "kl_to_baseline": 0.0073556220715451336,
  "token_kl": 0.04669965543910923,
  "distribution": {
    "A": 0.08509904152653235,
    "B": 0.9149009584734678
  }
}