{
  "question_id": "bookworm_nm",
  "method": "single_sentence_oracle",
  "prefix_length": 102,
  "keep_m": 10,
  "kl_to_baseline": 0.02372512824602858,
  "token_kl": 0.3121392285199022,
  "distribution": {
    "A": 0.05340332603345051,
    "B": 0.9465966739665496
  }
}