{
  "question_id": "bookworm_nm",
  "method": "single_sentence_oracle",
  "prefix_length": 96,
  "keep_m": 10,
  "kl_to_baseline": 0.01018147561665846,
  "token_kl": 0.030013624292629344,
  "distribution": {
    "A": 0.022977369575503337,
    "B": 0.9770226304244968
  }
}