{
  "question_id": "bookworm_nm",
  "method": "single_sentence_oracle",
  "prefix_length": 43,
  "keep_m": 20,
  "kl_to_baseline": 0.016497763230283645,
  "token_kl": 0.1128907909829563,
  "distribution": {
    "A": 0.053403333566198224,
    "B": 0.9465966664338019
  }
}