{
  "question_id": "dilemma_3081",
  "method": "single_sentence_oracle",
  "prefix_length": 29,
  "keep_m": 20,
  "kl_to_baseline": 0.020635643586770683,
  "token_kl": 0.01367778539091184,
  "distribution": {
    "A": 0.2689414096510108,
    "B": 0.7310585903489892
  }
}