{
  "question_id": "dilemma_45012",
  "method": "single_sentence_oracle",
  "prefix_length": 27,
  "keep_m": 10,
  "kl_to_baseline": 0.001424719107229243,
  "token_kl": 0.05585242282823504,
  "distribution": {
    "A": 0.010986942428193881,
    "B": 0.9890130575718061
  }
}