{
  "question_id": "dilemma_19599",
  "method": "single_sentence_oracle",
  "prefix_length": 35,
  "keep_m": 3,
  "kl_to_baseline": 1.0834431598272319e-16,
  "token_kl": 1.0135950920771812,
  "distribution": {
    "A": 0.798186775339273,
    "B": 0.20181322466072713
  }
}