{
  "question_id": "dilemma_3081",
  "method": "single_sentence_oracle",
  "prefix_length": 45,
  "keep_m": 3,
  "kl_to_baseline": 0.01156318914078295,
  "token_kl": 0.3074901854032711,
  "distribution": {
    "A": 0.0758581784543034,
    "B": 0.9241418215456966
  }
}