{
  "question_id": "dilemma_3081",
  "method": "single_sentence_oracle",
  "prefix_length": 45,
  "keep_m": 15,
  "kl_to_baseline": 0.023982806943728757,
  "token_kl": 0.3409707205864648,
  "distribution": {
    "A": 0.2018132174596823,
    "B": 0.7981867825403176
  }
}