{
  "question_id": "dilemma_45012",
  "method": "single_sentence_oracle",
  "prefix_length": 28,
  "keep_m": 15,
  "kl_to_baseline": 0.006807093912359206,
  "token_kl": 0.03996593399084903,
  "distribution": {
    "A": 0.01406362817963978,
    "B": 0.9859363718203602
  }
}