{
  "question_id": "dilemma_24577",
  "method": "single_sentence_oracle",
  "prefix_length": 26,
  "keep_m": 5,
  "kl_to_baseline": 0.00739289362638864,
  "token_kl": 0.20309690892584845,
  "distribution": {
    "A": 0.14804719239327382,
    "B": 0.8519528076067262
  }
}