{
  "question_id": "dilemma_32747",
  "method": "single_sentence_oracle",
  "prefix_length": 43,
  "keep_m": 20,
  "kl_to_baseline": 7.279033230566301e-05,
  "token_kl": 0.08862070386204492,
  "distribution": {
    "A": 0.0013250224079702495,
    "B": 0.9986749775920297
  }
}