{
  "question_id": "dilemma_45012",
  "method": "single_sentence_oracle",
  "prefix_length": 32,
  "keep_m": 15,
  "kl_to_baseline": 0.0026746842902455976,
  "token_kl": 0.17074063108035958,
  "distribution": {
    "A": 0.0066928504475405074,
    "B": 0.9933071495524595
  }
}