{
  "question_id": "dilemma_15721",
  "method": "single_sentence_oracle",
  "prefix_length": 35,
  "keep_m": 5,
  "kl_to_baseline": 0.07633156583638107,
  "token_kl": 0.2587092420830393,
  "distribution": {
    "A": 0.4073334000459302,
    "B": 0.5926665999540697
  }
}