{
  "question_id": "dilemma_32747",
  "method": "single_sentence_oracle",
  "prefix_length": 26,
  "keep_m": 10,
  "kl_to_baseline": 1.768361212441037e-17,
  "token_kl": 0.3287146677639643,
  "distribution": {
    "A": 0.0013250224406285368,
    "B": 0.9986749775593715
  }
}