{
  "question_id": "dilemma_32747",
  "method": "single_sentence_oracle",
  "prefix_length": 37,
  "keep_m": 3,
  "kl_to_baseline": 5.6708254802152725e-05,
  "token_kl": 0.6347408220860863,
  "distribution": {
    "A": 0.0006263340241758016,
    "B": 0.9993736659758242
  }
}