{
  "question_id": "dilemma_19599",
  "method": "single_sentence_oracle",
  "prefix_length": 16,
  "keep_m": 5,
  "kl_to_baseline": 0.030929803620161303,
  "token_kl": 0.0747301817576298,
  "distribution": {
    "A": 0.6224593312018546,
    "B": 0.37754066879814546
  }
}