{
  "question_id": "dilemma_2081",
  "method": "single_sentence_oracle",
  "prefix_length": 32,
  "keep_m": 3,
  "kl_to_baseline": 0.006076398827907555,
  "token_kl": 0.17060758981152774,
  "distribution": {
    "A": 0.11920291107043361,
    "B": 0.8807970889295664
  }
}