{
  "question_id": "dilemma_32747",
  "method": "single_sentence_oracle",
  "prefix_length": 31,
  "keep_m": 3,
  "kl_to_baseline": 0.0002601349880522897,
  "token_kl": 0.17656135874360177,
  "distribution": {
    "A": 0.0015011823275832901,
    "B": 0.9984988176724168
  }
}