{
  "question_id": "dilemma_3081",
  "method": "single_sentence_oracle",
  "prefix_length": 29,
  "keep_m": 15,
  "kl_to_baseline": 0.004909420566091352,
  "token_kl": 0.06033958932458372,
  "distribution": {
    "A": 0.22270012850745968,
    "B": 0.7772998714925403
  }
}