{
  "question_id": "dilemma_23322",
  "method": "single_sentence_oracle",
  "prefix_length": 17,
  "keep_m": 10,
  "kl_to_baseline": 0.0004254210422883946,
  "token_kl": 0.010390785038603845,
  "distribution": {
    "A": 0.053403334696110465,
    "B": 0.9465966653038896
  }
}