{
  "question_id": "dilemma_24577",
  "method": "single_sentence_oracle",
  "prefix_length": 39,
  "keep_m": 10,
  "kl_to_baseline": 3.3211382161395724e-16,
  "token_kl": 0.14639526712048812,
  "distribution": {
    "A": 0.8354835411997897,
    "B": 0.16451645880021026
  }
}