{
  "question_id": "dilemma_15721",
  "method": "single_sentence_oracle",
  "prefix_length": 25,
  "keep_m": 15,
  "kl_to_baseline": 0.003307222743346331,
  "token_kl": 0.018520305237597776,
  "distribution": {
    "A": 0.03732688573777281,
    "B": 0.9626731142622272
  }
}