{
  "question_id": "dilemma_48618",
  "method": "single_sentence_oracle",
  "prefix_length": 31,
  "keep_m": 3,
  "kl_to_baseline": 0.07351380802282778,
  "token_kl": 0.2421419116661909,
  "distribution": {
    "A": 0.9740426406829585,
    "B": 0.025957359317041528
  }
}