{
  "question_id": "dilemma_12903",
  "method": "single_sentence_oracle",
  "prefix_length": 21,
  "keep_m": 10,
  "kl_to_baseline": 1.6537160490436824e-16,
  "token_kl": 0.01872011204918935,
  "distribution": {
    "A": 0.8807970842359877,
    "B": 0.11920291576401235
  }
}