{
  "question_id": "dilemma_15721",
  "method": "single_sentence_oracle",
  "prefix_length": 37,
  "keep_m": 20,
  "kl_to_baseline": 0.0017956657091531963,
  "token_kl": 0.24536649901263502,
  "distribution": {
    "A": 0.3775406828054583,
    "B": 0.6224593171945417
  }
}