{
  "question_id": "dilemma_2081",
  "method": "single_sentence_oracle",
  "prefix_length": 46,
  "keep_m": 15,
  "kl_to_baseline": 0.0015237678348072829,
  "token_kl": 0.07440553944605588,
  "distribution": {
    "A": 0.06008664512463808,
    "B": 0.939913354875362
  }
}