{
  "question_id": "dilemma_15721",
  "method": "single_sentence_oracle",
  "prefix_length": 29,
  "keep_m": 20,
  "kl_to_baseline": 0.019827088824047413,
  "token_kl": 0.010585087067793186,
  "distribution": {
    "A": 0.07585818106587033,
    "B": 0.9241418189341297
  }
}