{
  "question_id": "dilemma_3297",
  "method": "single_sentence_oracle",
  "prefix_length": 24,
  "keep_m": 5,
  "kl_to_baseline": 0.005485687896375338,
  "token_kl": 0.12260164972965723,
  "distribution": {
    "A": 0.0675466911396291,
    "B": 0.9324533088603709
  }
}