{
  "question_id": "dilemma_12903",
  "method": "single_sentence_oracle",
  "prefix_length": 33,
  "keep_m": 20,
  "kl_to_baseline": 0.05867913993445542,
  "token_kl": 0.0476878796993782,
  "distribution": {
    "A": 0.2942149783515162,
    "B": 0.7057850216484838
  }
}