{
  "question_id": "dilemma_3081",
  "method": "single_sentence_oracle",
  "prefix_length": 57,
  "keep_m": 15,
  "kl_to_baseline": 0.0,
  "token_kl": 0.1577942906340648,
  "distribution": {
    "A": 0.2018132270610754,
    "B": 0.7981867729389246
  }
}