{
  "question_id": "dilemma_15721",
  "method": "single_sentence_oracle",
  "prefix_length": 25,
  "keep_m": 3,
  "kl_to_baseline": 0.0001825599872344254,
  "token_kl": 0.206718445015458,
  "distribution": {
    "A": 0.02595735851643796,
    "B": 0.974042641483562
  }
}