{
  "question_id": "dilemma_32747",
  "method": "single_sentence_oracle",
  "prefix_length": 20,
  "keep_m": 3,
  "kl_to_baseline": 0.0009953394454562951,
  "token_kl": 0.6966016896731922,
  "distribution": {
    "A": 0.0028009263246098,
    "B": 0.9971990736753903
  }
}