{
  "question_id": "dilemma_15721",
  "method": "single_sentence_oracle",
  "prefix_length": 30,
  "keep_m": 5,
  "kl_to_baseline": 0.04662457758635305,
  "token_kl": 0.1120278702116216,
  "distribution": {
    "A": 0.09534946104307897,
    "B": 0.904650538956921
  }
}