{
  "question_id": "dilemma_32747",
  "method": "single_sentence_oracle",
  "prefix_length": 40,
  "keep_m": 3,
  "kl_to_baseline": 7.27903466237779e-05,
  "token_kl": 0.7262997949317396,
  "distribution": {
    "A": 0.001325022537062917,
    "B": 0.9986749774629371
  }
}