{
  "question_id": "dilemma_0545",
  "method": "single_sentence_oracle",
  "prefix_length": 19,
  "keep_m": 5,
  "kl_to_baseline": 6.924140024775079e-05,
  "token_kl": 0.14561036631954838,
  "distribution": {
    "A": 0.9902915255779323,
    "B": 0.009708474422067633
  }
}