{
  "question_id": "dilemma_25447",
  "method": "single_sentence_oracle",
  "prefix_length": 21,
  "keep_m": 10,
  "kl_to_baseline": 0.0006515899512060611,
  "token_kl": 0.2688485123087625,
  "distribution": {
    "A": 0.9149009491921662,
    "B": 0.08509905080783367
  }
}