{
  "question_id": "dilemma_15721",
  "method": "single_sentence_oracle",
  "prefix_length": 23,
  "keep_m": 5,
  "kl_to_baseline": 0.00824532156647807,
  "token_kl": 0.15887060560976443,
  "distribution": {
    "A": 0.02931223265928031,
    "B": 0.9706877673407197
  }
}