{
  "question_id": "dilemma_3081",
  "method": "single_sentence_oracle",
  "prefix_length": 16,
  "keep_m": 3,
  "kl_to_baseline": 0.006373964719051418,
  "token_kl": 0.7661803343866098,
  "distribution": {
    "A": 0.32082130082460697,
    "B": 0.679178699175393
  }
}