{
  "question_id": "dilemma_12903",
  "method": "single_sentence_oracle",
  "prefix_length": 32,
  "keep_m": 3,
  "kl_to_baseline": 0.0015061264013413525,
  "token_kl": 0.10719655418735027,
  "distribution": {
    "A": 0.24508501313237172,
    "B": 0.7549149868676283
  }
}