{
  "question_id": "dilemma_15721",
  "method": "single_sentence_oracle",
  "prefix_length": 15,
  "keep_m": 5,
  "kl_to_baseline": 0.001747700995177676,
  "token_kl": 0.04662994267187525,
  "distribution": {
    "A": 0.005911069266686618,
    "B": 0.9940889307333134
  }
}