{
  "question_id": "dilemma_2081",
  "method": "single_sentence_oracle",
  "prefix_length": 41,
  "keep_m": 20,
  "kl_to_baseline": 1.7352136301205815e-16,
  "token_kl": 0.1619983169957662,
  "distribution": {
    "A": 0.10669059394565118,
    "B": 0.8933094060543487
  }
}