{
  "question_id": "dilemma_25447",
  "method": "single_sentence_oracle",
  "prefix_length": 19,
  "keep_m": 5,
  "kl_to_baseline": 0.0011040836784037902,
  "token_kl": 0.057495800054508495,
  "distribution": {
    "A": 0.8175744828610095,
    "B": 0.18242551713899047
  }
}