{
  "question_id": "dilemma_12903",
  "method": "single_sentence_oracle",
  "prefix_length": 31,
  "keep_m": 15,
  "kl_to_baseline": 0.13185654381026285,
  "token_kl": 0.1363386946035093,
  "distribution": {
    "A": 0.2942149783515162,
    "B": 0.7057850216484838
  }
}