{
  "question_id": "dilemma_12903",
  "method": "single_sentence_oracle",
  "prefix_length": 43,
  "keep_m": 15,
  "kl_to_baseline": 0.01754389957683325,
  "token_kl": 0.0788294981157915,
  "distribution": {
    "A": 0.4378234991142019,
    "B": 0.5621765008857981
  }
}