{
  "question_id": "dilemma_12903",
  "method": "single_sentence_oracle",
  "prefix_length": 34,
  "keep_m": 15,
  "kl_to_baseline": 0.001899480733262359,
  "token_kl": 0.12032070195032149,
  "distribution": {
    "A": 0.4378234991142019,
    "B": 0.5621765008857981
  }
}