{
  "question_id": "dilemma_32747",
  "method": "single_sentence_oracle",
  "prefix_length": 23,
  "keep_m": 10,
  "kl_to_baseline": 0.00016128311115434828,
  "token_kl": 0.09861740832633377,
  "distribution": {
    "A": 0.0002305067321007128,
    "B": 0.9997694932678993
  }
}