{
  "question_id": "dilemma_19599",
  "method": "single_sentence_oracle",
  "prefix_length": 23,
  "keep_m": 3,
  "kl_to_baseline": 0.219765457711715,
  "token_kl": 0.8454918300809502,
  "distribution": {
    "A": 0.7981867705385763,
    "B": 0.20181322946142374
  }
}