{
  "question_id": "dilemma_12903",
  "method": "single_sentence_oracle",
  "prefix_length": 44,
  "keep_m": 5,
  "kl_to_baseline": 0.0013210875870516905,
  "token_kl": 0.1990387608916603,
  "distribution": {
    "A": 0.7981867825403176,
    "B": 0.2018132174596823
  }
}