{
  "question_id": "dilemma_2081",
  "method": "single_sentence_oracle",
  "prefix_length": 35,
  "keep_m": 5,
  "kl_to_baseline": 0.026151366120106406,
  "token_kl": 0.6239570955133873,
  "distribution": {
    "A": 0.22270012850745968,
    "B": 0.7772998714925403
  }
}