{
  "question_id": "dilemma_3081",
  "method": "single_sentence_oracle",
  "prefix_length": 27,
  "keep_m": 15,
  "kl_to_baseline": 0.06317446641296404,
  "token_kl": 0.05653640884683342,
  "distribution": {
    "A": 0.32082129433083023,
    "B": 0.6791787056691698
  }
}