{
  "question_id": "dilemma_15721",
  "method": "single_sentence_oracle",
  "prefix_length": 22,
  "keep_m": 10,
  "kl_to_baseline": 0.0022564058546969707,
  "token_kl": 0.07461137442550549,
  "distribution": {
    "A": 0.025957359646701823,
    "B": 0.9740426403532982
  }
}