{
  "question_id": "dilemma_15721",
  "method": "single_sentence_oracle",
  "prefix_length": 20,
  "keep_m": 5,
  "kl_to_baseline": 0.03438955099739388,
  "token_kl": 0.14920300601433503,
  "distribution": {
    "A": 0.13296424878721277,
    "B": 0.8670357512127872
  }
}