{
  "question_id": "dilemma_12903",
  "method": "single_sentence_oracle",
  "prefix_length": 21,
  "keep_m": 5,
  "kl_to_baseline": 0.0008466816630206767,
  "token_kl": 0.0576021299495626,
  "distribution": {
    "A": 0.8670357666736773,
    "B": 0.1329642333263228
  }
}