{
  "question_id": "dilemma_2081",
  "method": "single_sentence_oracle",
  "prefix_length": 29,
  "keep_m": 15,
  "kl_to_baseline": 0.014883810302646211,
  "token_kl": 0.06662255195070464,
  "distribution": {
    "A": 0.18242551936144574,
    "B": 0.8175744806385543
  }
}