{
  "question_id": "dilemma_32747",
  "method": "single_sentence_oracle",
  "prefix_length": 36,
  "keep_m": 10,
  "kl_to_baseline": 0.001855010359294165,
  "token_kl": 0.22560139039767943,
  "distribution": {
    "A": 0.005220125616178516,
    "B": 0.9947798743838215
  }
}