{
  "question_id": "dilemma_24577",
  "method": "single_sentence_oracle",
  "prefix_length": 22,
  "keep_m": 5,
  "kl_to_baseline": 0.05424292065350138,
  "token_kl": 0.12454798181014921,
  "distribution": {
    "A": 0.2689414096510108,
    "B": 0.7310585903489892
  }
}