{
  "question_id": "dilemma_19599",
  "method": "single_sentence_oracle",
  "prefix_length": 36,
  "keep_m": 10,
  "kl_to_baseline": 2.1785326752633532e-16,
  "token_kl": 0.12895256183733098,
  "distribution": {
    "A": 0.7772998611746911,
    "B": 0.22270013882530884
  }
}