{
  "question_id": "dilemma_12903",
  "method": "single_sentence_oracle",
  "prefix_length": 31,
  "keep_m": 20,
  "kl_to_baseline": 0.10731102010836004,
  "token_kl": 0.018130881454813643,
  "distribution": {
    "A": 0.26894141551050293,
    "B": 0.731058584489497
  }
}