{
  "question_id": "dilemma_3081",
  "method": "single_sentence_oracle",
  "prefix_length": 40,
  "keep_m": 10,
  "kl_to_baseline": 0.0011040842121352763,
  "token_kl": 0.33551526737216814,
  "distribution": {
    "A": 0.18242552158390105,
    "B": 0.817574478416099
  }
}