{
  "question_id": "dilemma_19599",
  "method": "single_sentence_oracle",
  "prefix_length": 15,
  "keep_m": 5,
  "kl_to_baseline": 0.0,
  "token_kl": 0.0003317507320215768,
  "distribution": {
    "A": 0.5926665999540697,
    "B": 0.4073334000459302
  }
}