{
  "question_id": "dilemma_24577",
  "method": "single_sentence_oracle",
  "prefix_length": 19,
  "keep_m": 10,
  "kl_to_baseline": 0.045338679535835785,
  "token_kl": 0.024602782984301182,
  "distribution": {
    "A": 0.1329642419157059,
    "B": 0.8670357580842941
  }
}