{
  "question_id": "dilemma_15721",
  "method": "single_sentence_oracle",
  "prefix_length": 21,
  "keep_m": 10,
  "kl_to_baseline": 0.09511048651004841,
  "token_kl": 0.293706594105441,
  "distribution": {
    "A": 0.13296424706933604,
    "B": 0.867035752930664
  }
}