{
  "question_id": "dilemma_31754",
  "method": "single_sentence_oracle",
  "prefix_length": 31,
  "keep_m": 20,
  "kl_to_baseline": 0.0018162768350262933,
  "token_kl": 0.10565676732426077,
  "distribution": {
    "A": 0.651354857898194,
    "B": 0.3486451421018059
  }
}