{
  "question_id": "dilemma_23322",
  "method": "single_sentence_oracle",
  "prefix_length": 29,
  "keep_m": 10,
  "kl_to_baseline": 1.4758851461777556e-16,
  "token_kl": 0.21291316802413074,
  "distribution": {
    "A": 0.022977368655567088,
    "B": 0.977022631344433
  }
}