{
  "question_id": "dilemma_24577",
  "method": "single_sentence_oracle",
  "prefix_length": 26,
  "keep_m": 15,
  "kl_to_baseline": 7.994022993967209e-16,
  "token_kl": 0.02017339720551793,
  "distribution": {
    "A": 0.10669059181535785,
    "B": 0.8933094081846421
  }
}