{
  "question_id": "dilemma_2081",
  "method": "single_sentence_oracle",
  "prefix_length": 22,
  "keep_m": 5,
  "kl_to_baseline": 0.04863859106873751,
  "token_kl": 0.17691561660269467,
  "distribution": {
    "A": 0.32082130731838393,
    "B": 0.6791786926816161
  }
}