{
  "question_id": "dilemma_32747",
  "method": "single_sentence_oracle",
  "prefix_length": 41,
  "keep_m": 20,
  "kl_to_baseline": 7.731186598599512e-06,
  "token_kl": 0.22982434669486385,
  "distribution": {
    "A": 0.0009110509875595429,
    "B": 0.9990889490124405
  }
}