{
  "question_id": "dilemma_32747",
  "method": "single_sentence_oracle",
  "prefix_length": 43,
  "keep_m": 3,
  "kl_to_baseline": 1.635272740001687e-17,
  "token_kl": 0.523403778914849,
  "distribution": {
    "A": 0.000911051051985455,
    "B": 0.9990889489480145
  }
}