{
  "question_id": "dilemma_15721",
  "method": "single_sentence_oracle",
  "prefix_length": 16,
  "keep_m": 3,
  "kl_to_baseline": 0.008704481620281798,
  "token_kl": 0.08322609378179587,
  "distribution": {
    "A": 0.033085981487302796,
    "B": 0.9669140185126972
  }
}