{
  "question_id": "dilemma_32747",
  "method": "single_sentence_oracle",
  "prefix_length": 38,
  "keep_m": 15,
  "kl_to_baseline": 0.0011274454264803043,
  "token_kl": 0.0940843646851244,
  "distribution": {
    "A": 0.0031726821179128037,
    "B": 0.9968273178820872
  }
}