{
  "question_id": "gpqa_gpqa_diamond_0023",
  "method": "single_sentence_oracle",
  "prefix_length": 295,
  "keep_m": 15,
  "kl_to_baseline": 0.018691402902066712,
  "token_kl": 0.48634511256431284,
  "distribution": {
    "A": 0.600724739201499,
    "B": 0.22099426818302265,
    "C": 0.15188699119644836,
    "D": 0.02639400141902987
  }
}