{
  "question_id": "gpqa_gpqa_diamond_0031",
  "method": "single_sentence_oracle",
  "prefix_length": 169,
  "keep_m": 3,
  "kl_to_baseline": 0.004630830081113261,
  "token_kl": 0.14830318743951318,
  "distribution": {
    "A": 0.9872392085828124,
    "B": 0.0010201120741163432,
    "C": 0.005870339671535665,
    "D": 0.005870339671535665
  }
}