{
  "question_id": "gpqa_gpqa_diamond_0004",
  "method": "single_sentence_oracle",
  "prefix_length": 118,
  "keep_m": 20,
  "kl_to_baseline": 8.559468948082552e-06,
  "token_kl": 0.15985543271619082,
  "distribution": {
    "A": 5.827198133637865e-05,
    "B": 0.00029592953935286777,
    "C": 0.999610454736028,
    "D": 3.5343743282716006e-05
  }
}