{
  "question_id": "gpqa_gpqa_diamond_0002",
  "method": "single_sentence_oracle",
  "prefix_length": 66,
  "keep_m": 5,
  "kl_to_baseline": 0.0008235040883520611,
  "token_kl": 0.21225435797070882,
  "distribution": {
    "A": 0.00037961407991131597,
    "B": 0.00048743412713866106,
    "C": 0.00048743412713866106,
    "D": 0.9986455176658114
  }
}