{
  "question_id": "gpqa_gpqa_diamond_0020",
  "method": "single_sentence_oracle",
  "prefix_length": 57,
  "keep_m": 3,
  "kl_to_baseline": 0.009961105684939207,
  "token_kl": 0.3454825277592199,
  "distribution": {
    "A": 0.4988537603952793,
    "B": 0.3885076992339585,
    "C": 0.03613684304473297,
    "D": 0.07650169732602931
  }
}