{
  "question_id": "gpqa_gpqa_diamond_0031",
  "method": "single_sentence_oracle",
  "prefix_length": 171,
  "keep_m": 5,
  "kl_to_baseline": 0.0012481256634524981,
  "token_kl": 0.17485351889133657,
  "distribution": {
    "A": 0.9711932705345716,
    "B": 0.00272788206068836,
    "C": 0.013853328188181798,
    "D": 0.012225519216558301
  }
}