{
  "question_id": "gpqa_gpqa_diamond_0020",
  "method": "single_sentence_oracle",
  "prefix_length": 43,
  "keep_m": 15,
  "kl_to_baseline": 0.22972829558342792,
  "token_kl": 0.0301068958630976,
  "distribution": {
    "A": 0.48881715347396426,
    "B": 0.3359587888717769,
    "C": 0.06615420791631373,
    "D": 0.10906984973794524
  }
}