{
  "question_id": "gpqa_gpqa_diamond_0031",
  "method": "single_sentence_oracle",
  "prefix_length": 129,
  "keep_m": 20,
  "kl_to_baseline": 0.0009508476546102825,
  "token_kl": 0.3180147989587858,
  "distribution": {
    "A": 0.9367334722979145,
    "B": 0.009183413601881988,
    "C": 0.022029858751507852,
    "D": 0.032053255348695575
  }
}