{
  "question_id": "gpqa_gpqa_diamond_0031",
  "method": "single_sentence_oracle",
  "prefix_length": 157,
  "keep_m": 3,
  "kl_to_baseline": 0.041002727495922264,
  "token_kl": 0.8946293970750162,
  "distribution": {
    "A": 0.9660568306574675,
    "B": 0.0027134552825191687,
    "C": 0.015614857030006693,
    "D": 0.015614857030006693
  }
}