{
  "question_id": "gpqa_gpqa_diamond_0011",
  "method": "single_sentence_oracle",
  "prefix_length": 112,
  "keep_m": 10,
  "kl_to_baseline": 0.00030827783168201485,
  "token_kl": 0.4660340328684669,
  "distribution": {
    "A": 0.00012336783741948875,
    "B": 0.9996599498836511,
    "C": 0.0001584074388484246,
    "D": 5.827484008095786e-05
  }
}