{
  "question_id": "gpqa_gpqa_diamond_0002",
  "method": "single_sentence_oracle",
  "prefix_length": 102,
  "keep_m": 10,
  "kl_to_baseline": 0.012250534729142554,
  "token_kl": 0.6168599330349476,
  "distribution": {
    "A": 0.0045625916104773566,
    "B": 0.006638531621653586,
    "C": 0.003553349919074787,
    "D": 0.9852455268487942
  }
}