{
  "question_id": "gpqa_gpqa_diamond_0031",
  "method": "single_sentence_oracle",
  "prefix_length": 131,
  "keep_m": 10,
  "kl_to_baseline": 0.031152074591364664,
  "token_kl": 0.7700399576403135,
  "distribution": {
    "A": 0.8263176513132986,
    "B": 0.015134538415107457,
    "C": 0.09868956394517489,
    "D": 0.05985824632641905
  }
}