{
  "question_id": "gpqa_gpqa_diamond_0023",
  "method": "single_sentence_oracle",
  "prefix_length": 175,
  "keep_m": 20,
  "kl_to_baseline": 0.007666086157016723,
  "token_kl": 0.29962256020556144,
  "distribution": {
    "A": 0.459575280041623,
    "B": 0.24599292090709413,
    "C": 0.24599292090709413,
    "D": 0.04843887814418871
  }
}