{
  "question_id": "gpqa_gpqa_diamond_0017",
  "method": "single_sentence_oracle",
  "prefix_length": 125,
  "keep_m": 15,
  "kl_to_baseline": 0.0001600896704425589,
  "token_kl": 0.17935358501501916,
  "distribution": {
    "A": 0.9974044156221267,
    "B": 0.0011678403418812924,
    "C": 0.0008026441463145958,
    "D": 0.0006250998896774865
  }
}