{
  "question_id": "gpqa_gpqa_diamond_0031",
  "method": "single_sentence_oracle",
  "prefix_length": 146,
  "keep_m": 10,
  "kl_to_baseline": 0.05759388404136849,
  "token_kl": 0.3125647888270649,
  "distribution": {
    "A": 0.8029194838454093,
    "B": 0.035277819015295336,
    "C": 0.09589505437694429,
    "D": 0.0659076427623511
  }
}