{
  "question_id": "gpqa_gpqa_diamond_0001",
  "method": "single_sentence_oracle",
  "prefix_length": 315,
  "keep_m": 20,
  "kl_to_baseline": 0.02681591792946386,
  "token_kl": 0.20484686134839408,
  "distribution": {
    "A": 0.32412054694336506,
    "B": 0.13511352971132512,
    "C": 0.173489226969262,
    "D": 0.36727669637604776
  }
}