{
  "question_id": "gpqa_gpqa_diamond_0001",
  "method": "single_sentence_oracle",
  "prefix_length": 313,
  "keep_m": 20,
  "kl_to_baseline": 0.017518499109324695,
  "token_kl": 0.3207815573721126,
  "distribution": {
    "A": 0.4258861893623922,
    "B": 0.138265002190346,
    "C": 0.1775357770507905,
    "D": 0.25831303139647127
  }
}