{
  "question_id": "gpqa_gpqa_diamond_0011",
  "method": "single_sentence_oracle",
  "prefix_length": 119,
  "keep_m": 15,
  "kl_to_baseline": 0.0011222235957043941,
  "token_kl": 0.23173506048753253,
  "distribution": {
    "A": 0.0005524245135686439,
    "B": 0.9988069531777902,
    "C": 0.000379675445517047,
    "D": 0.0002609468631240523
  }
}