{
  "question_id": "gpqa_gpqa_diamond_0001",
  "method": "single_sentence_oracle",
  "prefix_length": 303,
  "keep_m": 5,
  "kl_to_baseline": 0.01999888466274797,
  "token_kl": 0.15501375746207635,
  "distribution": {
    "A": 0.26675121946780656,
    "B": 0.16179279312295816,
    "C": 0.1833352532446411,
    "D": 0.38812073416459414
  }
}