{
  "question_id": "gpqa_gpqa_diamond_0031",
  "method": "single_sentence_oracle",
  "prefix_length": 158,
  "keep_m": 10,
  "kl_to_baseline": 0.007496145664652072,
  "token_kl": 0.664537934491628,
  "distribution": {
    "A": 0.931915727093251,
    "B": 0.007115264539432912,
    "C": 0.036134294891628456,
    "D": 0.024834713475687636
  }
}