{
  "question_id": "gpqa_gpqa_diamond_0009",
  "method": "single_sentence_oracle",
  "prefix_length": 108,
  "keep_m": 15,
  "kl_to_baseline": 0.04775407908635729,
  "token_kl": 0.17223529519168554,
  "distribution": {
    "A": 0.08861512168855032,
    "B": 0.02876911790144827,
    "C": 0.04185881955274604,
    "D": 0.8407569408572553
  }
}