{
  "question_id": "gpqa_gpqa_diamond_0020",
  "method": "single_sentence_oracle",
  "prefix_length": 58,
  "keep_m": 3,
  "kl_to_baseline": 0.19155608632489024,
  "token_kl": 0.5953006387766514,
  "distribution": {
    "A": 0.47729382226923256,
    "B": 0.37171682469447087,
    "C": 0.05700462132672267,
    "D": 0.09398473170957382
  }
}