{
  "question_id": "gpqa_gpqa_diamond_0023",
  "method": "single_sentence_oracle",
  "prefix_length": 349,
  "keep_m": 5,
  "kl_to_baseline": 0.06426729398461985,
  "token_kl": 0.1324104044788238,
  "distribution": {
    "A": 0.25557195843078495,
    "B": 0.37185500533395194,
    "C": 0.2896009693431032,
    "D": 0.08297206689215993
  }
}