{
  "question_id": "gpqa_gpqa_diamond_0023",
  "method": "single_sentence_oracle",
  "prefix_length": 318,
  "keep_m": 3,
  "kl_to_baseline": 0.10931267790466415,
  "token_kl": 0.32991630777116887,
  "distribution": {
    "A": 0.3466892061295826,
    "B": 0.27000182521612265,
    "C": 0.305952150568869,
    "D": 0.07735681808542576
  }
}