{
  "question_id": "gpqa_gpqa_diamond_0001",
  "method": "single_sentence_oracle",
  "prefix_length": 252,
  "keep_m": 20,
  "kl_to_baseline": 0.003378967510140907,
  "token_kl": 0.7283194691654784,
  "distribution": {
    "A": 0.40287368192102707,
    "B": 0.1154252423991007,
    "C": 0.1679427367209163,
    "D": 0.31375833895895594
  }
}