{
  "question_id": "gpqa_gpqa_diamond_0009",
  "method": "single_sentence_oracle",
  "prefix_length": 54,
  "keep_m": 10,
  "kl_to_baseline": 0.010329582522470716,
  "token_kl": 0.596452682323181,
  "distribution": {
    "A": 0.5429429797450182,
    "B": 0.04456747374522532,
    "C": 0.03933065753618162,
    "D": 0.37315888897357496
  }
}