{
  "question_id": "gpqa_gpqa_diamond_0009",
  "method": "single_sentence_oracle",
  "prefix_length": 85,
  "keep_m": 3,
  "kl_to_baseline": 0.013031612980610185,
  "token_kl": 0.10518469796611592,
  "distribution": {
    "A": 0.005186253633660395,
    "B": 0.0024498127505727225,
    "C": 0.0040390583911016345,
    "D": 0.9883248752246652
  }
}