{
  "question_id": "gpqa_gpqa_diamond_0002",
  "method": "single_sentence_oracle",
  "prefix_length": 64,
  "keep_m": 20,
  "kl_to_baseline": 0.00044356724123248935,
  "token_kl": 0.4574521723383695,
  "distribution": {
    "A": 0.000803456724956647,
    "B": 0.0005522071930352104,
    "C": 0.00023019420576965774,
    "D": 0.9984141418762386
  }
}