{
  "question_id": "gpqa_gpqa_diamond_0023",
  "method": "single_sentence_oracle",
  "prefix_length": 160,
  "keep_m": 3,
  "kl_to_baseline": 0.034272843501154004,
  "token_kl": 0.38012702259545705,
  "distribution": {
    "A": 0.42758728815268504,
    "B": 0.22887098267316733,
    "C": 0.25934479996798393,
    "D": 0.08419692920616365
  }
}