{
  "question_id": "gpqa_gpqa_diamond_0011",
  "method": "single_sentence_oracle",
  "prefix_length": 69,
  "keep_m": 20,
  "kl_to_baseline": 0.010293227420387458,
  "token_kl": 0.8626432152581153,
  "distribution": {
    "A": 0.13198692185680616,
    "B": 0.3166202037131256,
    "C": 0.4606796780972636,
    "D": 0.09071319633280471
  }
}