{
  "question_id": "gpqa_gpqa_diamond_0011",
  "method": "single_sentence_oracle",
  "prefix_length": 128,
  "keep_m": 10,
  "kl_to_baseline": 0.0008762916177378037,
  "token_kl": 0.055114160646908494,
  "distribution": {
    "A": 0.00026100986811914036,
    "B": 0.9990480848112369,
    "C": 0.00048763063096350146,
    "D": 0.00020327468968055063
  }
}