{
  "question_id": "gpqa_gpqa_diamond_0009",
  "method": "single_sentence_oracle",
  "prefix_length": 117,
  "keep_m": 3,
  "kl_to_baseline": 0.0006889783530464858,
  "token_kl": 0.031589413537307244,
  "distribution": {
    "A": 0.0035841252281615813,
    "B": 0.001318525986024551,
    "C": 0.001318525986024551,
    "D": 0.9937788227997892
  }
}