{
  "question_id": "gpqa_gpqa_diamond_0023",
  "method": "single_sentence_oracle",
  "prefix_length": 265,
  "keep_m": 20,
  "kl_to_baseline": 0.001384535747298043,
  "token_kl": 0.4093850775272848,
  "distribution": {
    "A": 0.4697499866180967,
    "B": 0.1958209398374093,
    "C": 0.2849177862658978,
    "D": 0.04951128727859614
  }
}