{
  "question_id": "gpqa_gpqa_diamond_0026",
  "method": "single_sentence_oracle",
  "prefix_length": 51,
  "keep_m": 10,
  "kl_to_baseline": 0.001301755004380838,
  "token_kl": 0.15072279405424252,
  "distribution": {
    "A": 0.00037883694387964444,
    "B": 0.996601062806198,
    "C": 0.0013222708590966837,
    "D": 0.0016978293908256775
  }
}