{
  "question_id": "gpqa_gpqa_diamond_0009",
  "method": "single_sentence_oracle",
  "prefix_length": 95,
  "keep_m": 3,
  "kl_to_baseline": 0.009188390889310352,
  "token_kl": 0.5203182817286867,
  "distribution": {
    "A": 0.01791614646131288,
    "B": 0.002424686755850415,
    "C": 0.0014706468576224372,
    "D": 0.9781885199252144
  }
}