{
  "question_id": "gpqa_gpqa_diamond_0020",
  "method": "single_sentence_oracle",
  "prefix_length": 75,
  "keep_m": 3,
  "kl_to_baseline": 0.0016402528666463688,
  "token_kl": 0.5045056805980727,
  "distribution": {
    "A": 0.004599437188766623,
    "B": 0.9932019976418518,
    "C": 0.0007053465375886364,
    "D": 0.0014932186317928356
  }
}