{
  "question_id": "gpqa_gpqa_diamond_0011",
  "method": "single_sentence_oracle",
  "prefix_length": 75,
  "keep_m": 5,
  "kl_to_baseline": 0.0075415435611817065,
  "token_kl": 0.37071692089515074,
  "distribution": {
    "A": 0.07424031130019701,
    "B": 0.6216065160032057,
    "C": 0.2591241477064174,
    "D": 0.045029024990179765
  }
}