{
  "question_id": "gpqa_gpqa_diamond_0002",
  "method": "single_sentence_oracle",
  "prefix_length": 70,
  "keep_m": 3,
  "kl_to_baseline": 0.0053378835680375925,
  "token_kl": 0.37470815210278524,
  "distribution": {
    "A": 0.00590075981976801,
    "B": 0.001316637483582256,
    "C": 0.00042744960766146807,
    "D": 0.9923551530889883
  }
}