{
  "question_id": "gpqa_gpqa_diamond_0020",
  "method": "single_sentence_oracle",
  "prefix_length": 46,
  "keep_m": 5,
  "kl_to_baseline": 0.08281101347544698,
  "token_kl": 0.059826312243824606,
  "distribution": {
    "A": 0.5153002598918516,
    "B": 0.40131624592067244,
    "C": 0.029071249615609862,
    "D": 0.05431224457186617
  }
}