{
  "question_id": "gpqa_gpqa_diamond_0001",
  "method": "single_sentence_oracle",
  "prefix_length": 276,
  "keep_m": 10,
  "kl_to_baseline": 0.006023191473647962,
  "token_kl": 0.2765184165529442,
  "distribution": {
    "A": 0.3967757573269966,
    "B": 0.12881422860418726,
    "C": 0.16540074355880152,
    "D": 0.30900927051001464
  }
}