{
  "question_id": "gpqa_gpqa_diamond_0023",
  "method": "single_sentence_oracle",
  "prefix_length": 293,
  "keep_m": 20,
  "kl_to_baseline": 0.01775413868888954,
  "token_kl": 0.19761489462065632,
  "distribution": {
    "A": 0.5986209767495454,
    "B": 0.22022035040012572,
    "C": 0.15135508580159757,
    "D": 0.02980358704873133
  }
}