{
  "question_id": "gpqa_gpqa_diamond_0009",
  "method": "single_sentence_oracle",
  "prefix_length": 98,
  "keep_m": 5,
  "kl_to_baseline": 0.030993965309532495,
  "token_kl": 0.6406918610717096,
  "distribution": {
    "A": 0.10348941707375228,
    "B": 0.020378274481898082,
    "C": 0.009626015267824384,
    "D": 0.8665062931765252
  }
}