{
  "question_id": "gpqa_gpqa_diamond_0011",
  "method": "single_sentence_oracle",
  "prefix_length": 80,
  "keep_m": 10,
  "kl_to_baseline": 0.011522801806216662,
  "token_kl": 0.18485593412537252,
  "distribution": {
    "A": 0.10901889531394271,
    "B": 0.710892454667931,
    "C": 0.15862155671294711,
    "D": 0.02146709330517912
  }
}