{
  "question_id": "gpqa_gpqa_diamond_0002",
  "method": "single_sentence_oracle",
  "prefix_length": 88,
  "keep_m": 3,
  "kl_to_baseline": 7.95741259247993e-05,
  "token_kl": 0.7983944283816364,
  "distribution": {
    "A": 0.0027985234262344386,
    "B": 0.000429167467244938,
    "C": 0.000429167467244938,
    "D": 0.9963431416392757
  }
}