{
  "question_id": "gpqa_gpqa_diamond_0007",
  "method": "single_sentence_oracle",
  "prefix_length": 204,
  "keep_m": 15,
  "kl_to_baseline": 9.038728243379582e-05,
  "token_kl": 0.4479971208844113,
  "distribution": {
    "A": 0.9989330325552334,
    "B": 0.00033510457879639343,
    "C": 0.000552494310420375,
    "D": 0.00017936855554981208
  }
}