{
  "question_id": "gpqa_gpqa_diamond_0031",
  "method": "single_sentence_oracle",
  "prefix_length": 167,
  "keep_m": 20,
  "kl_to_baseline": 0.0025310259971531766,
  "token_kl": 0.06049629181548601,
  "distribution": {
    "A": 0.9558953714841484,
    "B": 0.0044266732059311305,
    "C": 0.01983897765496021,
    "D": 0.01983897765496021
  }
}