{
  "question_id": "gpqa_gpqa_diamond_0031",
  "method": "single_sentence_oracle",
  "prefix_length": 127,
  "keep_m": 10,
  "kl_to_baseline": 0.03568544052082226,
  "token_kl": 0.6778986951226634,
  "distribution": {
    "A": 0.847291788174164,
    "B": 0.028992727628069304,
    "C": 0.06954993801169276,
    "D": 0.054165546186073985
  }
}