{
  "question_id": "gpqa_gpqa_diamond_0031",
  "method": "single_sentence_oracle",
  "prefix_length": 115,
  "keep_m": 20,
  "kl_to_baseline": 0.00019319221836383983,
  "token_kl": 0.00024371091795961144,
  "distribution": {
    "A": 0.9867488033209446,
    "B": 0.0021585043235527075,
    "C": 0.0035587719911395403,
    "D": 0.007533920364363129
  }
}