{
  "question_id": "gpqa_gpqa_diamond_0001",
  "method": "single_sentence_oracle",
  "prefix_length": 404,
  "keep_m": 3,
  "kl_to_baseline": 0.2543181237248053,
  "token_kl": 0.5182327207304236,
  "distribution": {
    "A": 0.19149717780466396,
    "B": 0.589852833594178,
    "C": 0.10250106516815793,
    "D": 0.11614892343300011
  }
}