{
  "question_id": "gpqa_gpqa_diamond_0023",
  "method": "single_sentence_oracle",
  "prefix_length": 347,
  "keep_m": 20,
  "kl_to_baseline": 0.05646266879828308,
  "token_kl": 0.025342376922449363,
  "distribution": {
    "A": 0.40525308591614534,
    "B": 0.2785260845456746,
    "C": 0.24579840690057297,
    "D": 0.07042242263760702
  }
}