{
  "question_id": "gpqa_gpqa_diamond_0009",
  "method": "single_sentence_oracle",
  "prefix_length": 124,
  "keep_m": 20,
  "kl_to_baseline": 0.0011256040883764898,
  "token_kl": 0.0287577291130274,
  "distribution": {
    "A": 0.0011676603408074767,
    "B": 0.0005515636899596262,
    "C": 0.0010304566340334715,
    "D": 0.9972503193351995
  }
}