{
  "question_id": "gpqa_gpqa_diamond_0031",
  "method": "single_sentence_oracle",
  "prefix_length": 247,
  "keep_m": 5,
  "kl_to_baseline": 0.0004527296689579939,
  "token_kl": 0.007647684217810861,
  "distribution": {
    "A": 0.9378518440326755,
    "B": 0.006319195029371551,
    "C": 0.03636446529618675,
    "D": 0.019464495641766163
  }
}