{
  "question_id": "gpqa_gpqa_diamond_0009",
  "method": "single_sentence_oracle",
  "prefix_length": 42,
  "keep_m": 15,
  "kl_to_baseline": 0.0020271520367225234,
  "token_kl": 0.22457764592001736,
  "distribution": {
    "A": 0.7923371037174674,
    "B": 0.06503899394493828,
    "C": 0.021115064824504627,
    "D": 0.12150883751308973
  }
}