{
  "question_id": "gpqa_gpqa_diamond_0023",
  "method": "single_sentence_oracle",
  "prefix_length": 280,
  "keep_m": 20,
  "kl_to_baseline": 0.004462221273251098,
  "token_kl": 0.749585960564936,
  "distribution": {
    "A": 0.545099048828039,
    "B": 0.22723109041929015,
    "C": 0.1769677511567124,
    "D": 0.050702109595958555
  }
}