{
  "question_id": "gpqa_gpqa_diamond_0001",
  "method": "single_sentence_oracle",
  "prefix_length": 396,
  "keep_m": 20,
  "kl_to_baseline": 0.04318745907111306,
  "token_kl": 0.10874892409649328,
  "distribution": {
    "A": 0.418037156266984,
    "B": 0.1197696505362838,
    "C": 0.09327669762584632,
    "D": 0.3689164955708859
  }
}