{
  "question_id": "gpqa_gpqa_diamond_0023",
  "method": "single_sentence_oracle",
  "prefix_length": 185,
  "keep_m": 5,
  "kl_to_baseline": 0.07930245498043997,
  "token_kl": 0.3943459844091636,
  "distribution": {
    "A": 0.40397671198254576,
    "B": 0.21623313905568228,
    "C": 0.2776488464776708,
    "D": 0.10214130248410112
  }
}