{
  "question_id": "gpqa_gpqa_diamond_0002",
  "method": "single_sentence_oracle",
  "prefix_length": 40,
  "keep_m": 3,
  "kl_to_baseline": 0.17520556076299657,
  "token_kl": 0.6805732520453498,
  "distribution": {
    "A": 0.43241137285022485,
    "B": 0.2042566817339169,
    "C": 0.15907526368194122,
    "D": 0.2042566817339169
  }
}