{
  "question_id": "gpqa_gpqa_diamond_0031",
  "method": "single_sentence_oracle",
  "prefix_length": 148,
  "keep_m": 15,
  "kl_to_baseline": 0.1298939207200523,
  "token_kl": 0.3759743125487926,
  "distribution": {
    "A": 0.6737715682347122,
    "B": 0.02305519454979379,
    "C": 0.24786670061238883,
    "D": 0.05530653660310522
  }
}