{
  "question_id": "gpqa_gpqa_diamond_0031",
  "method": "single_sentence_oracle",
  "prefix_length": 203,
  "keep_m": 5,
  "kl_to_baseline": 0.04716435252501807,
  "token_kl": 0.1333809222130409,
  "distribution": {
    "A": 0.8904393973443265,
    "B": 0.005999733018188716,
    "C": 0.07309171125991724,
    "D": 0.030469158377567477
  }
}