{
  "question_id": "gpqa_gpqa_diamond_0023",
  "method": "single_sentence_oracle",
  "prefix_length": 373,
  "keep_m": 3,
  "kl_to_baseline": 0.00131018272755733,
  "token_kl": 0.9866916303512795,
  "distribution": {
    "A": 0.000907859494187748,
    "B": 0.0027964041104473025,
    "C": 0.9955886947103727,
    "D": 0.0007070416849922277
  }
}