{
  "question_id": "gpqa_gpqa_diamond_0023",
  "method": "single_sentence_oracle",
  "prefix_length": 370,
  "keep_m": 5,
  "kl_to_baseline": 0.01106446671804895,
  "token_kl": 0.746914783100287,
  "distribution": {
    "A": 0.004558269752256301,
    "B": 0.009649857141251642,
    "C": 0.9843120195845371,
    "D": 0.0014798535219549419
  }
}