{
  "question_id": "gpqa_gpqa_diamond_0009",
  "method": "single_sentence_oracle",
  "prefix_length": 108,
  "keep_m": 3,
  "kl_to_baseline": 0.06192053298287377,
  "token_kl": 0.3231891017307618,
  "distribution": {
    "A": 0.007541770671216592,
    "B": 0.002774462379970333,
    "C": 0.0019068582481624945,
    "D": 0.9877769087006505
  }
}