{
  "question_id": "gpqa_gpqa_diamond_0031",
  "method": "single_sentence_oracle",
  "prefix_length": 81,
  "keep_m": 3,
  "kl_to_baseline": 0.0418003516523405,
  "token_kl": 0.5404790813440099,
  "distribution": {
    "A": 0.9214619870164434,
    "B": 0.004835389343464772,
    "C": 0.04587688581883361,
    "D": 0.027825737821258308
  }
}