{
  "question_id": "gpqa_gpqa_diamond_0017",
  "method": "single_sentence_oracle",
  "prefix_length": 119,
  "keep_m": 10,
  "kl_to_baseline": 0.00023182917694845626,
  "token_kl": 0.06382234152494604,
  "distribution": {
    "A": 0.9986258107807918,
    "B": 0.00026089948448464526,
    "C": 0.0006258653275389677,
    "D": 0.00048742440718458924
  }
}