{
  "question_id": "gpqa_gpqa_diamond_0031",
  "method": "single_sentence_oracle",
  "prefix_length": 212,
  "keep_m": 5,
  "kl_to_baseline": 0.0007617368364027377,
  "token_kl": 0.5419198431204598,
  "distribution": {
    "A": 0.9778019557010262,
    "B": 0.0024237282249279252,
    "C": 0.012308707558424661,
    "D": 0.0074656085156211876
  }
}