{
  "question_id": "gpqa_gpqa_diamond_0011",
  "method": "single_sentence_oracle",
  "prefix_length": 47,
  "keep_m": 3,
  "kl_to_baseline": 0.015301791889758137,
  "token_kl": 0.049878319954232836,
  "distribution": {
    "A": 0.18313685480214625,
    "B": 0.2664625514373029,
    "C": 0.43932247639970834,
    "D": 0.11107811736084253
  }
}