{
  "question_id": "gpqa_gpqa_diamond_0023",
  "method": "single_sentence_oracle",
  "prefix_length": 365,
  "keep_m": 15,
  "kl_to_baseline": 0.00020435455136272936,
  "token_kl": 0.2904043927949729,
  "distribution": {
    "A": 0.00029565922268936503,
    "B": 0.000803684709226003,
    "C": 0.9986974526541547,
    "D": 0.00020320341393007313
  }
}