{
  "question_id": "gpqa_gpqa_diamond_0020",
  "method": "single_sentence_oracle",
  "prefix_length": 72,
  "keep_m": 3,
  "kl_to_baseline": 0.0006481189784512222,
  "token_kl": 0.12702995014841256,
  "distribution": {
    "A": 0.004064756316797276,
    "B": 0.9946130625194313,
    "C": 0.0002944498195875849,
    "D": 0.0010277313441838132
  }
}