{
  "question_id": "gpqa_diels_alder_nm",
  "method": "single_sentence_oracle",
  "prefix_length": 64,
  "keep_m": 10,
  "kl_to_baseline": 0.00018993866840956702,
  "distribution": {
    "A": 0.977022627413796,
    "B": 0.02297737258620403
  }
}