{
  "question_id": "gpqa_gpqa_diamond_0031",
  "method": "single_sentence_oracle",
  "prefix_length": 149,
  "keep_m": 20,
  "kl_to_baseline": 0.04802220233820446,
  "token_kl": 0.15691966116500067,
  "distribution": {
    "A": 0.85423644671047,
    "B": 0.0073905916062812285,
    "C": 0.11560833146659907,
    "D": 0.02276463021664976
  }
}