{
  "question_id": "gpqa_gpqa_diamond_0001",
  "method": "single_sentence_oracle",
  "prefix_length": 368,
  "keep_m": 20,
  "kl_to_baseline": 0.0015002484292528026,
  "token_kl": 0.3844961087387636,
  "distribution": {
    "A": 0.45092007275187534,
    "B": 0.1291907638439582,
    "C": 0.1463923142003029,
    "D": 0.27349684920386363
  }
}