{
  "question_id": "gpqa_gpqa_diamond_0009",
  "method": "single_sentence_oracle",
  "prefix_length": 38,
  "keep_m": 15,
  "kl_to_baseline": 0.005572733319386052,
  "token_kl": 0.05702869168768906,
  "distribution": {
    "A": 0.8502825914038924,
    "B": 0.08961911911527784,
    "C": 0.012128631760572663,
    "D": 0.047969657720257165
  }
}