{
  "question_id": "gpqa_gpqa_diamond_0002",
  "method": "single_sentence_oracle",
  "prefix_length": 106,
  "keep_m": 10,
  "kl_to_baseline": 0.002573195053305987,
  "token_kl": 0.33891974020419063,
  "distribution": {
    "A": 0.0011643820282735548,
    "B": 0.002464996773198615,
    "C": 0.0019197414172355675,
    "D": 0.9944508797812922
  }
}