{
  "question_id": "gpqa_gpqa_diamond_0001",
  "method": "single_sentence_oracle",
  "prefix_length": 375,
  "keep_m": 5,
  "kl_to_baseline": 0.0049988042196447875,
  "token_kl": 0.4907909809309535,
  "distribution": {
    "A": 0.523081889237143,
    "B": 0.08021720578114462,
    "C": 0.11671534571622695,
    "D": 0.2799855592654854
  }
}