{
  "question_id": "gpqa_gpqa_diamond_0017",
  "method": "single_sentence_oracle",
  "prefix_length": 129,
  "keep_m": 3,
  "kl_to_baseline": 0.00311731526139517,
  "token_kl": 0.23803790233985184,
  "distribution": {
    "A": 0.9944865858613267,
    "B": 0.0008002960477453095,
    "C": 0.0019198104167957356,
    "D": 0.0027933076741323863
  }
}