{
  "question_id": "gpqa_gpqa_diamond_0009",
  "method": "single_sentence_oracle",
  "prefix_length": 94,
  "keep_m": 5,
  "kl_to_baseline": 0.012389636270180953,
  "token_kl": 1.0178288202333328,
  "distribution": {
    "A": 0.0075500132284208755,
    "B": 0.0019089422929944233,
    "C": 0.0016846356607803136,
    "D": 0.9888564088178043
  }
}