{
  "question_id": "gpqa_gpqa_diamond_0004",
  "method": "single_sentence_oracle",
  "prefix_length": 53,
  "keep_m": 5,
  "kl_to_baseline": 0.006191009064192976,
  "token_kl": 1.1184155374114706,
  "distribution": {
    "A": 0.01222413764837713,
    "B": 0.3152647027286822,
    "C": 0.6674153809140101,
    "D": 0.005095778708930581
  }
}