{
  "question_id": "gpqa_gpqa_diamond_0002",
  "method": "single_sentence_oracle",
  "prefix_length": 28,
  "keep_m": 3,
  "kl_to_baseline": 0.05155712603550762,
  "token_kl": 0.09042049348207226,
  "distribution": {
    "A": 0.47406983492991867,
    "B": 0.19762169707837157,
    "C": 0.1744005355551741,
    "D": 0.15390793243653575
  }
}