{
  "question_id": "gpqa_gpqa_diamond_0001",
  "method": "single_sentence_oracle",
  "prefix_length": 394,
  "keep_m": 3,
  "kl_to_baseline": 0.009425160367745315,
  "token_kl": 0.5105562634253957,
  "distribution": {
    "A": 0.45505423392341127,
    "B": 0.1015363240915518,
    "C": 0.16740509727844333,
    "D": 0.27600434470659363
  }
}