{
  "question_id": "gpqa_gpqa_diamond_0017",
  "method": "single_sentence_oracle",
  "prefix_length": 99,
  "keep_m": 15,
  "kl_to_baseline": 0.1642481726127859,
  "token_kl": 0.18127884149697318,
  "distribution": {
    "A": 0.7344131891179672,
    "B": 0.04143275940027808,
    "C": 0.16386974227040857,
    "D": 0.06028430921134619
  }
}