{
  "question_id": "gpqa_gpqa_diamond_0031",
  "method": "single_sentence_oracle",
  "prefix_length": 126,
  "keep_m": 15,
  "kl_to_baseline": 0.0023349498279799487,
  "token_kl": 0.17550829996591058,
  "distribution": {
    "A": 0.9035763048651244,
    "B": 0.011374345527116386,
    "C": 0.027285642975448117,
    "D": 0.05776370663231117
  }
}