{
  "question_id": "gpqa_gpqa_diamond_0004",
  "method": "single_sentence_oracle",
  "prefix_length": 32,
  "keep_m": 5,
  "kl_to_baseline": 0.016705060529150103,
  "token_kl": 0.10873921822590518,
  "distribution": {
    "A": 0.00788875771081596,
    "B": 0.1795472979164213,
    "C": 0.8046751866619467,
    "D": 0.00788875771081596
  }
}