{
  "question_id": "gpqa_gpqa_diamond_0009",
  "method": "single_sentence_oracle",
  "prefix_length": 115,
  "keep_m": 20,
  "kl_to_baseline": 0.07975321443583795,
  "token_kl": 0.0603241177569492,
  "distribution": {
    "A": 0.08237784023723632,
    "B": 0.011148625682886997,
    "C": 0.020828379828850815,
    "D": 0.8856451542510259
  }
}