{
  "question_id": "gpqa_gpqa_diamond_0020",
  "method": "single_sentence_oracle",
  "prefix_length": 51,
  "keep_m": 3,
  "kl_to_baseline": 0.14285574782013644,
  "token_kl": 0.1104326911208125,
  "distribution": {
    "A": 0.2580064985430215,
    "B": 0.5461997617017545,
    "C": 0.07392009945367731,
    "D": 0.12187364030154668
  }
}