{
  "question_id": "gpqa_gpqa_diamond_0002",
  "method": "single_sentence_oracle",
  "prefix_length": 104,
  "keep_m": 5,
  "kl_to_baseline": 0.004219083484819797,
  "token_kl": 0.7129591204025162,
  "distribution": {
    "A": 0.0019178027680199854,
    "B": 0.002462507498331766,
    "C": 0.002173155239869124,
    "D": 0.9934465344937792
  }
}