{
  "question_id": "gpqa_gpqa_diamond_0023",
  "method": "single_sentence_oracle",
  "prefix_length": 242,
  "keep_m": 15,
  "kl_to_baseline": 0.01832764240717721,
  "token_kl": 0.13341944170445313,
  "distribution": {
    "A": 0.3247376833446564,
    "B": 0.3247376833446564,
    "C": 0.2865799997041565,
    "D": 0.0639446336065306
  }
}