{
  "question_id": "gpqa_gpqa_diamond_0023",
  "method": "single_sentence_oracle",
  "prefix_length": 319,
  "keep_m": 3,
  "kl_to_baseline": 0.05402006492714663,
  "token_kl": 0.620164622757795,
  "distribution": {
    "A": 0.4275873027413034,
    "B": 0.2593447933582735,
    "C": 0.22887097684011834,
    "D": 0.08419692706030485
  }
}