{
  "question_id": "gpqa_gpqa_diamond_0031",
  "method": "single_sentence_oracle",
  "prefix_length": 118,
  "keep_m": 5,
  "kl_to_baseline": 0.0001494468107673631,
  "token_kl": 0.2216259577880459,
  "distribution": {
    "A": 0.9643592910909243,
    "B": 0.004465870388712888,
    "C": 0.015587419260181404,
    "D": 0.015587419260181404
  }
}