{
  "question_id": "gpqa_gpqa_diamond_0009",
  "method": "single_sentence_oracle",
  "prefix_length": 111,
  "keep_m": 15,
  "kl_to_baseline": 0.001567950517378445,
  "token_kl": 0.46528851434107876,
  "distribution": {
    "A": 0.006669568485562102,
    "B": 0.001313315903381133,
    "C": 0.0021652918650532284,
    "D": 0.9898518237460036
  }
}