{
  "question_id": "gpqa_gpqa_diamond_0031",
  "method": "single_sentence_oracle",
  "prefix_length": 120,
  "keep_m": 15,
  "kl_to_baseline": 0.00045537345126262863,
  "token_kl": 0.4284146878826554,
  "distribution": {
    "A": 0.9514657087558605,
    "B": 0.0064109250155105655,
    "C": 0.019747039249925734,
    "D": 0.02237632697870325
  }
}