{
  "question_id": "gpqa_gpqa_diamond_0009",
  "method": "single_sentence_oracle",
  "prefix_length": 95,
  "keep_m": 20,
  "kl_to_baseline": 0.010423490077095799,
  "token_kl": 0.4029403416233657,
  "distribution": {
    "A": 0.041032285574950755,
    "B": 0.011755949446197003,
    "C": 0.013321235929289948,
    "D": 0.9338905290495624
  }
}