{
  "question_id": "gpqa_gpqa_diamond_0031",
  "method": "single_sentence_oracle",
  "prefix_length": 101,
  "keep_m": 5,
  "kl_to_baseline": 0.018739255476833652,
  "token_kl": 0.1284179935645054,
  "distribution": {
    "A": 0.9578352497604156,
    "B": 0.0020952562810584584,
    "C": 0.02252612790586879,
    "D": 0.01754336605265724
  }
}