{
  "question_id": "gpqa_gpqa_diamond_0031",
  "method": "single_sentence_oracle",
  "prefix_length": 121,
  "keep_m": 15,
  "kl_to_baseline": 0.00021298443146631696,
  "token_kl": 0.2769862411213372,
  "distribution": {
    "A": 0.9461590205657691,
    "B": 0.006375167860818837,
    "C": 0.02225152755082305,
    "D": 0.025214284022589007
  }
}