{
  "question_id": "gpqa_gpqa_diamond_0009",
  "method": "single_sentence_oracle",
  "prefix_length": 45,
  "keep_m": 15,
  "kl_to_baseline": 0.005281119291746433,
  "token_kl": 0.4255069440571295,
  "distribution": {
    "A": 0.5170662691039131,
    "B": 0.02574321522500801,
    "C": 0.1018163913095638,
    "D": 0.35537412436151505
  }
}