{
  "question_id": "gpqa_gpqa_diamond_0023",
  "method": "single_sentence_oracle",
  "prefix_length": 163,
  "keep_m": 3,
  "kl_to_baseline": 0.039031235355468104,
  "token_kl": 0.5329210479355758,
  "distribution": {
    "A": 0.4703895934361933,
    "B": 0.19608755595556396,
    "C": 0.25178140574312385,
    "D": 0.08174144486511878
  }
}