{
  "question_id": "gpqa_gpqa_diamond_0031",
  "method": "single_sentence_oracle",
  "prefix_length": 115,
  "keep_m": 5,
  "kl_to_baseline": 9.68791762708444e-05,
  "token_kl": 0.00040261270057963516,
  "distribution": {
    "A": 0.986281461569708,
    "B": 0.002157481575536107,
    "C": 0.004030706231729834,
    "D": 0.00753035062302613
  }
}