{
  "question_id": "gpqa_gpqa_diamond_0004",
  "method": "single_sentence_oracle",
  "prefix_length": 53,
  "keep_m": 15,
  "kl_to_baseline": 0.043925059899182245,
  "token_kl": 0.4241451409969608,
  "distribution": {
    "A": 0.011216360645629777,
    "B": 0.1988147258424955,
    "C": 0.78632749435349,
    "D": 0.0036414191583848
  }
}