{
  "question_id": "gpqa_gpqa_diamond_0001",
  "method": "single_sentence_oracle",
  "prefix_length": 309,
  "keep_m": 5,
  "kl_to_baseline": 0.017362536053206826,
  "token_kl": 0.17770829280445438,
  "distribution": {
    "A": 0.38822592084818386,
    "B": 0.12603848807087076,
    "C": 0.18338493991576263,
    "D": 0.30235065116518284
  }
}