{
  "question_id": "gpqa_gpqa_diamond_0020",
  "method": "single_sentence_oracle",
  "prefix_length": 57,
  "keep_m": 15,
  "kl_to_baseline": 0.003253663204394447,
  "token_kl": 0.07481824361608182,
  "distribution": {
    "A": 0.5473230944413673,
    "B": 0.3761692948442505,
    "C": 0.02559863872054139,
    "D": 0.050908971993840764
  }
}