{
  "question_id": "gpqa_gpqa_diamond_0001",
  "method": "single_sentence_oracle",
  "prefix_length": 426,
  "keep_m": 3,
  "kl_to_baseline": 0.012819012793696266,
  "token_kl": 0.007766823846559297,
  "distribution": {
    "A": 0.8638175445000765,
    "B": 0.04300694634965275,
    "C": 0.037953496943190425,
    "D": 0.0552220122070802
  }
}