{
  "question_id": "gpqa_gpqa_diamond_0001",
  "method": "single_sentence_oracle",
  "prefix_length": 246,
  "keep_m": 10,
  "kl_to_baseline": 0.0008644718153972995,
  "token_kl": 0.8381309442853334,
  "distribution": {
    "A": 0.4109839536767612,
    "B": 0.15119254720903685,
    "C": 0.11774887416095825,
    "D": 0.3200746249532436
  }
}