{
  "question_id": "gpqa_gpqa_diamond_0001",
  "method": "single_sentence_oracle",
  "prefix_length": 218,
  "keep_m": 15,
  "kl_to_baseline": 0.0,
  "token_kl": 0.503525605899598,
  "distribution": {
    "A": 0.36815856345072534,
    "B": 0.15347132232200766,
    "C": 0.15347132232200766,
    "D": 0.3248987919052594
  }
}