{
  "question_id": "gpqa_gpqa_diamond_0031",
  "method": "single_sentence_oracle",
  "prefix_length": 166,
  "keep_m": 15,
  "kl_to_baseline": 0.0009589246433712637,
  "token_kl": 1.2630255175275094,
  "distribution": {
    "A": 0.9720289552295612,
    "B": 0.0027302287167893366,
    "C": 0.009529434573905742,
    "D": 0.01571138147974361
  }
}