{
  "question_id": "gpqa_gpqa_diamond_0004",
  "method": "single_sentence_oracle",
  "prefix_length": 119,
  "keep_m": 5,
  "kl_to_baseline": 2.4104552921657314e-06,
  "token_kl": 0.40894722098868774,
  "distribution": {
    "A": 0.00012335176457172034,
    "B": 0.00029590550049834585,
    "C": 0.9995293220692196,
    "D": 5.1420665710275214e-05
  }
}