{
  "question_id": "gpqa_gpqa_diamond_0011",
  "method": "single_sentence_oracle",
  "prefix_length": 121,
  "keep_m": 5,
  "kl_to_baseline": 0.0012167920641771748,
  "token_kl": 0.15576296686834318,
  "distribution": {
    "A": 0.0002956479375819784,
    "B": 0.9986601161879332,
    "C": 0.0007092228713614725,
    "D": 0.0003350130031234164
  }
}