{
  "question_id": "gpqa_gpqa_diamond_0023",
  "method": "single_sentence_oracle",
  "prefix_length": 194,
  "keep_m": 5,
  "kl_to_baseline": 0.04691082923411395,
  "token_kl": 0.7731780276218729,
  "distribution": {
    "A": 0.491018693826782,
    "B": 0.15941043046993886,
    "C": 0.2978178922979936,
    "D": 0.05175298340528555
  }
}