{
  "question_id": "gpqa_gpqa_diamond_0011",
  "method": "single_sentence_oracle",
  "prefix_length": 87,
  "keep_m": 10,
  "kl_to_baseline": 0.010189098639238548,
  "token_kl": 0.163594744976139,
  "distribution": {
    "A": 0.08049609764664474,
    "B": 0.7637257558506876,
    "C": 0.13271562839837772,
    "D": 0.02306251810428998
  }
}