{
  "question_id": "gpqa_gpqa_diamond_0002",
  "method": "single_sentence_oracle",
  "prefix_length": 72,
  "keep_m": 10,
  "kl_to_baseline": 0.03712904149992868,
  "token_kl": 0.39585451457540327,
  "distribution": {
    "A": 0.015510043017322703,
    "B": 0.015510043017322703,
    "C": 0.009407316623468063,
    "D": 0.9595725973418866
  }
}