{
  "question_id": "gpqa_gpqa_diamond_0023",
  "method": "single_sentence_oracle",
  "prefix_length": 175,
  "keep_m": 5,
  "kl_to_baseline": 0.021216608676540048,
  "token_kl": 0.4846113594542808,
  "distribution": {
    "A": 0.40148846005586336,
    "B": 0.2435150605446921,
    "C": 0.2759387141546924,
    "D": 0.0790577652447522
  }
}