{
  "question_id": "gpqa_diels_alder_nm",
  "method": "single_sentence_oracle",
  "prefix_length": 64,
  "keep_m": 3,
  "kl_to_baseline": 0.0008561659697576655,
  "distribution": {
    "A": 0.966914017797636,
    "B": 0.03308598220236406
  }
}