{
  "question_id": "gpqa_gpqa_diamond_0009",
  "method": "single_sentence_oracle",
  "prefix_length": 129,
  "keep_m": 20,
  "kl_to_baseline": 0.0006449896097431845,
  "token_kl": 0.45149994095098,
  "distribution": {
    "A": 0.006668404455563336,
    "B": 0.0014879221541043502,
    "C": 0.0021649139598420497,
    "D": 0.9896787594304903
  }
}