{
  "question_id": "gpqa_gpqa_diamond_0009",
  "method": "single_sentence_oracle",
  "prefix_length": 75,
  "keep_m": 5,
  "kl_to_baseline": 0.00483028667965011,
  "token_kl": 0.262885745090021,
  "distribution": {
    "A": 0.013936369011922446,
    "B": 0.004524476585737068,
    "C": 0.004524476585737068,
    "D": 0.9770146778166034
  }
}