{
  "question_id": "gpqa_gpqa_diamond_0020",
  "method": "single_sentence_oracle",
  "prefix_length": 53,
  "keep_m": 15,
  "kl_to_baseline": 0.013157209999871657,
  "token_kl": 0.15971651977737916,
  "distribution": {
    "A": 0.5367287836549589,
    "B": 0.3688879386245725,
    "C": 0.030280165934370894,
    "D": 0.06410311178609772
  }
}