{
  "question_id": "gpqa_gpqa_diamond_0011",
  "method": "single_sentence_oracle",
  "prefix_length": 58,
  "keep_m": 20,
  "kl_to_baseline": 0.015744141378016326,
  "token_kl": 0.1350963134069996,
  "distribution": {
    "A": 0.20980946873180192,
    "B": 0.16339977854412277,
    "C": 0.570321300286101,
    "D": 0.05646945243797436
  }
}