{
  "question_id": "gpqa_gpqa_diamond_0004",
  "method": "single_sentence_oracle",
  "prefix_length": 87,
  "keep_m": 15,
  "kl_to_baseline": 0.0025025595887914844,
  "token_kl": 0.580090278968739,
  "distribution": {
    "A": 0.00020280445864468273,
    "B": 0.002799629194625699,
    "C": 0.9967371602672124,
    "D": 0.0002604060795173706
  }
}