{
  "question_id": "gpqa_gpqa_diamond_0002",
  "method": "single_sentence_oracle",
  "prefix_length": 91,
  "keep_m": 5,
  "kl_to_baseline": 0.0083876214472812,
  "token_kl": 0.28870367785361667,
  "distribution": {
    "A": 0.006629940130061313,
    "B": 0.0035487512250119983,
    "C": 0.005850901629100419,
    "D": 0.9839704070158263
  }
}