{
  "question_id": "gpqa_gpqa_diamond_0001",
  "method": "single_sentence_oracle",
  "prefix_length": 60,
  "keep_m": 20,
  "kl_to_baseline": 0.017127764775066945,
  "token_kl": 0.3468029716385999,
  "distribution": {
    "A": 0.3441286985584952,
    "B": 0.20872460656273403,
    "C": 0.1434541843104309,
    "D": 0.30369251056833996
  }
}