{
  "question_id": "gpqa_gpqa_diamond_0023",
  "method": "single_sentence_oracle",
  "prefix_length": 33,
  "keep_m": 3,
  "kl_to_baseline": 0.05393475965752625,
  "token_kl": 0.23584643171622646,
  "distribution": {
    "A": 0.3059521477474848,
    "B": 0.27000182272625983,
    "C": 0.34668920293253547,
    "D": 0.07735682659371991
  }
}