{
  "question_id": "gpqa_gpqa_diamond_0031",
  "method": "single_sentence_oracle",
  "prefix_length": 165,
  "keep_m": 5,
  "kl_to_baseline": 0.004578166750031405,
  "token_kl": 0.0343719855188991,
  "distribution": {
    "A": 0.974660448649131,
    "B": 0.0018815368949837723,
    "C": 0.013902781669242881,
    "D": 0.00955523278664229
  }
}