{
  "question_id": "gpqa_gpqa_diamond_0023",
  "method": "single_sentence_oracle",
  "prefix_length": 261,
  "keep_m": 5,
  "kl_to_baseline": 0.007535633307655651,
  "token_kl": 0.26317288232367697,
  "distribution": {
    "A": 0.510287660394518,
    "B": 0.187724339342618,
    "C": 0.24104282304683605,
    "D": 0.06094517721602791
  }
}