{
  "question_id": "gpqa_gpqa_diamond_0031",
  "method": "single_sentence_oracle",
  "prefix_length": 81,
  "keep_m": 15,
  "kl_to_baseline": 0.04028871164344299,
  "token_kl": 0.37498799981970155,
  "distribution": {
    "A": 0.92354351997021,
    "B": 0.007990216505813625,
    "C": 0.02788859590966195,
    "D": 0.040577667614314424
  }
}