{
  "question_id": "gpqa_gpqa_diamond_0002",
  "method": "single_sentence_oracle",
  "prefix_length": 49,
  "keep_m": 5,
  "kl_to_baseline": 0.03806228618775516,
  "token_kl": 0.7849249714581935,
  "distribution": {
    "A": 0.3423962339378881,
    "B": 0.18327149729711636,
    "C": 0.20767381365346843,
    "D": 0.2666584551115272
  }
}