{
  "question_id": "gpqa_gpqa_diamond_0002",
  "method": "single_sentence_oracle",
  "prefix_length": 44,
  "keep_m": 20,
  "kl_to_baseline": 0.1794239022335021,
  "token_kl": 0.058670488520869306,
  "distribution": {
    "A": 0.45961514132177633,
    "B": 0.19159609608621875,
    "C": 0.1316819426982631,
    "D": 0.21710681989374178
  }
}