{
  "question_id": "gpqa_gpqa_diamond_0009",
  "method": "single_sentence_oracle",
  "prefix_length": 43,
  "keep_m": 3,
  "kl_to_baseline": 0.31786950780695605,
  "token_kl": 0.8411188490369934,
  "distribution": {
    "A": 0.32575796084897213,
    "B": 0.026739841768011953,
    "C": 0.03890624020070658,
    "D": 0.6085959571823094
  }
}