{
  "question_id": "gpqa_gpqa_diamond_0009",
  "method": "single_sentence_oracle",
  "prefix_length": 104,
  "keep_m": 20,
  "kl_to_baseline": 0.07484498255152158,
  "token_kl": 0.32309390464092147,
  "distribution": {
    "A": 0.11063952680084926,
    "B": 0.03591939536325598,
    "C": 0.03591939536325598,
    "D": 0.8175216824726387
  }
}