{
  "question_id": "gpqa_gpqa_diamond_0011",
  "method": "single_sentence_oracle",
  "prefix_length": 45,
  "keep_m": 3,
  "kl_to_baseline": 0.028056575046075796,
  "token_kl": 0.8504177125416591,
  "distribution": {
    "A": 0.148244898702484,
    "B": 0.2444145177635712,
    "C": 0.5174255073248947,
    "D": 0.08991507620905013
  }
}