{
  "question_id": "gpqa_gpqa_diamond_0023",
  "method": "single_sentence_oracle",
  "prefix_length": 237,
  "keep_m": 5,
  "kl_to_baseline": 0.022352106122627516,
  "token_kl": 0.8863390030920684,
  "distribution": {
    "A": 0.44557386106512226,
    "B": 0.23849850138443943,
    "C": 0.23849850138443943,
    "D": 0.07742913616599881
  }
}