{
  "question_id": "gpqa_gpqa_diamond_0009",
  "method": "single_sentence_oracle",
  "prefix_length": 87,
  "keep_m": 5,
  "kl_to_baseline": 0.03955715457633514,
  "token_kl": 0.18154339284638074,
  "distribution": {
    "A": 0.010731495394013942,
    "B": 0.009470511445318157,
    "C": 0.01377951284498133,
    "D": 0.9660184803156866
  }
}