{
  "question_id": "gpqa_gpqa_diamond_0023",
  "method": "single_sentence_oracle",
  "prefix_length": 173,
  "keep_m": 5,
  "kl_to_baseline": 0.03239282404677928,
  "token_kl": 0.7480301183353326,
  "distribution": {
    "A": 0.4228468970115174,
    "B": 0.22633362064867169,
    "C": 0.2564695921150562,
    "D": 0.09434989022475462
  }
}