{
  "question_id": "gpqa_gpqa_diamond_0020",
  "method": "single_sentence_oracle",
  "prefix_length": 44,
  "keep_m": 5,
  "kl_to_baseline": 0.06553066114932149,
  "token_kl": 0.06768094944779973,
  "distribution": {
    "A": 0.49378563367509776,
    "B": 0.3845606610971769,
    "C": 0.04592922123344785,
    "D": 0.07572448399427745
  }
}