{
  "question_id": "gpqa_gpqa_diamond_0004",
  "method": "single_sentence_oracle",
  "prefix_length": 89,
  "keep_m": 10,
  "kl_to_baseline": 0.0024462547552160045,
  "token_kl": 0.5664504176936681,
  "distribution": {
    "A": 0.00020274961741153117,
    "B": 0.0031715391421359217,
    "C": 0.996467809679645,
    "D": 0.00015790156080752821
  }
}