{
  "question_id": "gpqa_gpqa_diamond_0004",
  "method": "single_sentence_oracle",
  "prefix_length": 56,
  "keep_m": 5,
  "kl_to_baseline": 0.05925405990633099,
  "token_kl": 0.05838206584605316,
  "distribution": {
    "A": 0.007888756785240196,
    "B": 0.1795472982541186,
    "C": 0.8046751881754011,
    "D": 0.007888756785240196
  }
}