{
  "question_id": "gpqa_gpqa_diamond_0017",
  "method": "single_sentence_oracle",
  "prefix_length": 102,
  "keep_m": 5,
  "kl_to_baseline": 0.05602171654939944,
  "token_kl": 0.3282591381527869,
  "distribution": {
    "A": 0.7548494910120026,
    "B": 0.048255917807784224,
    "C": 0.14863867337242895,
    "D": 0.048255917807784224
  }
}