{
  "question_id": "gpqa_gpqa_diamond_0031",
  "method": "single_sentence_oracle",
  "prefix_length": 130,
  "keep_m": 5,
  "kl_to_baseline": 0.032549799471365604,
  "token_kl": 0.419781969466209,
  "distribution": {
    "A": 0.9385281247763205,
    "B": 0.008119858609646797,
    "C": 0.025010925300266208,
    "D": 0.0283410913137666
  }
}