{
  "question_id": "gpqa_gpqa_diamond_0023",
  "method": "single_sentence_oracle",
  "prefix_length": 175,
  "keep_m": 3,
  "kl_to_baseline": 0.025502918692269175,
  "token_kl": 0.7518718586557367,
  "distribution": {
    "A": 0.37185500901198487,
    "B": 0.2555719609586576,
    "C": 0.28960097220755815,
    "D": 0.08297205782179935
  }
}