{
  "question_id": "gpqa_gpqa_diamond_0001",
  "method": "single_sentence_oracle",
  "prefix_length": 213,
  "keep_m": 20,
  "kl_to_baseline": 0.002296969791934294,
  "token_kl": 0.1940560044857688,
  "distribution": {
    "A": 0.37320173824469816,
    "B": 0.12116086514356625,
    "C": 0.17628801857160256,
    "D": 0.3293493780401331
  }
}