{
  "question_id": "gpqa_gpqa_diamond_0009",
  "method": "single_sentence_oracle",
  "prefix_length": 85,
  "keep_m": 10,
  "kl_to_baseline": 0.008640718083139773,
  "token_kl": 0.08751828601446875,
  "distribution": {
    "A": 0.008481883051839044,
    "B": 0.006605697162692326,
    "C": 0.00454002483885838,
    "D": 0.9803723949466103
  }
}