{
  "question_id": "gpqa_gpqa_diamond_0031",
  "method": "single_sentence_oracle",
  "prefix_length": 89,
  "keep_m": 15,
  "kl_to_baseline": 0.0003751863823721499,
  "token_kl": 0.05175070889263098,
  "distribution": {
    "A": 0.9868711897653792,
    "B": 0.0024462088044401634,
    "C": 0.006649484941726221,
    "D": 0.004033116488454427
  }
}