{
  "question_id": "gpqa_gpqa_diamond_0001",
  "method": "single_sentence_oracle",
  "prefix_length": 359,
  "keep_m": 15,
  "kl_to_baseline": 0.001937620593900619,
  "token_kl": 1.2316821503206343,
  "distribution": {
    "A": 0.48997015892458795,
    "B": 0.12388385693888021,
    "C": 0.12388385693888021,
    "D": 0.26226212719765163
  }
}