{
  "question_id": "gpqa_gpqa_diamond_0002",
  "method": "single_sentence_oracle",
  "prefix_length": 80,
  "keep_m": 10,
  "kl_to_baseline": 0.0016023720039625114,
  "token_kl": 0.12240360401544034,
  "distribution": {
    "A": 0.0019217133151286207,
    "B": 0.0021775864702759194,
    "C": 0.0004287921997640192,
    "D": 0.9954719080148314
  }
}