{
  "question_id": "gpqa_gpqa_diamond_0009",
  "method": "single_sentence_oracle",
  "prefix_length": 105,
  "keep_m": 5,
  "kl_to_baseline": 0.037007231981267055,
  "token_kl": 0.050822382685209326,
  "distribution": {
    "A": 0.10501632954881263,
    "B": 0.009768040251761513,
    "C": 0.0059246158980004685,
    "D": 0.8792910143014253
  }
}