{
  "question_id": "gpqa_gpqa_diamond_0023",
  "method": "single_sentence_oracle",
  "prefix_length": 164,
  "keep_m": 3,
  "kl_to_baseline": 0.0663665037583434,
  "token_kl": 0.3170956402672375,
  "distribution": {
    "A": 0.4343996853335646,
    "B": 0.20519589410342545,
    "C": 0.26347674342876454,
    "D": 0.0969276771342454
  }
}