{
  "question_id": "gpqa_gpqa_diamond_0001",
  "method": "single_sentence_oracle",
  "prefix_length": 385,
  "keep_m": 3,
  "kl_to_baseline": 0.07191774831893871,
  "token_kl": 0.37209878186396905,
  "distribution": {
    "A": 0.6421884288352206,
    "B": 0.08691075290768989,
    "C": 0.08691075290768989,
    "D": 0.18399006534939955
  }
}