{
  "question_id": "gpqa_gpqa_diamond_0001",
  "method": "single_sentence_oracle",
  "prefix_length": 345,
  "keep_m": 20,
  "kl_to_baseline": 0.0006153412602177178,
  "token_kl": 0.43234813879584505,
  "distribution": {
    "A": 0.5349680083022551,
    "B": 0.09296350042251335,
    "C": 0.11936749736676872,
    "D": 0.2527009939084628
  }
}