{
  "question_id": "gpqa_gpqa_diamond_0009",
  "method": "single_sentence_oracle",
  "prefix_length": 93,
  "keep_m": 20,
  "kl_to_baseline": 0.025504740467879178,
  "token_kl": 0.1416037720060648,
  "distribution": {
    "A": 0.04028164396094977,
    "B": 0.011540886971787963,
    "C": 0.03137137586019122,
    "D": 0.916806093207071
  }
}