{
  "question_id": "gpqa_gpqa_diamond_0023",
  "method": "single_sentence_oracle",
  "prefix_length": 303,
  "keep_m": 20,
  "kl_to_baseline": 0.0202196365082591,
  "token_kl": 0.31623133044309343,
  "distribution": {
    "A": 0.5384504015331111,
    "B": 0.1980848446213161,
    "C": 0.22445953525862697,
    "D": 0.03900521858694583
  }
}