{
  "question_id": "gpqa_gpqa_diamond_0002",
  "method": "single_sentence_oracle",
  "prefix_length": 81,
  "keep_m": 3,
  "kl_to_baseline": 0.003530993562102685,
  "token_kl": 0.5722408291595789,
  "distribution": {
    "A": 0.001916380561411902,
    "B": 0.004056977680345204,
    "C": 0.0013171078139418246,
    "D": 0.9927095339443011
  }
}