{
  "question_id": "gpqa_gpqa_diamond_0031",
  "method": "single_sentence_oracle",
  "prefix_length": 121,
  "keep_m": 5,
  "kl_to_baseline": 0.0015891147188422704,
  "token_kl": 0.6127775304992917,
  "distribution": {
    "A": 0.9561985343536097,
    "B": 0.006442814469045299,
    "C": 0.01984526568200621,
    "D": 0.017513385495338846
  }
}