{
  "question_id": "gpqa_gpqa_diamond_0004",
  "method": "single_sentence_oracle",
  "prefix_length": 32,
  "keep_m": 15,
  "kl_to_baseline": 0.013160096768169623,
  "token_kl": 0.038833951906060996,
  "distribution": {
    "A": 0.003748529104214374,
    "B": 0.1806142468637641,
    "C": 0.8094569443640648,
    "D": 0.006180279667956735
  }
}