{
  "question_id": "gpqa_gpqa_diamond_0009",
  "method": "single_sentence_oracle",
  "prefix_length": 84,
  "keep_m": 15,
  "kl_to_baseline": 0.02778621223855369,
  "token_kl": 0.07416611002390511,
  "distribution": {
    "A": 0.02188777537585576,
    "B": 0.019315893973660087,
    "C": 0.02810445989735088,
    "D": 0.9306918707531332
  }
}