{
  "question_id": "gpqa_gpqa_diamond_0020",
  "method": "single_sentence_oracle",
  "prefix_length": 49,
  "keep_m": 3,
  "kl_to_baseline": 0.010987235297059288,
  "token_kl": 1.8214243973169206,
  "distribution": {
    "A": 0.17547025041370062,
    "B": 0.7864030800119269,
    "C": 0.01121743513990801,
    "D": 0.026909234434464357
  }
}