{
  "question_id": "gpqa_gpqa_diamond_0020",
  "method": "single_sentence_oracle",
  "prefix_length": 34,
  "keep_m": 5,
  "kl_to_baseline": 0.0177040371036852,
  "token_kl": 0.5544569923485209,
  "distribution": {
    "A": 0.5879875206886314,
    "B": 0.27774565475735546,
    "C": 0.05469136215895659,
    "D": 0.07957546239505661
  }
}