{
  "question_id": "gpqa_gpqa_diamond_0023",
  "method": "single_sentence_oracle",
  "prefix_length": 332,
  "keep_m": 3,
  "kl_to_baseline": 0.0036796047040814645,
  "token_kl": 1.2329738219114406,
  "distribution": {
    "A": 0.3800005896572753,
    "B": 0.4305970803346233,
    "C": 0.1233681290298622,
    "D": 0.06603420097823916
  }
}