{
  "question_id": "gpqa_gpqa_diamond_0031",
  "method": "single_sentence_oracle",
  "prefix_length": 216,
  "keep_m": 3,
  "kl_to_baseline": 0.012538207383975895,
  "token_kl": 0.30925940870032065,
  "distribution": {
    "A": 0.9583317388368088,
    "B": 0.004437956369253516,
    "C": 0.028939110747819134,
    "D": 0.008291194046118465
  }
}