{
  "question_id": "gpqa_gpqa_diamond_0031",
  "method": "single_sentence_oracle",
  "prefix_length": 124,
  "keep_m": 5,
  "kl_to_baseline": 0.01738947953187123,
  "token_kl": 0.2525286330794718,
  "distribution": {
    "A": 0.9057214696160756,
    "B": 0.00538561752528001,
    "C": 0.03099208163383076,
    "D": 0.057900831224813744
  }
}