{
  "question_id": "gpqa_gpqa_diamond_0009",
  "method": "single_sentence_oracle",
  "prefix_length": 86,
  "keep_m": 15,
  "kl_to_baseline": 0.03756369451666588,
  "token_kl": 0.12996925894535621,
  "distribution": {
    "A": 0.03177079067214752,
    "B": 0.015007462445716158,
    "C": 0.024743116654266175,
    "D": 0.9284786302278701
  }
}