{
  "question_id": "gpqa_gpqa_diamond_0002",
  "method": "single_sentence_oracle",
  "prefix_length": 71,
  "keep_m": 15,
  "kl_to_baseline": 6.457250040319388e-05,
  "token_kl": 0.1155622960092435,
  "distribution": {
    "A": 0.0007093481299931258,
    "B": 0.0002957004351250291,
    "C": 0.00015827703731871004,
    "D": 0.9988366743975631
  }
}