{
  "question_id": "gpqa_gpqa_diamond_0031",
  "method": "single_sentence_oracle",
  "prefix_length": 89,
  "keep_m": 3,
  "kl_to_baseline": 0.0011724419798717681,
  "token_kl": 0.24534897049696572,
  "distribution": {
    "A": 0.9821086882583474,
    "B": 0.0018959156276225145,
    "C": 0.007498491767431164,
    "D": 0.008496904346598956
  }
}