{
  "question_id": "gpqa_gpqa_diamond_0009",
  "method": "single_sentence_oracle",
  "prefix_length": 78,
  "keep_m": 20,
  "kl_to_baseline": 0.0016315088360442879,
  "token_kl": 0.10251816218291991,
  "distribution": {
    "A": 0.032549210023165194,
    "B": 0.00565620593046659,
    "C": 0.010567183863998368,
    "D": 0.9512274001823698
  }
}