{
  "question_id": "gpqa_gpqa_diamond_0020",
  "method": "single_sentence_oracle",
  "prefix_length": 61,
  "keep_m": 10,
  "kl_to_baseline": 0.11338919911599092,
  "token_kl": 0.33829045707771394,
  "distribution": {
    "A": 0.24921193914845507,
    "B": 0.5978283281515144,
    "C": 0.04907274041860796,
    "D": 0.10388699228142252
  }
}