{
  "question_id": "gpqa_gpqa_diamond_0023",
  "method": "single_sentence_oracle",
  "prefix_length": 268,
  "keep_m": 3,
  "kl_to_baseline": 0.0154478117079293,
  "token_kl": 0.27726492488442156,
  "distribution": {
    "A": 0.5159701944019103,
    "B": 0.2150883773322929,
    "C": 0.1898148267776952,
    "D": 0.07912660148810162
  }
}