{
  "question_id": "gpqa_gpqa_diamond_0023",
  "method": "single_sentence_oracle",
  "prefix_length": 191,
  "keep_m": 3,
  "kl_to_baseline": 0.05308655317492263,
  "token_kl": 0.38438673607746315,
  "distribution": {
    "A": 0.4088038979914759,
    "B": 0.19310528804132288,
    "C": 0.2809665362174996,
    "D": 0.11712427774970167
  }
}