{
  "question_id": "gpqa_gpqa_diamond_0009",
  "method": "single_sentence_oracle",
  "prefix_length": 107,
  "keep_m": 3,
  "kl_to_baseline": 0.019944937671682646,
  "token_kl": 1.1101799906053167,
  "distribution": {
    "A": 0.09410668103524192,
    "B": 0.007724746783277516,
    "C": 0.005309135645521686,
    "D": 0.8928594365359588
  }
}