{
  "question_id": "gpqa_gpqa_diamond_0023",
  "method": "single_sentence_oracle",
  "prefix_length": 30,
  "keep_m": 10,
  "kl_to_baseline": 0.02454201911149541,
  "token_kl": 0.614190459922704,
  "distribution": {
    "A": 0.23614784724045504,
    "B": 0.34359309031543256,
    "C": 0.34359309031543256,
    "D": 0.07666597212867977
  }
}