{
  "question_id": "gpqa_gpqa_diamond_0023",
  "method": "single_sentence_oracle",
  "prefix_length": 173,
  "keep_m": 10,
  "kl_to_baseline": 0.013855351119176929,
  "token_kl": 0.4206220290501109,
  "distribution": {
    "A": 0.5325505840255104,
    "B": 0.19591439956942144,
    "C": 0.22200009880560603,
    "D": 0.04953491759946212
  }
}