{
  "question_id": "gpqa_gpqa_diamond_0023",
  "method": "single_sentence_oracle",
  "prefix_length": 283,
  "keep_m": 10,
  "kl_to_baseline": 0.00877840585112443,
  "token_kl": 0.2695517766602476,
  "distribution": {
    "A": 0.5431959294682811,
    "B": 0.25658758866588327,
    "C": 0.15562823942759202,
    "D": 0.044588242438243664
  }
}