{
  "question_id": "gpqa_gpqa_diamond_0011",
  "method": "single_sentence_oracle",
  "prefix_length": 35,
  "keep_m": 3,
  "kl_to_baseline": 0.0067322828784469185,
  "token_kl": 0.033152053282183874,
  "distribution": {
    "A": 0.14343750167199357,
    "B": 0.23648846002270102,
    "C": 0.5673063240567832,
    "D": 0.052767714248522175
  }
}