{
  "question_id": "gpqa_gpqa_diamond_0001",
  "method": "single_sentence_oracle",
  "prefix_length": 276,
  "keep_m": 3,
  "kl_to_baseline": 0.0036193792361059133,
  "token_kl": 0.22148029452757736,
  "distribution": {
    "A": 0.4046399692515218,
    "B": 0.13136738006952442,
    "C": 0.14885872576387943,
    "D": 0.31513392491507436
  }
}