{
  "question_id": "gpqa_gpqa_diamond_0017",
  "method": "single_sentence_oracle",
  "prefix_length": 104,
  "keep_m": 20,
  "kl_to_baseline": 0.12685510579491105,
  "token_kl": 0.4399832653185625,
  "distribution": {
    "A": 0.7603577797909616,
    "B": 0.04289645185588317,
    "C": 0.11660464558521552,
    "D": 0.0801411227679397
  }
}