{
  "question_id": "gpqa_gpqa_diamond_0020",
  "method": "single_sentence_oracle",
  "prefix_length": 56,
  "keep_m": 5,
  "kl_to_baseline": 0.034723213212349995,
  "token_kl": 0.26724120216862646,
  "distribution": {
    "A": 0.3856336614297865,
    "B": 0.49516342280620107,
    "C": 0.05218983768441533,
    "D": 0.067013078079597
  }
}