{
  "question_id": "gpqa_gpqa_diamond_0001",
  "method": "single_sentence_oracle",
  "prefix_length": 426,
  "keep_m": 10,
  "kl_to_baseline": 0.0062810432704962765,
  "token_kl": 0.005808442770612464,
  "distribution": {
    "A": 0.8656877688538709,
    "B": 0.03356635646656432,
    "C": 0.03803566490517702,
    "D": 0.06271020977438772
  }
}