{
  "question_id": "gpqa_gpqa_diamond_0001",
  "method": "single_sentence_oracle",
  "prefix_length": 384,
  "keep_m": 20,
  "kl_to_baseline": 0.001190384089352372,
  "token_kl": 0.10238824225179852,
  "distribution": {
    "A": 0.44942584528103025,
    "B": 0.10028046680958115,
    "C": 0.10028046680958115,
    "D": 0.3500132210998075
  }
}