{
  "question_id": "gpqa_gpqa_diamond_0004",
  "method": "single_sentence_oracle",
  "prefix_length": 51,
  "keep_m": 5,
  "kl_to_baseline": 0.03471478778138025,
  "token_kl": 0.5275212122014752,
  "distribution": {
    "A": 0.03061326398155024,
    "B": 0.32912360473448293,
    "C": 0.6148838440407184,
    "D": 0.025379287243248404
  }
}