{
  "question_id": "gpqa_gpqa_diamond_0011",
  "method": "single_sentence_oracle",
  "prefix_length": 69,
  "keep_m": 10,
  "kl_to_baseline": 0.0026771805005451864,
  "token_kl": 0.6456303298404908,
  "distribution": {
    "A": 0.15612643455759034,
    "B": 0.33051970395311314,
    "C": 0.42439570059190507,
    "D": 0.0889581608973914
  }
}