{
  "question_id": "gpqa_gpqa_diamond_0011",
  "method": "single_sentence_oracle",
  "prefix_length": 113,
  "keep_m": 10,
  "kl_to_baseline": 0.0007032256730537425,
  "token_kl": 0.5159929812587837,
  "distribution": {
    "A": 0.00023039298357441533,
    "B": 0.9992760405758173,
    "C": 0.0003352198130890466,
    "D": 0.00015834662751936022
  }
}