{
  "question_id": "gpqa_gpqa_diamond_0002",
  "method": "single_sentence_oracle",
  "prefix_length": 65,
  "keep_m": 5,
  "kl_to_baseline": 9.23941383856158e-05,
  "token_kl": 0.6369603093931349,
  "distribution": {
    "A": 0.00020335725623590048,
    "B": 0.00020335725623590048,
    "C": 0.00013976526197528297,
    "D": 0.9994535202255529
  }
}