{
  "question_id": "gpqa_gpqa_diamond_0002",
  "method": "single_sentence_oracle",
  "prefix_length": 103,
  "keep_m": 20,
  "kl_to_baseline": 0.0019718808790242766,
  "token_kl": 0.058420948023179035,
  "distribution": {
    "A": 0.006670385975322172,
    "B": 0.002453897864999347,
    "C": 0.0009027385752677551,
    "D": 0.9899729775844108
  }
}