{
  "question_id": "gpqa_gpqa_diamond_0031",
  "method": "single_sentence_oracle",
  "prefix_length": 104,
  "keep_m": 10,
  "kl_to_baseline": 0.0023320374957815576,
  "token_kl": 0.05570840116319061,
  "distribution": {
    "A": 0.9638579100621311,
    "B": 0.002389164420846003,
    "C": 0.01374869196961809,
    "D": 0.0200042335474049
  }
}