{
  "question_id": "gpqa_gpqa_diamond_0031",
  "method": "single_sentence_oracle",
  "prefix_length": 131,
  "keep_m": 15,
  "kl_to_baseline": 0.034767782567721305,
  "token_kl": 0.9511238005245986,
  "distribution": {
    "A": 0.8082846403719709,
    "B": 0.03134059756699406,
    "C": 0.08519257685940772,
    "D": 0.0751821852016274
  }
}