{
  "question_id": "gpqa_gpqa_diamond_0031",
  "method": "single_sentence_oracle",
  "prefix_length": 204,
  "keep_m": 20,
  "kl_to_baseline": 0.000704735344422289,
  "token_kl": 2.575887175326068,
  "distribution": {
    "A": 0.9671187857496762,
    "B": 0.005074972469164766,
    "C": 0.015632015707316458,
    "D": 0.012174226073842557
  }
}