{
  "question_id": "gpqa_gpqa_diamond_0023",
  "method": "single_sentence_oracle",
  "prefix_length": 278,
  "keep_m": 5,
  "kl_to_baseline": 0.05521218578329468,
  "token_kl": 0.47659109841888636,
  "distribution": {
    "A": 0.442238156315394,
    "B": 0.2682310007000746,
    "C": 0.2367130272949823,
    "D": 0.05281781568954904
  }
}