{
  "question_id": "gpqa_gpqa_diamond_0031",
  "method": "single_sentence_oracle",
  "prefix_length": 143,
  "keep_m": 10,
  "kl_to_baseline": 0.008367664708283741,
  "token_kl": 1.0371929792681154,
  "distribution": {
    "A": 0.9412944538211082,
    "B": 0.008143794409775867,
    "C": 0.022137123080898036,
    "D": 0.028424628688217917
  }
}