{
  "question_id": "gpqa_gpqa_diamond_0031",
  "method": "single_sentence_oracle",
  "prefix_length": 68,
  "keep_m": 20,
  "kl_to_baseline": 0.0011972038080405836,
  "token_kl": 0.36112754563398053,
  "distribution": {
    "A": 0.9443203695131634,
    "B": 0.0049553386245025375,
    "C": 0.02220828695325708,
    "D": 0.028516004909076853
  }
}