{
  "question_id": "gpqa_gpqa_diamond_0009",
  "method": "single_sentence_oracle",
  "prefix_length": 82,
  "keep_m": 20,
  "kl_to_baseline": 0.001983941779762693,
  "token_kl": 0.2747525730809394,
  "distribution": {
    "A": 0.04695280523028285,
    "B": 0.00560771289710184,
    "C": 0.004367291195502529,
    "D": 0.9430721906771128
  }
}