{
  "question_id": "gpqa_gpqa_diamond_0002",
  "method": "single_sentence_oracle",
  "prefix_length": 96,
  "keep_m": 10,
  "kl_to_baseline": 0.0015381041888866947,
  "token_kl": 0.20303576401246545,
  "distribution": {
    "A": 0.001694574580998497,
    "B": 0.001694574580998497,
    "C": 0.0019202045650648124,
    "D": 0.9946906462729382
  }
}