{
  "question_id": "gpqa_gpqa_diamond_0017",
  "method": "single_sentence_oracle",
  "prefix_length": 125,
  "keep_m": 5,
  "kl_to_baseline": 0.0006462977397846092,
  "token_kl": 0.24478680386419552,
  "distribution": {
    "A": 0.9976548224155143,
    "B": 0.0005517872143093585,
    "C": 0.000625256828316703,
    "D": 0.0011681335418595735
  }
}