{
  "question_id": "gpqa_gpqa_diamond_0011",
  "method": "single_sentence_oracle",
  "prefix_length": 69,
  "keep_m": 3,
  "kl_to_baseline": 0.025902913613388187,
  "token_kl": 0.8350164356476752,
  "distribution": {
    "A": 0.12109692058281354,
    "B": 0.4226697335403775,
    "C": 0.37300473066563944,
    "D": 0.08322861521116956
  }
}