{
  "question_id": "gpqa_gpqa_diamond_0023",
  "method": "single_sentence_oracle",
  "prefix_length": 100,
  "keep_m": 5,
  "kl_to_baseline": 0.055404393724925616,
  "token_kl": 0.6151922901961837,
  "distribution": {
    "A": 0.28146800018252105,
    "B": 0.3189450289946369,
    "C": 0.3189450289946369,
    "D": 0.08064194182820517
  }
}