{
  "question_id": "gpqa_gpqa_diamond_0026",
  "method": "single_sentence_oracle",
  "prefix_length": 85,
  "keep_m": 10,
  "kl_to_baseline": 0.0007094058538464065,
  "token_kl": 0.34179491075557794,
  "distribution": {
    "A": 0.002462937816800324,
    "B": 0.9936201864179859,
    "C": 0.00033332238703083635,
    "D": 0.003583553378182968
  }
}