{
  "question_id": "gpqa_gpqa_diamond_0020",
  "method": "single_sentence_oracle",
  "prefix_length": 54,
  "keep_m": 15,
  "kl_to_baseline": 0.006454842037105252,
  "token_kl": 0.03960118156980187,
  "distribution": {
    "A": 0.38324384212143503,
    "B": 0.4920948340729866,
    "C": 0.027762094117649096,
    "D": 0.09689922968792934
  }
}