{
  "question_id": "gpqa_gpqa_diamond_0001",
  "method": "single_sentence_oracle",
  "prefix_length": 25,
  "keep_m": 10,
  "kl_to_baseline": 0.010780682845460163,
  "token_kl": 0.038564691146755536,
  "distribution": {
    "A": 0.4847303682835489,
    "B": 0.08423351262752732,
    "C": 0.20206569236624083,
    "D": 0.228970426722683
  }
}