{
  "question_id": "gpqa_gpqa_diamond_0009",
  "method": "single_sentence_oracle",
  "prefix_length": 25,
  "keep_m": 10,
  "kl_to_baseline": 0.004841751098490724,
  "token_kl": 0.5335766911219932,
  "distribution": {
    "A": 0.8585193230529367,
    "B": 0.03328840814771163,
    "C": 0.037720708197636565,
    "D": 0.07047156060171501
  }
}