{
  "question_id": "gpqa_gpqa_diamond_0011",
  "method": "single_sentence_oracle",
  "prefix_length": 108,
  "keep_m": 20,
  "kl_to_baseline": 1.926349775980576e-05,
  "token_kl": 0.0630730553943088,
  "distribution": {
    "A": 3.5355414137073135e-05,
    "B": 0.999940981976941,
    "C": 1.6700715096660173e-05,
    "D": 6.961893825269115e-06
  }
}