{
  "question_id": "gpqa_gpqa_diamond_0011",
  "method": "single_sentence_oracle",
  "prefix_length": 67,
  "keep_m": 20,
  "kl_to_baseline": 6.25696277411897e-16,
  "token_kl": 0.7482523647514531,
  "distribution": {
    "A": 0.1304517066754435,
    "B": 0.2150785035949376,
    "C": 0.5846440228617806,
    "D": 0.06982576686783819
  }
}