{
  "question_id": "gpqa_gpqa_diamond_0001",
  "method": "single_sentence_oracle",
  "prefix_length": 377,
  "keep_m": 5,
  "kl_to_baseline": 0.0025608907411312698,
  "token_kl": 0.31601558522823214,
  "distribution": {
    "A": 0.4687024706431647,
    "B": 0.1045816635701268,
    "C": 0.1045816635701268,
    "D": 0.3221342022165816
  }
}