{
  "question_id": "gpqa_gpqa_diamond_0031",
  "method": "single_sentence_oracle",
  "prefix_length": 146,
  "keep_m": 20,
  "kl_to_baseline": 0.043827448878354255,
  "token_kl": 0.24370518394373708,
  "distribution": {
    "A": 0.8338769371312545,
    "B": 0.04151629302846625,
    "C": 0.07756264661800365,
    "D": 0.0470441232222756
  }
}