{
  "question_id": "gpqa_gpqa_diamond_0031",
  "method": "single_sentence_oracle",
  "prefix_length": 105,
  "keep_m": 15,
  "kl_to_baseline": 0.009134108816431726,
  "token_kl": 0.024073242781304075,
  "distribution": {
    "A": 0.9718695625068529,
    "B": 0.005099904531777817,
    "C": 0.010796497978496694,
    "D": 0.012234034982872646
  }
}