{
  "question_id": "gpqa_gpqa_diamond_0023",
  "method": "single_sentence_oracle",
  "prefix_length": 238,
  "keep_m": 10,
  "kl_to_baseline": 0.025626789490240116,
  "token_kl": 0.6184259105500561,
  "distribution": {
    "A": 0.5097701688828983,
    "B": 0.2125038221723793,
    "C": 0.24079837736541954,
    "D": 0.03692763157930295
  }
}