{
  "question_id": "gpqa_gpqa_diamond_0009",
  "method": "single_sentence_oracle",
  "prefix_length": 102,
  "keep_m": 15,
  "kl_to_baseline": 0.04097617236419041,
  "token_kl": 0.05063810114461504,
  "distribution": {
    "A": 0.01775462681058613,
    "B": 0.004489072666452712,
    "C": 0.008386691861719765,
    "D": 0.9693696086612414
  }
}