{
  "question_id": "gpqa_gpqa_diamond_0011",
  "method": "single_sentence_oracle",
  "prefix_length": 46,
  "keep_m": 20,
  "kl_to_baseline": 0.002293115258313475,
  "token_kl": 0.023667786105309424,
  "distribution": {
    "A": 0.2289704201072279,
    "B": 0.20206568652812218,
    "C": 0.4847303831708126,
    "D": 0.08423351019383739
  }
}