{
  "question_id": "gpqa_gpqa_diamond_0031",
  "method": "single_sentence_oracle",
  "prefix_length": 126,
  "keep_m": 3,
  "kl_to_baseline": 0.00831866938633673,
  "token_kl": 0.6335742983125814,
  "distribution": {
    "A": 0.934873866871949,
    "B": 0.004905767524917861,
    "C": 0.03198962267637892,
    "D": 0.028230742926754333
  }
}