{
  "question_id": "gpqa_gpqa_diamond_0020",
  "method": "single_sentence_oracle",
  "prefix_length": 59,
  "keep_m": 15,
  "kl_to_baseline": 0.004724767234077146,
  "token_kl": 0.11456261938029237,
  "distribution": {
    "A": 0.3583528749672929,
    "B": 0.5908240073751193,
    "C": 0.013053002516520461,
    "D": 0.037770115141067394
  }
}