{
  "question_id": "gpqa_gpqa_diamond_0002",
  "method": "single_sentence_oracle",
  "prefix_length": 16,
  "keep_m": 3,
  "kl_to_baseline": 0.0947359070528181,
  "token_kl": 0.22383765643886053,
  "distribution": {
    "A": 0.20912322120148483,
    "B": 0.20912322120148483,
    "C": 0.34478590299221606,
    "D": 0.23696765460481428
  }
}