{
  "question_id": "gpqa_gpqa_diamond_0004",
  "method": "single_sentence_oracle",
  "prefix_length": 78,
  "keep_m": 10,
  "kl_to_baseline": 9.268922215645859e-05,
  "token_kl": 0.14390124728826417,
  "distribution": {
    "A": 7.478223722606058e-05,
    "B": 0.0008039844351319226,
    "C": 0.9990698362977526,
    "D": 5.139702988947456e-05
  }
}