{
  "question_id": "gpqa_gpqa_diamond_0009",
  "method": "single_sentence_oracle",
  "prefix_length": 72,
  "keep_m": 10,
  "kl_to_baseline": 0.0004075902773749277,
  "token_kl": 0.2473416159308828,
  "distribution": {
    "A": 0.0019241268303158798,
    "B": 0.0005512715666528926,
    "C": 0.0008020953966030843,
    "D": 0.9967225062064281
  }
}