{
  "question_id": "gpqa_gpqa_diamond_0031",
  "method": "single_sentence_oracle",
  "prefix_length": 139,
  "keep_m": 15,
  "kl_to_baseline": 0.004429547056804692,
  "token_kl": 0.12108059345200681,
  "distribution": {
    "A": 0.9217498874706626,
    "B": 0.006210703276390522,
    "C": 0.03154054623324522,
    "D": 0.04049886301970167
  }
}