{
  "question_id": "gpqa_gpqa_diamond_0023",
  "method": "single_sentence_oracle",
  "prefix_length": 171,
  "keep_m": 3,
  "kl_to_baseline": 0.04322519098329603,
  "token_kl": 1.158599357946648,
  "distribution": {
    "A": 0.44513233933213103,
    "B": 0.18555877705837595,
    "C": 0.26998642752698987,
    "D": 0.09932245608250315
  }
}