{
  "question_id": "gpqa_gpqa_diamond_0023",
  "method": "single_sentence_oracle",
  "prefix_length": 297,
  "keep_m": 15,
  "kl_to_baseline": 0.020819153103220942,
  "token_kl": 0.35523193258891095,
  "distribution": {
    "A": 0.4750692482570245,
    "B": 0.3265100010103397,
    "C": 0.15423242199865575,
    "D": 0.04418832873397999
  }
}