{
  "question_id": "gpqa_gpqa_diamond_0009",
  "method": "single_sentence_oracle",
  "prefix_length": 105,
  "keep_m": 10,
  "kl_to_baseline": 0.062022849846069636,
  "token_kl": 0.04171958522681569,
  "distribution": {
    "A": 0.11351900841101328,
    "B": 0.025329514526640347,
    "C": 0.02235321811373162,
    "D": 0.8387982589486148
  }
}