{
  "question_id": "gpqa_gpqa_diamond_0004",
  "method": "single_sentence_oracle",
  "prefix_length": 78,
  "keep_m": 5,
  "kl_to_baseline": 0.002270435153830026,
  "token_kl": 0.20057068856910967,
  "distribution": {
    "A": 0.0002026741426763295,
    "B": 0.0035924851373915698,
    "C": 0.9960963570687992,
    "D": 0.00010848365113279379
  }
}