{
  "question_id": "gpqa_gpqa_diamond_0009",
  "method": "single_sentence_oracle",
  "prefix_length": 116,
  "keep_m": 15,
  "kl_to_baseline": 0.0005948133381230517,
  "token_kl": 0.16723676262773812,
  "distribution": {
    "A": 0.004054059076948076,
    "B": 0.0014914049877036714,
    "C": 0.002458911126455306,
    "D": 0.9919956248088929
  }
}