{
  "question_id": "gpqa_gpqa_diamond_0023",
  "method": "single_sentence_oracle",
  "prefix_length": 335,
  "keep_m": 5,
  "kl_to_baseline": 0.0712871592306946,
  "token_kl": 0.34665403888412,
  "distribution": {
    "A": 0.459400979130104,
    "B": 0.27864077894441175,
    "C": 0.19150682000245944,
    "D": 0.07045142192302478
  }
}