{
  "question_id": "gpqa_gpqa_diamond_0031",
  "method": "single_sentence_oracle",
  "prefix_length": 102,
  "keep_m": 10,
  "kl_to_baseline": 0.03213015127099901,
  "token_kl": 0.04817185736740551,
  "distribution": {
    "A": 0.982378714739977,
    "B": 0.002148944853280873,
    "C": 0.009630902661708124,
    "D": 0.0058414377450339856
  }
}