{
  "question_id": "gpqa_gpqa_diamond_0031",
  "method": "single_sentence_oracle",
  "prefix_length": 162,
  "keep_m": 20,
  "kl_to_baseline": 0.0012560043284916295,
  "token_kl": 0.18653151833056186,
  "distribution": {
    "A": 0.9612925059460835,
    "B": 0.005044401164291231,
    "C": 0.019950988869274724,
    "D": 0.013712104020350507
  }
}