{
  "question_id": "gpqa_gpqa_diamond_0017",
  "method": "single_sentence_oracle",
  "prefix_length": 101,
  "keep_m": 15,
  "kl_to_baseline": 0.1214875334558518,
  "token_kl": 0.23519946264087124,
  "distribution": {
    "A": 0.7696050129948342,
    "B": 0.04919920392097065,
    "C": 0.11802275476886567,
    "D": 0.0631730283153295
  }
}