{
  "question_id": "gpqa_gpqa_diamond_0023",
  "method": "single_sentence_oracle",
  "prefix_length": 311,
  "keep_m": 3,
  "kl_to_baseline": 0.009343101479923364,
  "token_kl": 0.2618176003328022,
  "distribution": {
    "A": 0.5202017831805527,
    "B": 0.2457259230507264,
    "C": 0.19137154129284953,
    "D": 0.04270075247587141
  }
}