{
  "question_id": "gpqa_gpqa_diamond_0003",
  "method": "single_sentence_oracle",
  "prefix_length": 29,
  "keep_m": 3,
  "kl_to_baseline": 0.00039077351515708156,
  "token_kl": 0.24200794939490156,
  "distribution": {
    "A": 0.02031111644787389,
    "B": 0.0006950083513582587,
    "C": 0.9786444030547514,
    "D": 0.00034947214601645536
  }
}