{
  "question_id": "gpqa_gpqa_diamond_0031",
  "method": "single_sentence_oracle",
  "prefix_length": 99,
  "keep_m": 15,
  "kl_to_baseline": 0.022019931814874265,
  "token_kl": 0.10251154557295376,
  "distribution": {
    "A": 0.9051378026227157,
    "B": 0.02412110540490767,
    "C": 0.030972112418505504,
    "D": 0.03976897955387111
  }
}