{
  "question_id": "gpqa_gpqa_diamond_0002",
  "method": "single_sentence_oracle",
  "prefix_length": 99,
  "keep_m": 3,
  "kl_to_baseline": 0.0012383802419442397,
  "token_kl": 0.22811582395238292,
  "distribution": {
    "A": 0.0011678406282719653,
    "B": 0.0008026443431478348,
    "C": 0.0006251000429713671,
    "D": 0.9974044149856087
  }
}