{
  "question_id": "gpqa_gpqa_diamond_0031",
  "method": "single_sentence_oracle",
  "prefix_length": 76,
  "keep_m": 15,
  "kl_to_baseline": 0.0026473386481597884,
  "token_kl": 0.40041887203527915,
  "distribution": {
    "A": 0.9478326809576997,
    "B": 0.007236792119377331,
    "C": 0.019671640514439023,
    "D": 0.025258886408484022
  }
}