{
  "question_id": "gpqa_gpqa_diamond_0002",
  "method": "single_sentence_oracle",
  "prefix_length": 87,
  "keep_m": 10,
  "kl_to_baseline": 0.0001623657747699977,
  "token_kl": 0.5965979003468374,
  "distribution": {
    "A": 0.002181085244176597,
    "B": 0.0004866658998305013,
    "C": 0.0002604936089677565,
    "D": 0.9970717552470252
  }
}