{
  "question_id": "gpqa_gpqa_diamond_0001",
  "method": "single_sentence_oracle",
  "prefix_length": 371,
  "keep_m": 10,
  "kl_to_baseline": 0.09638091427534025,
  "token_kl": 0.09515918929277886,
  "distribution": {
    "A": 0.3324879294350306,
    "B": 0.15705617705522312,
    "C": 0.17796796407471568,
    "D": 0.3324879294350306
  }
}