{
  "question_id": "gpqa_gpqa_diamond_0001",
  "method": "single_sentence_oracle",
  "prefix_length": 362,
  "keep_m": 20,
  "kl_to_baseline": 0.0041038763760406945,
  "token_kl": 0.5256001316272395,
  "distribution": {
    "A": 0.47995613336773935,
    "B": 0.15581892434654535,
    "C": 0.13750971809988968,
    "D": 0.2267152241858257
  }
}