{
  "question_id": "gpqa_gpqa_diamond_0009",
  "method": "single_sentence_oracle",
  "prefix_length": 91,
  "keep_m": 5,
  "kl_to_baseline": 0.018689012842781676,
  "token_kl": 0.4588866508846298,
  "distribution": {
    "A": 0.05115824412388305,
    "B": 0.02738303483027288,
    "C": 0.014657085834958289,
    "D": 0.9068016352108859
  }
}