{
  "question_id": "gpqa_gpqa_diamond_0023",
  "method": "single_sentence_oracle",
  "prefix_length": 71,
  "keep_m": 15,
  "kl_to_baseline": 0.033255420226291445,
  "token_kl": 0.0942932163908918,
  "distribution": {
    "A": 0.36779178791187,
    "B": 0.28643653243299644,
    "C": 0.2527793526591913,
    "D": 0.09299232699594225
  }
}