{
  "question_id": "gpqa_gpqa_diamond_0009",
  "method": "single_sentence_oracle",
  "prefix_length": 56,
  "keep_m": 5,
  "kl_to_baseline": 0.035722069496452936,
  "token_kl": 1.362487240510424,
  "distribution": {
    "A": 0.7050312468260423,
    "B": 0.05787248720078679,
    "C": 0.03510143784110415,
    "D": 0.20199482813206673
  }
}