{
  "question_id": "gpqa_gpqa_diamond_0002",
  "method": "single_sentence_oracle",
  "prefix_length": 23,
  "keep_m": 10,
  "kl_to_baseline": 0.023025454826013654,
  "token_kl": 0.1043062763476399,
  "distribution": {
    "A": 0.16609868304160896,
    "B": 0.21327493070378706,
    "C": 0.310313193127302,
    "D": 0.310313193127302
  }
}