{
  "question_id": "gpqa_gpqa_diamond_0023",
  "method": "single_sentence_oracle",
  "prefix_length": 159,
  "keep_m": 3,
  "kl_to_baseline": 0.06100546408034222,
  "token_kl": 0.553839079114011,
  "distribution": {
    "A": 0.40888409166778283,
    "B": 0.2188598830047872,
    "C": 0.2810216524714522,
    "D": 0.09123437285597764
  }
}