{
  "question_id": "gpqa_gpqa_diamond_0009",
  "method": "single_sentence_oracle",
  "prefix_length": 46,
  "keep_m": 3,
  "kl_to_baseline": 0.00800282027707017,
  "token_kl": 1.2590022017223856,
  "distribution": {
    "A": 0.49929077801033,
    "B": 0.02816806154307471,
    "C": 0.03191859536342627,
    "D": 0.4406225650831691
  }
}