{
  "question_id": "gpqa_gpqa_diamond_0001",
  "method": "single_sentence_oracle",
  "prefix_length": 15,
  "keep_m": 3,
  "kl_to_baseline": 0.04168464174647629,
  "token_kl": 0.10110124109574203,
  "distribution": {
    "A": 0.19209585953561018,
    "B": 0.16952400103950147,
    "C": 0.27949782640801674,
    "D": 0.35888231301687173
  }
}