{
  "question_id": "gpqa_gpqa_diamond_0001",
  "method": "single_sentence_oracle",
  "prefix_length": 418,
  "keep_m": 20,
  "kl_to_baseline": 0.021278230765843134,
  "token_kl": 0.07479491558459668,
  "distribution": {
    "A": 0.7230968224088884,
    "B": 0.06725848759959371,
    "C": 0.06725848759959371,
    "D": 0.14238620239192426
  }
}