{
  "question_id": "gpqa_gpqa_diamond_0031",
  "method": "single_sentence_oracle",
  "prefix_length": 138,
  "keep_m": 3,
  "kl_to_baseline": 0.011178050644272033,
  "token_kl": 1.3495982131761726,
  "distribution": {
    "A": 0.8857672354638275,
    "B": 0.005968253753288566,
    "C": 0.06416475950138245,
    "D": 0.044099751281501336
  }
}