{
  "question_id": "gpqa_gpqa_diamond_0017",
  "method": "single_sentence_oracle",
  "prefix_length": 116,
  "keep_m": 3,
  "kl_to_baseline": 0.0002046915662786796,
  "token_kl": 0.9125026699126576,
  "distribution": {
    "A": 0.9988479974354403,
    "B": 0.00029570366242883626,
    "C": 0.000626004658274275,
    "D": 0.00023029424385666005
  }
}