{
  "question_id": "gpqa_gpqa_diamond_0026",
  "method": "single_sentence_oracle",
  "prefix_length": 87,
  "keep_m": 15,
  "kl_to_baseline": 0.0020139265344501505,
  "token_kl": 0.22223906220816908,
  "distribution": {
    "A": 0.0024545904059287693,
    "B": 0.9902525234512238,
    "C": 0.0006206176461012387,
    "D": 0.0066722684967460855
  }
}