{
  "question_id": "gpqa_gpqa_diamond_0023",
  "method": "single_sentence_oracle",
  "prefix_length": 290,
  "keep_m": 10,
  "kl_to_baseline": 0.021742824141988325,
  "token_kl": 0.31902800982926943,
  "distribution": {
    "A": 0.4449999255632208,
    "B": 0.23819131004512192,
    "C": 0.2699061145115907,
    "D": 0.046902649880066524
  }
}