{
  "question_id": "gpqa_gpqa_diamond_0011",
  "method": "single_sentence_oracle",
  "prefix_length": 84,
  "keep_m": 20,
  "kl_to_baseline": 0.0035189868897545808,
  "token_kl": 0.0816424394440271,
  "distribution": {
    "A": 0.09108775704795254,
    "B": 0.6730526269872077,
    "C": 0.19283280617118725,
    "D": 0.043026809793652414
  }
}