{
  "question_id": "gpqa_gpqa_diamond_0002",
  "method": "single_sentence_oracle",
  "prefix_length": 34,
  "keep_m": 5,
  "kl_to_baseline": 0.19982886350860737,
  "token_kl": 0.020132248863369635,
  "distribution": {
    "A": 0.42344259394019673,
    "B": 0.1765171454490584,
    "C": 0.20002013030537247,
    "D": 0.20002013030537247
  }
}