{
  "question_id": "gpqa_gpqa_diamond_0031",
  "method": "single_sentence_oracle",
  "prefix_length": 220,
  "keep_m": 3,
  "kl_to_baseline": 0.004751350169288081,
  "token_kl": 0.9308128807447875,
  "distribution": {
    "A": 0.9620564271111768,
    "B": 0.0027022183764107044,
    "C": 0.017620677256206314,
    "D": 0.017620677256206314
  }
}