{
  "question_id": "gpqa_gpqa_diamond_0003",
  "method": "single_sentence_oracle",
  "prefix_length": 36,
  "keep_m": 10,
  "kl_to_baseline": 0.0002648360051555989,
  "token_kl": 0.2810798163876049,
  "distribution": {
    "A": 0.012417981378263806,
    "B": 0.0006182548878704814,
    "C": 0.9864822663430545,
    "D": 0.0004814973908112545
  }
}