{
  "question_id": "gpqa_gpqa_diamond_0031",
  "method": "single_sentence_oracle",
  "prefix_length": 180,
  "keep_m": 5,
  "kl_to_baseline": 0.0062137413416574125,
  "token_kl": 0.7318643756079186,
  "distribution": {
    "A": 0.9180510463020731,
    "B": 0.010198628098884539,
    "C": 0.040336346982686296,
    "D": 0.03141397861635598
  }
}