{
  "question_id": "gpqa_gpqa_diamond_0020",
  "method": "single_sentence_oracle",
  "prefix_length": 39,
  "keep_m": 3,
  "kl_to_baseline": 0.014111651748698037,
  "token_kl": 0.1380697822073048,
  "distribution": {
    "A": 0.5829514973851255,
    "B": 0.4006563142079403,
    "C": 0.005715056745555108,
    "D": 0.010677131661379083
  }
}