{
  "question_id": "gpqa_gpqa_diamond_0031",
  "method": "single_sentence_oracle",
  "prefix_length": 170,
  "keep_m": 20,
  "kl_to_baseline": 0.021468824700845827,
  "token_kl": 0.015621957041593556,
  "distribution": {
    "A": 0.9397194118174311,
    "B": 0.010439337359424948,
    "C": 0.036436876320264405,
    "D": 0.013404374502879525
  }
}