{
  "question_id": "gpqa_gpqa_diamond_0020",
  "method": "single_sentence_oracle",
  "prefix_length": 73,
  "keep_m": 20,
  "kl_to_baseline": 0.0019150775887766419,
  "token_kl": 0.006624546140678956,
  "distribution": {
    "A": 0.0058957400376911245,
    "B": 0.9915109611424633,
    "C": 0.0009041410180064397,
    "D": 0.001689157801839185
  }
}