{
  "question_id": "gpqa_gpqa_diamond_0023",
  "method": "single_sentence_oracle",
  "prefix_length": 365,
  "keep_m": 5,
  "kl_to_baseline": 0.0004339710048334502,
  "token_kl": 0.19117497283899368,
  "distribution": {
    "A": 0.00012332621759954474,
    "B": 0.0004877646525537974,
    "C": 0.9993228973624404,
    "D": 6.601176740617615e-05
  }
}