{
  "question_id": "gpqa_gpqa_diamond_0004",
  "method": "single_sentence_oracle",
  "prefix_length": 56,
  "keep_m": 3,
  "kl_to_baseline": 0.1600817722880685,
  "token_kl": 0.04970224792885603,
  "distribution": {
    "A": 0.0014730036927976154,
    "B": 0.13259553520747358,
    "C": 0.8646315399033393,
    "D": 0.0012999211963895666
  }
}