{
  "question_id": "gpqa_gpqa_diamond_0001",
  "method": "single_sentence_oracle",
  "prefix_length": 329,
  "keep_m": 5,
  "kl_to_baseline": 0.030540016881262008,
  "token_kl": 0.1756675952745613,
  "distribution": {
    "A": 0.3818183045785905,
    "B": 0.18035819630720756,
    "C": 0.14046310451739943,
    "D": 0.2973603945968024
  }
}