{
  "question_id": "gpqa_gpqa_diamond_0001",
  "method": "single_sentence_oracle",
  "prefix_length": 175,
  "keep_m": 15,
  "kl_to_baseline": 0.010414115709616846,
  "token_kl": 0.09738160951917511,
  "distribution": {
    "A": 0.25831303139647127,
    "B": 0.138265002190346,
    "C": 0.1775357770507905,
    "D": 0.4258861893623922
  }
}