{
  "question_id": "gpqa_gpqa_diamond_0011",
  "method": "single_sentence_oracle",
  "prefix_length": 77,
  "keep_m": 5,
  "kl_to_baseline": 0.023063863209577755,
  "token_kl": 0.15342637955379373,
  "distribution": {
    "A": 0.10240479726703738,
    "B": 0.5200545339348172,
    "C": 0.3154290195540308,
    "D": 0.062111649244114664
  }
}