{
  "question_id": "gpqa_gpqa_diamond_0009",
  "method": "single_sentence_oracle",
  "prefix_length": 111,
  "keep_m": 5,
  "kl_to_baseline": 0.008374404008046496,
  "token_kl": 0.8066975212412456,
  "distribution": {
    "A": 0.01382591387256286,
    "B": 0.0074004784100085205,
    "C": 0.009502402374099824,
    "D": 0.9692712053433288
  }
}