{
  "question_id": "gpqa_gpqa_diamond_0031",
  "method": "single_sentence_oracle",
  "prefix_length": 132,
  "keep_m": 15,
  "kl_to_baseline": 0.023647537080234583,
  "token_kl": 0.10839303482539085,
  "distribution": {
    "A": 0.9628661945850843,
    "B": 0.003935013989797559,
    "C": 0.015563282235415154,
    "D": 0.0176355091897031
  }
}