{
  "question_id": "gpqa_gpqa_diamond_0004",
  "method": "single_sentence_oracle",
  "prefix_length": 120,
  "keep_m": 15,
  "kl_to_baseline": 1.4576131200437261e-05,
  "token_kl": 0.19907515339979162,
  "distribution": {
    "A": 0.00013977141128926592,
    "B": 0.0002958960800213529,
    "C": 0.9994983091689669,
    "D": 6.602333972245708e-05
  }
}