{
  "question_id": "gpqa_gpqa_diamond_0026",
  "method": "single_sentence_oracle",
  "prefix_length": 94,
  "keep_m": 15,
  "kl_to_baseline": 0.0318897789116299,
  "token_kl": 0.22321660373665286,
  "distribution": {
    "A": 0.05921068120185615,
    "B": 0.9262108413469954,
    "C": 0.004289206337468378,
    "D": 0.010289271113679995
  }
}