{
  "question_id": "gpqa_gpqa_diamond_0031",
  "method": "single_sentence_oracle",
  "prefix_length": 197,
  "keep_m": 20,
  "kl_to_baseline": 0.0008361710816810456,
  "token_kl": 0.16782771591004458,
  "distribution": {
    "A": 0.9804946696055152,
    "B": 0.003536216701104966,
    "C": 0.007486170814985231,
    "D": 0.008482942878394538
  }
}