{
  "question_id": "gpqa_gpqa_diamond_0023",
  "method": "single_sentence_oracle",
  "prefix_length": 150,
  "keep_m": 3,
  "kl_to_baseline": 0.05219044002783563,
  "token_kl": 0.28205213229970866,
  "distribution": {
    "A": 0.26457518776546024,
    "B": 0.26457518776546024,
    "C": 0.3849546267197432,
    "D": 0.08589499774933637
  }
}