{
  "question_id": "gpqa_gpqa_diamond_0023",
  "method": "single_sentence_oracle",
  "prefix_length": 283,
  "keep_m": 15,
  "kl_to_baseline": 0.0017473004681628317,
  "token_kl": 0.15084668446150074,
  "distribution": {
    "A": 0.5374781555922478,
    "B": 0.2876913082123199,
    "C": 0.13589575151380634,
    "D": 0.03893478468162595
  }
}