{
  "question_id": "gpqa_gpqa_diamond_0001",
  "method": "single_sentence_oracle",
  "prefix_length": 279,
  "keep_m": 3,
  "kl_to_baseline": 0.0370033025876307,
  "token_kl": 0.29690477081771577,
  "distribution": {
    "A": 0.4167500479242407,
    "B": 0.10537091366877373,
    "C": 0.15331377473854146,
    "D": 0.3245652636684442
  }
}