{
  "question_id": "gpqa_gpqa_diamond_0026",
  "method": "single_sentence_oracle",
  "prefix_length": 58,
  "keep_m": 3,
  "kl_to_baseline": 0.00013260326477069313,
  "token_kl": 0.3738269938192371,
  "distribution": {
    "A": 0.0024622676089112714,
    "B": 0.9933496923501199,
    "C": 0.0010264258484397244,
    "D": 0.0031616141925290245
  }
}