{
  "question_id": "gpqa_gpqa_diamond_0001",
  "method": "single_sentence_oracle",
  "prefix_length": 399,
  "keep_m": 20,
  "kl_to_baseline": 0.011940130926122023,
  "token_kl": 0.2038280095678589,
  "distribution": {
    "A": 0.43495987457420937,
    "B": 0.14121080489921503,
    "C": 0.16001280512786692,
    "D": 0.2638165153987087
  }
}