{
  "question_id": "medmcqa_0001",
  "method": "single_sentence_oracle",
  "prefix_length": 53,
  "keep_m": 5,
  "kl_to_baseline": 0.006797571858049305,
  "token_kl": 0.23944893198829317,
  "distribution": {
    "A": 0.981027802836072,
    "B": 0.005147962135886252,
    "C": 0.0014749158459860408,
    "D": 0.012349319182055622
  }
}