{
  "question_id": "medmcqa_0001",
  "method": "single_sentence_oracle",
  "prefix_length": 27,
  "keep_m": 5,
  "kl_to_baseline": 0.3081947475871285,
  "token_kl": 0.0456461422261655,
  "distribution": {
    "A": 0.7254824826611477,
    "B": 0.031875473785701325,
    "C": 0.007112379570610612,
    "D": 0.2355296639825404
  }
}