{
  "question_id": "medmcqa_0001",
  "method": "single_sentence_oracle",
  "prefix_length": 74,
  "keep_m": 15,
  "kl_to_baseline": 0.0011139852831182945,
  "token_kl": 0.008415292818383376,
  "distribution": {
    "A": 0.9927260571066474,
    "B": 0.003580329948638035,
    "C": 0.0009052491770612695,
    "D": 0.0027883637676533045
  }
}