{
  "question_id": "medmcqa_0001",
  "method": "single_sentence_oracle",
  "prefix_length": 37,
  "keep_m": 3,
  "kl_to_baseline": 0.3403260673295263,
  "token_kl": 2.0556051318913586,
  "distribution": {
    "A": 0.6960486887379079,
    "B": 0.012748573772340444,
    "C": 0.0010464666605592375,
    "D": 0.2901562708291924
  }
}