{
  "question_id": "medmcqa_0001",
  "method": "single_sentence_oracle",
  "prefix_length": 85,
  "keep_m": 15,
  "kl_to_baseline": 0.013584638767470368,
  "token_kl": 0.09082531980569375,
  "distribution": {
    "A": 0.9592734308677953,
    "B": 0.008299341340319977,
    "C": 0.0034596801931271247,
    "D": 0.02896754759875775
  }
}