{
  "question_id": "medmcqa_0001",
  "method": "single_sentence_oracle",
  "prefix_length": 88,
  "keep_m": 3,
  "kl_to_baseline": 0.0013208354219240593,
  "token_kl": 0.6490461483647749,
  "distribution": {
    "A": 0.9526283372270284,
    "B": 0.0038931737869420174,
    "C": 0.0016229162877840764,
    "D": 0.041855572698245434
  }
}