{
  "question_id": "medmcqa_0001",
  "method": "single_sentence_oracle",
  "prefix_length": 90,
  "keep_m": 20,
  "kl_to_baseline": 0.05332252784417724,
  "token_kl": 0.2034889600077627,
  "distribution": {
    "A": 0.9066202413451401,
    "B": 0.01007164157284102,
    "C": 0.008888192491974443,
    "D": 0.07441992459004441
  }
}