{
  "question_id": "medmcqa_0001",
  "method": "single_sentence_oracle",
  "prefix_length": 55,
  "keep_m": 10,
  "kl_to_baseline": 0.003010462498201515,
  "token_kl": 0.3599503752884778,
  "distribution": {
    "A": 0.9843120222019445,
    "B": 0.004558268991747415,
    "C": 0.0014798532750538553,
    "D": 0.009649855531254317
  }
}