{
  "question_id": "medmcqa_0001",
  "method": "single_sentence_oracle",
  "prefix_length": 53,
  "keep_m": 15,
  "kl_to_baseline": 0.04854434033904767,
  "token_kl": 0.09145940581943328,
  "distribution": {
    "A": 0.9340718237294817,
    "B": 0.015097865542736878,
    "C": 0.004325610900344293,
    "D": 0.04650469982743711
  }
}