{
  "question_id": "medmcqa_0001",
  "method": "single_sentence_oracle",
  "prefix_length": 29,
  "keep_m": 15,
  "kl_to_baseline": 0.03852753289424336,
  "token_kl": 0.2496245536763362,
  "distribution": {
    "A": 0.9434864394995558,
    "B": 0.017280558467293667,
    "C": 0.0026500594708136677,
    "D": 0.03658294256233698
  }
}