{
  "question_id": "medmcqa_0001",
  "method": "single_sentence_oracle",
  "prefix_length": 74,
  "keep_m": 20,
  "kl_to_baseline": 0.024608827427253094,
  "token_kl": 0.01017635091461385,
  "distribution": {
    "A": 0.9596449086949372,
    "B": 0.0225686864198991,
    "C": 0.0057062575522513585,
    "D": 0.012080147332912327
  }
}