{
  "question_id": "medmcqa_0001",
  "method": "single_sentence_oracle",
  "prefix_length": 84,
  "keep_m": 15,
  "kl_to_baseline": 0.02938525688525669,
  "token_kl": 0.2661111516892353,
  "distribution": {
    "A": 0.958652514766342,
    "B": 0.01755833661614187,
    "C": 0.008293970939233267,
    "D": 0.015495177678282885
  }
}