{
  "question_id": "waffle",
  "method": "single_sentence_oracle",
  "prefix_length": 63,
  "keep_m": 15,
  "kl_to_baseline": 0.0033278057249672434,
  "token_kl": 0.2743369897168895,
  "distribution": {
    "A": 0.4678874197455621,
    "B": 0.36439108888710287,
    "C": 0.104399807344689,
    "D": 0.06332168402264605
  }
}