{
  "question_id": "waffle",
  "method": "single_sentence_oracle",
  "prefix_length": 215,
  "keep_m": 10,
  "kl_to_baseline": 0.005196051724932848,
  "token_kl": 0.6416968600183719,
  "distribution": {
    "A": 0.3067671397975482,
    "B": 0.028533785413392656,
    "C": 0.6494260400476323,
    "D": 0.01527303474142688
  }
}