{
  "question_id": "waffle",
  "method": "single_sentence_oracle",
  "prefix_length": 198,
  "keep_m": 20,
  "kl_to_baseline": 0.598158566437322,
  "token_kl": 0.4044953431545712,
  "distribution": {
    "A": 0.4392175912406816,
    "B": 0.23509622130533,
    "C": 0.1830931212497193,
    "D": 0.14259306620426906
  }
}