{
  "question_id": "waffle",
  "method": "single_sentence_oracle",
  "prefix_length": 290,
  "keep_m": 5,
  "kl_to_baseline": 0.2324848408798917,
  "token_kl": 0.5499570240024667,
  "distribution": {
    "A": 0.563674329165017,
    "B": 0.14251919804640045,
    "C": 0.2073642095757838,
    "D": 0.08644226321279871
  }
}