{
  "question_id": "waffle",
  "method": "single_sentence_oracle",
  "prefix_length": 112,
  "keep_m": 5,
  "kl_to_baseline": 0.0022411423358849047,
  "token_kl": 1.097412341563864,
  "distribution": {
    "A": 0.5386452966095955,
    "B": 0.37020513743095823,
    "C": 0.06433199894801925,
    "D": 0.02681756701142698
  }
}