{
  "question_id": "waffle",
  "method": "single_sentence_oracle",
  "prefix_length": 35,
  "keep_m": 5,
  "kl_to_baseline": 0.01589681033468604,
  "token_kl": 0.10592322739973108,
  "distribution": {
    "A": 0.5746624561183111,
    "B": 0.21140649061820363,
    "C": 0.1452974144687156,
    "D": 0.06863363879476962
  }
}