{
  "question_id": "waffle",
  "method": "single_sentence_oracle",
  "prefix_length": 158,
  "keep_m": 20,
  "kl_to_baseline": 0.000617125198203919,
  "token_kl": 0.9015954993616191,
  "distribution": {
    "A": 0.7237484769797989,
    "B": 0.18299226693027862,
    "C": 0.052428162263845154,
    "D": 0.04083109382607728
  }
}