{
  "question_id": "waffle",
  "method": "single_sentence_oracle",
  "prefix_length": 231,
  "keep_m": 20,
  "kl_to_baseline": 0.4705306129417977,
  "token_kl": 0.6876632220058623,
  "distribution": {
    "A": 0.5485293213966368,
    "B": 0.22866104077028365,
    "C": 0.1386899319089775,
    "D": 0.08411970592410212
  }
}