{
  "question_id": "waffle",
  "method": "single_sentence_oracle",
  "prefix_length": 186,
  "keep_m": 15,
  "kl_to_baseline": 0.02324144637637484,
  "token_kl": 0.6173800718713685,
  "distribution": {
    "A": 0.33591087096962313,
    "B": 0.02757324338129416,
    "C": 0.6275641641522732,
    "D": 0.008951721496809435
  }
}