{
  "question_id": "waffle",
  "method": "single_sentence_oracle",
  "prefix_length": 218,
  "keep_m": 5,
  "kl_to_baseline": 0.7196644724458277,
  "token_kl": 1.8714987364659137,
  "distribution": {
    "A": 0.39855635395481104,
    "B": 0.27392350906716156,
    "C": 0.21333184336317249,
    "D": 0.11418829361485498
  }
}