{
  "question_id": "waffle",
  "method": "single_sentence_oracle",
  "prefix_length": 271,
  "keep_m": 5,
  "kl_to_baseline": 0.2601482486023004,
  "token_kl": 0.4210568644195983,
  "distribution": {
    "A": 0.5603370354316439,
    "B": 0.18191480110514624,
    "C": 0.18191480110514624,
    "D": 0.07583336235806362
  }
}