{
  "question_id": "waffle",
  "method": "single_sentence_oracle",
  "prefix_length": 237,
  "keep_m": 3,
  "kl_to_baseline": 0.7409316146141406,
  "token_kl": 0.8712661180437035,
  "distribution": {
    "A": 0.19828950388602495,
    "B": 0.28850952576306876,
    "C": 0.28850952576306876,
    "D": 0.2246914445878376
  }
}