{
  "question_id": "waffle",
  "method": "single_sentence_oracle",
  "prefix_length": 56,
  "keep_m": 15,
  "kl_to_baseline": 0.0030131035952198153,
  "token_kl": 0.19216053808122746,
  "distribution": {
    "A": 0.42971405476333235,
    "B": 0.42971405476333235,
    "C": 0.0746731058523048,
    "D": 0.0658987846210306
  }
}