{
  "question_id": "waffle",
  "method": "single_sentence_oracle",
  "prefix_length": 256,
  "keep_m": 10,
  "kl_to_baseline": 0.349186842542109,
  "token_kl": 0.703118059669109,
  "distribution": {
    "A": 0.07297284472535871,
    "B": 0.026845209338255394,
    "C": 0.8889912004210304,
    "D": 0.011190745515355536
  }
}