{
  "question_id": "waffle",
  "method": "single_sentence_oracle",
  "prefix_length": 225,
  "keep_m": 5,
  "kl_to_baseline": 0.23184453565343374,
  "token_kl": 0.5226532348134952,
  "distribution": {
    "A": 0.49803982458894736,
    "B": 0.18321860143022514,
    "C": 0.20761387478372703,
    "D": 0.11112769919710049
  }
}