{
  "question_id": "waffle",
  "method": "single_sentence_oracle",
  "prefix_length": 272,
  "keep_m": 15,
  "kl_to_baseline": 0.24715808823761637,
  "token_kl": 0.36969299291498897,
  "distribution": {
    "A": 0.2634374491255174,
    "B": 0.08552561785318898,
    "C": 0.6319535882129181,
    "D": 0.019083344808375466
  }
}