{
  "question_id": "waffle",
  "method": "single_sentence_oracle",
  "prefix_length": 298,
  "keep_m": 3,
  "kl_to_baseline": 0.415356159965363,
  "token_kl": 0.9896716367017244,
  "distribution": {
    "A": 0.032420161694143204,
    "B": 0.011926710966729204,
    "C": 0.9474560267604558,
    "D": 0.008197100578671693
  }
}