{
  "question_id": "waffle",
  "method": "single_sentence_oracle",
  "prefix_length": 144,
  "keep_m": 3,
  "kl_to_baseline": 0.004869595682291967,
  "token_kl": 0.05404532555000215,
  "distribution": {
    "A": 0.8378245821484928,
    "B": 0.10006386927747905,
    "C": 0.036811440311251255,
    "D": 0.025300108262776795
  }
}