{
  "question_id": "waffle",
  "method": "single_sentence_oracle",
  "prefix_length": 171,
  "keep_m": 10,
  "kl_to_baseline": 0.026782846431823902,
  "token_kl": 0.31812571093938674,
  "distribution": {
    "A": 0.7767058860080833,
    "B": 0.15294245715480947,
    "C": 0.02069851075794964,
    "D": 0.049653146079157585
  }
}