{
  "question_id": "waffle",
  "method": "single_sentence_oracle",
  "prefix_length": 171,
  "keep_m": 15,
  "kl_to_baseline": 0.01598612591520295,
  "token_kl": 0.26229471687559636,
  "distribution": {
    "A": 0.847792756985022,
    "B": 0.08935670316994224,
    "C": 0.025601124089800604,
    "D": 0.03724941575523509
  }
}