{
  "question_id": "waffle",
  "method": "single_sentence_oracle",
  "prefix_length": 72,
  "keep_m": 5,
  "kl_to_baseline": 0.007047733084832939,
  "token_kl": 0.6638172784856959,
  "distribution": {
    "A": 0.42000513806143,
    "B": 0.37065323340882733,
    "C": 0.13635568811996188,
    "D": 0.07298594040978071
  }
}