{
  "question_id": "waffle",
  "method": "single_sentence_oracle",
  "prefix_length": 212,
  "keep_m": 3,
  "kl_to_baseline": 0.4524389410801184,
  "token_kl": 1.4967152088037032,
  "distribution": {
    "A": 0.006642377033633748,
    "B": 0.005861877157980836,
    "C": 0.9858162898840187,
    "D": 0.0016794559243666878
  }
}