{
  "question_id": "waffle",
  "method": "single_sentence_oracle",
  "prefix_length": 206,
  "keep_m": 3,
  "kl_to_baseline": 0.07975799622099909,
  "token_kl": 0.7793261605368683,
  "distribution": {
    "A": 0.07440562775229291,
    "B": 0.01660213963631357,
    "C": 0.9064462120379118,
    "D": 0.0025460205734817404
  }
}