{
  "question_id": "waffle",
  "method": "single_sentence_oracle",
  "prefix_length": 69,
  "keep_m": 5,
  "kl_to_baseline": 0.006275753077689289,
  "token_kl": 0.5081462199048242,
  "distribution": {
    "A": 0.40388215932515253,
    "B": 0.40388215932515253,
    "C": 0.10211739582984851,
    "D": 0.09011828551984638
  }
}