{
  "question_id": "waffle",
  "method": "single_sentence_oracle",
  "prefix_length": 294,
  "keep_m": 3,
  "kl_to_baseline": 0.14714857077675927,
  "token_kl": 0.6486746330303144,
  "distribution": {
    "A": 0.5528631034769009,
    "B": 0.15839793115314374,
    "C": 0.23046762992110909,
    "D": 0.058271335448846204
  }
}