{
  "question_id": "waffle",
  "method": "single_sentence_oracle",
  "prefix_length": 80,
  "keep_m": 5,
  "kl_to_baseline": 0.02977837108375423,
  "token_kl": 0.3087816428248932,
  "distribution": {
    "A": 0.5238779385091801,
    "B": 0.3177480316528674,
    "C": 0.10315769477171718,
    "D": 0.05521633506623531
  }
}