{
  "question_id": "waffle",
  "method": "single_sentence_oracle",
  "prefix_length": 279,
  "keep_m": 3,
  "kl_to_baseline": 0.0791210845375665,
  "token_kl": 0.7108944034548769,
  "distribution": {
    "A": 0.40517438689172,
    "B": 0.10244414042443091,
    "C": 0.45912272972865226,
    "D": 0.03325874295519675
  }
}