{
  "question_id": "waffle",
  "method": "single_sentence_oracle",
  "prefix_length": 234,
  "keep_m": 20,
  "kl_to_baseline": 0.5930440499042766,
  "token_kl": 1.1550958575018624,
  "distribution": {
    "A": 0.3785916584111441,
    "B": 0.3341059658921999,
    "C": 0.1788340365801759,
    "D": 0.1084683391164802
  }
}