{
  "question_id": "waffle",
  "method": "single_sentence_oracle",
  "prefix_length": 149,
  "keep_m": 10,
  "kl_to_baseline": 0.017397269009188816,
  "token_kl": 0.3652961423975553,
  "distribution": {
    "A": 0.6764172107664038,
    "B": 0.19379677556336491,
    "C": 0.0807865152685269,
    "D": 0.048999498401704346
  }
}