{
  "question_id": "waffle",
  "method": "single_sentence_oracle",
  "prefix_length": 107,
  "keep_m": 3,
  "kl_to_baseline": 0.009770191885636147,
  "token_kl": 0.4530715312330118,
  "distribution": {
    "A": 0.7130621236081984,
    "B": 0.15910565635304036,
    "C": 0.09650245871182113,
    "D": 0.03132976132694
  }
}