{
  "question_id": "waffle",
  "method": "single_sentence_oracle",
  "prefix_length": 183,
  "keep_m": 15,
  "kl_to_baseline": 0.165462029500765,
  "token_kl": 0.5697268275625537,
  "distribution": {
    "A": 0.26327800695837805,
    "B": 0.013107841694768129,
    "C": 0.7156638434763173,
    "D": 0.007950307870536476
  }
}