{
  "question_id": "waffle",
  "method": "single_sentence_oracle",
  "prefix_length": 93,
  "keep_m": 15,
  "kl_to_baseline": 0.01810611952033966,
  "token_kl": 0.1592647553256031,
  "distribution": {
    "A": 0.4487218350185367,
    "B": 0.34946493732340694,
    "C": 0.1134546541572751,
    "D": 0.08835857350078127
  }
}