{
  "question_id": "waffle",
  "method": "single_sentence_oracle",
  "prefix_length": 69,
  "keep_m": 10,
  "kl_to_baseline": 0.006503250647916818,
  "token_kl": 0.35722933230042214,
  "distribution": {
    "A": 0.3200314368056599,
    "B": 0.46564299296016254,
    "C": 0.1334089511074223,
    "D": 0.08091661912675531
  }
}