{
  "question_id": "waffle",
  "method": "single_sentence_oracle",
  "prefix_length": 196,
  "keep_m": 20,
  "kl_to_baseline": 0.2336152977816953,
  "token_kl": 0.18267949594108512,
  "distribution": {
    "A": 0.4516954454874418,
    "B": 0.18829467568547859,
    "C": 0.2133658204737198,
    "D": 0.1466440583533599
  }
}