{
  "question_id": "waffle",
  "method": "single_sentence_oracle",
  "prefix_length": 229,
  "keep_m": 10,
  "kl_to_baseline": 0.6031773330845133,
  "token_kl": 0.6544891786758898,
  "distribution": {
    "A": 0.5140406183633489,
    "B": 0.16688456502116797,
    "C": 0.18910498669446668,
    "D": 0.12996982992101638
  }
}