{
  "question_id": "waffle",
  "method": "single_sentence_oracle",
  "prefix_length": 278,
  "keep_m": 3,
  "kl_to_baseline": 0.04732133439579022,
  "token_kl": 0.7169610495007909,
  "distribution": {
    "A": 0.18756229111363115,
    "B": 0.041850804053990935,
    "C": 0.7418232958972882,
    "D": 0.028763608935089724
  }
}