{
  "question_id": "waffle",
  "method": "single_sentence_oracle",
  "prefix_length": 296,
  "keep_m": 3,
  "kl_to_baseline": 0.3729725690441235,
  "token_kl": 0.5229198058421018,
  "distribution": {
    "A": 0.37480846975763354,
    "B": 0.1770469847975482,
    "C": 0.29190112974904,
    "D": 0.15624341569577824
  }
}