{
  "question_id": "waffle",
  "method": "single_sentence_oracle",
  "prefix_length": 301,
  "keep_m": 10,
  "kl_to_baseline": 0.1394089053986242,
  "token_kl": 0.6731344353611981,
  "distribution": {
    "A": 0.16328988127292296,
    "B": 0.14410281444676085,
    "C": 0.6458239700168928,
    "D": 0.046783334263423355
  }
}