{
  "question_id": "waffle",
  "method": "single_sentence_oracle",
  "prefix_length": 221,
  "keep_m": 3,
  "kl_to_baseline": 0.5042590895555503,
  "token_kl": 0.6326579979496948,
  "distribution": {
    "A": 0.3233250233605477,
    "B": 0.25180578137977483,
    "C": 0.25180578137977483,
    "D": 0.17306341387990265
  }
}