{
  "question_id": "waffle",
  "method": "single_sentence_oracle",
  "prefix_length": 188,
  "keep_m": 5,
  "kl_to_baseline": 0.3738651835888656,
  "token_kl": 2.192052349704718,
  "distribution": {
    "A": 0.3607860911977634,
    "B": 0.17042328217599284,
    "C": 0.3183926079776296,
    "D": 0.15039801864861416
  }
}