{
  "question_id": "waffle",
  "method": "single_sentence_oracle",
  "prefix_length": 104,
  "keep_m": 10,
  "kl_to_baseline": 0.006313035351292779,
  "token_kl": 0.3838577423235846,
  "distribution": {
    "A": 0.7030404179151986,
    "B": 0.15686952104023727,
    "C": 0.09514618542764845,
    "D": 0.04494387561691566
  }
}