{
  "question_id": "waffle",
  "method": "single_sentence_oracle",
  "prefix_length": 259,
  "keep_m": 15,
  "kl_to_baseline": 0.21792591746598858,
  "token_kl": 0.28985749917101605,
  "distribution": {
    "A": 0.7131773552682129,
    "B": 0.18031946886917402,
    "C": 0.07516834694092449,
    "D": 0.031334828921688616
  }
}