{
  "question_id": "waffle",
  "method": "single_sentence_oracle",
  "prefix_length": 168,
  "keep_m": 15,
  "kl_to_baseline": 0.001458478934676182,
  "token_kl": 0.38656914755166755,
  "distribution": {
    "A": 0.821172807579652,
    "B": 0.12593093243336856,
    "C": 0.02809898912149862,
    "D": 0.024797270865480774
  }
}