{
  "question_id": "waffle",
  "method": "single_sentence_oracle",
  "prefix_length": 297,
  "keep_m": 10,
  "kl_to_baseline": 0.30982670518549077,
  "token_kl": 0.316562046085838,
  "distribution": {
    "A": 0.15771855983116534,
    "B": 0.12283132325877012,
    "C": 0.6237889861704375,
    "D": 0.09566113073962702
  }
}