{
  "question_id": "waffle",
  "method": "single_sentence_oracle",
  "prefix_length": 299,
  "keep_m": 20,
  "kl_to_baseline": 0.23290580061448174,
  "token_kl": 0.19412581955760536,
  "distribution": {
    "A": 0.23516483149253437,
    "B": 0.2075322353889899,
    "C": 0.49784395217641214,
    "D": 0.059458980942063706
  }
}