{
  "question_id": "waffle",
  "method": "single_sentence_oracle",
  "prefix_length": 78,
  "keep_m": 3,
  "kl_to_baseline": 0.010931522688410035,
  "token_kl": 0.8099488710166307,
  "distribution": {
    "A": 0.26023666865744616,
    "B": 0.4861861041949025,
    "C": 0.1578415183222188,
    "D": 0.09573570882543257
  }
}