{
  "question_id": "waffle",
  "method": "single_sentence_oracle",
  "prefix_length": 155,
  "keep_m": 10,
  "kl_to_baseline": 6.938596358769087e-16,
  "token_kl": 0.5552796818740755,
  "distribution": {
    "A": 0.7198350240619084,
    "B": 0.18200279110580692,
    "C": 0.052144672693756826,
    "D": 0.046017512138527936
  }
}