{
  "question_id": "waffle",
  "method": "single_sentence_oracle",
  "prefix_length": 292,
  "keep_m": 3,
  "kl_to_baseline": 0.1876494216926048,
  "token_kl": 0.3380609960184067,
  "distribution": {
    "A": 0.7069593489647857,
    "B": 0.09567655228307058,
    "C": 0.1228511249125162,
    "D": 0.07451297383962757
  }
}