{
  "question_id": "waffle",
  "method": "single_sentence_oracle",
  "prefix_length": 135,
  "keep_m": 3,
  "kl_to_baseline": 0.06741488936081565,
  "token_kl": 0.6179521976483919,
  "distribution": {
    "A": 0.7201578885661883,
    "B": 0.16068894500792869,
    "C": 0.06698511017076605,
    "D": 0.05216805625511693
  }
}