{
  "question_id": "waffle",
  "method": "single_sentence_oracle",
  "prefix_length": 56,
  "keep_m": 5,
  "kl_to_baseline": 0.022012149361688146,
  "token_kl": 0.3220605801662787,
  "distribution": {
    "A": 0.5013271168967722,
    "B": 0.30407026694323175,
    "C": 0.12675536071255436,
    "D": 0.06784725544744175
  }
}