{
  "question_id": "waffle",
  "method": "single_sentence_oracle",
  "prefix_length": 182,
  "keep_m": 10,
  "kl_to_baseline": 0.531973759715601,
  "token_kl": 0.2604609689022127,
  "distribution": {
    "A": 0.1317822635215374,
    "B": 0.005790108565088174,
    "C": 0.8593284061315454,
    "D": 0.0030992217818291367
  }
}