{
  "question_id": "waffle",
  "method": "single_sentence_oracle",
  "prefix_length": 257,
  "keep_m": 15,
  "kl_to_baseline": 0.03860499942338383,
  "token_kl": 0.5064885140156258,
  "distribution": {
    "A": 0.5631906748334017,
    "B": 0.1256648329598867,
    "C": 0.30145426310797446,
    "D": 0.009690229098737152
  }
}