{
  "question_id": "waffle",
  "method": "single_sentence_oracle",
  "prefix_length": 261,
  "keep_m": 3,
  "kl_to_baseline": 0.1183410802327352,
  "token_kl": 0.6211521152645328,
  "distribution": {
    "A": 0.6766364876496308,
    "B": 0.09157279343337145,
    "C": 0.1509780123510285,
    "D": 0.08081270656596927
  }
}