{
  "question_id": "waffle",
  "method": "single_sentence_oracle",
  "prefix_length": 211,
  "keep_m": 10,
  "kl_to_baseline": 0.001703519346596304,
  "token_kl": 0.07504024113951377,
  "distribution": {
    "A": 0.2617032892531965,
    "B": 0.021481914138218424,
    "C": 0.7113833168258,
    "D": 0.005431479782784953
  }
}