{
  "question_id": "waffle",
  "method": "single_sentence_oracle",
  "prefix_length": 265,
  "keep_m": 15,
  "kl_to_baseline": 0.21393420782632147,
  "token_kl": 0.34276580433664905,
  "distribution": {
    "A": 0.37463311410391664,
    "B": 0.17696414210401318,
    "C": 0.37463311410391664,
    "D": 0.0737696296881535
  }
}