{
  "question_id": "waffle",
  "method": "single_sentence_oracle",
  "prefix_length": 45,
  "keep_m": 3,
  "kl_to_baseline": 0.005269167785829296,
  "token_kl": 0.18542954620233978,
  "distribution": {
    "A": 0.5323223277557437,
    "B": 0.25145126290905323,
    "C": 0.13459214614296894,
    "D": 0.08163426319223413
  }
}