{
  "question_id": "waffle",
  "method": "single_sentence_oracle",
  "prefix_length": 267,
  "keep_m": 5,
  "kl_to_baseline": 0.15851032476537458,
  "token_kl": 0.9475577882434079,
  "distribution": {
    "A": 0.6927076633650924,
    "B": 0.13640222642000327,
    "C": 0.13640222642000327,
    "D": 0.034487883794901135
  }
}