{
  "question_id": "waffle",
  "method": "single_sentence_oracle",
  "prefix_length": 106,
  "keep_m": 20,
  "kl_to_baseline": 0.0023823088991011925,
  "token_kl": 0.4997966866893074,
  "distribution": {
    "A": 0.7148718602567571,
    "B": 0.18074789065267674,
    "C": 0.06649343300622368,
    "D": 0.037886816084342516
  }
}