{
  "question_id": "waffle",
  "method": "single_sentence_oracle",
  "prefix_length": 200,
  "keep_m": 20,
  "kl_to_baseline": 0.4293970300023344,
  "token_kl": 0.7915270344038952,
  "distribution": {
    "A": 0.2866962688957339,
    "B": 0.32486943359923176,
    "C": 0.25300856928304544,
    "D": 0.1354257282219888
  }
}