{
  "question_id": "waffle",
  "method": "single_sentence_oracle",
  "prefix_length": 158,
  "keep_m": 15,
  "kl_to_baseline": 0.0006171244785458056,
  "token_kl": 0.6148168758548335,
  "distribution": {
    "A": 0.7237484731088267,
    "B": 0.18299227685873296,
    "C": 0.052428158858471,
    "D": 0.04083109117396923
  }
}