{
  "question_id": "waffle",
  "method": "single_sentence_oracle",
  "prefix_length": 156,
  "keep_m": 3,
  "kl_to_baseline": 0.018092317716985846,
  "token_kl": 0.26714232697312845,
  "distribution": {
    "A": 0.647140697165239,
    "B": 0.18540892503252138,
    "C": 0.09924224607307777,
    "D": 0.06820813172916182
  }
}