{
  "question_id": "waffle",
  "method": "single_sentence_oracle",
  "prefix_length": 190,
  "keep_m": 5,
  "kl_to_baseline": 0.33198630219403014,
  "token_kl": 0.38463472791572717,
  "distribution": {
    "A": 0.3075818303735863,
    "B": 0.23954497035348501,
    "C": 0.3075818303735863,
    "D": 0.14529136889934247
  }
}