{
  "question_id": "waffle",
  "method": "single_sentence_oracle",
  "prefix_length": 29,
  "keep_m": 3,
  "kl_to_baseline": 0.03281202464878796,
  "token_kl": 0.1436675823384158,
  "distribution": {
    "A": 0.6239667753155277,
    "B": 0.17876947420928313,
    "C": 0.139225806503453,
    "D": 0.05803794397173616
  }
}