{
  "question_id": "waffle",
  "method": "single_sentence_oracle",
  "prefix_length": 226,
  "keep_m": 10,
  "kl_to_baseline": 0.4025033084260824,
  "token_kl": 0.7776688940215498,
  "distribution": {
    "A": 0.38603627300517357,
    "B": 0.2653185916608806,
    "C": 0.20663032694889613,
    "D": 0.1420148083850496
  }
}