{
  "question_id": "waffle",
  "method": "single_sentence_oracle",
  "prefix_length": 244,
  "keep_m": 20,
  "kl_to_baseline": 0.00943372519872216,
  "token_kl": 0.4609760917552827,
  "distribution": {
    "A": 0.10538294803520883,
    "B": 0.008650359144452514,
    "C": 0.8823606866364377,
    "D": 0.0036060061839009293
  }
}