{
  "question_id": "waffle",
  "method": "single_sentence_oracle",
  "prefix_length": 287,
  "keep_m": 5,
  "kl_to_baseline": 0.45003578939627337,
  "token_kl": 0.3548772833097728,
  "distribution": {
    "A": 0.006636509000351306,
    "B": 0.0075201499075121525,
    "C": 0.9849451872668716,
    "D": 0.0008981538252648733
  }
}