{
  "question_id": "waffle",
  "method": "single_sentence_oracle",
  "prefix_length": 45,
  "keep_m": 20,
  "kl_to_baseline": 0.008800679655588919,
  "token_kl": 0.12167172720803125,
  "distribution": {
    "A": 0.4934439811233099,
    "B": 0.2992889034019494,
    "C": 0.11010223453232292,
    "D": 0.09716488094241767
  }
}