{
  "question_id": "waffle",
  "method": "single_sentence_oracle",
  "prefix_length": 206,
  "keep_m": 20,
  "kl_to_baseline": 0.0250367982195401,
  "token_kl": 0.199781262136826,
  "distribution": {
    "A": 0.12874929150240175,
    "B": 0.022373272100823238,
    "C": 0.8395508667783819,
    "D": 0.009326569618393211
  }
}