{
  "question_id": "waffle",
  "method": "single_sentence_oracle",
  "prefix_length": 82,
  "keep_m": 15,
  "kl_to_baseline": 0.02089272630163247,
  "token_kl": 0.482475983183376,
  "distribution": {
    "A": 0.5369445934624775,
    "B": 0.32567333909028395,
    "C": 0.09330697385884162,
    "D": 0.044075093588396994
  }
}