{
  "question_id": "waffle",
  "method": "single_sentence_oracle",
  "prefix_length": 32,
  "keep_m": 20,
  "kl_to_baseline": 0.0025157251645212646,
  "token_kl": 0.04653642474647017,
  "distribution": {
    "A": 0.6886565176424951,
    "B": 0.1741196355690327,
    "C": 0.09319951375763796,
    "D": 0.044024333030834216
  }
}