{
  "question_id": "waffle",
  "method": "single_sentence_oracle",
  "prefix_length": 150,
  "keep_m": 5,
  "kl_to_baseline": 0.015750898189078526,
  "token_kl": 0.5398265846351515,
  "distribution": {
    "A": 0.6071451478988161,
    "B": 0.22335621771896919,
    "C": 0.10550600659718103,
    "D": 0.06399262778503366
  }
}