{
  "question_id": "waffle",
  "method": "single_sentence_oracle",
  "prefix_length": 184,
  "keep_m": 5,
  "kl_to_baseline": 0.3207178367289723,
  "token_kl": 0.791593009178627,
  "distribution": {
    "A": 0.3177952409322493,
    "B": 0.24749918249440156,
    "C": 0.3177952409322493,
    "D": 0.11691033564109976
  }
}