{
  "question_id": "waffle",
  "method": "single_sentence_oracle",
  "prefix_length": 177,
  "keep_m": 5,
  "kl_to_baseline": 0.08337824380617742,
  "token_kl": 0.19398529303197215,
  "distribution": {
    "A": 0.06878829462307362,
    "B": 0.060705456938939036,
    "C": 0.8380129588379528,
    "D": 0.03249328960003456
  }
}