{
  "question_id": "waffle",
  "method": "single_sentence_oracle",
  "prefix_length": 176,
  "keep_m": 20,
  "kl_to_baseline": 0.0543864360872911,
  "token_kl": 0.4111652680079766,
  "distribution": {
    "A": 0.06472192778816722,
    "B": 0.030572473916049444,
    "C": 0.8934586136763186,
    "D": 0.011246984619464766
  }
}