{
  "question_id": "waffle",
  "method": "single_sentence_oracle",
  "prefix_length": 280,
  "keep_m": 3,
  "kl_to_baseline": 0.06735215338905862,
  "token_kl": 0.386756171108555,
  "distribution": {
    "A": 0.33253672262060036,
    "B": 0.07419896332836232,
    "C": 0.5482603678734922,
    "D": 0.04500394617754509
  }
}