{
  "question_id": "waffle",
  "method": "single_sentence_oracle",
  "prefix_length": 284,
  "keep_m": 10,
  "kl_to_baseline": 0.06441596476070467,
  "token_kl": 0.4652853773006888,
  "distribution": {
    "A": 0.22746082390274058,
    "B": 0.05075336401463947,
    "C": 0.7006286622539988,
    "D": 0.02115714982862114
  }
}