{
  "question_id": "waffle",
  "method": "single_sentence_oracle",
  "prefix_length": 114,
  "keep_m": 5,
  "kl_to_baseline": 0.0017467196626506317,
  "token_kl": 0.713746971638243,
  "distribution": {
    "A": 0.680815868745254,
    "B": 0.2210285647791938,
    "C": 0.0717574689122401,
    "D": 0.02639809756331203
  }
}