{
  "question_id": "waffle",
  "method": "single_sentence_oracle",
  "prefix_length": 170,
  "keep_m": 5,
  "kl_to_baseline": 0.03539940547442031,
  "token_kl": 1.5575768780748669,
  "distribution": {
    "A": 0.8065966857418844,
    "B": 0.0963342392432357,
    "C": 0.05156400251262451,
    "D": 0.045505072502255425
  }
}