{
  "question_id": "waffle",
  "method": "single_sentence_oracle",
  "prefix_length": 160,
  "keep_m": 15,
  "kl_to_baseline": 0.010266304516298008,
  "token_kl": 0.4915955131701432,
  "distribution": {
    "A": 0.7497021221222974,
    "B": 0.14762509637167007,
    "C": 0.06973316618398656,
    "D": 0.032939615322046034
  }
}