{
  "question_id": "waffle",
  "method": "single_sentence_oracle",
  "prefix_length": 18,
  "keep_m": 5,
  "kl_to_baseline": 0.011367132326676625,
  "token_kl": 0.13527807353729987,
  "distribution": {
    "A": 0.432919632356259,
    "B": 0.2625790458665228,
    "C": 0.18046776305922407,
    "D": 0.12403355871799415
  }
}