{
  "question_id": "waffle",
  "method": "single_sentence_oracle",
  "prefix_length": 32,
  "keep_m": 15,
  "kl_to_baseline": 0.0015508362764105766,
  "token_kl": 0.014434840182785966,
  "distribution": {
    "A": 0.7195326334896281,
    "B": 0.18192634564166993,
    "C": 0.06692696236902018,
    "D": 0.03161405849968168
  }
}