{
  "question_id": "waffle",
  "method": "single_sentence_oracle",
  "prefix_length": 90,
  "keep_m": 3,
  "kl_to_baseline": 0.03209043086294091,
  "token_kl": 0.4506038664579382,
  "distribution": {
    "A": 0.5323950919386197,
    "B": 0.25148563427528137,
    "C": 0.15253374766523647,
    "D": 0.06358552612086245
  }
}