{
  "question_id": "waffle",
  "method": "single_sentence_oracle",
  "prefix_length": 186,
  "keep_m": 10,
  "kl_to_baseline": 0.16852048903526096,
  "token_kl": 0.5670326930677724,
  "distribution": {
    "A": 0.42439545338417906,
    "B": 0.13778104750161901,
    "C": 0.33051951142754254,
    "D": 0.10730398768665933
  }
}