{
  "question_id": "waffle",
  "method": "single_sentence_oracle",
  "prefix_length": 111,
  "keep_m": 10,
  "kl_to_baseline": 0.0007669860876843942,
  "token_kl": 0.3830514459708814,
  "distribution": {
    "A": 0.6032070326160707,
    "B": 0.22190746606948406,
    "C": 0.1187785072873814,
    "D": 0.056106994027063845
  }
}