{
  "question_id": "waffle",
  "method": "single_sentence_oracle",
  "prefix_length": 166,
  "keep_m": 5,
  "kl_to_baseline": 0.0375112127816343,
  "token_kl": 0.5815372819085145,
  "distribution": {
    "A": 0.7738275175683276,
    "B": 0.10472616938747752,
    "C": 0.0719771734288606,
    "D": 0.049469139615334334
  }
}