{
  "question_id": "bigbench_logical_deduction_0009",
  "method": "attention",
  "prefix_length": 18,
  "keep_m": 5,
  "kl_to_baseline": 0.3071476031622563,
  "token_kl": 0.009163354270697331,
  "selected_indices": [
    0,
    4,
    6,
    10,
    12
  ],
  "distribution": {
    "A": 0.51835991595395,
    "B": 0.037549861891706525,
    "C": 0.21608456148494548,
    "D": 0.14851260242085165,
    "E": 0.07949305824854636
  }
}