{
  "question_id": "bigbench_logical_deduction_0009",
  "method": "attention",
  "prefix_length": 22,
  "keep_m": 5,
  "kl_to_baseline": 0.33692001678182565,
  "token_kl": 0.0103728743417349,
  "selected_indices": [
    1,
    6,
    10,
    15,
    16
  ],
  "distribution": {
    "A": 0.44554260047547994,
    "B": 0.00635532311199245,
    "C": 0.07742368543016723,
    "D": 0.44554260047547994,
    "E": 0.025135790506880504
  }
}