{
  "question_id": "bigbench_logical_deduction_0009",
  "method": "attention",
  "prefix_length": 66,
  "keep_m": 3,
  "kl_to_baseline": 0.6773816339366916,
  "token_kl": 0.003434462834472958,
  "selected_indices": [
    54,
    57,
    58
  ],
  "distribution": {
    "A": 0.5058138677572923,
    "B": 0.03664102931694192,
    "C": 0.34764044837338165,
    "D": 0.07756905967267155,
    "E": 0.032335594879712604
  }
}