{
  "question_id": "bigbench_logical_deduction_0001",
  "method": "attention",
  "prefix_length": 62,
  "keep_m": 15,
  "kl_to_baseline": 0.05270205066442035,
  "token_kl": 0.08813182180731453,
  "selected_indices": [
    0,
    12,
    27,
    32,
    33,
    34,
    35,
    36,
    38,
    39,
    40,
    49,
    52,
    54,
    56
  ],
  "distribution": {
    "A": 0.94118329156871,
    "B": 0.0018169112458424432,
    "C": 0.0364936379145233,
    "D": 0.0009725225089418445,
    "E": 0.019533636761982526
  }
}