{
  "question_id": "bigbench_logical_deduction_0009",
  "method": "attention",
  "prefix_length": 42,
  "keep_m": 5,
  "kl_to_baseline": 0.1484748203842462,
  "token_kl": 0.000836370834217228,
  "selected_indices": [
    8,
    12,
    25,
    27,
    28
  ],
  "distribution": {
    "A": 0.35612605633291317,
    "B": 0.007391160498761507,
    "C": 0.45727490787623093,
    "D": 0.13101145459034166,
    "E": 0.04819642070175269
  }
}