{
  "question_id": "bigbench_logical_deduction_0009",
  "method": "attention",
  "prefix_length": 27,
  "keep_m": 15,
  "kl_to_baseline": 0.05860424943255728,
  "token_kl": 0.1600494756404817,
  "selected_indices": [
    0,
    1,
    4,
    6,
    8,
    12,
    13,
    14,
    15,
    16,
    17,
    18,
    19,
    20,
    21
  ],
  "distribution": {
    "A": 0.23537124534465362,
    "B": 0.01932045295657563,
    "C": 0.20771439497413569,
    "D": 0.23537124534465362,
    "E": 0.3022226613799815
  }
}