{
  "question_id": "bigbench_logical_deduction_0009",
  "method": "attention",
  "prefix_length": 42,
  "keep_m": 10,
  "kl_to_baseline": 0.20972988673889564,
  "token_kl": 0.0009040605564521765,
  "selected_indices": [
    8,
    12,
    22,
    24,
    25,
    26,
    27,
    28,
    35,
    36
  ],
  "distribution": {
    "A": 0.4812510603026164,
    "B": 0.0053462173189052714,
    "C": 0.330758674438022,
    "D": 0.13788072905242008,
    "E": 0.04476331888803627
  }
}