{
  "question_id": "bigbench_logical_deduction_0009",
  "method": "attention",
  "prefix_length": 72,
  "keep_m": 15,
  "kl_to_baseline": 0.0010430192258335017,
  "token_kl": 0.10355787879167926,
  "selected_indices": [
    0,
    43,
    50,
    51,
    52,
    53,
    54,
    56,
    57,
    59,
    60,
    61,
    64,
    65,
    66
  ],
  "distribution": {
    "A": 0.9988446085235863,
    "B": 0.0002609566383238807,
    "C": 0.00020323323427431965,
    "D": 0.0004302449654917201,
    "E": 0.0002609566383238807
  }
}