{
  "question_id": "bigbench_logical_deduction_0009",
  "method": "attention",
  "prefix_length": 64,
  "keep_m": 10,
  "kl_to_baseline": 0.0014400173300312955,
  "token_kl": 0.08116189885076407,
  "selected_indices": [
    0,
    43,
    50,
    51,
    52,
    53,
    54,
    56,
    57,
    58
  ],
  "distribution": {
    "A": 0.9972732052780016,
    "B": 0.0004867642456560409,
    "C": 0.0010304799161402946,
    "D": 0.0010304799161402946,
    "E": 0.00017907064406169968
  }
}