{
  "question_id": "bigbench_logical_deduction_0009",
  "method": "attention",
  "prefix_length": 70,
  "keep_m": 15,
  "kl_to_baseline": 0.019537214750522454,
  "token_kl": 0.000667914124688016,
  "selected_indices": [
    0,
    12,
    42,
    49,
    53,
    54,
    55,
    56,
    57,
    58,
    59,
    61,
    62,
    63,
    64
  ],
  "distribution": {
    "A": 0.9791989573254812,
    "B": 0.005138365023572202,
    "C": 0.003116575927591569,
    "D": 0.010877918840264338,
    "E": 0.0016681828830905604
  }
}