{
  "question_id": "bigbench_logical_deduction_0009",
  "method": "attention",
  "prefix_length": 23,
  "keep_m": 3,
  "kl_to_baseline": 0.16535912451417856,
  "token_kl": 0.002525584712497937,
  "selected_indices": [
    12,
    15,
    16
  ],
  "distribution": {
    "A": 0.251786081004117,
    "B": 0.020667860112739814,
    "C": 0.32329972757748476,
    "D": 0.2853110081935738,
    "E": 0.11893532311208463
  }
}