{
  "question_id": "bigbench_logical_deduction_0001",
  "method": "attention",
  "prefix_length": 109,
  "keep_m": 3,
  "kl_to_baseline": 0.026146460648066302,
  "token_kl": 0.17084446252190452,
  "selected_indices": [
    40,
    68,
    103
  ],
  "distribution": {
    "A": 0.9635380632951307,
    "B": 0.00017301301652706817,
    "C": 0.03297046067587169,
    "D": 0.0002517324536640812,
    "E": 0.0030667305588064717
  }
}