{
  "question_id": "bigbench_logical_deduction_0001",
  "method": "attention",
  "prefix_length": 79,
  "keep_m": 15,
  "kl_to_baseline": 0.04041146629768311,
  "token_kl": 0.0017733742385580057,
  "selected_indices": [
    0,
    11,
    31,
    33,
    35,
    36,
    59,
    62,
    63,
    64,
    65,
    66,
    67,
    68,
    70
  ],
  "distribution": {
    "A": 0.9521270914569121,
    "B": 0.001114826157953459,
    "C": 0.03257999600677574,
    "D": 0.000596723441856506,
    "E": 0.013581362936502271
  }
}