{
  "question_id": "bigbench_logical_deduction_0001",
  "method": "attention",
  "prefix_length": 75,
  "keep_m": 15,
  "kl_to_baseline": 0.17687264928515625,
  "token_kl": 0.25149717225228685,
  "selected_indices": [
    0,
    45,
    47,
    51,
    53,
    55,
    56,
    57,
    59,
    60,
    61,
    63,
    65,
    66,
    69
  ],
  "distribution": {
    "A": 0.8167795725901285,
    "B": 0.001786697820939253,
    "C": 0.1608334315146829,
    "D": 0.0013914816620594628,
    "E": 0.01920881641218997
  }
}