{
  "question_id": "bigbench_logical_deduction_0009",
  "method": "attention",
  "prefix_length": 45,
  "keep_m": 10,
  "kl_to_baseline": 0.06249164741187946,
  "token_kl": 0.15458225204155032,
  "selected_indices": [
    0,
    7,
    13,
    16,
    17,
    21,
    24,
    37,
    38,
    39
  ],
  "distribution": {
    "A": 0.18471348993027037,
    "B": 0.006320548805662813,
    "C": 0.644713428726318,
    "D": 0.07700004765331878,
    "E": 0.08725248488443008
  }
}