{
  "question_id": "bookworm_nm",
  "method": "attention",
  "prefix_length": 76,
  "keep_m": 20,
  "kl_to_baseline": 0.028007312418846395,
  "token_kl": 0.07750919406904114,
  "selected_indices": [
    0,
    2,
    5,
    12,
    13,
    14,
    17,
    18,
    35,
    36,
    38,
    39,
    42,
    47,
    60,
    61,
    62,
    65,
    69,
    70
  ],
  "distribution": {
    "A": 0.042087725512577126,
    "B": 0.957912274487423
  }
}