{
  "question_id": "bookworm_nm",
  "method": "attention",
  "prefix_length": 87,
  "keep_m": 5,
  "kl_to_baseline": 0.3993238203354401,
  "token_kl": 0.19954759554297224,
  "selected_indices": [
    48,
    53,
    66,
    74,
    81
  ],
  "distribution": {
    "A": 0.3486451488696663,
    "B": 0.6513548511303336
  }
}