{
  "question_id": "dilemma_33806",
  "method": "attention",
  "prefix_length": 19,
  "keep_m": 3,
  "kl_to_baseline": 0.36962086961843377,
  "token_kl": 0.44126410976626806,
  "selected_indices": [
    0,
    8,
    9
  ],
  "distribution": {
    "A": 0.4378234991142019,
    "B": 0.5621765008857981
  }
}