{
  "question_id": "dilemma_3081",
  "method": "attention",
  "prefix_length": 26,
  "keep_m": 10,
  "kl_to_baseline": 0.022125310365297385,
  "token_kl": 0.018037152130898404,
  "selected_indices": [
    0,
    1,
    2,
    3,
    4,
    5,
    8,
    15,
    16,
    20
  ],
  "distribution": {
    "A": 0.2942149597859341,
    "B": 0.7057850402140659
  }
}