{
  "question_id": "dilemma_25447",
  "method": "attention",
  "prefix_length": 25,
  "keep_m": 5,
  "kl_to_baseline": 0.01914726496506812,
  "token_kl": 0.20070436787869114,
  "selected_indices": [
    0,
    6,
    9,
    17,
    19
  ],
  "distribution": {
    "A": 0.7549149923816048,
    "B": 0.24508500761839525
  }
}