{
  "question_id": "dilemma_25447",
  "method": "attention",
  "prefix_length": 22,
  "keep_m": 5,
  "kl_to_baseline": 0.22570040230739535,
  "token_kl": 0.2376175470571952,
  "selected_indices": [
    0,
    5,
    9,
    10,
    14
  ],
  "distribution": {
    "A": 0.3486451285660856,
    "B": 0.6513548714339145
  }
}