{
  "question_id": "dilemma_31754",
  "method": "attention",
  "prefix_length": 21,
  "keep_m": 10,
  "kl_to_baseline": 0.007261300337869869,
  "token_kl": 0.08926971536137523,
  "selected_indices": [
    0,
    1,
    7,
    8,
    9,
    10,
    11,
    13,
    14,
    15
  ],
  "distribution": {
    "A": 0.4073334000459302,
    "B": 0.5926665999540697
  }
}