{
  "question_id": "dilemma_23322",
  "method": "attention",
  "prefix_length": 34,
  "keep_m": 3,
  "kl_to_baseline": 0.08169188843674406,
  "token_kl": 0.526491240592147,
  "selected_indices": [
    0,
    11,
    27
  ],
  "distribution": {
    "A": 0.10669058471438037,
    "B": 0.8933094152856196
  }
}