{
  "question_id": "dilemma_24577",
  "method": "attention",
  "prefix_length": 34,
  "keep_m": 3,
  "kl_to_baseline": 0.217197483117968,
  "token_kl": 0.08267620220176125,
  "selected_indices": [
    0,
    3,
    4
  ],
  "distribution": {
    "A": 0.4378234991142019,
    "B": 0.5621765008857981
  }
}