{
  "question_id": "dilemma_0545",
  "method": "attention",
  "prefix_length": 19,
  "keep_m": 3,
  "kl_to_baseline": 0.008036039640491602,
  "token_kl": 0.1293294921744756,
  "selected_indices": [
    0,
    4,
    13
  ],
  "distribution": {
    "A": 0.9740426448743534,
    "B": 0.025957355125646668
  }
}