{
  "question_id": "dilemma_3081",
  "method": "attention",
  "prefix_length": 36,
  "keep_m": 10,
  "kl_to_baseline": 0.12348688783348588,
  "token_kl": 0.13642608017572086,
  "selected_indices": [
    0,
    4,
    5,
    6,
    13,
    16,
    18,
    28,
    29,
    30
  ],
  "distribution": {
    "A": 0.4378234991142019,
    "B": 0.5621765008857981
  }
}