{
  "question_id": "dilemma_31754",
  "method": "attention",
  "prefix_length": 28,
  "keep_m": 20,
  "kl_to_baseline": 0.0017509705675718343,
  "token_kl": 0.013513730974238827,
  "selected_indices": [
    0,
    1,
    2,
    3,
    5,
    6,
    7,
    8,
    9,
    10,
    11,
    12,
    13,
    14,
    15,
    16,
    17,
    18,
    21,
    22
  ],
  "distribution": {
    "A": 0.3208212878370535,
    "B": 0.6791787121629466
  }
}