{
  "question_id": "dilemma_32747",
  "method": "attention",
  "prefix_length": 35,
  "keep_m": 20,
  "kl_to_baseline": 0.0004672721040711572,
  "token_kl": 0.024001920007444482,
  "selected_indices": [
    0,
    2,
    3,
    9,
    10,
    12,
    14,
    15,
    16,
    17,
    18,
    19,
    22,
    23,
    24,
    25,
    26,
    27,
    28,
    29
  ],
  "distribution": {
    "A": 0.0035936018410998656,
    "B": 0.9964063981589002
  }
}