{
  "question_id": "dilemma_32747",
  "method": "attention",
  "prefix_length": 24,
  "keep_m": 10,
  "kl_to_baseline": 8.214569617147116e-05,
  "token_kl": 0.023634790232548036,
  "selected_indices": [
    0,
    2,
    9,
    10,
    12,
    14,
    15,
    16,
    17,
    18
  ],
  "distribution": {
    "A": 0.0009110512785358203,
    "B": 0.9990889487214641
  }
}