{
  "question_id": "dilemma_31754",
  "method": "attention",
  "prefix_length": 41,
  "keep_m": 10,
  "kl_to_baseline": 0.036867409422284406,
  "token_kl": 0.09993429486053905,
  "selected_indices": [
    0,
    4,
    5,
    6,
    7,
    9,
    16,
    22,
    24,
    35
  ],
  "distribution": {
    "A": 0.957912276139514,
    "B": 0.04208772386048602
  }
}