{
  "question_id": "dilemma_3081",
  "method": "attention",
  "prefix_length": 45,
  "keep_m": 20,
  "kl_to_baseline": 0.0008466795117976697,
  "token_kl": 0.08469799747992642,
  "selected_indices": [
    0,
    1,
    2,
    3,
    5,
    13,
    15,
    16,
    21,
    23,
    24,
    26,
    27,
    30,
    33,
    34,
    35,
    36,
    38,
    39
  ],
  "distribution": {
    "A": 0.1329642333263228,
    "B": 0.8670357666736773
  }
}