{
  "question_id": "dilemma_2081",
  "method": "attention",
  "prefix_length": 25,
  "keep_m": 10,
  "kl_to_baseline": 0.012342856037176775,
  "token_kl": 0.07379528926434485,
  "selected_indices": [
    0,
    1,
    2,
    8,
    12,
    13,
    15,
    16,
    17,
    19
  ],
  "distribution": {
    "A": 0.1480471961522176,
    "B": 0.8519528038477825
  }
}