{
  "question_id": "dilemma_3297",
  "method": "attention",
  "prefix_length": 24,
  "keep_m": 15,
  "kl_to_baseline": 1.2826321126091004e-15,
  "token_kl": 0.007522826092345276,
  "selected_indices": [
    0,
    1,
    2,
    3,
    4,
    5,
    7,
    8,
    11,
    12,
    13,
    14,
    15,
    16,
    18
  ],
  "distribution": {
    "A": 0.0953494738965146,
    "B": 0.9046505261034853
  }
}