{
  "question_id": "dilemma_3081",
  "method": "attention",
  "prefix_length": 37,
  "keep_m": 3,
  "kl_to_baseline": 0.08168374476428963,
  "token_kl": 0.18611413288968076,
  "selected_indices": [
    0,
    10,
    30
  ],
  "distribution": {
    "A": 0.20181322946142374,
    "B": 0.7981867705385763
  }
}