{
  "question_id": "dilemma_2081",
  "method": "attention",
  "prefix_length": 46,
  "keep_m": 3,
  "kl_to_baseline": 0.0015237685894482333,
  "token_kl": 0.17360075978169934,
  "selected_indices": [
    0,
    27,
    39
  ],
  "distribution": {
    "A": 0.060086648490884395,
    "B": 0.9399133515091156
  }
}