{
  "question_id": "dilemma_15721",
  "method": "attention",
  "prefix_length": 16,
  "keep_m": 5,
  "kl_to_baseline": 0.00870448100473475,
  "token_kl": 0.07451694842329298,
  "selected_indices": [
    0,
    2,
    4,
    5,
    10
  ],
  "distribution": {
    "A": 0.03308598053388778,
    "B": 0.9669140194661121
  }
}