{
  "question_id": "dilemma_15721",
  "method": "attention",
  "prefix_length": 28,
  "keep_m": 10,
  "kl_to_baseline": 0.050179563451158836,
  "token_kl": 0.0498089384556779,
  "selected_indices": [
    0,
    9,
    11,
    13,
    14,
    15,
    16,
    19,
    20,
    22
  ],
  "distribution": {
    "A": 0.16451646904109268,
    "B": 0.8354835309589073
  }
}