{
  "question_id": "dilemma_15721",
  "method": "attention",
  "prefix_length": 25,
  "keep_m": 10,
  "kl_to_baseline": 0.011531515413609354,
  "token_kl": 0.11529444858553126,
  "selected_indices": [
    0,
    2,
    5,
    6,
    9,
    15,
    16,
    17,
    18,
    19
  ],
  "distribution": {
    "A": 0.05340332565681314,
    "B": 0.9465966743431868
  }
}