{
  "question_id": "dilemma_2081",
  "method": "attention",
  "prefix_length": 22,
  "keep_m": 3,
  "kl_to_baseline": 0.30528147912426445,
  "token_kl": 0.15043889898434015,
  "selected_indices": [
    11,
    13,
    14
  ],
  "distribution": {
    "A": 0.5621765008857981,
    "B": 0.4378234991142019
  }
}