{
  "question_id": "dilemma_3081",
  "method": "attention",
  "prefix_length": 53,
  "keep_m": 20,
  "kl_to_baseline": 0.022125320180269414,
  "token_kl": 0.04431848638156527,
  "selected_indices": [
    0,
    2,
    8,
    14,
    17,
    20,
    27,
    28,
    29,
    34,
    35,
    36,
    37,
    38,
    39,
    40,
    41,
    44,
    46,
    47
  ],
  "distribution": {
    "A": 0.2942149845400438,
    "B": 0.7057850154599563
  }
}