{
  "question_id": "dilemma_3081",
  "method": "attention",
  "prefix_length": 43,
  "keep_m": 10,
  "kl_to_baseline": -5.668929609911583e-17,
  "token_kl": 0.1139301515162858,
  "selected_indices": [
    0,
    3,
    7,
    10,
    24,
    25,
    34,
    35,
    36,
    37
  ],
  "distribution": {
    "A": 0.11920291732853862,
    "B": 0.8807970826714613
  }
}