{
  "question_id": "dilemma_15721",
  "method": "attention",
  "prefix_length": 21,
  "keep_m": 15,
  "kl_to_baseline": 0.00040019537708708974,
  "token_kl": 0.005793558622415647,
  "selected_indices": [
    0,
    1,
    2,
    3,
    4,
    5,
    6,
    7,
    9,
    10,
    11,
    12,
    13,
    14,
    15
  ],
  "distribution": {
    "A": 0.010986942772272692,
    "B": 0.9890130572277274
  }
}