{
  "question_id": "dilemma_24577",
  "method": "attention",
  "prefix_length": 21,
  "keep_m": 5,
  "kl_to_baseline": 0.10225906397660477,
  "token_kl": 0.16815784128351052,
  "selected_indices": [
    0,
    4,
    7,
    10,
    13
  ],
  "distribution": {
    "A": 0.29421496597446145,
    "B": 0.7057850340255386
  }
}