{
  "question_id": "dilemma_2081",
  "method": "attention",
  "prefix_length": 24,
  "keep_m": 15,
  "kl_to_baseline": 0.000928560630355367,
  "token_kl": 0.04196438757504482,
  "selected_indices": [
    0,
    2,
    3,
    7,
    8,
    9,
    10,
    11,
    12,
    13,
    14,
    15,
    16,
    17,
    18
  ],
  "distribution": {
    "A": 0.14804719239327382,
    "B": 0.8519528076067262
  }
}