{
  "question_id": "dilemma_37184",
  "method": "attention",
  "prefix_length": 36,
  "keep_m": 10,
  "kl_to_baseline": 0.009232271732912942,
  "token_kl": 0.06292046975465729,
  "selected_indices": [
    0,
    11,
    12,
    13,
    14,
    15,
    17,
    18,
    19,
    27
  ],
  "distribution": {
    "A": 0.966914024948248,
    "B": 0.03308597505175204
  }
}