{
  "question_id": "dilemma_2081",
  "method": "attention",
  "prefix_length": 16,
  "keep_m": 3,
  "kl_to_baseline": 0.0010145859298444013,
  "token_kl": 0.2027400114883802,
  "selected_indices": [
    0,
    1,
    2
  ],
  "distribution": {
    "A": 0.16451646904109268,
    "B": 0.8354835309589073
  }
}