{
  "question_id": "dilemma_23322",
  "method": "attention",
  "prefix_length": 35,
  "keep_m": 10,
  "kl_to_baseline": 0.021381237533999668,
  "token_kl": 0.1007384312723576,
  "selected_indices": [
    0,
    10,
    11,
    16,
    17,
    20,
    21,
    26,
    27,
    29
  ],
  "distribution": {
    "A": 0.05340333450779175,
    "B": 0.9465966654922082
  }
}