{
  "question_id": "dilemma_24577",
  "method": "attention",
  "prefix_length": 24,
  "keep_m": 5,
  "kl_to_baseline": 0.0005101994478955915,
  "token_kl": 0.18452361535359438,
  "selected_indices": [
    0,
    3,
    10,
    13,
    16
  ],
  "distribution": {
    "A": 0.07585818315512395,
    "B": 0.924141816844876
  }
}