{
  "question_id": "dilemma_32747",
  "method": "attention",
  "prefix_length": 35,
  "keep_m": 3,
  "kl_to_baseline": 0.03504944187057018,
  "token_kl": 0.3791225429812498,
  "selected_indices": [
    16,
    17,
    18
  ],
  "distribution": {
    "A": 0.042087730919421175,
    "B": 0.9579122690805788
  }
}