{
  "question_id": "dilemma_32747",
  "method": "attention",
  "prefix_length": 28,
  "keep_m": 15,
  "kl_to_baseline": 0.00015495906143851902,
  "token_kl": 0.02517947823813426,
  "selected_indices": [
    0,
    1,
    7,
    11,
    12,
    13,
    14,
    15,
    16,
    17,
    18,
    19,
    20,
    21,
    22
  ],
  "distribution": {
    "A": 0.000709670516910689,
    "B": 0.9992903294830893
  }
}