{
  "question_id": "gpqa_diels_alder_nm",
  "method": "attention",
  "prefix_length": 62,
  "keep_m": 3,
  "kl_to_baseline": 0.21023069978691555,
  "token_kl": 0.11706820612336373,
  "selected_indices": [
    51,
    52,
    56
  ],
  "distribution": {
    "A": 0.7310585786300049,
    "B": 0.2689414213699951
  }
}