{
  "question_id": "bigbench_logical_deduction_0001",
  "method": "last_prefix_attn_oracle",
  "prefix_length": 97,
  "keep_m": 3,
  "kl_to_baseline": 0.17564187801014236,
  "token_kl": 0.006182609484127208,
  "selected_indices": [
    66,
    80,
    81
  ],
  "distribution": {
    "A": 0.8281514868251832,
    "B": 0.0007551763155590058,
    "C": 0.1630726965935909,
    "D": 0.0008557268737683929,
    "E": 0.007164913391898373
  }
}