{
  "question_id": "bigbench_logical_deduction_0009",
  "method": "last_prefix_attn_oracle",
  "prefix_length": 35,
  "keep_m": 15,
  "kl_to_baseline": 0.4609168356391179,
  "token_kl": 0.1534667802530043,
  "selected_indices": [
    1,
    8,
    15,
    16,
    17,
    19,
    20,
    21,
    22,
    23,
    24,
    25,
    27,
    28,
    29
  ],
  "distribution": {
    "A": 0.18557067426283005,
    "B": 0.017260759421392564,
    "C": 0.30595431787529276,
    "D": 0.346691662009504,
    "E": 0.14452258643098065
  }
}