{
  "question_id": "bigbench_logical_deduction_0009",
  "method": "last_prefix_attn_oracle",
  "prefix_length": 43,
  "keep_m": 15,
  "kl_to_baseline": 0.047777959363169906,
  "token_kl": 0.631796528264391,
  "selected_indices": [
    0,
    1,
    6,
    8,
    10,
    12,
    22,
    24,
    25,
    26,
    27,
    28,
    35,
    36,
    37
  ],
  "distribution": {
    "A": 0.44817953503859903,
    "B": 0.005641747737213817,
    "C": 0.3490425728446391,
    "D": 0.12840558664312826,
    "E": 0.06873055773641981
  }
}