{
  "question_id": "bigbench_logical_deduction_0001",
  "method": "last_prefix_attn_oracle",
  "prefix_length": 120,
  "keep_m": 5,
  "kl_to_baseline": 0.07856466291819987,
  "token_kl": 0.012044857245277948,
  "selected_indices": [
    108,
    109,
    111,
    112,
    114
  ],
  "distribution": {
    "A": 0.9152363739657061,
    "B": 0.0006499774615838222,
    "C": 0.0585091065017708,
    "D": 0.0012143177650260335,
    "E": 0.024390224305913123
  }
}