{
  "question_id": "bigbench_logical_deduction_0009",
  "method": "last_prefix_attn_oracle",
  "prefix_length": 34,
  "keep_m": 20,
  "kl_to_baseline": 0.23593119434251314,
  "token_kl": 0.039341505234716176,
  "selected_indices": [
    0,
    1,
    4,
    6,
    10,
    13,
    15,
    16,
    17,
    18,
    19,
    20,
    21,
    22,
    23,
    24,
    25,
    26,
    27,
    28
  ],
  "distribution": {
    "A": 0.23165400593732707,
    "B": 0.024416155503076166,
    "C": 0.10942561725781105,
    "D": 0.29744963150106096,
    "E": 0.3370545898007247
  }
}