{
  "question_id": "bigbench_logical_deduction_0009",
  "method": "last_prefix_attn_oracle",
  "prefix_length": 48,
  "keep_m": 5,
  "kl_to_baseline": 0.12509596598422787,
  "token_kl": 0.022589978797903455,
  "selected_indices": [
    0,
    37,
    40,
    41,
    42
  ],
  "distribution": {
    "A": 0.20210924085376064,
    "B": 0.01292041303812541,
    "C": 0.37758977218473366,
    "D": 0.22901977362394949,
    "E": 0.17836080029943077
  }
}