{
  "question_id": "bigbench_logical_deduction_0009",
  "method": "last_prefix_attn_oracle",
  "prefix_length": 30,
  "keep_m": 5,
  "kl_to_baseline": 1.130649302837195,
  "token_kl": 0.7030572173492153,
  "selected_indices": [
    8,
    20,
    21,
    22,
    24
  ],
  "distribution": {
    "A": 0.34276163955705446,
    "B": 0.019337286168609948,
    "C": 0.34276163955705446,
    "D": 0.23557640004837913,
    "E": 0.05956303466890196
  }
}