{
  "question_id": "bigbench_logical_deduction_0009",
  "method": "last_prefix_attn_oracle",
  "prefix_length": 54,
  "keep_m": 3,
  "kl_to_baseline": 0.695558981890766,
  "token_kl": 0.0458009797387003,
  "selected_indices": [
    5,
    25,
    43
  ],
  "distribution": {
    "A": 0.17121028637918564,
    "B": 0.010945104815292586,
    "C": 0.6771497780216099,
    "D": 0.09164226246446833,
    "E": 0.04905256831944355
  }
}