{
  "question_id": "bigbench_logical_deduction_0009",
  "method": "last_prefix_attn_oracle",
  "prefix_length": 22,
  "keep_m": 5,
  "kl_to_baseline": 0.14117715167541625,
  "token_kl": 0.0069517654369806005,
  "selected_indices": [
    4,
    5,
    13,
    15,
    16
  ],
  "distribution": {
    "A": 0.3788988583014147,
    "B": 0.007863794925146642,
    "C": 0.26041312305670206,
    "D": 0.22981377448992063,
    "E": 0.123010449226816
  }
}