{
  "question_id": "bigbench_logical_deduction_0000",
  "method": "last_prefix_attn_oracle",
  "prefix_length": 79,
  "keep_m": 3,
  "kl_to_baseline": 0.15566958925345503,
  "token_kl": 0.3853897870744797,
  "selected_indices": [
    56,
    58,
    70
  ],
  "distribution": {
    "A": 0.017577356028638497,
    "B": 0.007327332134706449,
    "C": 0.40005873154266175,
    "D": 0.5136855794686356,
    "E": 0.06135100082535781
  }
}