{
  "question_id": "bigbench_logical_deduction_0000",
  "method": "last_prefix_attn_oracle",
  "prefix_length": 88,
  "keep_m": 3,
  "kl_to_baseline": 0.5609344870177829,
  "token_kl": 0.009340142578088195,
  "selected_indices": [
    78,
    79,
    81
  ],
  "distribution": {
    "A": 0.021416369954444875,
    "B": 0.007878642210762047,
    "C": 0.04533845554934299,
    "D": 0.9106472908251391,
    "E": 0.014719241460311063
  }
}