{
  "question_id": "bigbench_logical_deduction_0009",
  "method": "last_prefix_attn_oracle",
  "prefix_length": 19,
  "keep_m": 3,
  "kl_to_baseline": 0.13781649060217577,
  "token_kl": 0.02724011857343146,
  "selected_indices": [
    0,
    6,
    12
  ],
  "distribution": {
    "A": 0.5552007650730632,
    "B": 0.04557364860420735,
    "C": 0.26225827147673675,
    "D": 0.10932549969257112,
    "E": 0.027641815153421616
  }
}