{
  "question_id": "bigbench_logical_deduction_0009",
  "method": "last_prefix_attn_oracle",
  "prefix_length": 54,
  "keep_m": 5,
  "kl_to_baseline": 0.13786452537921512,
  "token_kl": 0.020172106123728308,
  "selected_indices": [
    0,
    5,
    22,
    25,
    43
  ],
  "distribution": {
    "A": 0.5178660177376769,
    "B": 0.009485046973630099,
    "C": 0.2446225855804636,
    "D": 0.1905122612070168,
    "E": 0.03751408850121267
  }
}