{
  "question_id": "bigbench_logical_deduction_0009",
  "method": "last_prefix_attn_oracle",
  "prefix_length": 31,
  "keep_m": 20,
  "kl_to_baseline": 0.26624948300423,
  "token_kl": 0.02559174947992363,
  "selected_indices": [
    0,
    1,
    4,
    5,
    6,
    8,
    12,
    13,
    14,
    15,
    16,
    17,
    18,
    19,
    20,
    21,
    22,
    23,
    24,
    25
  ],
  "distribution": {
    "A": 0.24837908470938747,
    "B": 0.020388194396113,
    "C": 0.21919377292283126,
    "D": 0.15064951214878244,
    "E": 0.36138943582288574
  }
}