{
  "question_id": "bigbench_logical_deduction_0009",
  "method": "last_prefix_attn_oracle",
  "prefix_length": 38,
  "keep_m": 15,
  "kl_to_baseline": 0.14577940988249,
  "token_kl": 0.004318720616330074,
  "selected_indices": [
    0,
    4,
    13,
    14,
    20,
    21,
    22,
    23,
    25,
    26,
    27,
    28,
    29,
    30,
    32
  ],
  "distribution": {
    "A": 0.20013312058715885,
    "B": 0.01279408235576116,
    "C": 0.2569759829210185,
    "D": 0.3299636935489027,
    "E": 0.20013312058715885
  }
}