{
  "question_id": "bigbench_logical_deduction_0009",
  "method": "last_prefix_attn_oracle",
  "prefix_length": 68,
  "keep_m": 5,
  "kl_to_baseline": 2.021938309001226,
  "token_kl": 0.007843952680678615,
  "selected_indices": [
    22,
    38,
    55,
    59,
    60
  ],
  "distribution": {
    "A": 0.1321052021034386,
    "B": 0.06240207891675634,
    "C": 0.5224862721012421,
    "D": 0.09079448907820793,
    "E": 0.19221195780035508
  }
}