{
  "question_id": "bigbench_logical_deduction_0009",
  "method": "last_prefix_attn_oracle",
  "prefix_length": 17,
  "keep_m": 5,
  "kl_to_baseline": 0.14285125963178255,
  "token_kl": 0.20382635971820703,
  "selected_indices": [
    4,
    6,
    7,
    10,
    11
  ],
  "distribution": {
    "A": 0.07933313735162452,
    "B": 0.022729324401208745,
    "C": 0.5173169772492552,
    "D": 0.19031028049895576,
    "E": 0.19031028049895576
  }
}