{
  "question_id": "bigbench_logical_deduction_0009",
  "method": "last_prefix_attn_oracle",
  "prefix_length": 48,
  "keep_m": 20,
  "kl_to_baseline": 0.1416693445907382,
  "token_kl": 0.004927297995105097,
  "selected_indices": [
    0,
    4,
    7,
    8,
    9,
    11,
    13,
    21,
    25,
    27,
    28,
    29,
    35,
    36,
    37,
    38,
    39,
    40,
    41,
    42
  ],
  "distribution": {
    "A": 0.2977580870857704,
    "B": 0.008991514050953045,
    "C": 0.5562853424907421,
    "D": 0.096667886124587,
    "E": 0.0402971702479474
  }
}