{
  "question_id": "bigbench_logical_deduction_0000",
  "method": "last_prefix_attn_oracle",
  "prefix_length": 86,
  "keep_m": 3,
  "kl_to_baseline": 0.1996217753051017,
  "token_kl": 0.002404187909952567,
  "selected_indices": [
    78,
    79,
    80
  ],
  "distribution": {
    "A": 0.01628478261043571,
    "B": 0.01845307622354478,
    "C": 0.13635081541361574,
    "D": 0.7846446971020506,
    "E": 0.044266628650353246
  }
}