{
  "question_id": "bigbench_logical_deduction_0009",
  "method": "last_prefix_attn_oracle",
  "prefix_length": 42,
  "keep_m": 20,
  "kl_to_baseline": 0.06055379152691831,
  "token_kl": 7.58418613650861e-05,
  "selected_indices": [
    0,
    8,
    10,
    12,
    16,
    17,
    20,
    21,
    22,
    23,
    24,
    25,
    26,
    27,
    28,
    29,
    30,
    34,
    35,
    36
  ],
  "distribution": {
    "A": 0.3724975214046228,
    "B": 0.011248450477718686,
    "C": 0.3724975214046228,
    "D": 0.13703418001208,
    "E": 0.10672232670095576
  }
}