{
  "question_id": "bookworm_nm",
  "method": "last_prefix_attn_oracle",
  "prefix_length": 78,
  "keep_m": 15,
  "kl_to_baseline": 0.012583693547278596,
  "token_kl": 0.28081475458575195,
  "selected_indices": [
    0,
    18,
    26,
    42,
    55,
    58,
    59,
    62,
    63,
    64,
    66,
    69,
    70,
    71,
    72
  ],
  "distribution": {
    "A": 0.025957359835079137,
    "B": 0.9740426401649208
  }
}