{
  "question_id": "bookworm_nm",
  "method": "last_prefix_attn_oracle",
  "prefix_length": 101,
  "keep_m": 20,
  "kl_to_baseline": 0.03212160345588662,
  "token_kl": 0.05825353583747509,
  "selected_indices": [
    0,
    15,
    16,
    18,
    38,
    42,
    47,
    61,
    65,
    74,
    76,
    85,
    86,
    87,
    90,
    91,
    92,
    93,
    94,
    95
  ],
  "distribution": {
    "A": 0.05340333017646162,
    "B": 0.9465966698235384
  }
}