{
  "question_id": "bookworm_nm",
  "method": "last_prefix_attn_oracle",
  "prefix_length": 100,
  "keep_m": 10,
  "kl_to_baseline": 0.1712729622532059,
  "token_kl": 0.13315351299210482,
  "selected_indices": [
    0,
    18,
    55,
    58,
    77,
    88,
    89,
    92,
    93,
    94
  ],
  "distribution": {
    "A": 0.18242553269617778,
    "B": 0.8175744673038221
  }
}