{
  "question_id": "bookworm_nm",
  "method": "last_prefix_attn_oracle",
  "prefix_length": 76,
  "keep_m": 15,
  "kl_to_baseline": 0.007191535888564428,
  "token_kl": 0.1193585523854619,
  "selected_indices": [
    0,
    5,
    10,
    13,
    16,
    36,
    38,
    58,
    59,
    60,
    62,
    63,
    67,
    69,
    70
  ],
  "distribution": {
    "A": 0.017986206803753842,
    "B": 0.9820137931962463
  }
}