{
  "question_id": "bookworm_nm",
  "method": "last_prefix_attn_oracle",
  "prefix_length": 100,
  "keep_m": 3,
  "kl_to_baseline": 0.040193329849113085,
  "token_kl": 0.14564835718054786,
  "selected_indices": [
    0,
    18,
    94
  ],
  "distribution": {
    "A": 0.060086653961035054,
    "B": 0.939913346038965
  }
}