{
  "question_id": "bookworm_nm",
  "method": "last_prefix_attn_oracle",
  "prefix_length": 99,
  "keep_m": 3,
  "kl_to_baseline": 0.03565366963105514,
  "token_kl": 0.23753160538886237,
  "selected_indices": [
    0,
    5,
    93
  ],
  "distribution": {
    "A": 0.0534033331895608,
    "B": 0.9465966668104392
  }
}