{
  "question_id": "bookworm_nm",
  "method": "last_prefix_attn_oracle",
  "prefix_length": 34,
  "keep_m": 5,
  "kl_to_baseline": 0.8710176139804788,
  "token_kl": 0.1727904634340537,
  "selected_indices": [
    8,
    11,
    26,
    27,
    28
  ],
  "distribution": {
    "A": 0.6513548646660542,
    "B": 0.34864513533394575
  }
}