{
  "question_id": "bookworm_nm",
  "method": "last_prefix_attn_oracle",
  "prefix_length": 97,
  "keep_m": 10,
  "kl_to_baseline": 0.27248163975093576,
  "token_kl": 0.12203270866462508,
  "selected_indices": [
    0,
    55,
    69,
    81,
    82,
    84,
    88,
    89,
    90,
    91
  ],
  "distribution": {
    "A": 0.2689414213699951,
    "B": 0.7310585786300049
  }
}