{
  "question_id": "bookworm_nm",
  "method": "last_prefix_attn_oracle",
  "prefix_length": 66,
  "keep_m": 3,
  "kl_to_baseline": 0.0017031884404344316,
  "token_kl": 0.34497126125016425,
  "selected_indices": [
    0,
    47,
    60
  ],
  "distribution": {
    "A": 0.06754668832401889,
    "B": 0.9324533116759811
  }
}