{
  "question_id": "bookworm_nm",
  "method": "last_prefix_attn_oracle",
  "prefix_length": 96,
  "keep_m": 3,
  "kl_to_baseline": 0.02236732166385897,
  "token_kl": 0.12392519760660708,
  "selected_indices": [
    0,
    78,
    79
  ],
  "distribution": {
    "A": 0.03732688948593843,
    "B": 0.9626731105140616
  }
}