{
  "question_id": "bookworm_nm",
  "method": "last_prefix_attn_oracle",
  "prefix_length": 75,
  "keep_m": 5,
  "kl_to_baseline": 1.201733464194311,
  "token_kl": 0.2207229355889521,
  "selected_indices": [
    14,
    16,
    38,
    60,
    65
  ],
  "distribution": {
    "A": 0.7057850278370112,
    "B": 0.29421497216298875
  }
}