{
  "question_id": "bookworm_nm",
  "method": "last_prefix_attn_oracle",
  "prefix_length": 43,
  "keep_m": 15,
  "kl_to_baseline": 0.009111215756148393,
  "token_kl": 0.06711505002978288,
  "selected_indices": [
    0,
    10,
    13,
    14,
    15,
    16,
    18,
    19,
    26,
    27,
    32,
    34,
    35,
    36,
    37
  ],
  "distribution": {
    "A": 0.04208773061904093,
    "B": 0.9579122693809591
  }
}