{
  "question_id": "dilemma_3081",
  "method": "last_prefix_attn_oracle",
  "prefix_length": 52,
  "keep_m": 15,
  "kl_to_baseline": 0.06317447572945878,
  "token_kl": 0.10212828504219323,
  "selected_indices": [
    0,
    10,
    11,
    35,
    36,
    37,
    38,
    39,
    40,
    41,
    42,
    43,
    44,
    45,
    46
  ],
  "distribution": {
    "A": 0.32082130731838393,
    "B": 0.6791786926816161
  }
}