{
  "question_id": "dilemma_3081",
  "method": "last_prefix_attn_oracle",
  "prefix_length": 32,
  "keep_m": 5,
  "kl_to_baseline": 1.3969937322865813,
  "token_kl": 0.23952000197832657,
  "selected_indices": [
    6,
    17,
    18,
    21,
    24
  ],
  "distribution": {
    "A": 0.9399133477220882,
    "B": 0.06008665227791171
  }
}