{
  "question_id": "dilemma_2081",
  "method": "last_prefix_attn_oracle",
  "prefix_length": 43,
  "keep_m": 3,
  "kl_to_baseline": 0.19083789419071762,
  "token_kl": 0.7001504350243617,
  "selected_indices": [
    20,
    32,
    34
  ],
  "distribution": {
    "A": 0.34864513533394575,
    "B": 0.6513548646660542
  }
}