{
  "question_id": "dilemma_2081",
  "method": "last_prefix_attn_oracle",
  "prefix_length": 22,
  "keep_m": 10,
  "kl_to_baseline": 0.020635653900269627,
  "token_kl": 0.03665677549701674,
  "selected_indices": [
    0,
    8,
    9,
    10,
    11,
    12,
    13,
    14,
    15,
    16
  ],
  "distribution": {
    "A": 0.2689414330889798,
    "B": 0.7310585669110203
  }
}