{
  "question_id": "dilemma_37184",
  "method": "last_prefix_attn_oracle",
  "prefix_length": 36,
  "keep_m": 5,
  "kl_to_baseline": 0.038169907425481764,
  "token_kl": 0.08132993192705291,
  "selected_indices": [
    4,
    12,
    17,
    18,
    27
  ],
  "distribution": {
    "A": 0.8519528038477825,
    "B": 0.1480471961522176
  }
}