{
  "question_id": "dilemma_24577",
  "method": "last_prefix_attn_oracle",
  "prefix_length": 36,
  "keep_m": 10,
  "kl_to_baseline": 0.08522254224572179,
  "token_kl": 0.15699716394951974,
  "selected_indices": [
    0,
    5,
    6,
    16,
    19,
    20,
    22,
    23,
    29,
    30
  ],
  "distribution": {
    "A": 0.7772998611746911,
    "B": 0.22270013882530884
  }
}