{
  "question_id": "dilemma_2081",
  "method": "last_prefix_attn_oracle",
  "prefix_length": 23,
  "keep_m": 5,
  "kl_to_baseline": 0.07859964685763825,
  "token_kl": 0.1449684768024739,
  "selected_indices": [
    0,
    10,
    11,
    13,
    14
  ],
  "distribution": {
    "A": 0.32082129433083023,
    "B": 0.6791787056691698
  }
}