{
  "question_id": "dilemma_3081",
  "method": "last_prefix_attn_oracle",
  "prefix_length": 35,
  "keep_m": 10,
  "kl_to_baseline": 0.0009568065025096599,
  "token_kl": 0.12465809914044514,
  "selected_indices": [
    0,
    9,
    10,
    21,
    22,
    23,
    24,
    25,
    28,
    29
  ],
  "distribution": {
    "A": 0.13296424878721277,
    "B": 0.8670357512127872
  }
}