{
  "question_id": "dilemma_32747",
  "method": "last_prefix_attn_oracle",
  "prefix_length": 32,
  "keep_m": 15,
  "kl_to_baseline": 0.002178827166663695,
  "token_kl": 0.05403146312450684,
  "selected_indices": [
    0,
    3,
    5,
    7,
    11,
    13,
    17,
    18,
    19,
    20,
    21,
    22,
    23,
    25,
    26
  ],
  "distribution": {
    "A": 0.0031726829013935206,
    "B": 0.9968273170986065
  }
}