{
  "question_id": "dilemma_32747",
  "method": "last_prefix_attn_oracle",
  "prefix_length": 35,
  "keep_m": 20,
  "kl_to_baseline": 0.001032757076808316,
  "token_kl": 0.03754094262746657,
  "selected_indices": [
    0,
    7,
    11,
    12,
    13,
    15,
    16,
    17,
    18,
    19,
    20,
    21,
    22,
    23,
    24,
    25,
    26,
    27,
    28,
    29
  ],
  "distribution": {
    "A": 0.0005527786582123054,
    "B": 0.9994472213417878
  }
}