{
  "question_id": "dilemma_19599",
  "method": "last_prefix_attn_oracle",
  "prefix_length": 36,
  "keep_m": 10,
  "kl_to_baseline": 0.023591856046424803,
  "token_kl": 0.19376541008222764,
  "selected_indices": [
    0,
    3,
    4,
    9,
    11,
    14,
    15,
    16,
    22,
    30
  ],
  "distribution": {
    "A": 0.6791786861878392,
    "B": 0.3208213138121609
  }
}