{
  "question_id": "dilemma_32747",
  "method": "last_prefix_attn_oracle",
  "prefix_length": 31,
  "keep_m": 20,
  "kl_to_baseline": 5.778219857583688e-06,
  "token_kl": 0.0072021505555941445,
  "selected_indices": [
    0,
    1,
    2,
    3,
    7,
    8,
    9,
    11,
    12,
    13,
    14,
    15,
    17,
    19,
    20,
    21,
    22,
    23,
    24,
    25
  ],
  "distribution": {
    "A": 0.000804085769982922,
    "B": 0.9991959142300171
  }
}