{
  "question_id": "dilemma_12903",
  "method": "last_prefix_attn_oracle",
  "prefix_length": 21,
  "keep_m": 15,
  "kl_to_baseline": 0.003079275854793128,
  "token_kl": 0.0052316380708911005,
  "selected_indices": [
    0,
    1,
    2,
    3,
    4,
    5,
    6,
    7,
    8,
    9,
    10,
    11,
    13,
    14,
    15
  ],
  "distribution": {
    "A": 0.9046505344582186,
    "B": 0.09534946554178125
  }
}