{
  "question_id": "dilemma_24577",
  "method": "last_prefix_attn_oracle",
  "prefix_length": 23,
  "keep_m": 3,
  "kl_to_baseline": 0.0007206030612158451,
  "token_kl": 0.25662556150253596,
  "selected_indices": [
    0,
    7,
    11
  ],
  "distribution": {
    "A": 0.09534946554178125,
    "B": 0.9046505344582186
  }
}