{
  "question_id": "dilemma_25447",
  "method": "last_prefix_attn_oracle",
  "prefix_length": 25,
  "keep_m": 5,
  "kl_to_baseline": 0.015335874297350484,
  "token_kl": 0.26146258467740213,
  "selected_indices": [
    0,
    1,
    9,
    16,
    19
  ],
  "distribution": {
    "A": 0.893309401793762,
    "B": 0.10669059820623795
  }
}