{
  "question_id": "dilemma_12903",
  "method": "last_prefix_attn_oracle",
  "prefix_length": 31,
  "keep_m": 5,
  "kl_to_baseline": 0.06725317420477495,
  "token_kl": 0.13603637405682284,
  "selected_indices": [
    0,
    4,
    21,
    24,
    25
  ],
  "distribution": {
    "A": 0.22270012850745968,
    "B": 0.7772998714925403
  }
}