{
  "question_id": "dilemma_32747",
  "method": "last_prefix_attn_oracle",
  "prefix_length": 18,
  "keep_m": 5,
  "kl_to_baseline": 0.00011857967397756262,
  "token_kl": 0.07192374100765703,
  "selected_indices": [
    0,
    3,
    6,
    11,
    12
  ],
  "distribution": {
    "A": 0.0009110513410544064,
    "B": 0.9990889486589456
  }
}