{
  "question_id": "dilemma_15721",
  "method": "last_prefix_attn_oracle",
  "prefix_length": 28,
  "keep_m": 5,
  "kl_to_baseline": 0.27691442943841876,
  "token_kl": 0.22998256541917966,
  "selected_indices": [
    5,
    9,
    12,
    19,
    22
  ],
  "distribution": {
    "A": 0.37754067580180184,
    "B": 0.622459324198198
  }
}