{
  "question_id": "dilemma_32747",
  "method": "last_prefix_attn_oracle",
  "prefix_length": 25,
  "keep_m": 10,
  "kl_to_baseline": 7.815901674089587e-05,
  "token_kl": 0.17397135906159858,
  "selected_indices": [
    0,
    2,
    9,
    10,
    12,
    14,
    16,
    17,
    18,
    19
  ],
  "distribution": {
    "A": 0.000261190325091846,
    "B": 0.9997388096749082
  }
}