{
  "question_id": "dilemma_31754",
  "method": "last_prefix_attn_oracle",
  "prefix_length": 31,
  "keep_m": 3,
  "kl_to_baseline": 0.7761756385965021,
  "token_kl": 0.2754071214183213,
  "selected_indices": [
    7,
    12,
    25
  ],
  "distribution": {
    "A": 0.9770226291282228,
    "B": 0.0229773708717772
  }
}