{
  "question_id": "dilemma_15721",
  "method": "last_prefix_attn_oracle",
  "prefix_length": 35,
  "keep_m": 3,
  "kl_to_baseline": 0.6253082215840409,
  "token_kl": 0.3150846271850388,
  "selected_indices": [
    2,
    23,
    27
  ],
  "distribution": {
    "A": 0.7549149813536518,
    "B": 0.24508501864634827
  }
}