{
  "question_id": "dilemma_15721",
  "method": "last_prefix_attn_oracle",
  "prefix_length": 36,
  "keep_m": 15,
  "kl_to_baseline": 0.09647599939341484,
  "token_kl": 0.1582333526879481,
  "selected_indices": [
    0,
    8,
    9,
    13,
    14,
    20,
    22,
    23,
    24,
    25,
    26,
    27,
    28,
    29,
    30
  ],
  "distribution": {
    "A": 0.1480471980316895,
    "B": 0.8519528019683106
  }
}