{
  "question_id": "dilemma_32747",
  "method": "last_prefix_attn_oracle",
  "prefix_length": 43,
  "keep_m": 15,
  "kl_to_baseline": 0.0006585580637447429,
  "token_kl": 0.24555293438993864,
  "selected_indices": [
    0,
    3,
    7,
    12,
    15,
    16,
    17,
    18,
    23,
    25,
    26,
    28,
    34,
    35,
    37
  ],
  "distribution": {
    "A": 0.00020342701864976923,
    "B": 0.9997965729813503
  }
}