{
  "question_id": "dilemma_32747",
  "method": "last_prefix_attn_oracle",
  "prefix_length": 16,
  "keep_m": 5,
  "kl_to_baseline": 0.0008692724099292962,
  "token_kl": 0.03424174530869348,
  "selected_indices": [
    0,
    3,
    7,
    8,
    9
  ],
  "distribution": {
    "A": 0.006692852456677631,
    "B": 0.9933071475433224
  }
}