{
  "question_id": "dilemma_15721",
  "method": "last_prefix_attn_oracle",
  "prefix_length": 20,
  "keep_m": 5,
  "kl_to_baseline": 0.1328121293915069,
  "token_kl": 0.12170495016389736,
  "selected_indices": [
    7,
    9,
    11,
    12,
    13
  ],
  "distribution": {
    "A": 0.24508501864634827,
    "B": 0.7549149813536518
  }
}