{
  "question_id": "dilemma_24577",
  "method": "last_prefix_attn_oracle",
  "prefix_length": 34,
  "keep_m": 15,
  "kl_to_baseline": 0.00887663214274953,
  "token_kl": 0.0387555597246564,
  "selected_indices": [
    0,
    1,
    3,
    4,
    5,
    6,
    13,
    14,
    16,
    19,
    20,
    23,
    25,
    26,
    28
  ],
  "distribution": {
    "A": 0.18242552158390105,
    "B": 0.817574478416099
  }
}