{
  "question_id": "dilemma_19599",
  "method": "last_prefix_attn_oracle",
  "prefix_length": 37,
  "keep_m": 10,
  "kl_to_baseline": 0.0586791279331013,
  "token_kl": 0.5011446647363358,
  "selected_indices": [
    0,
    7,
    12,
    15,
    18,
    19,
    24,
    27,
    30,
    31
  ],
  "distribution": {
    "A": 0.7057850340255386,
    "B": 0.29421496597446145
  }
}