{
  "question_id": "dilemma_15721",
  "method": "last_prefix_attn_oracle",
  "prefix_length": 32,
  "keep_m": 5,
  "kl_to_baseline": 0.17801474795277517,
  "token_kl": 0.11345047361187441,
  "selected_indices": [
    0,
    11,
    23,
    25,
    26
  ],
  "distribution": {
    "A": 0.22270013882530884,
    "B": 0.7772998611746911
  }
}