{
  "question_id": "dilemma_15721",
  "method": "last_prefix_attn_oracle",
  "prefix_length": 23,
  "keep_m": 3,
  "kl_to_baseline": 0.4308576862626638,
  "token_kl": 0.16390421860934848,
  "selected_indices": [
    10,
    11,
    12
  ],
  "distribution": {
    "A": 0.46879062662624377,
    "B": 0.5312093733737563
  }
}