{
  "question_id": "dilemma_2081",
  "method": "last_prefix_attn_oracle",
  "prefix_length": 33,
  "keep_m": 3,
  "kl_to_baseline": 0.45627865835867765,
  "token_kl": 0.2751667962143487,
  "selected_indices": [
    17,
    18,
    20
  ],
  "distribution": {
    "A": 0.5926665999540697,
    "B": 0.4073334000459302
  }
}