{
  "question_id": "dilemma_24577",
  "method": "last_prefix_attn_oracle",
  "prefix_length": 20,
  "keep_m": 10,
  "kl_to_baseline": 0.04575252355132564,
  "token_kl": 0.02685891036602266,
  "selected_indices": [
    0,
    1,
    3,
    4,
    5,
    6,
    7,
    10,
    11,
    13
  ],
  "distribution": {
    "A": 0.22270013882530884,
    "B": 0.7772998611746911
  }
}