{
  "question_id": "dilemma_23322",
  "method": "last_prefix_attn_oracle",
  "prefix_length": 35,
  "keep_m": 3,
  "kl_to_baseline": 0.0004705645311727266,
  "token_kl": 0.22157822796823518,
  "selected_indices": [
    0,
    27,
    29
  ],
  "distribution": {
    "A": 0.017986212297945846,
    "B": 0.9820137877020543
  }
}