{
  "question_id": "dilemma_3081",
  "method": "last_prefix_attn_oracle",
  "prefix_length": 37,
  "keep_m": 10,
  "kl_to_baseline": 0.0,
  "token_kl": 0.09287131127221535,
  "selected_indices": [
    0,
    4,
    5,
    6,
    13,
    16,
    18,
    29,
    30,
    31
  ],
  "distribution": {
    "A": 0.37754066879814546,
    "B": 0.6224593312018546
  }
}