{
  "question_id": "dilemma_32747",
  "method": "last_prefix_attn_oracle",
  "prefix_length": 28,
  "keep_m": 20,
  "kl_to_baseline": 2.4108234633964215e-06,
  "token_kl": 0.005670613384766476,
  "selected_indices": [
    0,
    1,
    2,
    3,
    7,
    8,
    9,
    10,
    11,
    12,
    13,
    14,
    15,
    16,
    17,
    18,
    19,
    20,
    21,
    22
  ],
  "distribution": {
    "A": 0.00033535013092504304,
    "B": 0.999664649869075
  }
}