{
  "question_id": "dilemma_15721",
  "method": "last_prefix_attn_oracle",
  "prefix_length": 30,
  "keep_m": 5,
  "kl_to_baseline": 0.03789902706302025,
  "token_kl": 0.08650678008889164,
  "selected_indices": [
    0,
    2,
    9,
    15,
    16
  ],
  "distribution": {
    "A": 0.08509903920620716,
    "B": 0.9149009607937928
  }
}