{
  "question_id": "dilemma_32747",
  "method": "last_prefix_attn_oracle",
  "prefix_length": 25,
  "keep_m": 5,
  "kl_to_baseline": 0.010436059277620383,
  "token_kl": 0.41559217470256155,
  "selected_indices": [
    9,
    14,
    16,
    17,
    18
  ],
  "distribution": {
    "A": 0.012431651950844584,
    "B": 0.9875683480491555
  }
}