{
  "question_id": "dilemma_25447",
  "method": "last_prefix_attn_oracle",
  "prefix_length": 22,
  "keep_m": 3,
  "kl_to_baseline": 0.0017270095410499946,
  "token_kl": 0.3176935505244227,
  "selected_indices": [
    0,
    9,
    16
  ],
  "distribution": {
    "A": 0.6513548714339145,
    "B": 0.3486451285660856
  }
}