{
  "question_id": "dilemma_3081",
  "method": "last_prefix_attn_oracle",
  "prefix_length": 27,
  "keep_m": 3,
  "kl_to_baseline": 0.06317447107121152,
  "token_kl": 0.33018496912979967,
  "selected_indices": [
    0,
    3,
    21
  ],
  "distribution": {
    "A": 0.32082130082460697,
    "B": 0.679178699175393
  }
}