{
  "question_id": "dilemma_24577",
  "method": "last_prefix_attn_oracle",
  "prefix_length": 39,
  "keep_m": 20,
  "kl_to_baseline": 0.06317445100179121,
  "token_kl": 0.06671432437271071,
  "selected_indices": [
    0,
    4,
    5,
    6,
    14,
    16,
    18,
    19,
    20,
    21,
    23,
    25,
    26,
    27,
    28,
    29,
    30,
    31,
    32,
    33
  ],
  "distribution": {
    "A": 0.6791787121629466,
    "B": 0.3208212878370535
  }
}