{
  "question_id": "dilemma_24577",
  "method": "last_prefix_attn_oracle",
  "prefix_length": 29,
  "keep_m": 10,
  "kl_to_baseline": 0.016373965637736,
  "token_kl": 0.06984155170039578,
  "selected_indices": [
    0,
    4,
    13,
    16,
    18,
    19,
    20,
    21,
    22,
    23
  ],
  "distribution": {
    "A": 0.13296424535145931,
    "B": 0.8670357546485407
  }
}