{
  "question_id": "dilemma_25447",
  "method": "last_prefix_attn_oracle",
  "prefix_length": 27,
  "keep_m": 10,
  "kl_to_baseline": 0.02207884139338822,
  "token_kl": 0.07214047004588134,
  "selected_indices": [
    0,
    4,
    6,
    9,
    12,
    13,
    17,
    18,
    19,
    21
  ],
  "distribution": {
    "A": 0.867035752930664,
    "B": 0.13296424706933604
  }
}