{
  "question_id": "dilemma_3081",
  "method": "last_prefix_attn_oracle",
  "prefix_length": 46,
  "keep_m": 10,
  "kl_to_baseline": 0.004177327181824883,
  "token_kl": 0.3141901245623559,
  "selected_indices": [
    0,
    1,
    5,
    16,
    24,
    33,
    35,
    38,
    39,
    40
  ],
  "distribution": {
    "A": 0.18242552825126704,
    "B": 0.817574471748733
  }
}