{
  "question_id": "dilemma_31754",
  "method": "last_prefix_attn_oracle",
  "prefix_length": 24,
  "keep_m": 15,
  "kl_to_baseline": 0.007000654482499251,
  "token_kl": 0.09275762848895473,
  "selected_indices": [
    0,
    2,
    3,
    5,
    6,
    7,
    8,
    9,
    11,
    13,
    14,
    15,
    16,
    17,
    18
  ],
  "distribution": {
    "A": 0.37754066879814546,
    "B": 0.6224593312018546
  }
}