{
  "question_id": "dilemma_45012",
  "method": "last_prefix_attn_oracle",
  "prefix_length": 27,
  "keep_m": 3,
  "kl_to_baseline": 0.1531272902936074,
  "token_kl": 0.27401257574435994,
  "selected_indices": [
    16,
    19,
    20
  ],
  "distribution": {
    "A": 0.1645164628965632,
    "B": 0.8354835371034369
  }
}