{
  "question_id": "dilemma_2081",
  "method": "last_prefix_attn_oracle",
  "prefix_length": 41,
  "keep_m": 10,
  "kl_to_baseline": 0.0007206048492523279,
  "token_kl": 0.3004465037530532,
  "selected_indices": [
    0,
    3,
    5,
    12,
    13,
    15,
    16,
    17,
    31,
    32
  ],
  "distribution": {
    "A": 0.0953494674697966,
    "B": 0.9046505325302034
  }
}