{
  "question_id": "dilemma_24577",
  "method": "last_prefix_attn_oracle",
  "prefix_length": 38,
  "keep_m": 3,
  "kl_to_baseline": 0.0007206056012063686,
  "token_kl": 0.5265987056202663,
  "selected_indices": [
    0,
    20,
    30
  ],
  "distribution": {
    "A": 0.9046505395995929,
    "B": 0.09534946040040723
  }
}