{
  "question_id": "dilemma_3081",
  "method": "last_prefix_attn_oracle",
  "prefix_length": 24,
  "keep_m": 3,
  "kl_to_baseline": 0.13773305013347706,
  "token_kl": 0.2708605941846802,
  "selected_indices": [
    0,
    3,
    8
  ],
  "distribution": {
    "A": 0.4073334000459302,
    "B": 0.5926665999540697
  }
}