{
  "question_id": "dilemma_32747",
  "method": "last_prefix_attn_oracle",
  "prefix_length": 40,
  "keep_m": 20,
  "kl_to_baseline": 0.0004764655069320686,
  "token_kl": 0.2008936657341891,
  "selected_indices": [
    0,
    1,
    3,
    5,
    6,
    7,
    11,
    12,
    13,
    17,
    19,
    20,
    22,
    26,
    28,
    29,
    31,
    32,
    33,
    34
  ],
  "distribution": {
    "A": 0.002182716252649465,
    "B": 0.9978172837473507
  }
}