{
  "question_id": "dilemma_2081",
  "method": "last_prefix_attn_oracle",
  "prefix_length": 24,
  "keep_m": 10,
  "kl_to_baseline": 0.008876623582448034,
  "token_kl": 0.13737705230054603,
  "selected_indices": [
    0,
    2,
    8,
    10,
    11,
    12,
    13,
    14,
    16,
    17
  ],
  "distribution": {
    "A": 0.18242551713899047,
    "B": 0.8175744828610095
  }
}