{
  "question_id": "dilemma_32747",
  "method": "last_prefix_attn_oracle",
  "prefix_length": 23,
  "keep_m": 15,
  "kl_to_baseline": 8.855613664385085e-05,
  "token_kl": 0.0642229341024647,
  "selected_indices": [
    0,
    1,
    2,
    3,
    6,
    7,
    8,
    9,
    11,
    12,
    13,
    14,
    15,
    16,
    17
  ],
  "distribution": {
    "A": 0.00029595706046971323,
    "B": 0.9997040429395302
  }
}