{
  "question_id": "dilemma_12903",
  "method": "last_prefix_attn_oracle",
  "prefix_length": 28,
  "keep_m": 15,
  "kl_to_baseline": 0.07859966140406716,
  "token_kl": 0.06443705948248789,
  "selected_indices": [
    0,
    1,
    4,
    5,
    6,
    9,
    11,
    13,
    15,
    16,
    18,
    19,
    20,
    21,
    22
  ],
  "distribution": {
    "A": 0.679178699175393,
    "B": 0.32082130082460697
  }
}