{
  "question_id": "dilemma_3081",
  "method": "last_prefix_attn_oracle",
  "prefix_length": 30,
  "keep_m": 10,
  "kl_to_baseline": 0.033015352585881286,
  "token_kl": 0.07687026077245718,
  "selected_indices": [
    0,
    8,
    10,
    13,
    17,
    18,
    20,
    21,
    23,
    24
  ],
  "distribution": {
    "A": 0.2942149783515162,
    "B": 0.7057850216484838
  }
}