{
  "question_id": "dilemma_19599",
  "method": "last_prefix_attn_oracle",
  "prefix_length": 16,
  "keep_m": 3,
  "kl_to_baseline": 0.25826611635172114,
  "token_kl": 0.2879789843786347,
  "selected_indices": [
    0,
    7,
    8
  ],
  "distribution": {
    "A": 0.8175744850834649,
    "B": 0.18242551491653522
  }
}