{
  "question_id": "dilemma_45012",
  "method": "last_prefix_attn_oracle",
  "prefix_length": 32,
  "keep_m": 10,
  "kl_to_baseline": 0.00088814104392928,
  "token_kl": 0.427542013005082,
  "selected_indices": [
    0,
    10,
    15,
    16,
    17,
    18,
    20,
    23,
    24,
    25
  ],
  "distribution": {
    "A": 0.004070138263297674,
    "B": 0.9959298617367023
  }
}