{
  "question_id": "dilemma_2081",
  "method": "last_prefix_attn_oracle",
  "prefix_length": 35,
  "keep_m": 10,
  "kl_to_baseline": 0.02615136879444417,
  "token_kl": 0.21835732894039106,
  "selected_indices": [
    0,
    7,
    17,
    18,
    19,
    20,
    22,
    23,
    25,
    29
  ],
  "distribution": {
    "A": 0.22270013366638422,
    "B": 0.7772998663336157
  }
}