{
  "question_id": "gpqa_gpqa_diamond_0020",
  "method": "last_prefix_attn_oracle",
  "prefix_length": 48,
  "keep_m": 5,
  "kl_to_baseline": 0.08168178676659503,
  "token_kl": 0.10994811529341023,
  "selected_indices": [
    37,
    38,
    39,
    40,
    41
  ],
  "distribution": {
    "A": 0.28769158417681756,
    "B": 0.6090430884816495,
    "C": 0.020840308458567564,
    "D": 0.0824250188829654
  }
}