{
  "question_id": "gpqa_gpqa_diamond_0001",
  "method": "last_prefix_attn_oracle",
  "prefix_length": 60,
  "keep_m": 20,
  "kl_to_baseline": 0.0326338299220683,
  "token_kl": 0.078361655866588,
  "selected_indices": [
    0,
    1,
    2,
    3,
    4,
    17,
    18,
    19,
    20,
    21,
    22,
    23,
    26,
    30,
    32,
    33,
    50,
    52,
    53,
    54
  ],
  "distribution": {
    "A": 0.28287000738298623,
    "B": 0.1336183302613266,
    "C": 0.22029938325728377,
    "D": 0.3632122790984034
  }
}