{
  "question_id": "gpqa_gpqa_diamond_0031",
  "method": "last_prefix_attn_oracle",
  "prefix_length": 203,
  "keep_m": 10,
  "kl_to_baseline": 1.0241080780889134,
  "token_kl": 0.04838008773319691,
  "selected_indices": [
    0,
    11,
    12,
    14,
    69,
    70,
    152,
    153,
    154,
    155
  ],
  "distribution": {
    "A": 0.3068959128423887,
    "B": 0.06043138831111509,
    "C": 0.44653091836709136,
    "D": 0.18614178047940486
  }
}