{
  "question_id": "gpqa_gpqa_diamond_0002",
  "method": "last_prefix_attn_oracle",
  "prefix_length": 95,
  "keep_m": 15,
  "kl_to_baseline": 0.7042964642869579,
  "token_kl": 0.6422283277100443,
  "selected_indices": [
    0,
    15,
    16,
    23,
    57,
    62,
    64,
    82,
    83,
    84,
    85,
    86,
    87,
    88,
    89
  ],
  "distribution": {
    "A": 0.15756682150165077,
    "B": 0.17854660003925232,
    "C": 0.17854660003925232,
    "D": 0.4853399784198446
  }
}