{
  "question_id": "gpqa_gpqa_diamond_0031",
  "method": "last_prefix_attn_oracle",
  "prefix_length": 158,
  "keep_m": 15,
  "kl_to_baseline": 1.1462020351270596,
  "token_kl": 0.3199137621542051,
  "selected_indices": [
    0,
    47,
    67,
    68,
    72,
    90,
    92,
    127,
    136,
    138,
    140,
    148,
    150,
    151,
    152
  ],
  "distribution": {
    "A": 0.21497448885715836,
    "B": 0.0543540628709759,
    "C": 0.5156969594147074,
    "D": 0.21497448885715836
  }
}