{
  "question_id": "gpqa_gpqa_diamond_0009",
  "method": "last_prefix_attn_oracle",
  "prefix_length": 102,
  "keep_m": 15,
  "kl_to_baseline": 1.3267861209262044,
  "token_kl": 0.06400423740533832,
  "selected_indices": [
    0,
    4,
    7,
    8,
    9,
    10,
    11,
    41,
    54,
    62,
    78,
    89,
    90,
    94,
    96
  ],
  "distribution": {
    "A": 0.5600526399328287,
    "B": 0.20603186448553576,
    "C": 0.05209301333942116,
    "D": 0.1818224822422144
  }
}