{
  "question_id": "gpqa_gpqa_diamond_0002",
  "method": "last_prefix_attn_oracle",
  "prefix_length": 102,
  "keep_m": 20,
  "kl_to_baseline": 0.028949300271526177,
  "token_kl": 0.6950974625933196,
  "selected_indices": [
    25,
    29,
    31,
    33,
    34,
    35,
    36,
    37,
    43,
    51,
    57,
    81,
    82,
    84,
    87,
    88,
    89,
    93,
    94,
    96
  ],
  "distribution": {
    "A": 0.017735877903116485,
    "B": 0.006524664851683425,
    "C": 0.007393413883464566,
    "D": 0.9683460433617356
  }
}