{
  "question_id": "gpqa_gpqa_diamond_0023",
  "method": "last_prefix_attn_oracle",
  "prefix_length": 362,
  "keep_m": 20,
  "kl_to_baseline": 0.05229220283063313,
  "token_kl": 0.6199341533681196,
  "selected_indices": [
    0,
    106,
    135,
    137,
    138,
    150,
    174,
    189,
    190,
    226,
    264,
    295,
    332,
    338,
    339,
    340,
    346,
    348,
    349,
    352
  ],
  "distribution": {
    "A": 0.046878131660557855,
    "B": 0.007188994326557042,
    "C": 0.941572528541328,
    "D": 0.004360345471557021
  }
}