{
  "question_id": "gpqa_gpqa_diamond_0007",
  "method": "last_prefix_attn_oracle",
  "prefix_length": 204,
  "keep_m": 15,
  "kl_to_baseline": 0.04022828965185575,
  "token_kl": 0.16443266252676417,
  "selected_indices": [
    0,
    58,
    61,
    63,
    85,
    86,
    87,
    115,
    116,
    132,
    135,
    155,
    172,
    176,
    177
  ],
  "distribution": {
    "A": 0.9547300919912893,
    "B": 0.012018278648834205,
    "C": 0.028830351726700655,
    "D": 0.004421277633175805
  }
}