{
  "question_id": "gpqa_gpqa_diamond_0017",
  "method": "last_prefix_attn_oracle",
  "prefix_length": 100,
  "keep_m": 5,
  "kl_to_baseline": 0.5014316663946681,
  "token_kl": 0.09260450895979436,
  "selected_indices": [
    0,
    33,
    55,
    76,
    92
  ],
  "distribution": {
    "A": 0.8916745925972417,
    "B": 0.03457397854759354,
    "C": 0.03457397854759354,
    "D": 0.03917745030757126
  }
}