{
  "question_id": "gpqa_gpqa_diamond_0020",
  "method": "last_prefix_attn_oracle",
  "prefix_length": 56,
  "keep_m": 3,
  "kl_to_baseline": 0.13213194304079692,
  "token_kl": 0.14748794610759425,
  "selected_indices": [
    0,
    40,
    50
  ],
  "distribution": {
    "A": 0.3900852433273489,
    "B": 0.3037986929679388,
    "C": 0.14350434132449122,
    "D": 0.16261172238022106
  }
}