{
  "question_id": "gpqa_gpqa_diamond_0023",
  "method": "last_prefix_attn_oracle",
  "prefix_length": 33,
  "keep_m": 10,
  "kl_to_baseline": 0.048077464453399124,
  "token_kl": 0.10438291248933024,
  "selected_indices": [
    0,
    14,
    16,
    19,
    20,
    21,
    22,
    23,
    24,
    25
  ],
  "distribution": {
    "A": 0.3755160900125997,
    "B": 0.2580881826791655,
    "C": 0.2924522249577248,
    "D": 0.07394350235050993
  }
}