{
  "question_id": "gpqa_gpqa_diamond_0009",
  "method": "last_prefix_attn_oracle",
  "prefix_length": 76,
  "keep_m": 15,
  "kl_to_baseline": 0.9324920672813278,
  "token_kl": 0.12389248764728227,
  "selected_indices": [
    0,
    26,
    27,
    28,
    29,
    33,
    59,
    63,
    64,
    65,
    66,
    67,
    68,
    69,
    70
  ],
  "distribution": {
    "A": 0.5418889518598652,
    "B": 0.06471940213398814,
    "C": 0.06471940213398814,
    "D": 0.32867224387215854
  }
}