{
  "question_id": "gpqa_gpqa_diamond_0020",
  "method": "last_prefix_attn_oracle",
  "prefix_length": 34,
  "keep_m": 20,
  "kl_to_baseline": 0.029867462803480883,
  "token_kl": 0.05090040919837114,
  "selected_indices": [
    0,
    1,
    2,
    4,
    5,
    6,
    7,
    8,
    10,
    11,
    14,
    15,
    19,
    21,
    22,
    23,
    24,
    25,
    27,
    28
  ],
  "distribution": {
    "A": 0.5460414497708245,
    "B": 0.33119086101942674,
    "C": 0.057552341954094095,
    "D": 0.06521534725565473
  }
}