{
  "question_id": "gpqa_gpqa_diamond_0002",
  "method": "last_prefix_attn_oracle",
  "prefix_length": 73,
  "keep_m": 15,
  "kl_to_baseline": 0.05741560384671267,
  "token_kl": 0.18674260326016057,
  "selected_indices": [
    27,
    33,
    34,
    35,
    37,
    51,
    57,
    58,
    59,
    60,
    62,
    63,
    64,
    66,
    67
  ],
  "distribution": {
    "A": 0.036436879429573764,
    "B": 0.01043934073918927,
    "C": 0.013404378842582818,
    "D": 0.9397194009886541
  }
}