{
  "question_id": "gpqa_gpqa_diamond_0020",
  "method": "last_prefix_attn_oracle",
  "prefix_length": 60,
  "keep_m": 10,
  "kl_to_baseline": 0.3772526984587464,
  "token_kl": 0.11117092617440673,
  "selected_indices": [
    0,
    34,
    35,
    36,
    37,
    48,
    49,
    50,
    53,
    54
  ],
  "distribution": {
    "A": 0.5765268567467733,
    "B": 0.3085925889218411,
    "C": 0.0368561288800471,
    "D": 0.0780244254513386
  }
}