{
  "question_id": "gpqa_gpqa_diamond_0001",
  "method": "last_prefix_attn_oracle",
  "prefix_length": 28,
  "keep_m": 5,
  "kl_to_baseline": 0.061554584916926565,
  "token_kl": 0.29226534687083106,
  "selected_indices": [
    6,
    11,
    20,
    21,
    22
  ],
  "distribution": {
    "A": 0.2779254157516307,
    "B": 0.1487627550569521,
    "C": 0.21644853142281575,
    "D": 0.3568632977686014
  }
}