{
  "question_id": "gpqa_gpqa_diamond_0009",
  "method": "last_prefix_attn_oracle",
  "prefix_length": 103,
  "keep_m": 20,
  "kl_to_baseline": 1.0118969451494444,
  "token_kl": 0.22413792410314212,
  "selected_indices": [
    0,
    4,
    9,
    12,
    13,
    17,
    53,
    55,
    61,
    62,
    63,
    78,
    81,
    89,
    90,
    91,
    92,
    94,
    95,
    97
  ],
  "distribution": {
    "A": 0.5230819015171122,
    "B": 0.1167153345427055,
    "C": 0.08021719810170311,
    "D": 0.2799855658384792
  }
}