{
  "question_id": "gpqa_gpqa_diamond_0020",
  "method": "last_prefix_attn_oracle",
  "prefix_length": 71,
  "keep_m": 20,
  "kl_to_baseline": 0.017077466670661217,
  "token_kl": 0.17531853480295445,
  "selected_indices": [
    0,
    2,
    4,
    8,
    15,
    34,
    35,
    36,
    38,
    48,
    49,
    57,
    58,
    59,
    60,
    61,
    62,
    63,
    64,
    65
  ],
  "distribution": {
    "A": 0.01796151888665845,
    "B": 0.9806655714794213,
    "C": 0.0004786582651193485,
    "D": 0.0008942513688007438
  }
}