{
  "question_id": "gpqa_gpqa_diamond_0031",
  "method": "last_prefix_attn_oracle",
  "prefix_length": 200,
  "keep_m": 10,
  "kl_to_baseline": 0.0036925576976111103,
  "token_kl": 0.39885573738328745,
  "selected_indices": [
    0,
    56,
    57,
    58,
    63,
    146,
    147,
    192,
    193,
    194
  ],
  "distribution": {
    "A": 0.9679048636970153,
    "B": 0.004482289433485575,
    "C": 0.013806423434749526,
    "D": 0.013806423434749526
  }
}