{
  "question_id": "gpqa_gpqa_diamond_0023",
  "method": "last_prefix_attn_oracle",
  "prefix_length": 95,
  "keep_m": 15,
  "kl_to_baseline": 0.02762231414457965,
  "token_kl": 0.14220507726256185,
  "selected_indices": [
    0,
    2,
    8,
    9,
    10,
    12,
    73,
    76,
    81,
    82,
    84,
    85,
    87,
    88,
    89
  ],
  "distribution": {
    "A": 0.4578133331038084,
    "B": 0.21625569306727568,
    "C": 0.27767780640180495,
    "D": 0.04825316742711091
  }
}