{
  "question_id": "gpqa_gpqa_diamond_0001",
  "method": "last_prefix_attn_oracle",
  "prefix_length": 311,
  "keep_m": 5,
  "kl_to_baseline": 0.3743159147722741,
  "token_kl": 0.8727074083460175,
  "selected_indices": [
    171,
    300,
    301,
    304,
    305
  ],
  "distribution": {
    "A": 0.11466841731299243,
    "B": 0.45352233410468085,
    "C": 0.1890562361641885,
    "D": 0.24275301241813824
  }
}