{
  "question_id": "gpqa_gpqa_diamond_0001",
  "method": "last_prefix_attn_oracle",
  "prefix_length": 368,
  "keep_m": 20,
  "kl_to_baseline": 0.22902905390006503,
  "token_kl": 0.1601111744647191,
  "selected_indices": [
    0,
    2,
    52,
    233,
    240,
    241,
    246,
    301,
    303,
    307,
    317,
    318,
    333,
    337,
    338,
    350,
    351,
    352,
    359,
    362
  ],
  "distribution": {
    "A": 0.19969832289291334,
    "B": 0.06483255325450875,
    "C": 0.2564177222644162,
    "D": 0.47905140158816173
  }
}