{
  "question_id": "gpqa_gpqa_diamond_0009",
  "method": "last_prefix_attn_oracle",
  "prefix_length": 118,
  "keep_m": 3,
  "kl_to_baseline": 1.9451482664907702,
  "token_kl": 0.12575410967989456,
  "selected_indices": [
    0,
    40,
    111
  ],
  "distribution": {
    "A": 0.6955262369577914,
    "B": 0.13695723646782793,
    "C": 0.030559290106552818,
    "D": 0.13695723646782793
  }
}