{
  "question_id": "gpqa_gpqa_diamond_0019",
  "method": "last_prefix_attn_oracle",
  "prefix_length": 22,
  "keep_m": 10,
  "kl_to_baseline": 1.47479533140339e-05,
  "token_kl": 0.03862056226759623,
  "selected_indices": [
    0,
    1,
    3,
    4,
    5,
    6,
    10,
    11,
    12,
    15
  ],
  "distribution": {
    "A": 0.00012321962112279657,
    "B": 0.0007090796233340644,
    "C": 0.0007090796233340644,
    "D": 0.998458621132209
  }
}