{
  "question_id": "gpqa_gpqa_diamond_0031",
  "method": "last_prefix_attn_oracle",
  "prefix_length": 132,
  "keep_m": 15,
  "kl_to_baseline": 0.5560351950518447,
  "token_kl": 0.04329117304871476,
  "selected_indices": [
    0,
    1,
    3,
    16,
    25,
    33,
    56,
    67,
    117,
    119,
    120,
    121,
    122,
    123,
    125
  ],
  "distribution": {
    "A": 0.4268971354575336,
    "B": 0.05777424818365736,
    "C": 0.3767353997635099,
    "D": 0.13859321659529913
  }
}