{
  "question_id": "gpqa_gpqa_diamond_0017",
  "method": "last_prefix_attn_oracle",
  "prefix_length": 49,
  "keep_m": 10,
  "kl_to_baseline": 0.00854117375451047,
  "token_kl": 0.3647614464902196,
  "selected_indices": [
    0,
    24,
    32,
    33,
    36,
    37,
    39,
    41,
    42,
    43
  ],
  "distribution": {
    "A": 0.775939625216764,
    "B": 0.04960416214396119,
    "C": 0.09267277539726797,
    "D": 0.08178343724200689
  }
}