{
  "question_id": "gpqa_gpqa_diamond_0023",
  "method": "last_prefix_attn_oracle",
  "prefix_length": 90,
  "keep_m": 15,
  "kl_to_baseline": 0.27082648366202633,
  "token_kl": 0.24304832433973825,
  "selected_indices": [
    0,
    1,
    5,
    6,
    7,
    10,
    68,
    70,
    71,
    79,
    80,
    81,
    82,
    83,
    84
  ],
  "distribution": {
    "A": 0.5986209788763645,
    "B": 0.15135508633934167,
    "C": 0.22022035118253874,
    "D": 0.029803583601755196
  }
}