{
  "question_id": "gpqa_gpqa_diamond_0026",
  "method": "last_prefix_attn_oracle",
  "prefix_length": 99,
  "keep_m": 20,
  "kl_to_baseline": 0.01642047263375613,
  "token_kl": 0.1463583961292705,
  "selected_indices": [
    0,
    4,
    39,
    47,
    48,
    55,
    64,
    68,
    73,
    80,
    81,
    82,
    85,
    86,
    87,
    88,
    90,
    91,
    92,
    93
  ],
  "distribution": {
    "A": 0.02253167437990958,
    "B": 0.9580711275086379,
    "C": 0.0018495124604690134,
    "D": 0.01754768565098349
  }
}