{
  "question_id": "gpqa_gpqa_diamond_0031",
  "method": "last_prefix_attn_oracle",
  "prefix_length": 69,
  "keep_m": 15,
  "kl_to_baseline": 0.2943094097495716,
  "token_kl": 0.22333159589390605,
  "selected_indices": [
    0,
    13,
    14,
    16,
    21,
    25,
    33,
    35,
    38,
    40,
    46,
    47,
    48,
    49,
    55
  ],
  "distribution": {
    "A": 0.6338539201354131,
    "B": 0.035759595446251326,
    "C": 0.2331818259237438,
    "D": 0.0972046584945918
  }
}