{
  "question_id": "gpqa_gpqa_diamond_0031",
  "method": "last_prefix_attn_oracle",
  "prefix_length": 124,
  "keep_m": 5,
  "kl_to_baseline": 1.472174725512004,
  "token_kl": 0.20071860187673884,
  "selected_indices": [
    25,
    26,
    35,
    73,
    74
  ],
  "distribution": {
    "A": 0.17445547236334458,
    "B": 0.06417858168232721,
    "C": 0.5373606853595279,
    "D": 0.22400526059480028
  }
}