{
  "question_id": "gpqa_gpqa_diamond_0004",
  "method": "last_prefix_attn_oracle",
  "prefix_length": 34,
  "keep_m": 10,
  "kl_to_baseline": 0.02155565957117012,
  "token_kl": 0.19061366116969097,
  "selected_indices": [
    0,
    1,
    3,
    10,
    15,
    20,
    22,
    23,
    25,
    27
  ],
  "distribution": {
    "A": 0.001818808455812898,
    "B": 0.163723900059998,
    "C": 0.8314585832957612,
    "D": 0.002998708188427979
  }
}