{
  "question_id": "gpqa_gpqa_diamond_0031",
  "method": "last_prefix_attn_oracle",
  "prefix_length": 141,
  "keep_m": 10,
  "kl_to_baseline": 0.7286192177816754,
  "token_kl": 0.03878601769323203,
  "selected_indices": [
    0,
    46,
    47,
    50,
    89,
    90,
    91,
    125,
    127,
    135
  ],
  "distribution": {
    "A": 0.3304491790893517,
    "B": 0.09467528621378421,
    "C": 0.3744479761023015,
    "D": 0.20042755859456263
  }
}