{
  "question_id": "gpqa_gpqa_diamond_0031",
  "method": "last_prefix_attn_oracle",
  "prefix_length": 173,
  "keep_m": 15,
  "kl_to_baseline": 0.9355755072500516,
  "token_kl": 0.01081664558676679,
  "selected_indices": [
    0,
    43,
    52,
    83,
    86,
    87,
    88,
    155,
    161,
    162,
    163,
    164,
    165,
    166,
    167
  ],
  "distribution": {
    "A": 0.3339777215244972,
    "B": 0.058036632612411806,
    "C": 0.37844633850426723,
    "D": 0.2295393073588238
  }
}