{
  "question_id": "gpqa_gpqa_diamond_0020",
  "method": "last_prefix_attn_oracle",
  "prefix_length": 76,
  "keep_m": 20,
  "kl_to_baseline": 0.009019475215427744,
  "token_kl": 0.11994770097118224,
  "selected_indices": [
    0,
    3,
    8,
    15,
    34,
    35,
    36,
    49,
    57,
    59,
    60,
    61,
    62,
    63,
    64,
    65,
    66,
    67,
    69,
    70
  ],
  "distribution": {
    "A": 0.0010312304444572919,
    "B": 0.9979992800383461,
    "C": 0.00026073588875813073,
    "D": 0.0007087536284383459
  }
}