{
  "question_id": "gpqa_gpqa_diamond_0001",
  "method": "last_prefix_attn_oracle",
  "prefix_length": 40,
  "keep_m": 5,
  "kl_to_baseline": 0.07042545414353424,
  "token_kl": 0.3284473384259874,
  "selected_indices": [
    24,
    27,
    28,
    32,
    34
  ],
  "distribution": {
    "A": 0.2459129452881608,
    "B": 0.13162771438625326,
    "C": 0.21701741252225698,
    "D": 0.40544192780332894
  }
}