{
  "question_id": "gpqa_gpqa_diamond_0031",
  "method": "last_prefix_attn_oracle",
  "prefix_length": 149,
  "keep_m": 20,
  "kl_to_baseline": 1.1956243915446623,
  "token_kl": 0.10471433660037051,
  "selected_indices": [
    0,
    1,
    9,
    117,
    119,
    120,
    121,
    125,
    127,
    128,
    129,
    130,
    131,
    132,
    133,
    134,
    135,
    136,
    137,
    138
  ],
  "distribution": {
    "A": 0.18856016838158499,
    "B": 0.04207345555305091,
    "C": 0.5808062076837791,
    "D": 0.18856016838158499
  }
}