{
  "question_id": "gpqa_gpqa_diamond_0004",
  "method": "last_prefix_attn_oracle",
  "prefix_length": 78,
  "keep_m": 3,
  "kl_to_baseline": 0.22924458953997687,
  "token_kl": 0.19034500719969127,
  "selected_indices": [
    0,
    14,
    72
  ],
  "distribution": {
    "A": 0.004155732622923396,
    "B": 0.2002344111487947,
    "C": 0.7919424350605822,
    "D": 0.003667421167699653
  }
}