{
  "question_id": "gpqa_gpqa_diamond_0001",
  "method": "last_prefix_attn_oracle",
  "prefix_length": 347,
  "keep_m": 3,
  "kl_to_baseline": 0.10650211265671644,
  "token_kl": 0.7796157834910792,
  "selected_indices": [
    320,
    323,
    328
  ],
  "distribution": {
    "A": 0.23679234948993813,
    "B": 0.11185278584400764,
    "C": 0.2089685149805994,
    "D": 0.44238634968545487
  }
}