{
  "question_id": "gpqa_gpqa_diamond_0031",
  "method": "last_prefix_attn_oracle",
  "prefix_length": 62,
  "keep_m": 10,
  "kl_to_baseline": 0.025768504566963602,
  "token_kl": 0.00013789611359196476,
  "selected_indices": [
    0,
    1,
    2,
    9,
    16,
    25,
    33,
    54,
    55,
    56
  ],
  "distribution": {
    "A": 0.8960518329778926,
    "B": 0.008784581559375611,
    "C": 0.050551788601657655,
    "D": 0.04461179686107413
  }
}