{
  "question_id": "gpqa_gpqa_diamond_0031",
  "method": "last_prefix_attn_oracle",
  "prefix_length": 118,
  "keep_m": 3,
  "kl_to_baseline": 0.1464100535438404,
  "token_kl": 0.12047737747180423,
  "selected_indices": [
    107,
    108,
    109
  ],
  "distribution": {
    "A": 0.7780726313956559,
    "B": 0.03873795875790257,
    "C": 0.1193213132587833,
    "D": 0.06386809658765828
  }
}