{
  "question_id": "gpqa_gpqa_diamond_0001",
  "method": "last_prefix_attn_oracle",
  "prefix_length": 29,
  "keep_m": 5,
  "kl_to_baseline": 0.0327446414385305,
  "token_kl": 0.14550635353756078,
  "selected_indices": [
    6,
    19,
    20,
    22,
    23
  ],
  "distribution": {
    "A": 0.3088994151763165,
    "B": 0.1287684340879094,
    "C": 0.21230325627548366,
    "D": 0.3500288944602904
  }
}