{
  "question_id": "gpqa_gpqa_diamond_0002",
  "method": "last_prefix_attn_oracle",
  "prefix_length": 73,
  "keep_m": 10,
  "kl_to_baseline": 2.128424509927002,
  "token_kl": 0.16080993944542737,
  "selected_indices": [
    27,
    33,
    35,
    58,
    59,
    62,
    63,
    64,
    66,
    67
  ],
  "distribution": {
    "A": 0.2497761552289355,
    "B": 0.2204266833290247,
    "C": 0.411811260039643,
    "D": 0.11798590140239684
  }
}