{
  "question_id": "gpqa_gpqa_diamond_0009",
  "method": "last_prefix_attn_oracle",
  "prefix_length": 102,
  "keep_m": 3,
  "kl_to_baseline": 3.344670110811901,
  "token_kl": 0.09380393183664879,
  "selected_indices": [
    9,
    11,
    54
  ],
  "distribution": {
    "A": 0.8524297079545238,
    "B": 0.11536380908910945,
    "C": 0.012159258919487981,
    "D": 0.020047224036878853
  }
}