{
  "question_id": "gpqa_gpqa_diamond_0023",
  "method": "last_prefix_attn_oracle",
  "prefix_length": 318,
  "keep_m": 10,
  "kl_to_baseline": 0.16695662517564647,
  "token_kl": 0.2639370839905645,
  "selected_indices": [
    0,
    288,
    290,
    303,
    304,
    305,
    307,
    308,
    311,
    312
  ],
  "distribution": {
    "A": 0.543136411302241,
    "B": 0.19980871946973108,
    "C": 0.19980871946973108,
    "D": 0.05724614975829676
  }
}