{
  "question_id": "gpqa_gpqa_diamond_0001",
  "method": "last_prefix_attn_oracle",
  "prefix_length": 321,
  "keep_m": 10,
  "kl_to_baseline": 0.14642245027903522,
  "token_kl": 0.08336008261583736,
  "selected_indices": [
    0,
    233,
    238,
    239,
    240,
    241,
    302,
    303,
    304,
    311
  ],
  "distribution": {
    "A": 0.3118033757242152,
    "B": 0.10122773525952902,
    "C": 0.2751655132920407,
    "D": 0.3118033757242152
  }
}