{
  "question_id": "gpqa_gpqa_diamond_0023",
  "method": "last_prefix_attn_oracle",
  "prefix_length": 136,
  "keep_m": 20,
  "kl_to_baseline": 0.23753442687797294,
  "token_kl": 0.26975351270543896,
  "selected_indices": [
    0,
    14,
    56,
    59,
    60,
    65,
    66,
    67,
    68,
    79,
    81,
    82,
    104,
    105,
    106,
    116,
    123,
    128,
    129,
    130
  ],
  "distribution": {
    "A": 0.4724988720675358,
    "B": 0.19696683410589014,
    "C": 0.2865850525885977,
    "D": 0.04394924123797648
  }
}