{
  "question_id": "gpqa_gpqa_diamond_0023",
  "method": "last_prefix_attn_oracle",
  "prefix_length": 335,
  "keep_m": 15,
  "kl_to_baseline": 0.22282285125653653,
  "token_kl": 0.3982264296410577,
  "selected_indices": [
    0,
    96,
    99,
    123,
    268,
    300,
    301,
    302,
    319,
    321,
    322,
    323,
    325,
    328,
    329
  ],
  "distribution": {
    "A": 0.6940390822249781,
    "B": 0.15486104695090971,
    "C": 0.12060591900997114,
    "D": 0.03049395181414109
  }
}