{
  "question_id": "gpqa_gpqa_diamond_0002",
  "method": "last_prefix_attn_oracle",
  "prefix_length": 96,
  "keep_m": 15,
  "kl_to_baseline": 1.4534257321664685,
  "token_kl": 0.14272970487486825,
  "selected_indices": [
    0,
    1,
    6,
    7,
    9,
    17,
    18,
    83,
    84,
    85,
    86,
    87,
    88,
    89,
    90
  ],
  "distribution": {
    "A": 0.2953920659419844,
    "B": 0.17916432327161655,
    "C": 0.2953920659419844,
    "D": 0.23005154484441465
  }
}