{
  "question_id": "gpqa_gpqa_diamond_0023",
  "method": "last_prefix_attn_oracle",
  "prefix_length": 348,
  "keep_m": 10,
  "kl_to_baseline": 0.07679057445228954,
  "token_kl": 0.11854511697301091,
  "selected_indices": [
    0,
    138,
    317,
    331,
    332,
    338,
    339,
    340,
    341,
    342
  ],
  "distribution": {
    "A": 0.5072759654907931,
    "B": 0.21146408350885734,
    "C": 0.23962019910725588,
    "D": 0.041639751893093636
  }
}