{
  "question_id": "gpqa_gpqa_diamond_0023",
  "method": "last_prefix_attn_oracle",
  "prefix_length": 75,
  "keep_m": 5,
  "kl_to_baseline": 0.15026349709739675,
  "token_kl": 0.3300807971562182,
  "selected_indices": [
    2,
    4,
    12,
    68,
    69
  ],
  "distribution": {
    "A": 0.40880390369931907,
    "B": 0.1931052907375171,
    "C": 0.2809665401404391,
    "D": 0.1171242654227248
  }
}