{
  "question_id": "gpqa_gpqa_diamond_0009",
  "method": "last_prefix_attn_oracle",
  "prefix_length": 90,
  "keep_m": 15,
  "kl_to_baseline": 0.047939009006378444,
  "token_kl": 0.15934868960146378,
  "selected_indices": [
    0,
    42,
    43,
    53,
    54,
    56,
    58,
    62,
    63,
    78,
    79,
    80,
    81,
    82,
    83
  ],
  "distribution": {
    "A": 0.14217115405580488,
    "B": 0.024705639140036095,
    "C": 0.014984727606228349,
    "D": 0.8181384791979307
  }
}