{
  "question_id": "gpqa_gpqa_diamond_0002",
  "method": "last_prefix_attn_oracle",
  "prefix_length": 66,
  "keep_m": 5,
  "kl_to_baseline": 1.6817683121258729,
  "token_kl": 0.11999670100490781,
  "selected_indices": [
    11,
    12,
    13,
    14,
    59
  ],
  "distribution": {
    "A": 0.30601362565976303,
    "B": 0.23832365129434321,
    "C": 0.27005607679342275,
    "D": 0.18560664625247092
  }
}