{
  "question_id": "gpqa_gpqa_diamond_0009",
  "method": "last_prefix_attn_oracle",
  "prefix_length": 78,
  "keep_m": 10,
  "kl_to_baseline": 2.412065624362261,
  "token_kl": 0.37036583225306363,
  "selected_indices": [
    0,
    24,
    25,
    38,
    40,
    68,
    69,
    70,
    71,
    72
  ],
  "distribution": {
    "A": 0.8550438912309727,
    "B": 0.05466112720425678,
    "C": 0.020108704929703108,
    "D": 0.07018627663506746
  }
}