{
  "question_id": "gpqa_gpqa_diamond_0009",
  "method": "last_prefix_attn_oracle",
  "prefix_length": 119,
  "keep_m": 10,
  "kl_to_baseline": 1.3990623882156534,
  "token_kl": 0.051219733619501294,
  "selected_indices": [
    0,
    40,
    41,
    42,
    99,
    109,
    110,
    111,
    112,
    113
  ],
  "distribution": {
    "A": 0.6237060303474753,
    "B": 0.09564842900709959,
    "C": 0.05119691474593736,
    "D": 0.22944862589948783
  }
}