{
  "question_id": "gpqa_gpqa_diamond_0020",
  "method": "last_prefix_attn_oracle",
  "prefix_length": 53,
  "keep_m": 5,
  "kl_to_baseline": 0.22619200995828911,
  "token_kl": 0.9370077851717504,
  "selected_indices": [
    7,
    38,
    40,
    43,
    45
  ],
  "distribution": {
    "A": 0.24575317993122908,
    "B": 0.5202594549871488,
    "C": 0.10244516692854805,
    "D": 0.13154219815307414
  }
}