{
  "question_id": "gpqa_gpqa_diamond_0023",
  "method": "last_prefix_attn_oracle",
  "prefix_length": 66,
  "keep_m": 10,
  "kl_to_baseline": 0.12321551762726546,
  "token_kl": 0.11163090347388212,
  "selected_indices": [
    0,
    14,
    28,
    44,
    54,
    56,
    57,
    58,
    59,
    60
  ],
  "distribution": {
    "A": 0.20755984846994535,
    "B": 0.26651212091926607,
    "C": 0.43940420265899854,
    "D": 0.08652382795179002
  }
}