{
  "question_id": "gpqa_gpqa_diamond_0001",
  "method": "last_prefix_attn_oracle",
  "prefix_length": 276,
  "keep_m": 15,
  "kl_to_baseline": 0.053248352974671787,
  "token_kl": 0.2026180945788516,
  "selected_indices": [
    252,
    253,
    254,
    255,
    256,
    258,
    259,
    262,
    264,
    265,
    266,
    267,
    268,
    269,
    270
  ],
  "distribution": {
    "A": 0.28264956162912985,
    "B": 0.11782586712196412,
    "C": 0.13351419906051107,
    "D": 0.46601037218839503
  }
}