{
  "question_id": "gpqa_gpqa_diamond_0023",
  "method": "last_prefix_attn_oracle",
  "prefix_length": 136,
  "keep_m": 5,
  "kl_to_baseline": 0.30887692374983583,
  "token_kl": 0.6436743695014333,
  "selected_indices": [
    66,
    81,
    82,
    105,
    106
  ],
  "distribution": {
    "A": 0.43327401679968,
    "B": 0.15939259367383316,
    "C": 0.29778456877577564,
    "D": 0.10954882075071128
  }
}