{
  "question_id": "gpqa_gpqa_diamond_0009",
  "method": "last_prefix_attn_oracle",
  "prefix_length": 80,
  "keep_m": 10,
  "kl_to_baseline": 0.11746331105706981,
  "token_kl": 0.5346622429734578,
  "selected_indices": [
    0,
    25,
    42,
    43,
    53,
    58,
    59,
    60,
    63,
    64
  ],
  "distribution": {
    "A": 0.17346877665716912,
    "B": 0.04385977537474248,
    "C": 0.005238304409426014,
    "D": 0.7774331435586624
  }
}