{
  "question_id": "gpqa_gpqa_diamond_0023",
  "method": "last_prefix_attn_oracle",
  "prefix_length": 180,
  "keep_m": 20,
  "kl_to_baseline": 0.021250027729135472,
  "token_kl": 0.23873062864196382,
  "selected_indices": [
    0,
    9,
    10,
    90,
    91,
    94,
    97,
    99,
    100,
    105,
    118,
    120,
    122,
    123,
    126,
    166,
    169,
    172,
    173,
    174
  ],
  "distribution": {
    "A": 0.4269884441443061,
    "B": 0.22855045819645087,
    "C": 0.29346459731987207,
    "D": 0.050996500339371094
  }
}