{
  "question_id": "gpqa_gpqa_diamond_0031",
  "method": "last_prefix_attn_oracle",
  "prefix_length": 82,
  "keep_m": 10,
  "kl_to_baseline": 1.814266772121918,
  "token_kl": 0.0948363344272408,
  "selected_indices": [
    0,
    16,
    33,
    41,
    42,
    49,
    67,
    68,
    73,
    76
  ],
  "distribution": {
    "A": 0.1443324168415416,
    "B": 0.046857875247400316,
    "C": 0.5708457822128511,
    "D": 0.23796392569820704
  }
}