{
  "question_id": "gpqa_gpqa_diamond_0004",
  "method": "last_prefix_attn_oracle",
  "prefix_length": 119,
  "keep_m": 15,
  "kl_to_baseline": 0.0011077943711403676,
  "token_kl": 0.4155616754583079,
  "selected_indices": [
    0,
    37,
    61,
    62,
    64,
    65,
    67,
    71,
    73,
    108,
    109,
    110,
    111,
    112,
    113
  ],
  "distribution": {
    "A": 0.000486962028904495,
    "B": 0.001499948646214935,
    "C": 0.9976784053836466,
    "D": 0.00033468394123406037
  }
}