{
  "question_id": "gpqa_gpqa_diamond_0001",
  "method": "last_prefix_attn_oracle",
  "prefix_length": 414,
  "keep_m": 20,
  "kl_to_baseline": 0.04674948137421397,
  "token_kl": 0.532773587041586,
  "selected_indices": [
    233,
    332,
    336,
    350,
    351,
    363,
    365,
    366,
    367,
    370,
    372,
    373,
    390,
    402,
    403,
    404,
    405,
    406,
    407,
    408
  ],
  "distribution": {
    "A": 0.5808696875570142,
    "B": 0.12960953095930394,
    "C": 0.10094000420462342,
    "D": 0.18858077727905836
  }
}