{
  "question_id": "gpqa_gpqa_diamond_0023",
  "method": "last_prefix_attn_oracle",
  "prefix_length": 347,
  "keep_m": 3,
  "kl_to_baseline": 0.41264962131766747,
  "token_kl": 0.41076370445675275,
  "selected_indices": [
    339,
    340,
    341
  ],
  "distribution": {
    "A": 0.17395457376300844,
    "B": 0.19711637966155435,
    "C": 0.5358178729256373,
    "D": 0.09311117364979997
  }
}