{
  "question_id": "gpqa_gpqa_diamond_0031",
  "method": "last_prefix_attn_oracle",
  "prefix_length": 88,
  "keep_m": 3,
  "kl_to_baseline": 1.528162692643225,
  "token_kl": 0.1061460583885213,
  "selected_indices": [
    0,
    44,
    81
  ],
  "distribution": {
    "A": 0.19608755404482014,
    "B": 0.0817414538129424,
    "C": 0.4703895888525571,
    "D": 0.25178140328968024
  }
}