{
  "question_id": "gpqa_gpqa_diamond_0002",
  "method": "last_prefix_attn_oracle",
  "prefix_length": 104,
  "keep_m": 15,
  "kl_to_baseline": 0.19704356967596426,
  "token_kl": 0.2461216045590373,
  "selected_indices": [
    31,
    36,
    43,
    51,
    57,
    82,
    83,
    84,
    86,
    87,
    88,
    89,
    94,
    96,
    98
  ],
  "distribution": {
    "A": 0.1105773787063899,
    "B": 0.04067914428470966,
    "C": 0.03168094942360655,
    "D": 0.8170625275852939
  }
}