{
  "question_id": "gpqa_gpqa_diamond_0001",
  "method": "last_prefix_attn_oracle",
  "prefix_length": 430,
  "keep_m": 15,
  "kl_to_baseline": 0.07883744965696227,
  "token_kl": 0.2708312434468674,
  "selected_indices": [
    345,
    385,
    388,
    393,
    400,
    401,
    407,
    415,
    416,
    417,
    418,
    420,
    421,
    422,
    424
  ],
  "distribution": {
    "A": 0.6402258419739275,
    "B": 0.1112545692586909,
    "C": 0.08664514565894031,
    "D": 0.1618744431084413
  }
}