{
  "question_id": "gpqa_gpqa_diamond_0031",
  "method": "last_prefix_attn_oracle",
  "prefix_length": 168,
  "keep_m": 5,
  "kl_to_baseline": 1.4116398920315134,
  "token_kl": 0.0516172398039843,
  "selected_indices": [
    0,
    82,
    160,
    161,
    162
  ],
  "distribution": {
    "A": 0.227091837606359,
    "B": 0.06506290080201717,
    "C": 0.4807534239852649,
    "D": 0.227091837606359
  }
}