{
  "question_id": "gpqa_gpqa_diamond_0031",
  "method": "last_prefix_attn_oracle",
  "prefix_length": 178,
  "keep_m": 10,
  "kl_to_baseline": 1.510495868253276,
  "token_kl": 0.39209537667155775,
  "selected_indices": [
    0,
    90,
    91,
    92,
    136,
    155,
    156,
    157,
    161,
    163
  ],
  "distribution": {
    "A": 0.14124873402872304,
    "B": 0.06672116961839666,
    "C": 0.49300652406755424,
    "D": 0.299023572285326
  }
}