{
  "question_id": "gpqa_gpqa_diamond_0001",
  "method": "last_prefix_attn_oracle",
  "prefix_length": 426,
  "keep_m": 20,
  "kl_to_baseline": 0.03505156851446355,
  "token_kl": 0.04193216367633678,
  "selected_indices": [
    58,
    214,
    233,
    244,
    300,
    301,
    305,
    306,
    307,
    310,
    311,
    314,
    315,
    316,
    317,
    368,
    382,
    410,
    419,
    420
  ],
  "distribution": {
    "A": 0.9304406508257199,
    "B": 0.011002891132652707,
    "C": 0.015039169062714446,
    "D": 0.04351728897891292
  }
}