{
  "question_id": "gpqa_gpqa_diamond_0002",
  "method": "last_prefix_attn_oracle",
  "prefix_length": 27,
  "keep_m": 15,
  "kl_to_baseline": 0.3167601137331588,
  "token_kl": 0.04874037001428039,
  "selected_indices": [
    0,
    1,
    4,
    8,
    9,
    10,
    11,
    14,
    15,
    16,
    17,
    18,
    19,
    20,
    21
  ],
  "distribution": {
    "A": 0.19095407985333004,
    "B": 0.2778365467729137,
    "C": 0.31483005318115603,
    "D": 0.21637932019260017
  }
}