{
  "question_id": "gpqa_gpqa_diamond_0009",
  "method": "last_prefix_attn_oracle",
  "prefix_length": 66,
  "keep_m": 5,
  "kl_to_baseline": 0.16956012435888476,
  "token_kl": 0.427705159631068,
  "selected_indices": [
    0,
    18,
    44,
    59,
    60
  ],
  "distribution": {
    "A": 0.16117488008408776,
    "B": 0.01323003665562248,
    "C": 0.007081528319647093,
    "D": 0.8185135549406427
  }
}