{
  "question_id": "gpqa_gpqa_diamond_0001",
  "method": "last_prefix_attn_oracle",
  "prefix_length": 288,
  "keep_m": 20,
  "kl_to_baseline": 0.059004788837984684,
  "token_kl": 0.8658705998992695,
  "selected_indices": [
    39,
    41,
    75,
    117,
    118,
    122,
    260,
    261,
    262,
    268,
    269,
    270,
    271,
    276,
    277,
    278,
    279,
    280,
    281,
    282
  ],
  "distribution": {
    "A": 0.3527809287490976,
    "B": 0.1470609704624088,
    "C": 0.1888300238764981,
    "D": 0.3113280769119955
  }
}