{
  "question_id": "gpqa_gpqa_diamond_0009",
  "method": "last_prefix_attn_oracle",
  "prefix_length": 73,
  "keep_m": 5,
  "kl_to_baseline": 2.2488665592655805,
  "token_kl": 0.6737406916668393,
  "selected_indices": [
    0,
    39,
    40,
    62,
    66
  ],
  "distribution": {
    "A": 0.7795430068283693,
    "B": 0.09310313242238621,
    "C": 0.034250728326858236,
    "D": 0.09310313242238621
  }
}