{
  "question_id": "gpqa_gpqa_diamond_0001",
  "method": "last_prefix_attn_oracle",
  "prefix_length": 279,
  "keep_m": 15,
  "kl_to_baseline": 0.1845235084966672,
  "token_kl": 0.24101759882160856,
  "selected_indices": [
    23,
    128,
    233,
    241,
    249,
    254,
    259,
    265,
    266,
    267,
    268,
    269,
    270,
    271,
    273
  ],
  "distribution": {
    "A": 0.25646960146363507,
    "B": 0.09434988241652147,
    "C": 0.22633362889876357,
    "D": 0.4228468872210798
  }
}