{
  "question_id": "gpqa_gpqa_diamond_0001",
  "method": "last_prefix_attn_oracle",
  "prefix_length": 291,
  "keep_m": 15,
  "kl_to_baseline": 0.1713633886316795,
  "token_kl": 0.336556183718731,
  "selected_indices": [
    48,
    125,
    262,
    263,
    270,
    272,
    273,
    274,
    275,
    276,
    279,
    282,
    283,
    284,
    285
  ],
  "distribution": {
    "A": 0.24977615171582984,
    "B": 0.11798591380793934,
    "C": 0.2204266802287198,
    "D": 0.41181125424751097
  }
}