{
  "question_id": "gpqa_gpqa_diamond_0031",
  "method": "last_prefix_attn_oracle",
  "prefix_length": 140,
  "keep_m": 5,
  "kl_to_baseline": 1.562147085512812,
  "token_kl": 1.4458678316232287,
  "selected_indices": [
    0,
    16,
    20,
    48,
    71
  ],
  "distribution": {
    "A": 0.12360602784012963,
    "B": 0.051526658409874374,
    "C": 0.4888712943841688,
    "D": 0.33599601936582724
  }
}