{
  "question_id": "gpqa_gpqa_diamond_0017",
  "method": "last_prefix_attn_oracle",
  "prefix_length": 36,
  "keep_m": 3,
  "kl_to_baseline": 0.019735739197127938,
  "token_kl": 0.2393621804735658,
  "selected_indices": [
    18,
    20,
    21
  ],
  "distribution": {
    "A": 0.8363185955601278,
    "B": 0.03242759248740858,
    "C": 0.0777897504608775,
    "D": 0.053464061491586196
  }
}