{
  "question_id": "gpqa_gpqa_diamond_0009",
  "method": "last_prefix_attn_oracle",
  "prefix_length": 98,
  "keep_m": 5,
  "kl_to_baseline": 1.5508490507714885,
  "token_kl": 0.4581309024004797,
  "selected_indices": [
    0,
    25,
    87,
    91,
    92
  ],
  "distribution": {
    "A": 0.6805758731859732,
    "B": 0.11826636034998082,
    "C": 0.04930075383551927,
    "D": 0.15185701262852672
  }
}