{
  "question_id": "gpqa_gpqa_diamond_0001",
  "method": "last_prefix_attn_oracle",
  "prefix_length": 407,
  "keep_m": 20,
  "kl_to_baseline": 0.10420754030476728,
  "token_kl": 0.6649133371208836,
  "selected_indices": [
    0,
    182,
    217,
    233,
    240,
    241,
    303,
    318,
    322,
    325,
    327,
    333,
    337,
    338,
    350,
    367,
    373,
    374,
    388,
    399
  ],
  "distribution": {
    "A": 0.24613408273759835,
    "B": 0.24613408273759835,
    "C": 0.19168941637660356,
    "D": 0.3160424181481998
  }
}