{
  "question_id": "gpqa_gpqa_diamond_0023",
  "method": "last_prefix_attn_oracle",
  "prefix_length": 112,
  "keep_m": 5,
  "kl_to_baseline": 0.0427872307302019,
  "token_kl": 0.3839798866206587,
  "selected_indices": [
    87,
    101,
    103,
    105,
    106
  ],
  "distribution": {
    "A": 0.36329356077346664,
    "B": 0.24968776937340015,
    "C": 0.2829333096151749,
    "D": 0.1040853602379583
  }
}