{
  "question_id": "gpqa_gpqa_diamond_0001",
  "method": "last_prefix_attn_oracle",
  "prefix_length": 214,
  "keep_m": 3,
  "kl_to_baseline": 0.3374418124205489,
  "token_kl": 0.5307106120379381,
  "selected_indices": [
    52,
    57,
    182
  ],
  "distribution": {
    "A": 0.19203775404149107,
    "B": 0.5220127371890727,
    "C": 0.11647678564851799,
    "D": 0.1694727231209182
  }
}