{
  "question_id": "gpqa_gpqa_diamond_0031",
  "method": "last_prefix_attn_oracle",
  "prefix_length": 64,
  "keep_m": 5,
  "kl_to_baseline": 0.24456709297619897,
  "token_kl": 0.10705572401748432,
  "selected_indices": [
    0,
    55,
    56,
    57,
    58
  ],
  "distribution": {
    "A": 0.7213330837722488,
    "B": 0.027969119739626826,
    "C": 0.12534889824406217,
    "D": 0.12534889824406217
  }
}