{
  "question_id": "gpqa_gpqa_diamond_0001",
  "method": "last_prefix_attn_oracle",
  "prefix_length": 340,
  "keep_m": 3,
  "kl_to_baseline": 0.18660224876065581,
  "token_kl": 0.2624421116548637,
  "selected_indices": [
    319,
    320,
    326
  ],
  "distribution": {
    "A": 0.30308918294772175,
    "B": 0.12634636894629622,
    "C": 0.26747526515826026,
    "D": 0.30308918294772175
  }
}