{
  "question_id": "gpqa_gpqa_diamond_0031",
  "method": "last_prefix_attn_oracle",
  "prefix_length": 131,
  "keep_m": 20,
  "kl_to_baseline": 0.9844382411322155,
  "token_kl": 0.2241931292735831,
  "selected_indices": [
    0,
    1,
    3,
    4,
    8,
    9,
    10,
    22,
    23,
    32,
    33,
    47,
    62,
    114,
    117,
    119,
    120,
    121,
    122,
    125
  ],
  "distribution": {
    "A": 0.24702439463492484,
    "B": 0.08019708877616845,
    "C": 0.5229506475458718,
    "D": 0.14982786904303486
  }
}