{
  "question_id": "gpqa_gpqa_diamond_0020",
  "method": "last_prefix_attn_oracle",
  "prefix_length": 69,
  "keep_m": 5,
  "kl_to_baseline": 1.7766204249056807,
  "token_kl": 0.26131734037278714,
  "selected_indices": [
    0,
    29,
    32,
    33,
    63
  ],
  "distribution": {
    "A": 0.7201578663247924,
    "B": 0.16068894962300992,
    "C": 0.05216806397233173,
    "D": 0.06698512007986601
  }
}