{
  "question_id": "gpqa_gpqa_diamond_0023",
  "method": "last_prefix_attn_oracle",
  "prefix_length": 257,
  "keep_m": 3,
  "kl_to_baseline": 0.028850591701985343,
  "token_kl": 0.5281130717171714,
  "selected_indices": [
    96,
    122,
    200
  ],
  "distribution": {
    "A": 0.41331495687849024,
    "B": 0.22123155424704555,
    "C": 0.2840669386265393,
    "D": 0.08138655024792499
  }
}