{
  "question_id": "gpqa_gpqa_diamond_0009",
  "method": "last_prefix_attn_oracle",
  "prefix_length": 82,
  "keep_m": 5,
  "kl_to_baseline": 0.6837269511115234,
  "token_kl": 0.21339817495059688,
  "selected_indices": [
    0,
    43,
    53,
    58,
    76
  ],
  "distribution": {
    "A": 0.492094899730868,
    "B": 0.10980122687449956,
    "C": 0.014859980138787969,
    "D": 0.38324389325584446
  }
}