{
  "question_id": "gpqa_gpqa_diamond_0031",
  "method": "last_prefix_attn_oracle",
  "prefix_length": 79,
  "keep_m": 10,
  "kl_to_baseline": 1.286354838232657,
  "token_kl": 0.08681968039988203,
  "selected_indices": [
    0,
    38,
    40,
    41,
    49,
    67,
    68,
    71,
    72,
    73
  ],
  "distribution": {
    "A": 0.23483850059352834,
    "B": 0.05937647156946042,
    "C": 0.5633482771460928,
    "D": 0.1424367506909184
  }
}