{
  "question_id": "gpqa_gpqa_diamond_0002",
  "method": "last_prefix_attn_oracle",
  "prefix_length": 96,
  "keep_m": 3,
  "kl_to_baseline": 1.2936426792595266,
  "token_kl": 0.24295733516983942,
  "selected_indices": [
    7,
    89,
    90
  ],
  "distribution": {
    "A": 0.30601362565976303,
    "B": 0.23832365129434321,
    "C": 0.18560664625247092,
    "D": 0.27005607679342275
  }
}