{
  "question_id": "gpqa_gpqa_diamond_0023",
  "method": "last_prefix_attn_oracle",
  "prefix_length": 292,
  "keep_m": 10,
  "kl_to_baseline": 0.025009369188666152,
  "token_kl": 0.5115852856729413,
  "selected_indices": [
    0,
    1,
    2,
    110,
    255,
    280,
    283,
    284,
    285,
    286
  ],
  "distribution": {
    "A": 0.5013466680417125,
    "B": 0.23681939731105758,
    "C": 0.20899238459895897,
    "D": 0.05284155004827091
  }
}