{
  "question_id": "gpqa_gpqa_diamond_0020",
  "method": "last_prefix_attn_oracle",
  "prefix_length": 49,
  "keep_m": 20,
  "kl_to_baseline": 0.24257131928396763,
  "token_kl": 0.019189509479747985,
  "selected_indices": [
    0,
    1,
    2,
    4,
    6,
    7,
    8,
    15,
    21,
    33,
    34,
    35,
    36,
    37,
    38,
    39,
    40,
    41,
    42,
    43
  ],
  "distribution": {
    "A": 0.5390147073283211,
    "B": 0.41978507615430066,
    "C": 0.014364252832790804,
    "D": 0.026835963684587332
  }
}