{
  "question_id": "gpqa_gpqa_diamond_0020",
  "method": "last_prefix_attn_oracle",
  "prefix_length": 55,
  "keep_m": 3,
  "kl_to_baseline": 0.11694994789448562,
  "token_kl": 0.10848396205598024,
  "selected_indices": [
    0,
    41,
    42
  ],
  "distribution": {
    "A": 0.3810959068071204,
    "B": 0.3363159573449514,
    "C": 0.12372372644509935,
    "D": 0.15886440940282884
  }
}