{
  "question_id": "gpqa_gpqa_diamond_0023",
  "method": "last_prefix_attn_oracle",
  "prefix_length": 319,
  "keep_m": 20,
  "kl_to_baseline": 0.06600241171726567,
  "token_kl": 0.22512442853057954,
  "selected_indices": [
    0,
    3,
    55,
    71,
    85,
    260,
    261,
    280,
    285,
    289,
    290,
    291,
    293,
    297,
    301,
    307,
    308,
    311,
    312,
    313
  ],
  "distribution": {
    "A": 0.45489070580892743,
    "B": 0.21487516738444776,
    "C": 0.2759051763366637,
    "D": 0.054328950469961015
  }
}