{
  "question_id": "gpqa_gpqa_diamond_0026",
  "method": "last_prefix_attn_oracle",
  "prefix_length": 52,
  "keep_m": 15,
  "kl_to_baseline": 0.0013320595378597967,
  "token_kl": 0.17135864296884,
  "selected_indices": [
    0,
    2,
    13,
    16,
    18,
    20,
    21,
    26,
    33,
    40,
    42,
    43,
    44,
    45,
    46
  ],
  "distribution": {
    "A": 0.0002951090731626326,
    "B": 0.9968394764387138,
    "C": 0.001167179025988194,
    "D": 0.0016982354621352565
  }
}