{
  "question_id": "gpqa_gpqa_diamond_0031",
  "method": "last_prefix_attn_oracle",
  "prefix_length": 172,
  "keep_m": 15,
  "kl_to_baseline": 1.186105021066468,
  "token_kl": 0.08329662178798806,
  "selected_indices": [
    0,
    43,
    52,
    86,
    87,
    92,
    151,
    155,
    157,
    161,
    162,
    163,
    164,
    165,
    166
  ],
  "distribution": {
    "A": 0.2602783892149881,
    "B": 0.07457101591869493,
    "C": 0.48626404845787197,
    "D": 0.1788865464084451
  }
}