{
  "question_id": "gpqa_gpqa_diamond_0002",
  "method": "last_prefix_attn_oracle",
  "prefix_length": 40,
  "keep_m": 15,
  "kl_to_baseline": 0.38588661237823807,
  "token_kl": 0.13120121784712865,
  "selected_indices": [
    0,
    1,
    14,
    15,
    22,
    25,
    26,
    27,
    28,
    29,
    30,
    31,
    32,
    33,
    34
  ],
  "distribution": {
    "A": 0.29539205153207015,
    "B": 0.17916433588961472,
    "C": 0.23005156104624502,
    "D": 0.29539205153207015
  }
}