{
  "question_id": "gpqa_gpqa_diamond_0023",
  "method": "last_prefix_attn_oracle",
  "prefix_length": 192,
  "keep_m": 5,
  "kl_to_baseline": 0.15364135771488688,
  "token_kl": 0.5606787138621221,
  "selected_indices": [
    0,
    118,
    169,
    183,
    185
  ],
  "distribution": {
    "A": 0.5574087329634704,
    "B": 0.05875045172016079,
    "C": 0.2983594124585938,
    "D": 0.08548140285777509
  }
}