{
  "question_id": "gpqa_gpqa_diamond_0017",
  "method": "last_prefix_attn_oracle",
  "prefix_length": 97,
  "keep_m": 5,
  "kl_to_baseline": 0.04953022489686925,
  "token_kl": 0.28679864666448696,
  "selected_indices": [
    0,
    74,
    75,
    76,
    87
  ],
  "distribution": {
    "A": 0.7570303832971901,
    "B": 0.06214083982314074,
    "C": 0.0904143884398346,
    "D": 0.0904143884398346
  }
}