{
  "question_id": "gpqa_gpqa_diamond_0031",
  "method": "last_prefix_attn_oracle",
  "prefix_length": 85,
  "keep_m": 3,
  "kl_to_baseline": 1.7986644808614283,
  "token_kl": 0.09538600414876941,
  "selected_indices": [
    0,
    78,
    79
  ],
  "distribution": {
    "A": 0.15430679846774822,
    "B": 0.0825944872240684,
    "C": 0.5385836473203887,
    "D": 0.2245150669877947
  }
}