{
  "question_id": "gpqa_gpqa_diamond_0001",
  "method": "last_prefix_attn_oracle",
  "prefix_length": 340,
  "keep_m": 10,
  "kl_to_baseline": 0.16977341575050636,
  "token_kl": 0.07330270247040695,
  "selected_indices": [
    317,
    319,
    320,
    321,
    325,
    326,
    328,
    329,
    330,
    334
  ],
  "distribution": {
    "A": 0.2699864203637221,
    "B": 0.0993224534472842,
    "C": 0.1855587721351388,
    "D": 0.4451323540538549
  }
}