{
  "question_id": "gpqa_gpqa_diamond_0023",
  "method": "last_prefix_attn_oracle",
  "prefix_length": 289,
  "keep_m": 5,
  "kl_to_baseline": 0.14837400407816514,
  "token_kl": 0.5080997606631029,
  "selected_indices": [
    94,
    125,
    179,
    183,
    208
  ],
  "distribution": {
    "A": 0.3441286985584952,
    "B": 0.20872460656273403,
    "C": 0.30369251056833996,
    "D": 0.1434541843104309
  }
}