{
  "question_id": "gpqa_gpqa_diamond_0023",
  "method": "last_prefix_attn_oracle",
  "prefix_length": 191,
  "keep_m": 10,
  "kl_to_baseline": 0.11989952989853267,
  "token_kl": 0.31263779344582154,
  "selected_indices": [
    0,
    115,
    118,
    150,
    151,
    168,
    169,
    173,
    174,
    182
  ],
  "distribution": {
    "A": 0.4856039119905556,
    "B": 0.07446977182307922,
    "C": 0.37818870692078227,
    "D": 0.06173760926558299
  }
}