{
  "question_id": "gpqa_gpqa_diamond_0001",
  "method": "last_prefix_attn_oracle",
  "prefix_length": 276,
  "keep_m": 3,
  "kl_to_baseline": 0.031621294794815374,
  "token_kl": 0.18552096426584816,
  "selected_indices": [
    253,
    255,
    270
  ],
  "distribution": {
    "A": 0.5230819015171122,
    "B": 0.1167153345427055,
    "C": 0.08021719810170311,
    "D": 0.2799855658384792
  }
}