{
  "question_id": "gpqa_gpqa_diamond_0001",
  "method": "last_prefix_attn_oracle",
  "prefix_length": 74,
  "keep_m": 3,
  "kl_to_baseline": 0.04850325474530523,
  "token_kl": 0.8095088466281884,
  "selected_indices": [
    29,
    40,
    67
  ],
  "distribution": {
    "A": 0.22056251446473663,
    "B": 0.09194412428454594,
    "C": 0.22056251446473663,
    "D": 0.46693084678598074
  }
}