{
  "question_id": "gpqa_gpqa_diamond_0001",
  "method": "last_prefix_attn_oracle",
  "prefix_length": 264,
  "keep_m": 20,
  "kl_to_baseline": 0.057310234197226986,
  "token_kl": 0.16152798802972046,
  "selected_indices": [
    33,
    48,
    113,
    115,
    119,
    124,
    125,
    127,
    163,
    203,
    206,
    248,
    250,
    252,
    253,
    254,
    255,
    256,
    257,
    258
  ],
  "distribution": {
    "A": 0.3427134040256138,
    "B": 0.1260772305844817,
    "C": 0.142864201773014,
    "D": 0.3883451636168905
  }
}