{
  "question_id": "gpqa_gpqa_diamond_0001",
  "method": "last_prefix_attn_oracle",
  "prefix_length": 357,
  "keep_m": 5,
  "kl_to_baseline": 0.09410786799294091,
  "token_kl": 0.2788576747842214,
  "selected_indices": [
    323,
    329,
    330,
    331,
    332
  ],
  "distribution": {
    "A": 0.30689574218930493,
    "B": 0.11290064759330172,
    "C": 0.18614167697307737,
    "D": 0.39406193324431593
  }
}