{
  "question_id": "gpqa_gpqa_diamond_0002",
  "method": "last_prefix_attn_oracle",
  "prefix_length": 89,
  "keep_m": 15,
  "kl_to_baseline": 0.001911697631641838,
  "token_kl": 0.45314104828586904,
  "selected_indices": [
    1,
    4,
    15,
    37,
    57,
    58,
    59,
    62,
    64,
    66,
    71,
    74,
    81,
    82,
    83
  ],
  "distribution": {
    "A": 0.0007087237145375835,
    "B": 0.0006254464828676663,
    "C": 0.0007087237145375835,
    "D": 0.9979571060880572
  }
}