{
  "question_id": "gpqa_gpqa_diamond_0023",
  "method": "last_prefix_attn_oracle",
  "prefix_length": 364,
  "keep_m": 20,
  "kl_to_baseline": 0.0007324088992921913,
  "token_kl": 0.8212303815761961,
  "selected_indices": [
    99,
    123,
    169,
    191,
    192,
    193,
    198,
    262,
    264,
    265,
    266,
    290,
    300,
    332,
    337,
    351,
    352,
    355,
    357,
    358
  ],
  "distribution": {
    "A": 0.0007084789185543039,
    "B": 0.0014998498823491913,
    "C": 0.9976125396756931,
    "D": 0.0001791315234034541
  }
}