{
  "question_id": "gpqa_gpqa_diamond_0023",
  "method": "last_prefix_attn_oracle",
  "prefix_length": 275,
  "keep_m": 10,
  "kl_to_baseline": 0.016816802325740912,
  "token_kl": 0.36059594387348054,
  "selected_indices": [
    9,
    96,
    122,
    200,
    256,
    257,
    259,
    266,
    267,
    268
  ],
  "distribution": {
    "A": 0.42855371553126287,
    "B": 0.2024344412698561,
    "C": 0.2945403740706731,
    "D": 0.07447146912820783
  }
}