{
  "question_id": "gpqa_gpqa_diamond_0023",
  "method": "last_prefix_attn_oracle",
  "prefix_length": 194,
  "keep_m": 10,
  "kl_to_baseline": 0.05526148315181416,
  "token_kl": 0.9331565310064817,
  "selected_indices": [
    0,
    1,
    86,
    88,
    169,
    173,
    180,
    182,
    185,
    188
  ],
  "distribution": {
    "A": 0.4497243520547349,
    "B": 0.18747300169614534,
    "C": 0.30909072557843603,
    "D": 0.05371192067068371
  }
}