{
  "question_id": "gpqa_gpqa_diamond_0031",
  "method": "last_prefix_attn_oracle",
  "prefix_length": 220,
  "keep_m": 15,
  "kl_to_baseline": 1.2733626895634338,
  "token_kl": 0.04037199530313314,
  "selected_indices": [
    0,
    24,
    37,
    38,
    41,
    74,
    75,
    79,
    140,
    158,
    160,
    210,
    211,
    212,
    213
  ],
  "distribution": {
    "A": 0.23883583855764676,
    "B": 0.06038715688460309,
    "C": 0.5729373924298532,
    "D": 0.12783961212789693
  }
}