{
  "question_id": "gpqa_gpqa_diamond_0023",
  "method": "last_prefix_attn_oracle",
  "prefix_length": 95,
  "keep_m": 3,
  "kl_to_baseline": 0.06600422995222316,
  "token_kl": 0.4201531281236543,
  "selected_indices": [
    10,
    73,
    87
  ],
  "distribution": {
    "A": 0.34972735256280596,
    "B": 0.21212036186947142,
    "C": 0.34972735256280596,
    "D": 0.08842493300491673
  }
}