{
  "question_id": "gpqa_gpqa_diamond_0023",
  "method": "last_prefix_attn_oracle",
  "prefix_length": 136,
  "keep_m": 15,
  "kl_to_baseline": 0.2121548581079952,
  "token_kl": 0.3369439072152235,
  "selected_indices": [
    0,
    56,
    59,
    60,
    65,
    66,
    68,
    81,
    82,
    105,
    106,
    116,
    123,
    129,
    130
  ],
  "distribution": {
    "A": 0.4158830357742738,
    "B": 0.19644922424287528,
    "C": 0.32389001462176775,
    "D": 0.06377772536108318
  }
}