{
  "question_id": "gpqa_gpqa_diamond_0009",
  "method": "last_prefix_attn_oracle",
  "prefix_length": 48,
  "keep_m": 3,
  "kl_to_baseline": 0.5969947369770889,
  "token_kl": 0.1441662324838208,
  "selected_indices": [
    37,
    38,
    39
  ],
  "distribution": {
    "A": 0.23661752088948018,
    "B": 0.019422748876603325,
    "C": 0.01512645564092555,
    "D": 0.7288332745929911
  }
}