{
  "question_id": "gpqa_gpqa_diamond_0001",
  "method": "last_prefix_attn_oracle",
  "prefix_length": 15,
  "keep_m": 3,
  "kl_to_baseline": 0.08884788963020249,
  "token_kl": 0.21546185237870907,
  "selected_indices": [
    6,
    7,
    8
  ],
  "distribution": {
    "A": 0.3088994151763165,
    "B": 0.1287684340879094,
    "C": 0.21230325627548366,
    "D": 0.3500288944602904
  }
}