{
  "question_id": "gpqa_gpqa_diamond_0001",
  "method": "last_prefix_attn_oracle",
  "prefix_length": 283,
  "keep_m": 20,
  "kl_to_baseline": 0.013728527540520627,
  "token_kl": 0.17694268418317705,
  "selected_indices": [
    28,
    40,
    41,
    47,
    63,
    78,
    111,
    112,
    113,
    117,
    258,
    260,
    261,
    262,
    269,
    271,
    274,
    275,
    276,
    277
  ],
  "distribution": {
    "A": 0.3867179772068802,
    "B": 0.1107965687098203,
    "C": 0.16120803702444747,
    "D": 0.341277417058852
  }
}