{
  "question_id": "gpqa_gpqa_diamond_0023",
  "method": "last_prefix_attn_oracle",
  "prefix_length": 243,
  "keep_m": 5,
  "kl_to_baseline": 0.08557664924561247,
  "token_kl": 0.47406690539260127,
  "selected_indices": [
    228,
    230,
    234,
    235,
    236
  ],
  "distribution": {
    "A": 0.33627076205033907,
    "B": 0.23111528952806815,
    "C": 0.33627076205033907,
    "D": 0.0963431863712537
  }
}