{
  "question_id": "gpqa_gpqa_diamond_0001",
  "method": "last_prefix_attn_oracle",
  "prefix_length": 52,
  "keep_m": 20,
  "kl_to_baseline": 0.04641136468410165,
  "token_kl": 0.029589988955352486,
  "selected_indices": [
    0,
    2,
    8,
    12,
    15,
    16,
    17,
    18,
    27,
    29,
    31,
    32,
    34,
    35,
    38,
    41,
    42,
    43,
    44,
    46
  ],
  "distribution": {
    "A": 0.2731272040287072,
    "B": 0.21271168037566057,
    "C": 0.2731272040287072,
    "D": 0.24103391156692497
  }
}