{
  "question_id": "gpqa_gpqa_diamond_0011",
  "method": "last_prefix_attn_oracle",
  "prefix_length": 122,
  "keep_m": 20,
  "kl_to_baseline": 0.9310310650509388,
  "token_kl": 0.06920657466197169,
  "selected_indices": [
    0,
    24,
    27,
    30,
    43,
    46,
    48,
    53,
    67,
    79,
    85,
    86,
    99,
    101,
    111,
    112,
    113,
    114,
    115,
    116
  ],
  "distribution": {
    "A": 0.2389151560476817,
    "B": 0.3939044996684532,
    "C": 0.3067731327971413,
    "D": 0.060407211486723775
  }
}