{
  "question_id": "gpqa_gpqa_diamond_0023",
  "method": "last_prefix_attn_oracle",
  "prefix_length": 287,
  "keep_m": 3,
  "kl_to_baseline": 0.07266540309376503,
  "token_kl": 0.46760132531951776,
  "selected_indices": [
    140,
    280,
    281
  ],
  "distribution": {
    "A": 0.3392357547465047,
    "B": 0.2641970714423969,
    "C": 0.2993745028097379,
    "D": 0.09719267100136059
  }
}