{
  "question_id": "gpqa_gpqa_diamond_0002",
  "method": "last_prefix_attn_oracle",
  "prefix_length": 81,
  "keep_m": 20,
  "kl_to_baseline": 0.002114657393251885,
  "token_kl": 0.39545210241733947,
  "selected_indices": [
    37,
    47,
    48,
    49,
    50,
    51,
    55,
    56,
    57,
    58,
    59,
    62,
    66,
    67,
    69,
    71,
    72,
    73,
    74,
    75
  ],
  "distribution": {
    "A": 0.001030821704587839,
    "B": 0.001030821704587839,
    "C": 0.0003346588098009818,
    "D": 0.9976036977810233
  }
}