{
  "question_id": "gpqa_gpqa_diamond_0031",
  "method": "last_prefix_attn_oracle",
  "prefix_length": 83,
  "keep_m": 15,
  "kl_to_baseline": 1.418242416758439,
  "token_kl": 0.020775460345074635,
  "selected_indices": [
    0,
    33,
    41,
    42,
    43,
    45,
    51,
    67,
    68,
    71,
    73,
    74,
    75,
    76,
    77
  ],
  "distribution": {
    "A": 0.2205454999550697,
    "B": 0.05576262841777184,
    "C": 0.5290611510378384,
    "D": 0.19463072058932004
  }
}