{
  "question_id": "gpqa_gpqa_diamond_0023",
  "method": "last_prefix_attn_oracle",
  "prefix_length": 21,
  "keep_m": 5,
  "kl_to_baseline": 0.014459965560133538,
  "token_kl": 0.12725540533950636,
  "selected_indices": [
    0,
    7,
    13,
    14,
    15
  ],
  "distribution": {
    "A": 0.49784395570516116,
    "B": 0.20753223685999134,
    "C": 0.23516483315939737,
    "D": 0.059458974275450174
  }
}