{
  "question_id": "gpqa_gpqa_diamond_0031",
  "method": "last_prefix_attn_oracle",
  "prefix_length": 170,
  "keep_m": 3,
  "kl_to_baseline": 1.5586529725151033,
  "token_kl": 0.024736985444822807,
  "selected_indices": [
    85,
    161,
    163
  ],
  "distribution": {
    "A": 0.18116062604534813,
    "B": 0.08557422041744518,
    "C": 0.4345817759628896,
    "D": 0.2986833775743171
  }
}