{
  "question_id": "gpqa_gpqa_diamond_0031",
  "method": "last_prefix_attn_oracle",
  "prefix_length": 169,
  "keep_m": 3,
  "kl_to_baseline": 1.784572020970391,
  "token_kl": 0.0867071937835503,
  "selected_indices": [
    161,
    162,
    163
  ],
  "distribution": {
    "A": 0.14505681878567053,
    "B": 0.07764332003963832,
    "C": 0.5062980458803837,
    "D": 0.27100181529430745
  }
}