{
  "question_id": "gpqa_gpqa_diamond_0009",
  "method": "last_prefix_attn_oracle",
  "prefix_length": 110,
  "keep_m": 5,
  "kl_to_baseline": 1.7323833755558082,
  "token_kl": 0.3108972737147005,
  "selected_indices": [
    0,
    39,
    40,
    71,
    99
  ],
  "distribution": {
    "A": 0.6889520238088952,
    "B": 0.09323950616359841,
    "C": 0.06408251294600596,
    "D": 0.1537259570815004
  }
}