{
  "question_id": "gpqa_gpqa_diamond_0020",
  "method": "last_prefix_attn_oracle",
  "prefix_length": 58,
  "keep_m": 15,
  "kl_to_baseline": 0.29985572414774536,
  "token_kl": 0.08873643218433627,
  "selected_indices": [
    0,
    7,
    15,
    34,
    35,
    36,
    37,
    38,
    39,
    47,
    48,
    49,
    50,
    51,
    52
  ],
  "distribution": {
    "A": 0.6503129325424126,
    "B": 0.2710907624826837,
    "C": 0.025215368802056125,
    "D": 0.05338093617284754
  }
}