{
  "question_id": "gpqa_gpqa_diamond_0023",
  "method": "last_prefix_attn_oracle",
  "prefix_length": 274,
  "keep_m": 3,
  "kl_to_baseline": 0.12329446592535495,
  "token_kl": 0.3684480620106373,
  "selected_indices": [
    183,
    209,
    268
  ],
  "distribution": {
    "A": 0.3118033757242152,
    "B": 0.2751655132920407,
    "C": 0.3118033757242152,
    "D": 0.10122773525952902
  }
}