{
  "question_id": "gpqa_gpqa_diamond_0003",
  "method": "last_prefix_attn_oracle",
  "prefix_length": 27,
  "keep_m": 10,
  "kl_to_baseline": 0.03235847305394281,
  "token_kl": 0.13948791005889918,
  "selected_indices": [
    0,
    1,
    2,
    5,
    6,
    7,
    8,
    19,
    20,
    21
  ],
  "distribution": {
    "A": 0.11861601850187078,
    "B": 0.0024617963382827907,
    "C": 0.8764603888215636,
    "D": 0.0024617963382827907
  }
}