{
  "question_id": "gpqa_gpqa_diamond_0011",
  "method": "last_prefix_attn_oracle",
  "prefix_length": 104,
  "keep_m": 15,
  "kl_to_baseline": 0.010915904910524785,
  "token_kl": 0.04751789260446266,
  "selected_indices": [
    0,
    49,
    52,
    53,
    54,
    55,
    57,
    58,
    59,
    60,
    66,
    67,
    90,
    96,
    98
  ],
  "distribution": {
    "A": 0.0040420414267041726,
    "B": 0.9890548348793563,
    "C": 0.005881135573385677,
    "D": 0.0010219881205539238
  }
}