{
  "question_id": "gpqa_gpqa_diamond_0001",
  "method": "last_prefix_attn_oracle",
  "prefix_length": 335,
  "keep_m": 20,
  "kl_to_baseline": 0.1310378788590492,
  "token_kl": 0.05934593661048898,
  "selected_indices": [
    0,
    233,
    238,
    239,
    241,
    302,
    303,
    317,
    318,
    319,
    320,
    321,
    322,
    323,
    324,
    325,
    326,
    327,
    328,
    329
  ],
  "distribution": {
    "A": 0.26651211668809605,
    "B": 0.08652381626368681,
    "C": 0.20755984517470685,
    "D": 0.43940422187351036
  }
}