{
  "question_id": "gpqa_gpqa_diamond_0023",
  "method": "last_prefix_attn_oracle",
  "prefix_length": 168,
  "keep_m": 10,
  "kl_to_baseline": 0.05753648807883911,
  "token_kl": 0.22264399190128376,
  "selected_indices": [
    0,
    87,
    89,
    111,
    112,
    116,
    150,
    158,
    159,
    160
  ],
  "distribution": {
    "A": 0.39672043498534576,
    "B": 0.24062310715314467,
    "C": 0.30896618542701565,
    "D": 0.05369027243449396
  }
}