{
  "question_id": "gpqa_gpqa_diamond_0011",
  "method": "last_prefix_attn_oracle",
  "prefix_length": 115,
  "keep_m": 15,
  "kl_to_baseline": 0.019618897094504532,
  "token_kl": 0.4182529689660581,
  "selected_indices": [
    0,
    22,
    67,
    71,
    72,
    73,
    74,
    75,
    80,
    97,
    98,
    99,
    100,
    101,
    102
  ],
  "distribution": {
    "A": 0.01234303976903414,
    "B": 0.9805289527290422,
    "C": 0.004007198315719169,
    "D": 0.003120809186204503
  }
}