{
  "question_id": "gpqa_gpqa_diamond_0001",
  "method": "last_prefix_attn_oracle",
  "prefix_length": 293,
  "keep_m": 15,
  "kl_to_baseline": 0.2638732849621891,
  "token_kl": 0.29797130668965915,
  "selected_indices": [
    127,
    254,
    258,
    259,
    265,
    266,
    274,
    276,
    277,
    278,
    280,
    284,
    285,
    286,
    287
  ],
  "distribution": {
    "A": 0.20927955148654984,
    "B": 0.16298707857855743,
    "C": 0.1846885559611736,
    "D": 0.44304481397371914
  }
}