{
  "question_id": "gpqa_gpqa_diamond_0001",
  "method": "last_prefix_attn_oracle",
  "prefix_length": 246,
  "keep_m": 10,
  "kl_to_baseline": 0.0032070523386339596,
  "token_kl": 0.07899860852226184,
  "selected_indices": [
    52,
    213,
    214,
    215,
    216,
    217,
    218,
    232,
    233,
    240
  ],
  "distribution": {
    "A": 0.3941848058979588,
    "B": 0.14501248611201453,
    "C": 0.11293583773916814,
    "D": 0.3478668702508586
  }
}