{
  "question_id": "gpqa_gpqa_diamond_0002",
  "method": "last_prefix_attn_oracle",
  "prefix_length": 91,
  "keep_m": 5,
  "kl_to_baseline": 1.84047152981557,
  "token_kl": 0.25630509652722205,
  "selected_indices": [
    0,
    6,
    83,
    84,
    85
  ],
  "distribution": {
    "A": 0.1988486994403762,
    "B": 0.22532509616521262,
    "C": 0.4209627000186852,
    "D": 0.154863504375726
  }
}