{
  "question_id": "gpqa_gpqa_diamond_0023",
  "method": "last_prefix_attn_oracle",
  "prefix_length": 311,
  "keep_m": 20,
  "kl_to_baseline": 0.0629676599251302,
  "token_kl": 0.2082370940246716,
  "selected_indices": [
    0,
    113,
    115,
    116,
    168,
    169,
    206,
    227,
    228,
    230,
    233,
    234,
    244,
    245,
    246,
    247,
    250,
    251,
    252,
    301
  ],
  "distribution": {
    "A": 0.6126103872720248,
    "B": 0.15489216270364795,
    "C": 0.17551581455981385,
    "D": 0.056981635464513444
  }
}