{
  "question_id": "gpqa_gpqa_diamond_0001",
  "method": "last_prefix_attn_oracle",
  "prefix_length": 405,
  "keep_m": 3,
  "kl_to_baseline": 0.10345603208114157,
  "token_kl": 0.5291198633279043,
  "selected_indices": [
    0,
    233,
    367
  ],
  "distribution": {
    "A": 0.28669627352415966,
    "B": 0.3248694388439253,
    "C": 0.1354257142642982,
    "D": 0.25300857336761684
  }
}