{
  "question_id": "gpqa_gpqa_diamond_0031",
  "method": "last_prefix_attn_oracle",
  "prefix_length": 98,
  "keep_m": 10,
  "kl_to_baseline": 1.4164419311649055,
  "token_kl": 0.09786491052286832,
  "selected_indices": [
    0,
    16,
    33,
    49,
    67,
    73,
    81,
    90,
    91,
    92
  ],
  "distribution": {
    "A": 0.18530860747034858,
    "B": 0.0413479392617414,
    "C": 0.5037210203436986,
    "D": 0.26962243292421145
  }
}