{
  "question_id": "gpqa_gpqa_diamond_0031",
  "method": "last_prefix_attn_oracle",
  "prefix_length": 81,
  "keep_m": 10,
  "kl_to_baseline": 1.612931104843193,
  "token_kl": 0.10476451078552705,
  "selected_indices": [
    0,
    41,
    42,
    43,
    67,
    68,
    71,
    72,
    74,
    75
  ],
  "distribution": {
    "A": 0.1804678674090609,
    "B": 0.06639041029749315,
    "C": 0.49056252459880656,
    "D": 0.2625791976946395
  }
}