{
  "question_id": "gpqa_gpqa_diamond_0031",
  "method": "last_prefix_attn_oracle",
  "prefix_length": 89,
  "keep_m": 10,
  "kl_to_baseline": 1.6746967240477777,
  "token_kl": 0.04081486993800427,
  "selected_indices": [
    0,
    44,
    75,
    76,
    78,
    79,
    80,
    81,
    82,
    83
  ],
  "distribution": {
    "A": 0.1694028754314569,
    "B": 0.062319835146559824,
    "C": 0.5217975600575768,
    "D": 0.24647972936440643
  }
}