{
  "question_id": "gpqa_gpqa_diamond_0023",
  "method": "last_prefix_attn_oracle",
  "prefix_length": 178,
  "keep_m": 15,
  "kl_to_baseline": 0.07898532873385057,
  "token_kl": 0.08288160060976167,
  "selected_indices": [
    0,
    53,
    106,
    107,
    108,
    115,
    135,
    140,
    147,
    148,
    149,
    150,
    169,
    170,
    172
  ],
  "distribution": {
    "A": 0.5533142923085529,
    "B": 0.13989974534293362,
    "C": 0.2613671648401253,
    "D": 0.045418797508388196
  }
}