{
  "question_id": "gpqa_gpqa_diamond_0031",
  "method": "last_prefix_attn_oracle",
  "prefix_length": 114,
  "keep_m": 10,
  "kl_to_baseline": 0.014680530342581074,
  "token_kl": 0.0010526075679308368,
  "selected_indices": [
    0,
    58,
    59,
    60,
    61,
    62,
    63,
    64,
    65,
    108
  ],
  "distribution": {
    "A": 0.9378518466382522,
    "B": 0.00631919476443776,
    "C": 0.03636446377159768,
    "D": 0.01946449482571244
  }
}