{
  "question_id": "gpqa_gpqa_diamond_0009",
  "method": "last_prefix_attn_oracle",
  "prefix_length": 90,
  "keep_m": 10,
  "kl_to_baseline": 0.33714254196099885,
  "token_kl": 0.23816228637856526,
  "selected_indices": [
    0,
    42,
    43,
    54,
    58,
    78,
    79,
    81,
    82,
    83
  ],
  "distribution": {
    "A": 0.29884168949325063,
    "B": 0.09701968027787379,
    "C": 0.045828851920894656,
    "D": 0.5583097783079809
  }
}