{
  "question_id": "gpqa_gpqa_diamond_0009",
  "method": "last_prefix_attn_oracle",
  "prefix_length": 109,
  "keep_m": 3,
  "kl_to_baseline": 2.675181173718667,
  "token_kl": 0.4226056199188578,
  "selected_indices": [
    84,
    93,
    103
  ],
  "distribution": {
    "A": 0.903042291758061,
    "B": 0.027269511283181835,
    "C": 0.01874204274280032,
    "D": 0.05094615421595683
  }
}