{
  "question_id": "gpqa_gpqa_diamond_0031",
  "method": "last_prefix_attn_oracle",
  "prefix_length": 136,
  "keep_m": 5,
  "kl_to_baseline": 1.17344298564806,
  "token_kl": 1.9201682352076652,
  "selected_indices": [
    0,
    10,
    47,
    129,
    130
  ],
  "distribution": {
    "A": 0.19319628707896364,
    "B": 0.0627216512846576,
    "C": 0.5251619877945967,
    "D": 0.21892007384178214
  }
}