{
  "question_id": "gpqa_gpqa_diamond_0023",
  "method": "last_prefix_attn_oracle",
  "prefix_length": 302,
  "keep_m": 20,
  "kl_to_baseline": 0.13065672065197892,
  "token_kl": 0.21492575357025975,
  "selected_indices": [
    0,
    81,
    82,
    105,
    158,
    169,
    199,
    223,
    225,
    271,
    279,
    286,
    289,
    290,
    291,
    292,
    293,
    294,
    295,
    296
  ],
  "distribution": {
    "A": 0.3542800532620559,
    "B": 0.24349288229650565,
    "C": 0.31265104965126983,
    "D": 0.08957601479016855
  }
}