{
  "question_id": "gpqa_gpqa_diamond_0001",
  "method": "last_prefix_attn_oracle",
  "prefix_length": 317,
  "keep_m": 20,
  "kl_to_baseline": 0.15091738113672615,
  "token_kl": 0.08324873056576372,
  "selected_indices": [
    0,
    4,
    6,
    7,
    17,
    27,
    50,
    233,
    241,
    297,
    300,
    303,
    304,
    305,
    306,
    307,
    308,
    309,
    310,
    311
  ],
  "distribution": {
    "A": 0.19908253815691523,
    "B": 0.2556270390121863,
    "C": 0.2556270390121863,
    "D": 0.28966338381871215
  }
}