{
  "question_id": "gpqa_gpqa_diamond_0011",
  "method": "last_prefix_attn_oracle",
  "prefix_length": 125,
  "keep_m": 20,
  "kl_to_baseline": 1.268239421027422,
  "token_kl": 0.023279673270483206,
  "selected_indices": [
    0,
    51,
    52,
    53,
    67,
    86,
    98,
    99,
    101,
    102,
    106,
    111,
    112,
    113,
    114,
    115,
    116,
    117,
    118,
    119
  ],
  "distribution": {
    "A": 0.2188598830047872,
    "B": 0.2810216524714522,
    "C": 0.40888409166778283,
    "D": 0.09123437285597764
  }
}