{
  "question_id": "gpqa_gpqa_diamond_0023",
  "method": "last_prefix_attn_oracle",
  "prefix_length": 324,
  "keep_m": 3,
  "kl_to_baseline": 0.21125334110587124,
  "token_kl": 0.206859141278769,
  "selected_indices": [
    290,
    292,
    301
  ],
  "distribution": {
    "A": 0.27020546212069046,
    "B": 0.27020546212069046,
    "C": 0.3469506810908233,
    "D": 0.11263839466779572
  }
}