{
  "question_id": "gpqa_gpqa_diamond_0004",
  "method": "last_prefix_attn_oracle",
  "prefix_length": 54,
  "keep_m": 15,
  "kl_to_baseline": 0.09430763977321664,
  "token_kl": 0.031443339826453406,
  "selected_indices": [
    0,
    15,
    23,
    33,
    34,
    37,
    38,
    40,
    42,
    43,
    44,
    45,
    46,
    47,
    48
  ],
  "distribution": {
    "A": 0.015419357899843193,
    "B": 0.12910470302813234,
    "C": 0.8418684034855696,
    "D": 0.013607535586454928
  }
}