{
  "question_id": "gpqa_gpqa_diamond_0023",
  "method": "last_prefix_attn_oracle",
  "prefix_length": 170,
  "keep_m": 10,
  "kl_to_baseline": 0.09582459630823793,
  "token_kl": 0.55014944934158,
  "selected_indices": [
    65,
    89,
    99,
    105,
    112,
    116,
    117,
    123,
    158,
    163
  ],
  "distribution": {
    "A": 0.358667060940718,
    "B": 0.19198064340183646,
    "C": 0.358667060940718,
    "D": 0.0906852347167275
  }
}