{
  "question_id": "gpqa_gpqa_diamond_0031",
  "method": "last_prefix_attn_oracle",
  "prefix_length": 165,
  "keep_m": 15,
  "kl_to_baseline": 1.482923619883777,
  "token_kl": 0.012546716462276916,
  "selected_indices": [
    0,
    80,
    81,
    82,
    83,
    94,
    95,
    96,
    97,
    98,
    151,
    155,
    157,
    158,
    159
  ],
  "distribution": {
    "A": 0.18614178182036697,
    "B": 0.06043138154247926,
    "C": 0.44653092158389224,
    "D": 0.30689591505326147
  }
}