{
  "question_id": "gpqa_gpqa_diamond_0020",
  "method": "last_prefix_attn_oracle",
  "prefix_length": 42,
  "keep_m": 10,
  "kl_to_baseline": 0.19960324626348086,
  "token_kl": 0.1158843531942324,
  "selected_indices": [
    0,
    4,
    7,
    8,
    15,
    24,
    30,
    34,
    35,
    36
  ],
  "distribution": {
    "A": 0.6855440718997194,
    "B": 0.28577729490757253,
    "C": 0.012556179534244094,
    "D": 0.016122453658463865
  }
}