{
  "question_id": "gpqa_gpqa_diamond_0011",
  "method": "last_prefix_attn_oracle",
  "prefix_length": 89,
  "keep_m": 15,
  "kl_to_baseline": 0.2986556670422289,
  "token_kl": 0.05260712698334112,
  "selected_indices": [
    0,
    1,
    2,
    10,
    12,
    14,
    18,
    25,
    72,
    74,
    75,
    76,
    77,
    78,
    80
  ],
  "distribution": {
    "A": 0.017811669749202248,
    "B": 0.9724844201837991,
    "C": 0.00841363703799208,
    "D": 0.0012902730290065374
  }
}