{
  "question_id": "gpqa_gpqa_diamond_0001",
  "method": "last_prefix_attn_oracle",
  "prefix_length": 394,
  "keep_m": 15,
  "kl_to_baseline": 0.030799140731599783,
  "token_kl": 0.2107468134367439,
  "selected_indices": [
    320,
    344,
    345,
    346,
    354,
    374,
    375,
    376,
    377,
    378,
    379,
    381,
    385,
    387,
    388
  ],
  "distribution": {
    "A": 0.4889076279343782,
    "B": 0.14007438062473643,
    "C": 0.14007438062473643,
    "D": 0.23094361081614884
  }
}