{
  "question_id": "gpqa_gpqa_diamond_0023",
  "method": "last_prefix_attn_oracle",
  "prefix_length": 372,
  "keep_m": 20,
  "kl_to_baseline": 0.39306278027169994,
  "token_kl": 0.6353118514702745,
  "selected_indices": [
    0,
    4,
    12,
    69,
    73,
    74,
    77,
    128,
    131,
    290,
    325,
    326,
    327,
    328,
    339,
    350,
    351,
    352,
    353,
    357
  ],
  "distribution": {
    "A": 0.14914644850754002,
    "B": 0.14914644850754002,
    "C": 0.6684280280766883,
    "D": 0.033279074908231586
  }
}