{
  "question_id": "gpqa_gpqa_diamond_0017",
  "method": "last_prefix_attn_oracle",
  "prefix_length": 127,
  "keep_m": 20,
  "kl_to_baseline": 0.017147819949073537,
  "token_kl": 0.052218931116428814,
  "selected_indices": [
    0,
    33,
    41,
    55,
    73,
    80,
    83,
    88,
    92,
    103,
    105,
    107,
    110,
    111,
    112,
    116,
    117,
    119,
    120,
    121
  ],
  "distribution": {
    "A": 0.9757607674606625,
    "B": 0.004518668497646662,
    "C": 0.013918478841126375,
    "D": 0.005802085200564526
  }
}