{
  "question_id": "gpqa_gpqa_diamond_0001",
  "method": "last_prefix_attn_oracle",
  "prefix_length": 398,
  "keep_m": 5,
  "kl_to_baseline": 0.27926688753069284,
  "token_kl": 0.35122205622660285,
  "selected_indices": [
    344,
    345,
    354,
    391,
    392
  ],
  "distribution": {
    "A": 0.20528646349915036,
    "B": 0.09697044752770896,
    "C": 0.20528646349915036,
    "D": 0.4924566254739903
  }
}