{
  "question_id": "gpqa_gpqa_diamond_0001",
  "method": "last_prefix_attn_oracle",
  "prefix_length": 359,
  "keep_m": 15,
  "kl_to_baseline": 0.028538089964561614,
  "token_kl": 1.1392128130392274,
  "selected_indices": [
    323,
    324,
    328,
    329,
    330,
    331,
    332,
    334,
    336,
    345,
    346,
    348,
    349,
    350,
    352
  ],
  "distribution": {
    "A": 0.41290896121623855,
    "B": 0.11830041215751777,
    "C": 0.10439974730349044,
    "D": 0.3643908793227533
  }
}