{
  "question_id": "gpqa_gpqa_diamond_0001",
  "method": "last_prefix_attn_oracle",
  "prefix_length": 43,
  "keep_m": 20,
  "kl_to_baseline": 0.013157344545577633,
  "token_kl": 0.061200411046891875,
  "selected_indices": [
    0,
    17,
    18,
    19,
    21,
    22,
    23,
    25,
    26,
    27,
    28,
    29,
    30,
    31,
    32,
    33,
    34,
    35,
    36,
    37
  ],
  "distribution": {
    "A": 0.267249174575956,
    "B": 0.08676310392556645,
    "C": 0.3028329887541307,
    "D": 0.3431547327443468
  }
}