{
  "question_id": "gpqa_gpqa_diamond_0001",
  "method": "last_prefix_attn_oracle",
  "prefix_length": 56,
  "keep_m": 20,
  "kl_to_baseline": 0.09951101566313444,
  "token_kl": 0.1424667077437065,
  "selected_indices": [
    0,
    1,
    4,
    6,
    8,
    11,
    12,
    15,
    16,
    17,
    18,
    20,
    27,
    28,
    30,
    32,
    39,
    41,
    46,
    50
  ],
  "distribution": {
    "A": 0.3191958056930821,
    "B": 0.11742557462263932,
    "C": 0.2816893098421393,
    "D": 0.2816893098421393
  }
}