{
  "question_id": "gpqa_gpqa_diamond_0009",
  "method": "last_prefix_attn_oracle",
  "prefix_length": 129,
  "keep_m": 5,
  "kl_to_baseline": 0.03849091374067577,
  "token_kl": 0.483097158490059,
  "selected_indices": [
    84,
    106,
    107,
    120,
    121
  ],
  "distribution": {
    "A": 0.04101619660788482,
    "B": 0.015089015487086676,
    "C": 0.01037051857178561,
    "D": 0.9335242693332428
  }
}