{
  "question_id": "gpqa_gpqa_diamond_0011",
  "method": "last_prefix_attn_oracle",
  "prefix_length": 124,
  "keep_m": 5,
  "kl_to_baseline": 1.4970905128432528,
  "token_kl": 0.012728535594018318,
  "selected_indices": [
    0,
    50,
    116,
    117,
    118
  ],
  "distribution": {
    "A": 0.13545365666588016,
    "B": 0.22332532493914883,
    "C": 0.5357296045136983,
    "D": 0.1054914138812727
  }
}