{
  "question_id": "gpqa_gpqa_diamond_0009",
  "method": "last_prefix_attn_oracle",
  "prefix_length": 17,
  "keep_m": 5,
  "kl_to_baseline": 0.008215048399597018,
  "token_kl": 0.04072259937017747,
  "selected_indices": [
    0,
    4,
    7,
    9,
    10
  ],
  "distribution": {
    "A": 0.7791043094620259,
    "B": 0.15341472559074384,
    "C": 0.023526910156492324,
    "D": 0.04395405479073788
  }
}