{
  "question_id": "gpqa_gpqa_diamond_0023",
  "method": "last_prefix_attn_oracle",
  "prefix_length": 280,
  "keep_m": 5,
  "kl_to_baseline": 0.2218012640246514,
  "token_kl": 0.7535598335269525,
  "selected_indices": [
    99,
    123,
    259,
    268,
    271
  ],
  "distribution": {
    "A": 0.26158351608596053,
    "B": 0.26158351608596053,
    "C": 0.3806017701107147,
    "D": 0.09623119771736414
  }
}