{
  "question_id": "gpqa_gpqa_diamond_0009",
  "method": "last_prefix_attn_oracle",
  "prefix_length": 93,
  "keep_m": 10,
  "kl_to_baseline": 2.2010796131966575,
  "token_kl": 0.2434922112572171,
  "selected_indices": [
    0,
    75,
    76,
    81,
    82,
    83,
    84,
    85,
    86,
    87
  ],
  "distribution": {
    "A": 0.7284590325639316,
    "B": 0.14344209269469774,
    "C": 0.04109684762869493,
    "D": 0.08700202711267574
  }
}