{
  "question_id": "gpqa_gpqa_diamond_0011",
  "method": "last_prefix_attn_oracle",
  "prefix_length": 44,
  "keep_m": 5,
  "kl_to_baseline": 0.0763335356624269,
  "token_kl": 0.03117491182172899,
  "selected_indices": [
    0,
    25,
    27,
    28,
    34
  ],
  "distribution": {
    "A": 0.07829767390973673,
    "B": 0.1878263331265146,
    "C": 0.655578319054012,
    "D": 0.07829767390973673
  }
}