{
  "question_id": "gpqa_gpqa_diamond_0031",
  "method": "last_prefix_attn_oracle",
  "prefix_length": 179,
  "keep_m": 15,
  "kl_to_baseline": 1.2468264127186899,
  "token_kl": 0.8490780334677769,
  "selected_indices": [
    0,
    67,
    81,
    92,
    93,
    94,
    95,
    97,
    100,
    151,
    155,
    157,
    161,
    163,
    166
  ],
  "distribution": {
    "A": 0.18907837753684362,
    "B": 0.05417186214684771,
    "C": 0.513968317812921,
    "D": 0.2427814425033877
  }
}