{
  "question_id": "gpqa_gpqa_diamond_0001",
  "method": "last_prefix_attn_oracle",
  "prefix_length": 399,
  "keep_m": 10,
  "kl_to_baseline": 0.05052828687374077,
  "token_kl": 0.3993990464585025,
  "selected_indices": [
    353,
    376,
    385,
    387,
    388,
    389,
    390,
    391,
    392,
    393
  ],
  "distribution": {
    "A": 0.32479161563275305,
    "B": 0.1534206958356282,
    "C": 0.19699607289886575,
    "D": 0.32479161563275305
  }
}