{
  "question_id": "gpqa_gpqa_diamond_0017",
  "method": "last_prefix_attn_oracle",
  "prefix_length": 99,
  "keep_m": 20,
  "kl_to_baseline": 0.45789248133434035,
  "token_kl": 0.07029391616224204,
  "selected_indices": [
    0,
    1,
    14,
    24,
    33,
    34,
    44,
    53,
    54,
    55,
    68,
    73,
    74,
    75,
    76,
    80,
    83,
    90,
    92,
    93
  ],
  "distribution": {
    "A": 0.8814347649426495,
    "B": 0.038727545377331814,
    "C": 0.056348246033254584,
    "D": 0.02348944364676401
  }
}