{
  "question_id": "gpqa_gpqa_diamond_0023",
  "method": "last_prefix_attn_oracle",
  "prefix_length": 16,
  "keep_m": 5,
  "kl_to_baseline": 0.1131364916678447,
  "token_kl": 0.024509822295325997,
  "selected_indices": [
    0,
    5,
    6,
    7,
    9
  ],
  "distribution": {
    "A": 0.6738683605170472,
    "B": 0.13269253982742363,
    "C": 0.17038059374326237,
    "D": 0.02305850591226665
  }
}