{
  "question_id": "gpqa_gpqa_diamond_0031",
  "method": "last_prefix_attn_oracle",
  "prefix_length": 145,
  "keep_m": 15,
  "kl_to_baseline": 0.027778268047345935,
  "token_kl": 0.14608869361495,
  "selected_indices": [
    0,
    53,
    54,
    55,
    58,
    106,
    128,
    129,
    133,
    134,
    135,
    136,
    137,
    138,
    139
  ],
  "distribution": {
    "A": 0.8448861201469344,
    "B": 0.0225154544669698,
    "C": 0.054011767453254984,
    "D": 0.0785866579328408
  }
}