{
  "question_id": "gpqa_gpqa_diamond_0002",
  "method": "last_prefix_attn_oracle",
  "prefix_length": 91,
  "keep_m": 3,
  "kl_to_baseline": 1.6726284806953022,
  "token_kl": 0.27662970087529826,
  "selected_indices": [
    6,
    83,
    84
  ],
  "distribution": {
    "A": 0.20767381365346843,
    "B": 0.2666584551115272,
    "C": 0.3423962339378881,
    "D": 0.18327149729711636
  }
}