{
  "question_id": "gpqa_gpqa_diamond_0023",
  "method": "last_prefix_attn_oracle",
  "prefix_length": 336,
  "keep_m": 3,
  "kl_to_baseline": 0.25226129869537167,
  "token_kl": 0.7029107398085531,
  "selected_indices": [
    321,
    322,
    328
  ],
  "distribution": {
    "A": 0.2698787448938019,
    "B": 0.23816715644219838,
    "C": 0.3926712568084175,
    "D": 0.09928284185558209
  }
}