{
  "question_id": "gpqa_gpqa_diamond_0001",
  "method": "last_prefix_attn_oracle",
  "prefix_length": 302,
  "keep_m": 3,
  "kl_to_baseline": 0.5825943038698528,
  "token_kl": 0.1393600414213268,
  "selected_indices": [
    52,
    233,
    296
  ],
  "distribution": {
    "A": 0.06972720919987463,
    "B": 0.661553400642399,
    "C": 0.10145249075110484,
    "D": 0.16726689940662165
  }
}