{
  "question_id": "gpqa_gpqa_diamond_0031",
  "method": "last_prefix_attn_oracle",
  "prefix_length": 201,
  "keep_m": 5,
  "kl_to_baseline": 0.7815470597130844,
  "token_kl": 0.6535796703673947,
  "selected_indices": [
    0,
    120,
    187,
    194,
    195
  ],
  "distribution": {
    "A": 0.4015743884949205,
    "B": 0.05434718036818514,
    "C": 0.35438813288089094,
    "D": 0.18969029825600342
  }
}