{
  "question_id": "gpqa_gpqa_diamond_0031",
  "method": "last_prefix_attn_oracle",
  "prefix_length": 156,
  "keep_m": 5,
  "kl_to_baseline": 1.6233818115244223,
  "token_kl": 0.2162079559885975,
  "selected_indices": [
    16,
    71,
    72,
    125,
    150
  ],
  "distribution": {
    "A": 0.13249819495196577,
    "B": 0.055233465151433195,
    "C": 0.5938157475499228,
    "D": 0.2184525923466783
  }
}