{
  "question_id": "gpqa_gpqa_diamond_0026",
  "method": "last_prefix_attn_oracle",
  "prefix_length": 96,
  "keep_m": 5,
  "kl_to_baseline": 0.22499141216312046,
  "token_kl": 0.04931537528755789,
  "selected_indices": [
    0,
    34,
    59,
    77,
    87
  ],
  "distribution": {
    "A": 0.03774210846319818,
    "B": 0.7580705130965207,
    "C": 0.14927293465673883,
    "D": 0.054914443783542294
  }
}