{
  "question_id": "gpqa_gpqa_diamond_0011",
  "method": "last_prefix_attn_oracle",
  "prefix_length": 87,
  "keep_m": 15,
  "kl_to_baseline": 0.022306392410257284,
  "token_kl": 0.10426974432165156,
  "selected_indices": [
    0,
    23,
    24,
    25,
    27,
    67,
    71,
    72,
    74,
    75,
    77,
    78,
    79,
    80,
    81
  ],
  "distribution": {
    "A": 0.13228638558512962,
    "B": 0.6718057790007518,
    "C": 0.1698591016218429,
    "D": 0.026048733792275822
  }
}