{
  "question_id": "gpqa_gpqa_diamond_0002",
  "method": "last_prefix_attn_oracle",
  "prefix_length": 105,
  "keep_m": 10,
  "kl_to_baseline": 0.001755818155556462,
  "token_kl": 0.13151636773980016,
  "selected_indices": [
    15,
    43,
    57,
    62,
    81,
    82,
    87,
    88,
    94,
    98
  ],
  "distribution": {
    "A": 0.001697110915401563,
    "B": 0.0013217113098737661,
    "C": 0.0008016584327273842,
    "D": 0.9961795193419973
  }
}