{
  "question_id": "gpqa_gpqa_diamond_0002",
  "method": "last_prefix_attn_oracle",
  "prefix_length": 88,
  "keep_m": 10,
  "kl_to_baseline": 0.00020452436163605382,
  "token_kl": 0.5124781628558494,
  "selected_indices": [
    15,
    26,
    58,
    59,
    62,
    64,
    71,
    74,
    81,
    82
  ],
  "distribution": {
    "A": 0.001699015055948028,
    "B": 0.000379101501528277,
    "C": 0.0006250327093240273,
    "D": 0.9972968507331996
  }
}