{
  "question_id": "gpqa_gpqa_diamond_0004",
  "method": "last_prefix_attn_oracle",
  "prefix_length": 32,
  "keep_m": 10,
  "kl_to_baseline": 0.02153860105161742,
  "token_kl": 0.050351940383280565,
  "selected_indices": [
    0,
    10,
    15,
    19,
    20,
    22,
    23,
    24,
    25,
    26
  ],
  "distribution": {
    "A": 0.002996228475858701,
    "B": 0.16358853185851246,
    "C": 0.8307710773162478,
    "D": 0.002644162349381067
  }
}