{
  "question_id": "gpqa_gpqa_diamond_0020",
  "method": "last_prefix_attn_oracle",
  "prefix_length": 71,
  "keep_m": 15,
  "kl_to_baseline": 0.02919262369566455,
  "token_kl": 0.15132045650545115,
  "selected_indices": [
    0,
    8,
    34,
    35,
    36,
    38,
    49,
    58,
    59,
    60,
    61,
    62,
    63,
    64,
    65
  ],
  "distribution": {
    "A": 0.012415187154166703,
    "B": 0.9862606353619481,
    "C": 0.00042482434290275255,
    "D": 0.0008993531409825958
  }
}