{
  "question_id": "gpqa_gpqa_diamond_0001",
  "method": "last_prefix_attn_oracle",
  "prefix_length": 423,
  "keep_m": 15,
  "kl_to_baseline": 0.10707762551107813,
  "token_kl": 0.1535445116356291,
  "selected_indices": [
    0,
    1,
    18,
    52,
    58,
    213,
    214,
    238,
    240,
    241,
    242,
    243,
    244,
    246,
    299
  ],
  "distribution": {
    "A": 0.9031706716003876,
    "B": 0.030904800666190224,
    "C": 0.030904800666190224,
    "D": 0.035019727067232075
  }
}