{
  "question_id": "gpqa_gpqa_diamond_0031",
  "method": "last_prefix_attn_oracle",
  "prefix_length": 198,
  "keep_m": 10,
  "kl_to_baseline": 0.01926022769923349,
  "token_kl": 0.12284567111693127,
  "selected_indices": [
    0,
    2,
    6,
    47,
    129,
    134,
    148,
    149,
    185,
    192
  ],
  "distribution": {
    "A": 0.9506542246736409,
    "B": 0.007258335656516731,
    "C": 0.019730197215919634,
    "D": 0.02235724245392274
  }
}