{
  "question_id": "gpqa_gpqa_diamond_0001",
  "method": "last_prefix_attn_oracle",
  "prefix_length": 327,
  "keep_m": 5,
  "kl_to_baseline": 0.09536822543988238,
  "token_kl": 0.6861674230845006,
  "selected_indices": [
    317,
    318,
    319,
    320,
    321
  ],
  "distribution": {
    "A": 0.2874898222581544,
    "B": 0.11984358794354963,
    "C": 0.1743713915549061,
    "D": 0.4182951982433899
  }
}