{
  "question_id": "gpqa_gpqa_diamond_0002",
  "method": "last_prefix_attn_oracle",
  "prefix_length": 33,
  "keep_m": 15,
  "kl_to_baseline": 0.39188405922934033,
  "token_kl": 0.028736181755877076,
  "selected_indices": [
    0,
    1,
    10,
    13,
    14,
    15,
    19,
    20,
    21,
    22,
    23,
    24,
    25,
    26,
    27
  ],
  "distribution": {
    "A": 0.4578706792802335,
    "B": 0.14864885461953334,
    "C": 0.11576784438035997,
    "D": 0.27771262171987326
  }
}