{
  "question_id": "gpqa_gpqa_diamond_0031",
  "method": "last_prefix_attn_oracle",
  "prefix_length": 95,
  "keep_m": 10,
  "kl_to_baseline": 1.182976460821018,
  "token_kl": 0.8574105850300691,
  "selected_indices": [
    0,
    16,
    33,
    49,
    51,
    67,
    78,
    81,
    82,
    83
  ],
  "distribution": {
    "A": 0.22207476757203615,
    "B": 0.056149294471346645,
    "C": 0.4701322586171893,
    "D": 0.25164367933942783
  }
}