{
  "question_id": "gpqa_gpqa_diamond_0009",
  "method": "last_prefix_attn_oracle",
  "prefix_length": 76,
  "keep_m": 3,
  "kl_to_baseline": 2.0607555933118333,
  "token_kl": 0.21286602941201554,
  "selected_indices": [
    0,
    28,
    69
  ],
  "distribution": {
    "A": 0.7503974363902929,
    "B": 0.11507716368945202,
    "C": 0.0329701594060933,
    "D": 0.10155524051416187
  }
}