{
  "question_id": "gpqa_gpqa_diamond_0009",
  "method": "last_prefix_attn_oracle",
  "prefix_length": 114,
  "keep_m": 5,
  "kl_to_baseline": 1.3039697839707645,
  "token_kl": 0.04085719105709948,
  "selected_indices": [
    0,
    21,
    36,
    37,
    46
  ],
  "distribution": {
    "A": 0.6411773600657156,
    "B": 0.08677391962939722,
    "C": 0.03617275139213109,
    "D": 0.2358759689127561
  }
}