{
  "question_id": "gpqa_gpqa_diamond_0002",
  "method": "last_prefix_attn_oracle",
  "prefix_length": 104,
  "keep_m": 10,
  "kl_to_baseline": 1.1176008018367563,
  "token_kl": 0.37299626847287887,
  "selected_indices": [
    31,
    43,
    57,
    82,
    87,
    88,
    89,
    94,
    96,
    98
  ],
  "distribution": {
    "A": 0.2866962688957339,
    "B": 0.25300856928304544,
    "C": 0.1354257282219888,
    "D": 0.32486943359923176
  }
}