{
  "question_id": "gpqa_gpqa_diamond_0009",
  "method": "last_prefix_attn_oracle",
  "prefix_length": 79,
  "keep_m": 15,
  "kl_to_baseline": 0.024770411390231707,
  "token_kl": 0.5583776475168849,
  "selected_indices": [
    0,
    9,
    11,
    42,
    43,
    54,
    55,
    56,
    58,
    62,
    63,
    65,
    66,
    72,
    73
  ],
  "distribution": {
    "A": 0.02559745798674935,
    "B": 0.0044481722771913135,
    "C": 0.00941678078471005,
    "D": 0.9605375889513492
  }
}