{
  "question_id": "gpqa_gpqa_diamond_0023",
  "method": "last_prefix_attn_oracle",
  "prefix_length": 291,
  "keep_m": 3,
  "kl_to_baseline": 0.25857730407020396,
  "token_kl": 0.6164989548878376,
  "selected_indices": [
    56,
    279,
    284
  ],
  "distribution": {
    "A": 0.2390067300407748,
    "B": 0.2390067300407748,
    "C": 0.39405545617117255,
    "D": 0.1279310837472778
  }
}