{
  "question_id": "gpqa_gpqa_diamond_0031",
  "method": "last_prefix_attn_oracle",
  "prefix_length": 161,
  "keep_m": 3,
  "kl_to_baseline": 1.8564799038887974,
  "token_kl": 0.5816089507951575,
  "selected_indices": [
    78,
    79,
    155
  ],
  "distribution": {
    "A": 0.1287504420668501,
    "B": 0.07809109056509979,
    "C": 0.39657923368402503,
    "D": 0.39657923368402503
  }
}