{
  "question_id": "gpqa_gpqa_diamond_0009",
  "method": "last_prefix_attn_oracle",
  "prefix_length": 120,
  "keep_m": 3,
  "kl_to_baseline": 0.1573155369157324,
  "token_kl": 1.0025926690568256,
  "selected_indices": [
    0,
    110,
    111
  ],
  "distribution": {
    "A": 0.11300285475734491,
    "B": 0.01963695169234172,
    "C": 0.03237585994687467,
    "D": 0.8349843336034387
  }
}