{
  "question_id": "gpqa_gpqa_diamond_0023",
  "method": "last_prefix_attn_oracle",
  "prefix_length": 318,
  "keep_m": 15,
  "kl_to_baseline": 0.30701124057057005,
  "token_kl": 0.2487099779106859,
  "selected_indices": [
    0,
    179,
    230,
    258,
    288,
    290,
    292,
    303,
    304,
    305,
    306,
    307,
    308,
    311,
    312
  ],
  "distribution": {
    "A": 0.47217525890732487,
    "B": 0.13528046050896222,
    "C": 0.3245209931573559,
    "D": 0.06802328742635705
  }
}