{
  "question_id": "gpqa_gpqa_diamond_0031",
  "method": "last_prefix_attn_oracle",
  "prefix_length": 118,
  "keep_m": 10,
  "kl_to_baseline": 0.019591330203565648,
  "token_kl": 0.0765740186321272,
  "selected_indices": [
    0,
    55,
    56,
    58,
    65,
    106,
    107,
    108,
    109,
    110
  ],
  "distribution": {
    "A": 0.9191740370078887,
    "B": 0.021616902688261205,
    "C": 0.027756652481792952,
    "D": 0.03145240782205717
  }
}