{
  "question_id": "gpqa_gpqa_diamond_0011",
  "method": "last_prefix_attn_oracle",
  "prefix_length": 96,
  "keep_m": 20,
  "kl_to_baseline": 0.0021313457393759097,
  "token_kl": 0.055162539433860486,
  "selected_indices": [
    0,
    1,
    2,
    3,
    9,
    10,
    15,
    25,
    67,
    71,
    72,
    74,
    75,
    77,
    80,
    86,
    87,
    88,
    89,
    90
  ],
  "distribution": {
    "A": 0.0024647824659352635,
    "B": 0.9943642664623005,
    "C": 0.0027929644384207812,
    "D": 0.0003779866333434633
  }
}