{
  "question_id": "gpqa_gpqa_diamond_0009",
  "method": "last_prefix_attn_oracle",
  "prefix_length": 98,
  "keep_m": 10,
  "kl_to_baseline": 1.5489653829157009,
  "token_kl": 0.32397574315150013,
  "selected_indices": [
    0,
    25,
    28,
    59,
    75,
    79,
    82,
    87,
    91,
    92
  ],
  "distribution": {
    "A": 0.6805037503740066,
    "B": 0.10435863007645525,
    "C": 0.06329670874697907,
    "D": 0.15184091080255918
  }
}