{
  "question_id": "gpqa_gpqa_diamond_0023",
  "method": "last_prefix_attn_oracle",
  "prefix_length": 262,
  "keep_m": 3,
  "kl_to_baseline": 0.07173620647109201,
  "token_kl": 1.991870607116139,
  "selected_indices": [
    195,
    196,
    198
  ],
  "distribution": {
    "A": 0.3834792504939983,
    "B": 0.18114277160355802,
    "C": 0.33841925076641566,
    "D": 0.09695872713602798
  }
}