{
  "question_id": "gpqa_gpqa_diamond_0017",
  "method": "last_prefix_attn_oracle",
  "prefix_length": 128,
  "keep_m": 10,
  "kl_to_baseline": 0.45467541769941305,
  "token_kl": 0.6273089263370054,
  "selected_indices": [
    0,
    96,
    115,
    116,
    117,
    118,
    119,
    120,
    121,
    122
  ],
  "distribution": {
    "A": 0.6308803839816646,
    "B": 0.08538036782098146,
    "C": 0.12422770215647218,
    "D": 0.15951154604088177
  }
}