{
  "question_id": "gpqa_gpqa_diamond_0001",
  "method": "last_prefix_attn_oracle",
  "prefix_length": 427,
  "keep_m": 10,
  "kl_to_baseline": 0.03985080117304351,
  "token_kl": 0.027809248647590594,
  "selected_indices": [
    0,
    217,
    244,
    302,
    307,
    317,
    410,
    419,
    420,
    421
  ],
  "distribution": {
    "A": 0.7834686024207181,
    "B": 0.05008547506069169,
    "C": 0.07287393621038045,
    "D": 0.09357198630820965
  }
}