{
  "question_id": "gpqa_gpqa_diamond_0026",
  "method": "last_prefix_attn_oracle",
  "prefix_length": 51,
  "keep_m": 3,
  "kl_to_baseline": 0.03968776971874952,
  "token_kl": 0.37365038038680826,
  "selected_indices": [
    0,
    42,
    44
  ],
  "distribution": {
    "A": 0.006419841828498929,
    "B": 0.952788797290888,
    "C": 0.015400399953562639,
    "D": 0.025390960927050444
  }
}