{
  "question_id": "gpqa_gpqa_diamond_0031",
  "method": "last_prefix_attn_oracle",
  "prefix_length": 214,
  "keep_m": 15,
  "kl_to_baseline": 1.5156193609206603,
  "token_kl": 0.15378611880057919,
  "selected_indices": [
    0,
    5,
    6,
    7,
    21,
    22,
    23,
    24,
    28,
    29,
    30,
    31,
    32,
    37,
    208
  ],
  "distribution": {
    "A": 0.19233657673520177,
    "B": 0.037873317527968596,
    "C": 0.5228250526501184,
    "D": 0.24696505308671127
  }
}