{
  "question_id": "gpqa_gpqa_diamond_0017",
  "method": "last_prefix_attn_oracle",
  "prefix_length": 100,
  "keep_m": 3,
  "kl_to_baseline": 0.5771559402762578,
  "token_kl": 0.10209781893400822,
  "selected_indices": [
    0,
    76,
    92
  ],
  "distribution": {
    "A": 0.8938478354796576,
    "B": 0.03465823967703098,
    "C": 0.026991864200348163,
    "D": 0.044502060642963324
  }
}