{
  "question_id": "gpqa_gpqa_diamond_0023",
  "method": "last_prefix_attn_oracle",
  "prefix_length": 150,
  "keep_m": 15,
  "kl_to_baseline": 0.08263607217830526,
  "token_kl": 0.15365658684196834,
  "selected_indices": [
    0,
    45,
    54,
    58,
    65,
    135,
    136,
    137,
    138,
    139,
    140,
    141,
    142,
    143,
    144
  ],
  "distribution": {
    "A": 0.37883285589566895,
    "B": 0.29503532482472367,
    "C": 0.29503532482472367,
    "D": 0.03109649445488364
  }
}