{
  "question_id": "gpqa_gpqa_diamond_0023",
  "method": "last_prefix_attn_oracle",
  "prefix_length": 295,
  "keep_m": 20,
  "kl_to_baseline": 0.1425610994524094,
  "token_kl": 0.9749357669630734,
  "selected_indices": [
    99,
    105,
    163,
    169,
    171,
    182,
    214,
    223,
    254,
    259,
    262,
    271,
    272,
    279,
    282,
    284,
    286,
    287,
    288,
    289
  ],
  "distribution": {
    "A": 0.33201173765324365,
    "B": 0.22818810772183531,
    "C": 0.33201173765324365,
    "D": 0.10778841697167728
  }
}