{
  "question_id": "gpqa_gpqa_diamond_0020",
  "method": "last_prefix_attn_oracle",
  "prefix_length": 75,
  "keep_m": 20,
  "kl_to_baseline": 1.729368876003041,
  "token_kl": 0.010357756188269902,
  "selected_indices": [
    0,
    7,
    36,
    37,
    50,
    53,
    54,
    55,
    56,
    57,
    58,
    59,
    60,
    63,
    64,
    65,
    66,
    67,
    68,
    69
  ],
  "distribution": {
    "A": 0.7708528412581546,
    "B": 0.1720005076687747,
    "C": 0.023277742972040542,
    "D": 0.03386890810103026
  }
}