{
  "question_id": "gpqa_gpqa_diamond_0001",
  "method": "last_prefix_attn_oracle",
  "prefix_length": 346,
  "keep_m": 5,
  "kl_to_baseline": 0.11415148516332763,
  "token_kl": 0.7020578485932913,
  "selected_indices": [
    322,
    325,
    327,
    337,
    338
  ],
  "distribution": {
    "A": 0.262477195825017,
    "B": 0.12398544816499152,
    "C": 0.23163531231466775,
    "D": 0.3819020436953237
  }
}