{
  "question_id": "gpqa_gpqa_diamond_0004",
  "method": "last_prefix_attn_oracle",
  "prefix_length": 89,
  "keep_m": 20,
  "kl_to_baseline": 0.08421510715670791,
  "token_kl": 0.39553715970024117,
  "selected_indices": [
    0,
    3,
    10,
    12,
    15,
    20,
    22,
    23,
    62,
    67,
    70,
    71,
    72,
    74,
    75,
    76,
    80,
    81,
    82,
    83
  ],
  "distribution": {
    "A": 0.00200647034126557,
    "B": 0.07529222613287294,
    "C": 0.9172471516578572,
    "D": 0.005454151868004218
  }
}