{
  "question_id": "gpqa_gpqa_diamond_0023",
  "method": "last_prefix_attn_oracle",
  "prefix_length": 190,
  "keep_m": 10,
  "kl_to_baseline": 0.15935472211878843,
  "token_kl": 0.19377032633880792,
  "selected_indices": [
    150,
    170,
    172,
    173,
    174,
    175,
    176,
    178,
    181,
    182
  ],
  "distribution": {
    "A": 0.291596064996109,
    "B": 0.17686195367169794,
    "C": 0.4242697711057896,
    "D": 0.10727221022640336
  }
}