{
  "question_id": "gpqa_gpqa_diamond_0023",
  "method": "last_prefix_attn_oracle",
  "prefix_length": 334,
  "keep_m": 20,
  "kl_to_baseline": 0.16405447231723577,
  "token_kl": 0.4208929767723341,
  "selected_indices": [
    0,
    90,
    258,
    300,
    303,
    305,
    307,
    312,
    315,
    317,
    319,
    320,
    321,
    322,
    323,
    324,
    325,
    326,
    327,
    328
  ],
  "distribution": {
    "A": 0.4701322586171893,
    "B": 0.22207476757203615,
    "C": 0.25164367933942783,
    "D": 0.056149294471346645
  }
}