{
  "question_id": "gpqa_gpqa_diamond_0023",
  "method": "last_prefix_attn_oracle",
  "prefix_length": 37,
  "keep_m": 3,
  "kl_to_baseline": 0.16124633279263695,
  "token_kl": 1.1920252606128217,
  "selected_indices": [
    23,
    25,
    31
  ],
  "distribution": {
    "A": 0.20471471628453874,
    "B": 0.3824574411254738,
    "C": 0.3375175071636609,
    "D": 0.07531033542632647
  }
}