{
  "question_id": "gpqa_gpqa_diamond_0023",
  "method": "last_prefix_attn_oracle",
  "prefix_length": 335,
  "keep_m": 3,
  "kl_to_baseline": 0.2240902236172881,
  "token_kl": 0.40205029008709725,
  "selected_indices": [
    300,
    321,
    322
  ],
  "distribution": {
    "A": 0.27382970009654717,
    "B": 0.27382970009654717,
    "C": 0.3516042947679483,
    "D": 0.10073630503895735
  }
}