{
  "question_id": "gpqa_gpqa_diamond_0011",
  "method": "last_prefix_attn_oracle",
  "prefix_length": 121,
  "keep_m": 10,
  "kl_to_baseline": 0.40800613422677684,
  "token_kl": 0.06608151950395422,
  "selected_indices": [
    0,
    50,
    104,
    105,
    109,
    110,
    111,
    112,
    113,
    114
  ],
  "distribution": {
    "A": 0.04815682570122779,
    "B": 0.6647844135217408,
    "C": 0.24456051125739173,
    "D": 0.042498249519639764
  }
}