{
  "question_id": "gpqa_gpqa_diamond_0031",
  "method": "last_prefix_attn_oracle",
  "prefix_length": 156,
  "keep_m": 10,
  "kl_to_baseline": 1.4237867778203093,
  "token_kl": 0.2512695087262714,
  "selected_indices": [
    16,
    20,
    71,
    72,
    120,
    125,
    127,
    138,
    139,
    150
  ],
  "distribution": {
    "A": 0.1655532322729504,
    "B": 0.06901285476960733,
    "C": 0.5778375239071356,
    "D": 0.18759638905030676
  }
}