{
  "question_id": "gpqa_gpqa_diamond_0023",
  "method": "last_prefix_attn_oracle",
  "prefix_length": 183,
  "keep_m": 10,
  "kl_to_baseline": 0.13542928518898834,
  "token_kl": 0.5640215629083087,
  "selected_indices": [
    82,
    99,
    105,
    116,
    123,
    169,
    173,
    175,
    176,
    177
  ],
  "distribution": {
    "A": 0.2816893098421393,
    "B": 0.2816893098421393,
    "C": 0.3191958056930821,
    "D": 0.11742557462263932
  }
}