{
  "question_id": "gpqa_gpqa_diamond_0023",
  "method": "last_prefix_attn_oracle",
  "prefix_length": 336,
  "keep_m": 10,
  "kl_to_baseline": 0.13926087276422758,
  "token_kl": 0.4642088567849579,
  "selected_indices": [
    0,
    99,
    300,
    302,
    317,
    321,
    322,
    323,
    328,
    329
  ],
  "distribution": {
    "A": 0.33868744828619657,
    "B": 0.2637700499417458,
    "C": 0.33868744828619657,
    "D": 0.05885505348586108
  }
}