{
  "question_id": "gpqa_gpqa_diamond_0023",
  "method": "last_prefix_attn_oracle",
  "prefix_length": 96,
  "keep_m": 5,
  "kl_to_baseline": 0.09143671857921999,
  "token_kl": 0.4107994579793362,
  "selected_indices": [
    0,
    2,
    8,
    9,
    90
  ],
  "distribution": {
    "A": 0.3015985511380319,
    "B": 0.23488518779950038,
    "C": 0.3872602052974305,
    "D": 0.07625605576503715
  }
}