{
  "question_id": "gpqa_gpqa_diamond_0002",
  "method": "last_prefix_attn_oracle",
  "prefix_length": 49,
  "keep_m": 10,
  "kl_to_baseline": 0.18073639541134745,
  "token_kl": 0.5780938499955708,
  "selected_indices": [
    31,
    35,
    36,
    37,
    38,
    39,
    40,
    41,
    42,
    43
  ],
  "distribution": {
    "A": 0.23696765460481428,
    "B": 0.34478590299221606,
    "C": 0.20912322120148483,
    "D": 0.20912322120148483
  }
}