{
  "question_id": "gpqa_gpqa_diamond_0001",
  "method": "last_prefix_attn_oracle",
  "prefix_length": 288,
  "keep_m": 15,
  "kl_to_baseline": 0.051097713113213684,
  "token_kl": 0.671131438990892,
  "selected_indices": [
    39,
    75,
    117,
    122,
    260,
    261,
    262,
    269,
    271,
    277,
    278,
    279,
    280,
    281,
    282
  ],
  "distribution": {
    "A": 0.35898421896516025,
    "B": 0.13206291386226984,
    "C": 0.19215040585906568,
    "D": 0.31680246131350415
  }
}