{
  "question_id": "gpqa_gpqa_diamond_0013",
  "method": "last_prefix_attn_oracle",
  "prefix_length": 25,
  "keep_m": 3,
  "kl_to_baseline": 0.02763854422783386,
  "token_kl": 0.32857034236275,
  "selected_indices": [
    0,
    15,
    18
  ],
  "distribution": {
    "A": 0.029280941184095292,
    "B": 0.00028706038337408335,
    "C": 0.0007803106517150555,
    "D": 0.9696516877808156
  }
}