{
  "question_id": "gpqa_gpqa_diamond_0020",
  "method": "last_prefix_attn_oracle",
  "prefix_length": 42,
  "keep_m": 3,
  "kl_to_baseline": 0.36691283224286153,
  "token_kl": 0.04008713479617509,
  "selected_indices": [
    0,
    15,
    36
  ],
  "distribution": {
    "A": 0.1997839982809082,
    "B": 0.47925689760603585,
    "C": 0.12117510583214774,
    "D": 0.1997839982809082
  }
}