{
  "question_id": "gpqa_gpqa_diamond_0001",
  "method": "last_prefix_attn_oracle",
  "prefix_length": 329,
  "keep_m": 3,
  "kl_to_baseline": 0.14399683424880788,
  "token_kl": 0.29284646076401016,
  "selected_indices": [
    320,
    322,
    323
  ],
  "distribution": {
    "A": 0.24265437408247376,
    "B": 0.11462182385685213,
    "C": 0.24265437408247376,
    "D": 0.4000694279782004
  }
}