{
  "question_id": "gpqa_gpqa_diamond_0009",
  "method": "last_prefix_attn_oracle",
  "prefix_length": 110,
  "keep_m": 15,
  "kl_to_baseline": 1.5106271138265204,
  "token_kl": 0.03459194321476919,
  "selected_indices": [
    0,
    25,
    38,
    39,
    40,
    41,
    42,
    50,
    71,
    72,
    99,
    101,
    102,
    103,
    104
  ],
  "distribution": {
    "A": 0.673437617560068,
    "B": 0.06263946347980137,
    "C": 0.07097981114307288,
    "D": 0.1929431078170577
  }
}