{
  "question_id": "gpqa_gpqa_diamond_0031",
  "method": "last_prefix_attn_oracle",
  "prefix_length": 169,
  "keep_m": 15,
  "kl_to_baseline": 1.349662133128186,
  "token_kl": 0.02219359362974386,
  "selected_indices": [
    0,
    43,
    83,
    84,
    85,
    86,
    88,
    151,
    155,
    157,
    158,
    160,
    161,
    162,
    163
  ],
  "distribution": {
    "A": 0.2270918441137067,
    "B": 0.0650629026664035,
    "C": 0.480753409106183,
    "D": 0.2270918441137067
  }
}