{
  "question_id": "gpqa_gpqa_diamond_0007",
  "method": "last_prefix_attn_oracle",
  "prefix_length": 216,
  "keep_m": 20,
  "kl_to_baseline": 0.007437160841048545,
  "token_kl": 0.02358565431840545,
  "selected_indices": [
    0,
    61,
    85,
    86,
    87,
    115,
    176,
    177,
    190,
    199,
    201,
    202,
    203,
    204,
    205,
    206,
    207,
    208,
    209,
    210
  ],
  "distribution": {
    "A": 0.9888607373722813,
    "B": 0.005189064725114082,
    "C": 0.004041247671327051,
    "D": 0.0019089502312774126
  }
}