{
  "question_id": "gpqa_gpqa_diamond_0023",
  "method": "last_prefix_attn_oracle",
  "prefix_length": 335,
  "keep_m": 20,
  "kl_to_baseline": 0.13028291282046348,
  "token_kl": 0.3793581208352027,
  "selected_indices": [
    0,
    9,
    96,
    99,
    123,
    200,
    203,
    268,
    290,
    300,
    301,
    302,
    303,
    319,
    321,
    322,
    323,
    325,
    328,
    329
  ],
  "distribution": {
    "A": 0.47853460190202635,
    "B": 0.22604375374101124,
    "C": 0.2561411298770455,
    "D": 0.03928051447991683
  }
}