{
  "question_id": "gpqa_gpqa_diamond_0023",
  "method": "last_prefix_attn_oracle",
  "prefix_length": 324,
  "keep_m": 20,
  "kl_to_baseline": 0.1111442197730317,
  "token_kl": 0.15617904183563744,
  "selected_indices": [
    0,
    60,
    65,
    68,
    81,
    82,
    105,
    199,
    290,
    292,
    294,
    299,
    300,
    301,
    308,
    312,
    315,
    316,
    317,
    318
  ],
  "distribution": {
    "A": 0.41494239452322274,
    "B": 0.25167529929392646,
    "C": 0.25167529929392646,
    "D": 0.08170700688892435
  }
}