{
  "question_id": "gpqa_gpqa_diamond_0009",
  "method": "last_prefix_attn_oracle",
  "prefix_length": 97,
  "keep_m": 3,
  "kl_to_baseline": 1.5591012550460193,
  "token_kl": 0.5610792720737983,
  "selected_indices": [
    0,
    9,
    23
  ],
  "distribution": {
    "A": 0.7030404351748307,
    "B": 0.09514616791444645,
    "C": 0.044943867344264816,
    "D": 0.156869529566458
  }
}