{
  "question_id": "gpqa_gpqa_diamond_0001",
  "method": "last_prefix_attn_oracle",
  "prefix_length": 393,
  "keep_m": 10,
  "kl_to_baseline": 0.04810479669418329,
  "token_kl": 0.42846183961724854,
  "selected_indices": [
    208,
    327,
    345,
    374,
    375,
    376,
    378,
    379,
    385,
    387
  ],
  "distribution": {
    "A": 0.2851784660131493,
    "B": 0.1526450331010526,
    "C": 0.19600010223289316,
    "D": 0.36617639865290497
  }
}