{
  "question_id": "gpqa_gpqa_diamond_0009",
  "method": "last_prefix_attn_oracle",
  "prefix_length": 38,
  "keep_m": 5,
  "kl_to_baseline": 0.04392341549771232,
  "token_kl": 0.047663313948622874,
  "selected_indices": [
    0,
    21,
    22,
    25,
    26
  ],
  "distribution": {
    "A": 0.7665447418291632,
    "B": 0.10374054047385843,
    "C": 0.03816401205634644,
    "D": 0.09155070564063193
  }
}