{
  "question_id": "gpqa_gpqa_diamond_0011",
  "method": "last_prefix_attn_oracle",
  "prefix_length": 115,
  "keep_m": 20,
  "kl_to_baseline": 0.011142961602368245,
  "token_kl": 0.21392295251091228,
  "selected_indices": [
    0,
    22,
    67,
    71,
    72,
    73,
    74,
    75,
    77,
    78,
    79,
    80,
    85,
    96,
    97,
    98,
    99,
    100,
    101,
    102
  ],
  "distribution": {
    "A": 0.006663005141445819,
    "B": 0.9888775905846976,
    "C": 0.0031473807695604184,
    "D": 0.0013120235042962541
  }
}