{
  "question_id": "gpqa_gpqa_diamond_0011",
  "method": "last_prefix_attn_oracle",
  "prefix_length": 67,
  "keep_m": 20,
  "kl_to_baseline": 0.03599286700976348,
  "token_kl": 0.6797757013131688,
  "selected_indices": [
    0,
    10,
    25,
    34,
    40,
    42,
    45,
    48,
    49,
    51,
    52,
    53,
    54,
    55,
    56,
    57,
    58,
    59,
    60,
    61
  ],
  "distribution": {
    "A": 0.23516483847077133,
    "B": 0.2075322415472624,
    "C": 0.49784393727552795,
    "D": 0.05945898270643832
  }
}