{
  "question_id": "gpqa_gpqa_diamond_0031",
  "method": "last_prefix_attn_oracle",
  "prefix_length": 216,
  "keep_m": 3,
  "kl_to_baseline": 1.8272409722567617,
  "token_kl": 0.12043984131876793,
  "selected_indices": [
    0,
    29,
    30
  ],
  "distribution": {
    "A": 0.14398163508740058,
    "B": 0.07706781567738201,
    "C": 0.5694584813469596,
    "D": 0.20949206788825772
  }
}