{
  "question_id": "gpqa_gpqa_diamond_0002",
  "method": "last_prefix_attn_oracle",
  "prefix_length": 38,
  "keep_m": 15,
  "kl_to_baseline": 0.26277369383703225,
  "token_kl": 0.05502357430673133,
  "selected_indices": [
    1,
    4,
    8,
    11,
    14,
    15,
    17,
    20,
    22,
    26,
    27,
    29,
    30,
    31,
    32
  ],
  "distribution": {
    "A": 0.303692515761807,
    "B": 0.20872461013214827,
    "C": 0.34412870444346433,
    "D": 0.14345416966258037
  }
}