{
  "question_id": "gpqa_gpqa_diamond_0001",
  "method": "last_prefix_attn_oracle",
  "prefix_length": 244,
  "keep_m": 20,
  "kl_to_baseline": 0.062063478257513655,
  "token_kl": 0.1656856293211679,
  "selected_indices": [
    0,
    18,
    51,
    52,
    53,
    56,
    57,
    58,
    170,
    195,
    196,
    209,
    211,
    212,
    213,
    214,
    216,
    217,
    233,
    238
  ],
  "distribution": {
    "A": 0.36552928931500245,
    "B": 0.36552928931500245,
    "C": 0.13447071068499755,
    "D": 0.13447071068499755
  }
}