{
  "question_id": "gpqa_gpqa_diamond_0002",
  "method": "last_prefix_attn_oracle",
  "prefix_length": 75,
  "keep_m": 3,
  "kl_to_baseline": 1.4099575156451483,
  "token_kl": 0.2399451118713353,
  "selected_indices": [
    59,
    62,
    69
  ],
  "distribution": {
    "A": 0.2731272040287072,
    "B": 0.2731272040287072,
    "C": 0.21271168037566057,
    "D": 0.24103391156692497
  }
}