{
  "question_id": "gpqa_gpqa_diamond_0011",
  "method": "last_prefix_attn_oracle",
  "prefix_length": 72,
  "keep_m": 15,
  "kl_to_baseline": 0.2809394912704396,
  "token_kl": 0.35757462241131766,
  "selected_indices": [
    0,
    9,
    10,
    21,
    22,
    24,
    25,
    27,
    28,
    40,
    53,
    54,
    57,
    58,
    66
  ],
  "distribution": {
    "A": 0.16233939345458767,
    "B": 0.4412842232706689,
    "C": 0.3436724986402536,
    "D": 0.052703884634489814
  }
}