{
  "question_id": "gpqa_gpqa_diamond_0001",
  "method": "last_prefix_attn_oracle",
  "prefix_length": 40,
  "keep_m": 10,
  "kl_to_baseline": 0.037920420418062886,
  "token_kl": 0.0321419105094214,
  "selected_indices": [
    20,
    24,
    25,
    27,
    28,
    29,
    31,
    32,
    33,
    34
  ],
  "distribution": {
    "A": 0.2810216494150649,
    "B": 0.09123438273969926,
    "C": 0.21885988062447037,
    "D": 0.4088840872207655
  }
}