{
  "question_id": "gpqa_gpqa_diamond_0023",
  "method": "last_prefix_attn_oracle",
  "prefix_length": 317,
  "keep_m": 20,
  "kl_to_baseline": 0.05699346405996761,
  "token_kl": 0.33701734893213964,
  "selected_indices": [
    0,
    93,
    94,
    125,
    183,
    192,
    208,
    209,
    255,
    272,
    273,
    274,
    276,
    288,
    290,
    306,
    307,
    308,
    309,
    311
  ],
  "distribution": {
    "A": 0.4666436836754729,
    "B": 0.2497763796213294,
    "C": 0.2497763796213294,
    "D": 0.0338035570818683
  }
}