{
  "question_id": "gpqa_gpqa_diamond_0001",
  "method": "last_prefix_attn_oracle",
  "prefix_length": 300,
  "keep_m": 10,
  "kl_to_baseline": 0.039674851113042184,
  "token_kl": 1.0038218025986363,
  "selected_indices": [
    52,
    217,
    233,
    241,
    245,
    249,
    266,
    278,
    292,
    294
  ],
  "distribution": {
    "A": 0.33075425723442,
    "B": 0.13787888768800521,
    "C": 0.2006125978431548,
    "D": 0.33075425723442
  }
}