{
  "question_id": "gpqa_gpqa_diamond_0023",
  "method": "last_prefix_attn_oracle",
  "prefix_length": 253,
  "keep_m": 20,
  "kl_to_baseline": 0.0123926837542028,
  "token_kl": 0.10484424017160814,
  "selected_indices": [
    0,
    116,
    169,
    223,
    227,
    228,
    230,
    232,
    233,
    234,
    235,
    238,
    240,
    241,
    242,
    243,
    244,
    245,
    246,
    247
  ],
  "distribution": {
    "A": 0.41896494945619434,
    "B": 0.25411510233657564,
    "C": 0.28795013511360895,
    "D": 0.03896981309362116
  }
}