{
  "question_id": "gpqa_gpqa_diamond_0023",
  "method": "last_prefix_attn_oracle",
  "prefix_length": 349,
  "keep_m": 10,
  "kl_to_baseline": 0.08467127963442686,
  "token_kl": 0.15891319349739547,
  "selected_indices": [
    1,
    7,
    237,
    329,
    332,
    338,
    339,
    340,
    341,
    342
  ],
  "distribution": {
    "A": 0.3219961636732958,
    "B": 0.3219961636732958,
    "C": 0.284160617085806,
    "D": 0.07184705556760251
  }
}