{
  "question_id": "gpqa_gpqa_diamond_0002",
  "method": "last_prefix_attn_oracle",
  "prefix_length": 26,
  "keep_m": 15,
  "kl_to_baseline": 0.12257468307502123,
  "token_kl": 0.044300387202441706,
  "selected_indices": [
    0,
    1,
    4,
    5,
    8,
    9,
    10,
    11,
    12,
    14,
    15,
    17,
    18,
    19,
    20
  ],
  "distribution": {
    "A": 0.29863342676099575,
    "B": 0.23257594661276051,
    "C": 0.2635430741248024,
    "D": 0.2052475525014414
  }
}