{
  "question_id": "gpqa_gpqa_diamond_0023",
  "method": "last_prefix_attn_oracle",
  "prefix_length": 180,
  "keep_m": 15,
  "kl_to_baseline": 0.012192118634119006,
  "token_kl": 0.2199952767317313,
  "selected_indices": [
    0,
    9,
    10,
    90,
    91,
    94,
    99,
    100,
    105,
    118,
    126,
    166,
    172,
    173,
    174
  ],
  "distribution": {
    "A": 0.5888167778215264,
    "B": 0.16869883131762808,
    "C": 0.21661358717735243,
    "D": 0.025870803683493038
  }
}