{
  "question_id": "gpqa_gpqa_diamond_0026",
  "method": "last_prefix_attn_oracle",
  "prefix_length": 101,
  "keep_m": 20,
  "kl_to_baseline": 0.018810746713027793,
  "token_kl": 0.8115301497981987,
  "selected_indices": [
    0,
    3,
    45,
    53,
    58,
    64,
    65,
    69,
    74,
    80,
    82,
    84,
    86,
    87,
    88,
    91,
    92,
    93,
    94,
    95
  ],
  "distribution": {
    "A": 0.008292797535414728,
    "B": 0.9585168841805287,
    "C": 0.010648162810917973,
    "D": 0.02254215547313849
  }
}