{
  "question_id": "gpqa_gpqa_diamond_0002",
  "method": "last_prefix_attn_oracle",
  "prefix_length": 95,
  "keep_m": 10,
  "kl_to_baseline": 1.4762060829404342,
  "token_kl": 0.5786308197418191,
  "selected_indices": [
    0,
    16,
    82,
    83,
    84,
    85,
    86,
    87,
    88,
    89
  ],
  "distribution": {
    "A": 0.4175059779434643,
    "B": 0.1355443297180622,
    "C": 0.22347484616923674,
    "D": 0.22347484616923674
  }
}