{
  "question_id": "gpqa_gpqa_diamond_0020",
  "method": "last_prefix_attn_oracle",
  "prefix_length": 75,
  "keep_m": 15,
  "kl_to_baseline": 1.6736035550413828,
  "token_kl": 0.009862260096027026,
  "selected_indices": [
    0,
    7,
    50,
    55,
    56,
    57,
    58,
    59,
    63,
    64,
    65,
    66,
    67,
    68,
    69
  ],
  "distribution": {
    "A": 0.7195326395038985,
    "B": 0.18192634174048802,
    "C": 0.03161405782175793,
    "D": 0.06692696093385558
  }
}