{
  "question_id": "gpqa_gpqa_diamond_0023",
  "method": "last_prefix_attn_oracle",
  "prefix_length": 287,
  "keep_m": 5,
  "kl_to_baseline": 0.10350994681307477,
  "token_kl": 0.29674650108007294,
  "selected_indices": [
    79,
    140,
    216,
    280,
    281
  ],
  "distribution": {
    "A": 0.37444798455447037,
    "B": 0.20042756311868262,
    "C": 0.3304491865483646,
    "D": 0.0946752657784824
  }
}