{
  "question_id": "gpqa_gpqa_diamond_0023",
  "method": "last_prefix_attn_oracle",
  "prefix_length": 371,
  "keep_m": 15,
  "kl_to_baseline": 2.3721040118149137,
  "token_kl": 0.22040974917979222,
  "selected_indices": [
    0,
    3,
    71,
    85,
    195,
    261,
    290,
    313,
    314,
    318,
    326,
    328,
    339,
    352,
    358
  ],
  "distribution": {
    "A": 0.7651074081726607,
    "B": 0.11733301421953468,
    "C": 0.09137904335430189,
    "D": 0.026180534253502766
  }
}