{
  "question_id": "gpqa_gpqa_diamond_0001",
  "method": "last_prefix_attn_oracle",
  "prefix_length": 317,
  "keep_m": 3,
  "kl_to_baseline": 0.19276083340108877,
  "token_kl": 0.1664190112734094,
  "selected_indices": [
    307,
    310,
    311
  ],
  "distribution": {
    "A": 0.17067707639931592,
    "B": 0.13292344075212523,
    "C": 0.17067707639931592,
    "D": 0.525722406449243
  }
}