{
  "question_id": "gpqa_gpqa_diamond_0001",
  "method": "last_prefix_attn_oracle",
  "prefix_length": 346,
  "keep_m": 3,
  "kl_to_baseline": 0.24383211305857494,
  "token_kl": 0.7238578894752988,
  "selected_indices": [
    327,
    337,
    338
  ],
  "distribution": {
    "A": 0.1898148227305403,
    "B": 0.07912659036837108,
    "C": 0.2150883727462656,
    "D": 0.515970214154823
  }
}