{
  "question_id": "gpqa_gpqa_diamond_0020",
  "method": "last_prefix_attn_oracle",
  "prefix_length": 71,
  "keep_m": 10,
  "kl_to_baseline": 0.00587761629278326,
  "token_kl": 0.2009512304573364,
  "selected_indices": [
    0,
    35,
    36,
    49,
    60,
    61,
    62,
    63,
    64,
    65
  ],
  "distribution": {
    "A": 0.04174242955588536,
    "B": 0.9500533176408803,
    "C": 0.004985422264523836,
    "D": 0.003218830538710619
  }
}