{
  "question_id": "gpqa_gpqa_diamond_0002",
  "method": "last_prefix_attn_oracle",
  "prefix_length": 68,
  "keep_m": 3,
  "kl_to_baseline": 1.5732804123921749,
  "token_kl": 0.3913525348298292,
  "selected_indices": [
    27,
    59,
    62
  ],
  "distribution": {
    "A": 0.264634220591857,
    "B": 0.264634220591857,
    "C": 0.264634220591857,
    "D": 0.2060973382244291
  }
}