{
  "question_id": "gpqa_gpqa_diamond_0001",
  "method": "last_prefix_attn_oracle",
  "prefix_length": 427,
  "keep_m": 3,
  "kl_to_baseline": 0.028880652453341676,
  "token_kl": 0.07309881903722856,
  "selected_indices": [
    419,
    420,
    421
  ],
  "distribution": {
    "A": 0.9211661729187961,
    "B": 0.03152056980178816,
    "C": 0.011595772368734512,
    "D": 0.035717484910681184
  }
}