{
  "question_id": "gpqa_gpqa_diamond_0023",
  "method": "last_prefix_attn_oracle",
  "prefix_length": 300,
  "keep_m": 20,
  "kl_to_baseline": 0.1226177173238,
  "token_kl": 0.2080887362199388,
  "selected_indices": [
    0,
    103,
    126,
    127,
    166,
    200,
    256,
    258,
    266,
    268,
    270,
    279,
    284,
    286,
    289,
    290,
    291,
    292,
    293,
    294
  ],
  "distribution": {
    "A": 0.3696691675703978,
    "B": 0.25406965557071776,
    "C": 0.32623189536190184,
    "D": 0.05002928149698263
  }
}