{
  "question_id": "gpqa_gpqa_diamond_0007",
  "method": "last_prefix_attn_oracle",
  "prefix_length": 201,
  "keep_m": 10,
  "kl_to_baseline": 0.09363031730930904,
  "token_kl": 0.43089406819750675,
  "selected_indices": [
    0,
    45,
    66,
    67,
    161,
    178,
    179,
    190,
    194,
    195
  ],
  "distribution": {
    "A": 0.903916307830257,
    "B": 0.007820407335679127,
    "C": 0.0840773224319679,
    "D": 0.004185962402095999
  }
}