{
  "question_id": "gpqa_gpqa_diamond_0009",
  "method": "last_prefix_attn_oracle",
  "prefix_length": 97,
  "keep_m": 10,
  "kl_to_baseline": 1.8721861547191936,
  "token_kl": 0.3786417633682649,
  "selected_indices": [
    0,
    9,
    23,
    27,
    74,
    78,
    84,
    85,
    87,
    89
  ],
  "distribution": {
    "A": 0.7336078589246883,
    "B": 0.11250240888257454,
    "C": 0.04138732331016263,
    "D": 0.11250240888257454
  }
}