{
  "question_id": "gpqa_gpqa_diamond_0011",
  "method": "last_prefix_attn_oracle",
  "prefix_length": 117,
  "keep_m": 5,
  "kl_to_baseline": 0.7389510831209152,
  "token_kl": 0.16655508738644048,
  "selected_indices": [
    0,
    78,
    86,
    99,
    111
  ],
  "distribution": {
    "A": 0.17569580265591322,
    "B": 0.47759070769609535,
    "C": 0.2896734070115362,
    "D": 0.05704008263645525
  }
}