{
  "question_id": "medmcqa_0001",
  "method": "last_prefix_attn_oracle",
  "prefix_length": 31,
  "keep_m": 5,
  "kl_to_baseline": 0.7545210853741836,
  "token_kl": 0.5688276704989513,
  "selected_indices": [
    0,
    9,
    10,
    19,
    24
  ],
  "distribution": {
    "A": 0.4580785615065898,
    "B": 0.01776163228843695,
    "C": 0.005088792850704022,
    "D": 0.5190710133542693
  }
}