{
  "question_id": "medmcqa_0001",
  "method": "last_prefix_attn_oracle",
  "prefix_length": 57,
  "keep_m": 10,
  "kl_to_baseline": 0.06346030671783291,
  "token_kl": 0.06740340423171429,
  "selected_indices": [
    0,
    4,
    5,
    6,
    32,
    38,
    41,
    42,
    43,
    50
  ],
  "distribution": {
    "A": 0.9253340113027864,
    "B": 0.04606966425138402,
    "C": 0.011648238065336351,
    "D": 0.01694808638049332
  }
}