{
  "question_id": "medmcqa_0001",
  "method": "last_prefix_attn_oracle",
  "prefix_length": 56,
  "keep_m": 3,
  "kl_to_baseline": 0.965766738373424,
  "token_kl": 0.12300356723792137,
  "selected_indices": [
    30,
    41,
    48
  ],
  "distribution": {
    "A": 0.3722343952562789,
    "B": 0.009919708266080966,
    "C": 0.004135149622420105,
    "D": 0.61371074685522
  }
}