{
  "question_id": "medmcqa_0001",
  "method": "last_prefix_attn_oracle",
  "prefix_length": 44,
  "keep_m": 20,
  "kl_to_baseline": 0.003239718105148256,
  "token_kl": 0.019348969928425323,
  "selected_indices": [
    0,
    4,
    5,
    6,
    7,
    8,
    13,
    19,
    20,
    21,
    22,
    23,
    25,
    26,
    27,
    32,
    33,
    34,
    35,
    38
  ],
  "distribution": {
    "A": 0.9872201625299191,
    "B": 0.007537518281767497,
    "C": 0.0016818476613324992,
    "D": 0.003560471526980889
  }
}