{
  "question_id": "medmcqa_0001",
  "method": "last_prefix_attn_oracle",
  "prefix_length": 17,
  "keep_m": 3,
  "kl_to_baseline": 0.027461901973066454,
  "token_kl": 0.10045087676132106,
  "selected_indices": [
    0,
    5,
    7
  ],
  "distribution": {
    "A": 0.9699322857257978,
    "B": 0.017764932006700176,
    "C": 0.005767429008428531,
    "D": 0.00653535325907353
  }
}