{
  "question_id": "medmcqa_0001",
  "method": "last_prefix_attn_oracle",
  "prefix_length": 32,
  "keep_m": 5,
  "kl_to_baseline": 1.138754700779983,
  "token_kl": 0.45435445028470106,
  "selected_indices": [
    9,
    10,
    19,
    23,
    24
  ],
  "distribution": {
    "A": 0.31081448801280914,
    "B": 0.01753495769618497,
    "C": 0.013656238784912815,
    "D": 0.6579943155060931
  }
}