{
  "question_id": "medmcqa_0001",
  "method": "last_prefix_attn_oracle",
  "prefix_length": 32,
  "keep_m": 3,
  "kl_to_baseline": 2.5684361541095315,
  "token_kl": 0.768285526470646,
  "selected_indices": [
    10,
    19,
    24
  ],
  "distribution": {
    "A": 0.07382296414402124,
    "B": 0.023966807457063484,
    "C": 0.002862426954474042,
    "D": 0.8993478014444413
  }
}