{
  "question_id": "medmcqa_0001",
  "method": "last_prefix_attn_oracle",
  "prefix_length": 70,
  "keep_m": 3,
  "kl_to_baseline": 0.29016168227109046,
  "token_kl": 0.3852974108805755,
  "selected_indices": [
    6,
    21,
    51
  ],
  "distribution": {
    "A": 0.7213330717910197,
    "B": 0.12534890363341333,
    "C": 0.027969120942153612,
    "D": 0.12534890363341333
  }
}