{
  "question_id": "medmcqa_0001",
  "method": "last_prefix_attn_oracle",
  "prefix_length": 92,
  "keep_m": 15,
  "kl_to_baseline": 0.030086461451487627,
  "token_kl": 0.056270315902357725,
  "selected_indices": [
    0,
    4,
    5,
    6,
    56,
    57,
    58,
    67,
    68,
    72,
    73,
    83,
    84,
    85,
    86
  ],
  "distribution": {
    "A": 0.933332775375719,
    "B": 0.01937069915041046,
    "C": 0.0062887452736370445,
    "D": 0.041007780200233594
  }
}