{
  "question_id": "medmcqa_0001",
  "method": "last_prefix_attn_oracle",
  "prefix_length": 25,
  "keep_m": 10,
  "kl_to_baseline": 0.004946324970378205,
  "token_kl": 0.04916936811956341,
  "selected_indices": [
    0,
    1,
    2,
    8,
    9,
    10,
    14,
    15,
    18,
    19
  ],
  "distribution": {
    "A": 0.9916030619453459,
    "B": 0.004592034256404469,
    "C": 0.00022862392347118256,
    "D": 0.0035762798747785165
  }
}