{
  "question_id": "medmcqa_0001",
  "method": "last_prefix_attn_oracle",
  "prefix_length": 35,
  "keep_m": 5,
  "kl_to_baseline": 0.6037998699447901,
  "token_kl": 0.08535699548361989,
  "selected_indices": [
    22,
    23,
    26,
    27,
    28
  ],
  "distribution": {
    "A": 0.5257599626668996,
    "B": 0.007499563534476179,
    "C": 0.0027589352420928233,
    "D": 0.4639815385565314
  }
}