{
  "question_id": "race_high_0001",
  "method": "last_prefix_attn_oracle",
  "prefix_length": 15,
  "keep_m": 5,
  "kl_to_baseline": 0.00021055833877147128,
  "token_kl": 0.01798692493272151,
  "selected_indices": [
    0,
    1,
    2,
    8,
    9
  ],
  "distribution": {
    "A": 0.0008030588609911826,
    "B": 0.00010868219840791328,
    "C": 0.0011684437481752424,
    "D": 0.9979198151924256
  }
}