{
  "question_id": "starfish",
  "method": "last_prefix_attn_oracle",
  "prefix_length": 39,
  "keep_m": 5,
  "kl_to_baseline": 0.021500107686416414,
  "token_kl": 0.30908008258480996,
  "selected_indices": [
    14,
    18,
    31,
    32,
    33
  ],
  "distribution": {
    "A": 0.3984585117254747,
    "B": 0.14658471209783058,
    "C": 0.21327947219172844,
    "D": 0.24167730398496626
  }
}