{
  "question_id": "starfish",
  "method": "last_prefix_attn_oracle",
  "prefix_length": 69,
  "keep_m": 20,
  "kl_to_baseline": 0.02225417682287464,
  "token_kl": 0.16481982966851827,
  "selected_indices": [
    0,
    6,
    17,
    18,
    19,
    27,
    28,
    41,
    45,
    46,
    53,
    54,
    55,
    56,
    57,
    58,
    59,
    60,
    61,
    62
  ],
  "distribution": {
    "A": 0.3035988665653362,
    "B": 0.20866024604344652,
    "C": 0.3035988665653362,
    "D": 0.18414202082588113
  }
}