{
  "question_id": "starfish",
  "method": "last_prefix_attn_oracle",
  "prefix_length": 82,
  "keep_m": 3,
  "kl_to_baseline": 0.024312327243366755,
  "token_kl": 0.4426355308942698,
  "selected_indices": [
    72,
    73,
    74
  ],
  "distribution": {
    "A": 0.0031702052097257135,
    "B": 0.9960487530571696,
    "C": 0.00048616671482910634,
    "D": 0.0002948750182756216
  }
}