{
  "question_id": "starfish",
  "method": "last_prefix_attn_oracle",
  "prefix_length": 31,
  "keep_m": 3,
  "kl_to_baseline": 0.043094505473736125,
  "token_kl": 0.6738530689019412,
  "selected_indices": [
    15,
    24,
    25
  ],
  "distribution": {
    "A": 0.3017444864199176,
    "B": 0.16151218484885413,
    "C": 0.23499884231131069,
    "D": 0.3017444864199176
  }
}