{
  "question_id": "starfish",
  "method": "last_prefix_attn_oracle",
  "prefix_length": 39,
  "keep_m": 10,
  "kl_to_baseline": 0.0010959677961980864,
  "token_kl": 0.15574221947891423,
  "selected_indices": [
    0,
    2,
    14,
    18,
    21,
    23,
    29,
    31,
    32,
    33
  ],
  "distribution": {
    "A": 0.43363430882835424,
    "B": 0.1807656737800818,
    "C": 0.20483434361148226,
    "D": 0.1807656737800818
  }
}