{
  "question_id": "starfish",
  "method": "last_prefix_attn_oracle",
  "prefix_length": 38,
  "keep_m": 20,
  "kl_to_baseline": 0.047742650376992365,
  "token_kl": 0.019641927145292722,
  "selected_indices": [
    0,
    1,
    2,
    6,
    14,
    15,
    18,
    19,
    20,
    21,
    22,
    23,
    25,
    26,
    27,
    28,
    29,
    30,
    31,
    32
  ],
  "distribution": {
    "A": 0.42876489574764337,
    "B": 0.1391995979150022,
    "C": 0.20253419574067485,
    "D": 0.22950131059667955
  }
}