{
  "question_id": "starfish",
  "method": "last_prefix_attn_oracle",
  "prefix_length": 22,
  "keep_m": 15,
  "kl_to_baseline": 0.09464487535234595,
  "token_kl": 0.025747931276232688,
  "selected_indices": [
    0,
    1,
    2,
    3,
    4,
    6,
    8,
    9,
    10,
    11,
    12,
    13,
    14,
    15,
    16
  ],
  "distribution": {
    "A": 0.5667288512002778,
    "B": 0.1623705343879445,
    "C": 0.08691069454644453,
    "D": 0.18398991986533322
  }
}