{
  "question_id": "starfish",
  "method": "last_prefix_attn_oracle",
  "prefix_length": 60,
  "keep_m": 3,
  "kl_to_baseline": 0.145512381524658,
  "token_kl": 0.4743870423824658,
  "selected_indices": [
    52,
    53,
    54
  ],
  "distribution": {
    "A": 0.3436615088034303,
    "B": 0.18394875012911566,
    "C": 0.23619487053372698,
    "D": 0.23619487053372698
  }
}