{
  "question_id": "starfish",
  "method": "last_prefix_attn_oracle",
  "prefix_length": 25,
  "keep_m": 15,
  "kl_to_baseline": 0.18108546558993965,
  "token_kl": 0.04458056338420786,
  "selected_indices": [
    0,
    3,
    4,
    6,
    8,
    10,
    11,
    12,
    13,
    14,
    15,
    16,
    17,
    18,
    19
  ],
  "distribution": {
    "A": 0.2635430741248024,
    "B": 0.2052475525014414,
    "C": 0.23257594661276051,
    "D": 0.29863342676099575
  }
}