{
  "question_id": "starfish",
  "method": "last_prefix_attn_oracle",
  "prefix_length": 26,
  "keep_m": 20,
  "kl_to_baseline": 0.030276070863589022,
  "token_kl": 0.006954587984548724,
  "selected_indices": [
    0,
    1,
    2,
    3,
    4,
    6,
    7,
    8,
    9,
    10,
    11,
    12,
    13,
    14,
    15,
    16,
    17,
    18,
    19,
    20
  ],
  "distribution": {
    "A": 0.4154416847901884,
    "B": 0.3235463094351025,
    "C": 0.038642096107576844,
    "D": 0.22236990966713233
  }
}