{
  "question_id": "starfish",
  "method": "last_prefix_attn_oracle",
  "prefix_length": 80,
  "keep_m": 3,
  "kl_to_baseline": 1.7952807432349587,
  "token_kl": 0.39627654722914796,
  "selected_indices": [
    0,
    52,
    71
  ],
  "distribution": {
    "A": 0.3248694388439253,
    "B": 0.1354257142642982,
    "C": 0.28669627352415966,
    "D": 0.25300857336761684
  }
}