{
  "question_id": "starfish",
  "method": "last_prefix_attn_oracle",
  "prefix_length": 61,
  "keep_m": 3,
  "kl_to_baseline": 0.08594846453209286,
  "token_kl": 0.3724572880657576,
  "selected_indices": [
    0,
    4,
    55
  ],
  "distribution": {
    "A": 0.4329196405880833,
    "B": 0.18046775573404236,
    "C": 0.26257903520844633,
    "D": 0.12403356846942801
  }
}