{
  "question_id": "starfish",
  "method": "last_prefix_attn_oracle",
  "prefix_length": 42,
  "keep_m": 5,
  "kl_to_baseline": 0.13379450175511945,
  "token_kl": 0.12723144431611202,
  "selected_indices": [
    16,
    17,
    24,
    31,
    33
  ],
  "distribution": {
    "A": 0.41172531682861635,
    "B": 0.13366763998230857,
    "C": 0.17163264712595078,
    "D": 0.2829743960631243
  }
}