{
  "question_id": "starfish",
  "method": "last_prefix_attn_oracle",
  "prefix_length": 32,
  "keep_m": 20,
  "kl_to_baseline": 0.07561065403233175,
  "token_kl": 0.15427795146739687,
  "selected_indices": [
    0,
    2,
    3,
    6,
    8,
    9,
    10,
    14,
    15,
    16,
    17,
    18,
    19,
    20,
    21,
    22,
    23,
    24,
    25,
    26
  ],
  "distribution": {
    "A": 0.31712010892822357,
    "B": 0.21795325095539334,
    "C": 0.21795325095539334,
    "D": 0.24697338916098974
  }
}