{
  "question_id": "starfish",
  "method": "last_prefix_attn_oracle",
  "prefix_length": 81,
  "keep_m": 5,
  "kl_to_baseline": 1.730996283656942,
  "token_kl": 0.278694722150813,
  "selected_indices": [
    0,
    45,
    71,
    72,
    75
  ],
  "distribution": {
    "A": 0.39564235197810277,
    "B": 0.14554868734945953,
    "C": 0.27192074675019423,
    "D": 0.18688821392224358
  }
}