{
  "question_id": "starfish",
  "method": "last_prefix_attn_oracle",
  "prefix_length": 37,
  "keep_m": 15,
  "kl_to_baseline": 0.012220450939165153,
  "token_kl": 0.05470716935671567,
  "selected_indices": [
    0,
    1,
    2,
    14,
    16,
    18,
    20,
    23,
    25,
    26,
    27,
    28,
    29,
    30,
    31
  ],
  "distribution": {
    "A": 0.49309197311599057,
    "B": 0.1412732071704476,
    "C": 0.20555130354857978,
    "D": 0.16008351616498198
  }
}