{
  "question_id": "starfish",
  "method": "last_prefix_attn_oracle",
  "prefix_length": 43,
  "keep_m": 3,
  "kl_to_baseline": 0.15165562869714874,
  "token_kl": 0.5620637155371907,
  "selected_indices": [
    15,
    24,
    30
  ],
  "distribution": {
    "A": 0.3728641953571348,
    "B": 0.19957982185044382,
    "C": 0.29038692732342586,
    "D": 0.1371690554689956
  }
}