{
  "question_id": "starfish",
  "method": "last_prefix_attn_oracle",
  "prefix_length": 90,
  "keep_m": 20,
  "kl_to_baseline": 0.00409070864750467,
  "token_kl": 0.3817386458117043,
  "selected_indices": [
    0,
    10,
    43,
    49,
    63,
    64,
    69,
    70,
    72,
    73,
    74,
    75,
    76,
    78,
    79,
    80,
    81,
    82,
    83,
    84
  ],
  "distribution": {
    "A": 0.009517613708374423,
    "B": 0.9708229624513287,
    "C": 0.015691892167304038,
    "D": 0.00396753167299282
  }
}