{
  "question_id": "waffle",
  "method": "last_prefix_attn_oracle",
  "prefix_length": 211,
  "keep_m": 3,
  "kl_to_baseline": 0.8561059682985763,
  "token_kl": 0.18021850391585528,
  "selected_indices": [
    143,
    144,
    205
  ],
  "distribution": {
    "A": 0.5602456956967776,
    "B": 0.18188513659365474,
    "C": 0.16051306967007634,
    "D": 0.0973560980394913
  }
}