{
  "question_id": "waffle",
  "method": "last_prefix_attn_oracle",
  "prefix_length": 113,
  "keep_m": 10,
  "kl_to_baseline": 0.24541978660729097,
  "token_kl": 0.49371037548737995,
  "selected_indices": [
    0,
    4,
    9,
    10,
    11,
    12,
    81,
    101,
    102,
    106
  ],
  "distribution": {
    "A": 0.29947344956405747,
    "B": 0.3845315208634042,
    "C": 0.20582489116792566,
    "D": 0.11017013840461272
  }
}