{
  "question_id": "waffle",
  "method": "last_prefix_attn_oracle",
  "prefix_length": 289,
  "keep_m": 5,
  "kl_to_baseline": 4.3470735570037595,
  "token_kl": 0.7042921584354684,
  "selected_indices": [
    0,
    274,
    277,
    282,
    283
  ],
  "distribution": {
    "A": 0.00012332809379043966,
    "B": 0.00033524051628904493,
    "C": 0.9993380977384133,
    "D": 0.00020333365150719825
  }
}