{
  "question_id": "waffle",
  "method": "last_prefix_attn_oracle",
  "prefix_length": 266,
  "keep_m": 3,
  "kl_to_baseline": 1.163762657762612,
  "token_kl": 0.347723954983896,
  "selected_indices": [
    148,
    258,
    259
  ],
  "distribution": {
    "A": 0.8674511609655442,
    "B": 0.0914286728990901,
    "C": 0.02311678870077032,
    "D": 0.018003377434595284
  }
}