{
  "question_id": "waffle",
  "method": "last_prefix_attn_oracle",
  "prefix_length": 130,
  "keep_m": 10,
  "kl_to_baseline": 0.11280543660990618,
  "token_kl": 0.6912866606355144,
  "selected_indices": [
    0,
    28,
    54,
    55,
    57,
    69,
    70,
    113,
    120,
    121
  ],
  "distribution": {
    "A": 0.5385836473203887,
    "B": 0.2245150669877947,
    "C": 0.15430679846774822,
    "D": 0.0825944872240684
  }
}