{
  "question_id": "waffle",
  "method": "last_prefix_attn_oracle",
  "prefix_length": 157,
  "keep_m": 15,
  "kl_to_baseline": 0.039752794559757484,
  "token_kl": 0.24762925784283402,
  "selected_indices": [
    0,
    8,
    9,
    80,
    93,
    94,
    100,
    109,
    110,
    111,
    112,
    147,
    149,
    150,
    151
  ],
  "distribution": {
    "A": 0.5786281812670064,
    "B": 0.2733246155953149,
    "C": 0.10055050684360375,
    "D": 0.04749669629407491
  }
}