{
  "question_id": "waffle",
  "method": "last_prefix_attn_oracle",
  "prefix_length": 216,
  "keep_m": 20,
  "kl_to_baseline": 1.4816563728946253,
  "token_kl": 0.09419839282536645,
  "selected_indices": [
    0,
    80,
    94,
    152,
    157,
    158,
    173,
    177,
    194,
    196,
    197,
    198,
    199,
    200,
    201,
    203,
    204,
    205,
    208,
    209
  ],
  "distribution": {
    "A": 0.5613323696185212,
    "B": 0.26515463637864595,
    "C": 0.0759680661761018,
    "D": 0.09754492782673102
  }
}