{
  "question_id": "waffle",
  "method": "last_prefix_attn_oracle",
  "prefix_length": 234,
  "keep_m": 3,
  "kl_to_baseline": 0.49542714292013856,
  "token_kl": 1.982615456741901,
  "selected_indices": [
    62,
    63,
    186
  ],
  "distribution": {
    "A": 0.541745013329064,
    "B": 0.19929685276091166,
    "C": 0.1758788552563627,
    "D": 0.08307927865366158
  }
}