{
  "question_id": "waffle",
  "method": "last_prefix_attn_oracle",
  "prefix_length": 102,
  "keep_m": 20,
  "kl_to_baseline": 0.006848960813094896,
  "token_kl": 0.438737529806921,
  "selected_indices": [
    0,
    28,
    30,
    42,
    50,
    56,
    57,
    75,
    79,
    80,
    81,
    82,
    83,
    84,
    85,
    86,
    91,
    94,
    95,
    96
  ],
  "distribution": {
    "A": 0.6727357066752184,
    "B": 0.2184053070521727,
    "C": 0.07090583027127899,
    "D": 0.037953156001329855
  }
}