{
  "question_id": "waffle",
  "method": "last_prefix_attn_oracle",
  "prefix_length": 170,
  "keep_m": 15,
  "kl_to_baseline": 1.472639480396286,
  "token_kl": 0.356908052693894,
  "selected_indices": [
    0,
    58,
    109,
    130,
    134,
    141,
    151,
    152,
    153,
    157,
    158,
    159,
    161,
    163,
    164
  ],
  "distribution": {
    "A": 0.10461008296690423,
    "B": 0.3222217017095491,
    "C": 0.2509465136139975,
    "D": 0.3222217017095491
  }
}