{
  "question_id": "waffle",
  "method": "last_prefix_attn_oracle",
  "prefix_length": 262,
  "keep_m": 20,
  "kl_to_baseline": 0.43763796652054443,
  "token_kl": 1.120849696825945,
  "selected_indices": [
    0,
    94,
    124,
    125,
    133,
    182,
    183,
    186,
    191,
    197,
    234,
    235,
    241,
    242,
    243,
    252,
    253,
    254,
    255,
    256
  ],
  "distribution": {
    "A": 0.4606796510581675,
    "B": 0.31662020400147894,
    "C": 0.13198693771107783,
    "D": 0.09071320722927566
  }
}