{
  "question_id": "waffle",
  "method": "last_prefix_attn_oracle",
  "prefix_length": 150,
  "keep_m": 10,
  "kl_to_baseline": 0.029055272288026138,
  "token_kl": 0.3811541041897872,
  "selected_indices": [
    0,
    69,
    89,
    137,
    138,
    140,
    141,
    142,
    143,
    144
  ],
  "distribution": {
    "A": 0.6193566554933834,
    "B": 0.20107566638074229,
    "C": 0.12195854204347699,
    "D": 0.05760913608239733
  }
}