{
  "question_id": "waffle",
  "method": "last_prefix_attn_oracle",
  "prefix_length": 91,
  "keep_m": 15,
  "kl_to_baseline": 0.055154530679264346,
  "token_kl": 0.32213444624614823,
  "selected_indices": [
    0,
    33,
    36,
    48,
    60,
    61,
    67,
    69,
    70,
    71,
    74,
    76,
    78,
    84,
    85
  ],
  "distribution": {
    "A": 0.6400597094819422,
    "B": 0.2077969515543172,
    "C": 0.11122569313085524,
    "D": 0.04091764583288535
  }
}