{
  "question_id": "waffle",
  "method": "last_prefix_attn_oracle",
  "prefix_length": 225,
  "keep_m": 3,
  "kl_to_baseline": 1.0062497767138832,
  "token_kl": 0.7045675776964336,
  "selected_indices": [
    217,
    218,
    219
  ],
  "distribution": {
    "A": 0.1600835208699281,
    "B": 0.20555130958985018,
    "C": 0.14127321132254797,
    "D": 0.4930919582176738
  }
}