{
  "question_id": "waffle",
  "method": "last_prefix_attn_oracle",
  "prefix_length": 220,
  "keep_m": 3,
  "kl_to_baseline": 0.856082543388768,
  "token_kl": 0.7842186371459974,
  "selected_indices": [
    212,
    213,
    214
  ],
  "distribution": {
    "A": 0.44154374282072223,
    "B": 0.1433482484649442,
    "C": 0.11163972815641286,
    "D": 0.3034682805579207
  }
}