{
  "question_id": "waffle",
  "method": "last_prefix_attn_oracle",
  "prefix_length": 80,
  "keep_m": 20,
  "kl_to_baseline": 0.11271132471431568,
  "token_kl": 0.09178339660233928,
  "selected_indices": [
    0,
    32,
    40,
    42,
    47,
    49,
    51,
    56,
    57,
    64,
    65,
    66,
    67,
    68,
    69,
    70,
    71,
    72,
    73,
    74
  ],
  "distribution": {
    "A": 0.6439140882047505,
    "B": 0.20904828504222514,
    "C": 0.0871442903130305,
    "D": 0.059893336439993825
  }
}