{
  "question_id": "waffle",
  "method": "last_prefix_attn_oracle",
  "prefix_length": 271,
  "keep_m": 3,
  "kl_to_baseline": 0.5987130793386451,
  "token_kl": 0.3954871620070211,
  "selected_indices": [
    156,
    264,
    265
  ],
  "distribution": {
    "A": 0.7645963132736003,
    "B": 0.11725463528290643,
    "C": 0.0627618835820017,
    "D": 0.05538716786149146
  }
}