{
  "question_id": "waffle",
  "method": "last_prefix_attn_oracle",
  "prefix_length": 79,
  "keep_m": 20,
  "kl_to_baseline": 0.13290250545791696,
  "token_kl": 0.14124831741476296,
  "selected_indices": [
    0,
    16,
    19,
    31,
    38,
    42,
    46,
    48,
    51,
    57,
    64,
    65,
    66,
    67,
    68,
    69,
    70,
    71,
    72,
    73
  ],
  "distribution": {
    "A": 0.6264764290770115,
    "B": 0.23046781237288338,
    "C": 0.08478437002374116,
    "D": 0.05827138852636399
  }
}