{
  "question_id": "waffle",
  "method": "last_prefix_attn_oracle",
  "prefix_length": 198,
  "keep_m": 5,
  "kl_to_baseline": 0.8770115397774694,
  "token_kl": 0.5263393193835959,
  "selected_indices": [
    0,
    94,
    186,
    191,
    192
  ],
  "distribution": {
    "A": 0.6570540751363525,
    "B": 0.18824914993336253,
    "C": 0.1007624968989908,
    "D": 0.05393427803129414
  }
}