{
  "question_id": "waffle",
  "method": "last_prefix_attn_oracle",
  "prefix_length": 58,
  "keep_m": 3,
  "kl_to_baseline": 0.12435418847474497,
  "token_kl": 0.735848155048672,
  "selected_indices": [
    28,
    42,
    50
  ],
  "distribution": {
    "A": 0.47340443864112025,
    "B": 0.19734433041670787,
    "C": 0.22362042273320118,
    "D": 0.10563080820897068
  }
}