{
  "question_id": "waffle",
  "method": "last_prefix_attn_oracle",
  "prefix_length": 89,
  "keep_m": 20,
  "kl_to_baseline": 0.07790809194973151,
  "token_kl": 0.08969424222916404,
  "selected_indices": [
    0,
    31,
    40,
    47,
    48,
    53,
    54,
    68,
    69,
    70,
    71,
    72,
    73,
    74,
    75,
    76,
    79,
    81,
    82,
    83
  ],
  "distribution": {
    "A": 0.6274808306667249,
    "B": 0.23083730421095486,
    "C": 0.09622730485052089,
    "D": 0.04545456027179927
  }
}