{
  "question_id": "waffle",
  "method": "last_prefix_attn_oracle",
  "prefix_length": 277,
  "keep_m": 15,
  "kl_to_baseline": 0.18976680793276074,
  "token_kl": 0.7127088641381222,
  "selected_indices": [
    0,
    30,
    84,
    109,
    115,
    153,
    172,
    199,
    204,
    235,
    239,
    240,
    257,
    262,
    268
  ],
  "distribution": {
    "A": 0.11127295915677014,
    "B": 0.08665946772596504,
    "C": 0.7255908612694709,
    "D": 0.07647671184779387
  }
}