{
  "question_id": "waffle",
  "method": "last_prefix_attn_oracle",
  "prefix_length": 207,
  "keep_m": 5,
  "kl_to_baseline": 0.1796050667103788,
  "token_kl": 0.4213473539925445,
  "selected_indices": [
    68,
    127,
    137,
    162,
    163
  ],
  "distribution": {
    "A": 0.009657118835906767,
    "B": 0.002154794472428295,
    "C": 0.9850528792340151,
    "D": 0.003135207457649926
  }
}