{
  "question_id": "waffle",
  "method": "last_prefix_attn_oracle",
  "prefix_length": 250,
  "keep_m": 3,
  "kl_to_baseline": 1.1644018993534349,
  "token_kl": 0.3983922479609869,
  "selected_indices": [
    129,
    139,
    208
  ],
  "distribution": {
    "A": 0.4799561017076586,
    "B": 0.22671522274394246,
    "C": 0.13750973361778004,
    "D": 0.15581894193061885
  }
}