{
  "question_id": "waffle",
  "method": "last_prefix_attn_oracle",
  "prefix_length": 168,
  "keep_m": 3,
  "kl_to_baseline": 0.20167170384836908,
  "token_kl": 0.634156647563332,
  "selected_indices": [
    0,
    15,
    132
  ],
  "distribution": {
    "A": 0.558746769041985,
    "B": 0.20555144915151438,
    "C": 0.16008362956066144,
    "D": 0.07561815224583926
  }
}