{
  "question_id": "waffle",
  "method": "last_prefix_attn_oracle",
  "prefix_length": 288,
  "keep_m": 20,
  "kl_to_baseline": 0.5396902097395726,
  "token_kl": 0.3951149995845322,
  "selected_indices": [
    0,
    115,
    153,
    188,
    199,
    204,
    234,
    235,
    239,
    240,
    257,
    262,
    267,
    268,
    273,
    274,
    275,
    276,
    277,
    282
  ],
  "distribution": {
    "A": 0.11228195781486017,
    "B": 0.08744527667100355,
    "C": 0.7321703155668632,
    "D": 0.06810244994727321
  }
}