{
  "question_id": "waffle",
  "method": "last_prefix_attn_oracle",
  "prefix_length": 199,
  "keep_m": 5,
  "kl_to_baseline": 0.5751857105977929,
  "token_kl": 0.622241464459385,
  "selected_indices": [
    183,
    187,
    188,
    192,
    193
  ],
  "distribution": {
    "A": 0.4861860986462616,
    "B": 0.2602366656874727,
    "C": 0.15784151652083886,
    "D": 0.09573571914542692
  }
}