{
  "question_id": "waffle",
  "method": "last_prefix_attn_oracle",
  "prefix_length": 156,
  "keep_m": 15,
  "kl_to_baseline": 0.06591752606921289,
  "token_kl": 0.11524269570459966,
  "selected_indices": [
    0,
    7,
    8,
    81,
    101,
    110,
    111,
    112,
    113,
    114,
    135,
    147,
    148,
    149,
    150
  ],
  "distribution": {
    "A": 0.5089655717245984,
    "B": 0.30870322398913835,
    "C": 0.12868663409273604,
    "D": 0.05364457019352714
  }
}