{
  "question_id": "waffle",
  "method": "last_prefix_attn_oracle",
  "prefix_length": 264,
  "keep_m": 5,
  "kl_to_baseline": 0.48767725748079577,
  "token_kl": 0.3011344766606562,
  "selected_indices": [
    253,
    254,
    256,
    257,
    258
  ],
  "distribution": {
    "A": 0.23054817140000738,
    "B": 0.23054817140000738,
    "C": 0.33544561004293627,
    "D": 0.20345804715704893
  }
}