{
  "question_id": "waffle",
  "method": "last_prefix_attn_oracle",
  "prefix_length": 175,
  "keep_m": 15,
  "kl_to_baseline": 0.2747003824821837,
  "token_kl": 0.34746811239594677,
  "selected_indices": [
    0,
    85,
    106,
    107,
    122,
    125,
    131,
    153,
    158,
    159,
    160,
    161,
    163,
    164,
    169
  ],
  "distribution": {
    "A": 0.022547534473965278,
    "B": 0.013675774219945773,
    "C": 0.9587456551284685,
    "D": 0.005031036177620469
  }
}