{
  "question_id": "waffle",
  "method": "last_prefix_attn_oracle",
  "prefix_length": 290,
  "keep_m": 20,
  "kl_to_baseline": 0.4693068892699466,
  "token_kl": 0.32988160785629644,
  "selected_indices": [
    0,
    103,
    105,
    134,
    187,
    189,
    230,
    235,
    254,
    256,
    257,
    262,
    273,
    275,
    276,
    277,
    278,
    282,
    283,
    284
  ],
  "distribution": {
    "A": 0.48383753684450165,
    "B": 0.29346231790774785,
    "C": 0.1386217834694706,
    "D": 0.08407836177827983
  }
}