{
  "question_id": "waffle",
  "method": "last_prefix_attn_oracle",
  "prefix_length": 249,
  "keep_m": 5,
  "kl_to_baseline": 0.7215239546969192,
  "token_kl": 0.7008211279043116,
  "selected_indices": [
    69,
    138,
    164,
    207,
    208
  ],
  "distribution": {
    "A": 0.5292563570923206,
    "B": 0.19470252127838122,
    "C": 0.17182437195358274,
    "D": 0.10421674967571544
  }
}