{
  "question_id": "waffle",
  "method": "last_prefix_attn_oracle",
  "prefix_length": 64,
  "keep_m": 15,
  "kl_to_baseline": 0.01662978696170246,
  "token_kl": 0.20324190453028082,
  "selected_indices": [
    0,
    15,
    17,
    20,
    25,
    28,
    32,
    42,
    46,
    49,
    50,
    52,
    56,
    57,
    58
  ],
  "distribution": {
    "A": 0.5670183845761438,
    "B": 0.3035030886149502,
    "C": 0.07673759825089616,
    "D": 0.05274092855800979
  }
}