{
  "question_id": "waffle",
  "method": "last_prefix_attn_oracle",
  "prefix_length": 67,
  "keep_m": 3,
  "kl_to_baseline": 0.01941910464191538,
  "token_kl": 0.5468871829286408,
  "selected_indices": [
    30,
    50,
    57
  ],
  "distribution": {
    "A": 0.45272358181533334,
    "B": 0.31115204549141845,
    "C": 0.14697781910709673,
    "D": 0.08914655358615148
  }
}