{
  "question_id": "waffle",
  "method": "last_prefix_attn_oracle",
  "prefix_length": 29,
  "keep_m": 20,
  "kl_to_baseline": 0.07716268872337337,
  "token_kl": 0.028062882874985953,
  "selected_indices": [
    0,
    1,
    2,
    3,
    4,
    5,
    8,
    9,
    10,
    11,
    12,
    13,
    14,
    16,
    17,
    18,
    19,
    20,
    21,
    23
  ],
  "distribution": {
    "A": 0.46990389268705346,
    "B": 0.2850111010450271,
    "C": 0.1525554490891315,
    "D": 0.09252955717878798
  }
}