{
  "question_id": "waffle",
  "method": "last_prefix_attn_oracle",
  "prefix_length": 129,
  "keep_m": 10,
  "kl_to_baseline": 0.18750804252282735,
  "token_kl": 0.12094079396118025,
  "selected_indices": [
    0,
    40,
    54,
    55,
    68,
    69,
    70,
    89,
    93,
    121
  ],
  "distribution": {
    "A": 0.4227611188552607,
    "B": 0.2564175803201323,
    "C": 0.19969821234659388,
    "D": 0.12112308847801315
  }
}