{
  "question_id": "waffle",
  "method": "last_prefix_attn_oracle",
  "prefix_length": 298,
  "keep_m": 20,
  "kl_to_baseline": 0.7143598669034529,
  "token_kl": 0.38152240711253915,
  "selected_indices": [
    0,
    15,
    25,
    46,
    60,
    61,
    63,
    104,
    124,
    132,
    133,
    186,
    196,
    232,
    271,
    281,
    289,
    290,
    291,
    292
  ],
  "distribution": {
    "A": 0.5277408465259864,
    "B": 0.2199951151496684,
    "C": 0.17133236795044565,
    "D": 0.08093167037389962
  }
}