{
  "question_id": "waffle",
  "method": "last_prefix_attn_oracle",
  "prefix_length": 45,
  "keep_m": 15,
  "kl_to_baseline": 0.014292060763894464,
  "token_kl": 0.05977092113451009,
  "selected_indices": [
    0,
    14,
    15,
    16,
    21,
    30,
    31,
    32,
    33,
    34,
    35,
    36,
    37,
    38,
    39
  ],
  "distribution": {
    "A": 0.4507224077548446,
    "B": 0.35102296410730205,
    "C": 0.12913411648015033,
    "D": 0.06912051165770294
  }
}