{
  "question_id": "waffle",
  "method": "last_prefix_attn_oracle",
  "prefix_length": 89,
  "keep_m": 5,
  "kl_to_baseline": 0.06739918316897504,
  "token_kl": 0.13051033124260714,
  "selected_indices": [
    0,
    68,
    69,
    71,
    73
  ],
  "distribution": {
    "A": 0.5540052952431057,
    "B": 0.23094376628762936,
    "C": 0.14007447492295608,
    "D": 0.07497646354630895
  }
}