{
  "question_id": "waffle",
  "method": "last_prefix_attn_oracle",
  "prefix_length": 284,
  "keep_m": 3,
  "kl_to_baseline": 0.7557029883151755,
  "token_kl": 0.4488838946266394,
  "selected_indices": [
    75,
    277,
    278
  ],
  "distribution": {
    "A": 0.5055494961770453,
    "B": 0.23880465851524038,
    "C": 0.12782292265385722,
    "D": 0.12782292265385722
  }
}