{
  "question_id": "waffle",
  "method": "last_prefix_attn_oracle",
  "prefix_length": 136,
  "keep_m": 10,
  "kl_to_baseline": 0.09862456275348985,
  "token_kl": 0.3613934034056639,
  "selected_indices": [
    0,
    64,
    65,
    66,
    81,
    101,
    105,
    114,
    127,
    130
  ],
  "distribution": {
    "A": 0.5311212419733762,
    "B": 0.28428871469544964,
    "C": 0.09229502166558705,
    "D": 0.09229502166558705
  }
}