{
  "question_id": "waffle",
  "method": "last_prefix_attn_oracle",
  "prefix_length": 169,
  "keep_m": 20,
  "kl_to_baseline": 0.22117824556136306,
  "token_kl": 0.5668457055891056,
  "selected_indices": [
    0,
    15,
    17,
    20,
    25,
    63,
    64,
    73,
    105,
    124,
    125,
    132,
    133,
    134,
    148,
    153,
    156,
    158,
    161,
    163
  ],
  "distribution": {
    "A": 0.5280592692463715,
    "B": 0.2826497419522689,
    "C": 0.11782594229183203,
    "D": 0.07146504650952758
  }
}