{
  "question_id": "waffle",
  "method": "last_prefix_attn_oracle",
  "prefix_length": 277,
  "keep_m": 3,
  "kl_to_baseline": 0.32966662331132207,
  "token_kl": 0.9873328109393665,
  "selected_indices": [
    84,
    235,
    257
  ],
  "distribution": {
    "A": 0.03453412890891101,
    "B": 0.0304762617955711,
    "C": 0.8906469100333053,
    "D": 0.04434269926221265
  }
}