{
  "question_id": "waffle",
  "method": "last_prefix_attn_oracle",
  "prefix_length": 186,
  "keep_m": 3,
  "kl_to_baseline": 0.7121006348034938,
  "token_kl": 0.3290662144848963,
  "selected_indices": [
    104,
    133,
    180
  ],
  "distribution": {
    "A": 0.8304072218763723,
    "B": 0.060154495599468456,
    "C": 0.07723990127774841,
    "D": 0.0321983812464108
  }
}