{
  "question_id": "waffle",
  "method": "last_prefix_attn_oracle",
  "prefix_length": 284,
  "keep_m": 20,
  "kl_to_baseline": 1.2473245965339368,
  "token_kl": 0.30523776894731763,
  "selected_indices": [
    0,
    29,
    58,
    75,
    103,
    121,
    230,
    235,
    253,
    256,
    257,
    262,
    263,
    269,
    272,
    273,
    275,
    276,
    277,
    278
  ],
  "distribution": {
    "A": 0.7895058421851713,
    "B": 0.13719553539619062,
    "C": 0.04454086907692309,
    "D": 0.02875775334171493
  }
}