{
  "question_id": "waffle",
  "method": "last_prefix_attn_oracle",
  "prefix_length": 230,
  "keep_m": 15,
  "kl_to_baseline": 0.7657676014463615,
  "token_kl": 0.49520035929132245,
  "selected_indices": [
    28,
    81,
    130,
    192,
    198,
    199,
    203,
    204,
    215,
    217,
    218,
    219,
    222,
    223,
    224
  ],
  "distribution": {
    "A": 0.6276617913940609,
    "B": 0.17982811939955395,
    "C": 0.0962550446031926,
    "D": 0.0962550446031926
  }
}