{
  "question_id": "waffle",
  "method": "last_prefix_attn_oracle",
  "prefix_length": 187,
  "keep_m": 15,
  "kl_to_baseline": 0.981438102005464,
  "token_kl": 0.3293788832457499,
  "selected_indices": [
    0,
    104,
    105,
    125,
    130,
    133,
    134,
    164,
    169,
    170,
    172,
    173,
    174,
    178,
    181
  ],
  "distribution": {
    "A": 0.5303553882948552,
    "B": 0.28387879968194246,
    "C": 0.08133263783578952,
    "D": 0.10443317418741281
  }
}