{
  "question_id": "waffle",
  "method": "last_prefix_attn_oracle",
  "prefix_length": 300,
  "keep_m": 15,
  "kl_to_baseline": 0.7675152520967357,
  "token_kl": 0.9993698217003052,
  "selected_indices": [
    0,
    49,
    64,
    105,
    135,
    267,
    273,
    287,
    288,
    289,
    290,
    291,
    292,
    293,
    294
  ],
  "distribution": {
    "A": 0.3749196223738778,
    "B": 0.33086540546313337,
    "C": 0.13792522116311037,
    "D": 0.1562897509998784
  }
}