{
  "question_id": "waffle",
  "method": "last_prefix_attn_oracle",
  "prefix_length": 62,
  "keep_m": 10,
  "kl_to_baseline": 0.035948173054010685,
  "token_kl": 0.19075369369761042,
  "selected_indices": [
    0,
    15,
    17,
    20,
    25,
    35,
    46,
    47,
    50,
    56
  ],
  "distribution": {
    "A": 0.5438618904727415,
    "B": 0.2267153660886387,
    "C": 0.15581904044989173,
    "D": 0.07360370298872809
  }
}