{
  "question_id": "waffle",
  "method": "last_prefix_attn_oracle",
  "prefix_length": 134,
  "keep_m": 5,
  "kl_to_baseline": 0.3005515241312441,
  "token_kl": 0.14638120996205234,
  "selected_indices": [
    0,
    61,
    104,
    105,
    124
  ],
  "distribution": {
    "A": 0.4924566254739903,
    "B": 0.20528646349915036,
    "C": 0.20528646349915036,
    "D": 0.09697044752770896
  }
}