{
  "question_id": "waffle",
  "method": "last_prefix_attn_oracle",
  "prefix_length": 300,
  "keep_m": 5,
  "kl_to_baseline": 0.8113865232650006,
  "token_kl": 2.147372645989457,
  "selected_indices": [
    0,
    289,
    292,
    293,
    294
  ],
  "distribution": {
    "A": 0.6095080805108829,
    "B": 0.22422547868294165,
    "C": 0.09347108590715139,
    "D": 0.07279535489902406
  }
}