{
  "question_id": "waffle",
  "method": "last_prefix_attn_oracle",
  "prefix_length": 111,
  "keep_m": 10,
  "kl_to_baseline": 0.11892483730993134,
  "token_kl": 0.21740490344906857,
  "selected_indices": [
    0,
    1,
    5,
    6,
    8,
    9,
    48,
    74,
    86,
    105
  ],
  "distribution": {
    "A": 0.38754813407777866,
    "B": 0.2663576616909492,
    "C": 0.2350598114219382,
    "D": 0.11103439280933394
  }
}