{
  "question_id": "waffle",
  "method": "last_prefix_attn_oracle",
  "prefix_length": 106,
  "keep_m": 5,
  "kl_to_baseline": 0.15142029116606118,
  "token_kl": 0.3808641520634856,
  "selected_indices": [
    0,
    63,
    64,
    82,
    85
  ],
  "distribution": {
    "A": 0.48019198098468735,
    "B": 0.29125115901535875,
    "C": 0.10714531361910505,
    "D": 0.12141154638084885
  }
}