{
  "question_id": "waffle",
  "method": "last_prefix_attn_oracle",
  "prefix_length": 220,
  "keep_m": 5,
  "kl_to_baseline": 0.6493868591798414,
  "token_kl": 0.4974960393275191,
  "selected_indices": [
    205,
    206,
    212,
    213,
    214
  ],
  "distribution": {
    "A": 0.5025449849459914,
    "B": 0.20949191740389156,
    "C": 0.14398154882505854,
    "D": 0.14398154882505854
  }
}