{
  "question_id": "waffle",
  "method": "last_prefix_attn_oracle",
  "prefix_length": 256,
  "keep_m": 20,
  "kl_to_baseline": 0.7648482655801593,
  "token_kl": 0.5096454596176444,
  "selected_indices": [
    0,
    104,
    133,
    142,
    169,
    185,
    186,
    187,
    191,
    192,
    198,
    232,
    234,
    235,
    241,
    244,
    246,
    248,
    249,
    250
  ],
  "distribution": {
    "A": 0.6071451356309551,
    "B": 0.22335621320587531,
    "C": 0.10550601704264301,
    "D": 0.06399263412052661
  }
}