{
  "question_id": "waffle",
  "method": "last_prefix_attn_oracle",
  "prefix_length": 19,
  "keep_m": 10,
  "kl_to_baseline": 0.022978802958254475,
  "token_kl": 0.01261646744670333,
  "selected_indices": [
    0,
    1,
    4,
    6,
    7,
    8,
    10,
    11,
    12,
    13
  ],
  "distribution": {
    "A": 0.43589455442585096,
    "B": 0.23331754188562973,
    "C": 0.20590200803271982,
    "D": 0.12488589565579951
  }
}