{
  "question_id": "waffle",
  "method": "last_prefix_attn_oracle",
  "prefix_length": 283,
  "keep_m": 20,
  "kl_to_baseline": 0.11914401248698979,
  "token_kl": 0.42386607104935914,
  "selected_indices": [
    28,
    169,
    192,
    198,
    199,
    217,
    218,
    229,
    234,
    235,
    262,
    267,
    268,
    269,
    272,
    273,
    274,
    275,
    276,
    277
  ],
  "distribution": {
    "A": 0.020023400424087377,
    "B": 0.009458384632479125,
    "C": 0.96478141467248,
    "D": 0.005736800270953398
  }
}