{
  "question_id": "waffle",
  "method": "last_prefix_attn_oracle",
  "prefix_length": 63,
  "keep_m": 3,
  "kl_to_baseline": 0.17964343940068636,
  "token_kl": 0.3283455609601697,
  "selected_indices": [
    37,
    56,
    57
  ],
  "distribution": {
    "A": 0.32486943359923176,
    "B": 0.25300856928304544,
    "C": 0.2866962688957339,
    "D": 0.1354257282219888
  }
}