{
  "question_id": "waffle",
  "method": "last_prefix_attn_oracle",
  "prefix_length": 67,
  "keep_m": 5,
  "kl_to_baseline": 0.09595824559175789,
  "token_kl": 0.31143411333487675,
  "selected_indices": [
    0,
    30,
    50,
    56,
    57
  ],
  "distribution": {
    "A": 0.5105908270132864,
    "B": 0.21284592337807845,
    "C": 0.18783586810891237,
    "D": 0.08872738149972284
  }
}