{
  "question_id": "waffle",
  "method": "last_prefix_attn_oracle",
  "prefix_length": 244,
  "keep_m": 20,
  "kl_to_baseline": 1.8157492848115724,
  "token_kl": 0.33590669406373874,
  "selected_indices": [
    0,
    15,
    19,
    20,
    23,
    26,
    27,
    32,
    46,
    47,
    60,
    63,
    64,
    65,
    105,
    117,
    118,
    134,
    135,
    231
  ],
  "distribution": {
    "A": 0.6727357175740526,
    "B": 0.21840531709949168,
    "C": 0.07090581662790021,
    "D": 0.03795314869855544
  }
}