{
  "question_id": "waffle",
  "method": "last_prefix_attn_oracle",
  "prefix_length": 264,
  "keep_m": 10,
  "kl_to_baseline": 0.1565925621342854,
  "token_kl": 0.3424620770450248,
  "selected_indices": [
    0,
    58,
    103,
    230,
    253,
    254,
    255,
    256,
    257,
    258
  ],
  "distribution": {
    "A": 0.5906120580878216,
    "B": 0.21727403387846322,
    "C": 0.14933011404433424,
    "D": 0.042783793989381
  }
}