{
  "question_id": "waffle",
  "method": "last_prefix_attn_oracle",
  "prefix_length": 263,
  "keep_m": 3,
  "kl_to_baseline": 0.38460032488248735,
  "token_kl": 1.7259115062861006,
  "selected_indices": [
    125,
    235,
    257
  ],
  "distribution": {
    "A": 0.2054127931793024,
    "B": 0.2054127931793024,
    "C": 0.38376162046209283,
    "D": 0.2054127931793024
  }
}