{
  "question_id": "waffle",
  "method": "last_prefix_attn_oracle",
  "prefix_length": 117,
  "keep_m": 5,
  "kl_to_baseline": 0.24509689982359054,
  "token_kl": 0.8704797387718595,
  "selected_indices": [
    85,
    106,
    107,
    109,
    110
  ],
  "distribution": {
    "A": 0.3973062479607978,
    "B": 0.24097842068361378,
    "C": 0.27306432462012387,
    "D": 0.08865100673546457
  }
}