{
  "question_id": "waffle",
  "method": "last_prefix_attn_oracle",
  "prefix_length": 181,
  "keep_m": 15,
  "kl_to_baseline": 0.707698021514104,
  "token_kl": 0.4852605955542176,
  "selected_indices": [
    0,
    48,
    60,
    73,
    74,
    76,
    86,
    110,
    122,
    123,
    148,
    149,
    172,
    174,
    175
  ],
  "distribution": {
    "A": 0.604252452627917,
    "B": 0.22229205459923154,
    "C": 0.13482693045232508,
    "D": 0.03862856232052638
  }
}