{
  "question_id": "waffle",
  "method": "last_prefix_attn_oracle",
  "prefix_length": 237,
  "keep_m": 15,
  "kl_to_baseline": 0.7962511620946497,
  "token_kl": 0.1394814196462109,
  "selected_indices": [
    0,
    170,
    171,
    172,
    199,
    200,
    201,
    202,
    203,
    204,
    212,
    217,
    218,
    229,
    230
  ],
  "distribution": {
    "A": 0.00017910403977956189,
    "B": 0.002181934923379508,
    "C": 0.9974598569970614,
    "D": 0.00017910403977956189
  }
}