{
  "question_id": "waffle",
  "method": "last_prefix_attn_oracle",
  "prefix_length": 242,
  "keep_m": 3,
  "kl_to_baseline": 1.2584990145762573,
  "token_kl": 0.8823637489746311,
  "selected_indices": [
    0,
    13,
    122
  ],
  "distribution": {
    "A": 0.0003352041829888523,
    "B": 0.0002958166532210621,
    "C": 0.9992292452710647,
    "D": 0.00013973389272541726
  }
}