{
  "question_id": "waffle",
  "method": "last_prefix_attn_oracle",
  "prefix_length": 130,
  "keep_m": 5,
  "kl_to_baseline": 0.43482031282776334,
  "token_kl": 1.1510139335418152,
  "selected_indices": [
    54,
    55,
    69,
    70,
    120
  ],
  "distribution": {
    "A": 0.3017444864199176,
    "B": 0.3017444864199176,
    "C": 0.23499884231131069,
    "D": 0.16151218484885413
  }
}