{
  "question_id": "waffle",
  "method": "last_prefix_attn_oracle",
  "prefix_length": 113,
  "keep_m": 5,
  "kl_to_baseline": 0.16491145344476757,
  "token_kl": 0.6831025106393683,
  "selected_indices": [
    0,
    9,
    10,
    12,
    101
  ],
  "distribution": {
    "A": 0.39855634852953997,
    "B": 0.2739235053384309,
    "C": 0.21333184045923412,
    "D": 0.11418830567279496
  }
}