{
  "question_id": "waffle",
  "method": "last_prefix_attn_oracle",
  "prefix_length": 21,
  "keep_m": 10,
  "kl_to_baseline": 0.01194818868183295,
  "token_kl": 0.009379453682882814,
  "selected_indices": [
    0,
    1,
    6,
    7,
    10,
    11,
    12,
    13,
    14,
    15
  ],
  "distribution": {
    "A": 0.4890223473100957,
    "B": 0.2617547845971102,
    "C": 0.14010723992512977,
    "D": 0.10911562816766428
  }
}