{
  "question_id": "waffle",
  "method": "last_prefix_attn_oracle",
  "prefix_length": 215,
  "keep_m": 10,
  "kl_to_baseline": 1.0668950352492854,
  "token_kl": 0.5400294524922249,
  "selected_indices": [
    0,
    80,
    100,
    150,
    198,
    205,
    206,
    207,
    208,
    209
  ],
  "distribution": {
    "A": 0.6468110591001266,
    "B": 0.1635394564926269,
    "C": 0.07725056930056133,
    "D": 0.11239891510668513
  }
}