{
  "question_id": "waffle",
  "method": "last_prefix_attn_oracle",
  "prefix_length": 90,
  "keep_m": 20,
  "kl_to_baseline": 0.018577105404799142,
  "token_kl": 0.09047141854898073,
  "selected_indices": [
    0,
    30,
    31,
    37,
    40,
    47,
    54,
    55,
    60,
    62,
    68,
    69,
    70,
    71,
    73,
    74,
    75,
    76,
    83,
    84
  ],
  "distribution": {
    "A": 0.5591242704533836,
    "B": 0.2641116041878996,
    "C": 0.12475747313688686,
    "D": 0.052006652221829916
  }
}