{
  "question_id": "waffle",
  "method": "last_prefix_attn_oracle",
  "prefix_length": 176,
  "keep_m": 5,
  "kl_to_baseline": 0.2769300297437841,
  "token_kl": 0.588934069369832,
  "selected_indices": [
    0,
    118,
    134,
    136,
    160
  ],
  "distribution": {
    "A": 0.01788431172522846,
    "B": 0.004521862147852853,
    "C": 0.9764505203291708,
    "D": 0.001143305797747898
  }
}