{
  "question_id": "waffle",
  "method": "last_prefix_attn_oracle",
  "prefix_length": 65,
  "keep_m": 20,
  "kl_to_baseline": 0.04140408073196908,
  "token_kl": 0.2010743036814034,
  "selected_indices": [
    0,
    19,
    24,
    26,
    28,
    29,
    30,
    32,
    42,
    43,
    46,
    47,
    48,
    49,
    50,
    52,
    56,
    57,
    58,
    59
  ],
  "distribution": {
    "A": 0.5918385478818752,
    "B": 0.24671502709899523,
    "C": 0.09076138629777561,
    "D": 0.07068503872135393
  }
}