{
  "question_id": "waffle",
  "method": "last_prefix_attn_oracle",
  "prefix_length": 219,
  "keep_m": 20,
  "kl_to_baseline": 0.642255146335768,
  "token_kl": 0.9971481469986726,
  "selected_indices": [
    0,
    81,
    101,
    114,
    147,
    151,
    152,
    170,
    171,
    172,
    192,
    198,
    199,
    200,
    201,
    202,
    203,
    204,
    212,
    213
  ],
  "distribution": {
    "A": 0.0005522743007056756,
    "B": 0.0007091342390895362,
    "C": 0.9985354210022087,
    "D": 0.00020317045799615377
  }
}