{
  "question_id": "waffle",
  "method": "last_prefix_attn_oracle",
  "prefix_length": 207,
  "keep_m": 15,
  "kl_to_baseline": 0.08485687548772348,
  "token_kl": 0.17238870499742195,
  "selected_indices": [
    0,
    53,
    68,
    87,
    88,
    127,
    128,
    129,
    137,
    138,
    144,
    161,
    162,
    163,
    164
  ],
  "distribution": {
    "A": 0.022428368619384735,
    "B": 0.017467231043790953,
    "C": 0.9536785651416221,
    "D": 0.006425835195202285
  }
}