{
  "question_id": "waffle",
  "method": "last_prefix_attn_oracle",
  "prefix_length": 166,
  "keep_m": 3,
  "kl_to_baseline": 0.16842486358235326,
  "token_kl": 0.4627414906003853,
  "selected_indices": [
    158,
    159,
    160
  ],
  "distribution": {
    "A": 0.5751870025025523,
    "B": 0.21159947304971594,
    "C": 0.11326102271668967,
    "D": 0.09995250173104213
  }
}