{
  "question_id": "waffle",
  "method": "last_prefix_attn_oracle",
  "prefix_length": 73,
  "keep_m": 5,
  "kl_to_baseline": 0.050640787356339194,
  "token_kl": 0.7075060910030351,
  "selected_indices": [
    30,
    50,
    64,
    65,
    66
  ],
  "distribution": {
    "A": 0.48617931675193277,
    "B": 0.20266970398718334,
    "C": 0.20266970398718334,
    "D": 0.10848127527370063
  }
}