{
  "question_id": "waffle",
  "method": "last_prefix_attn_oracle",
  "prefix_length": 212,
  "keep_m": 20,
  "kl_to_baseline": 1.0502616532224127,
  "token_kl": 0.04454195114126861,
  "selected_indices": [
    0,
    138,
    144,
    145,
    146,
    147,
    148,
    149,
    150,
    151,
    153,
    160,
    177,
    198,
    199,
    200,
    203,
    204,
    205,
    206
  ],
  "distribution": {
    "A": 0.4699038726566607,
    "B": 0.2850111058839657,
    "C": 0.15255545167922868,
    "D": 0.09252956978014495
  }
}