{
  "question_id": "bigbench_logical_deduction_0009",
  "method": "last_m",
  "prefix_length": 39,
  "keep_m": 5,
  "kl_to_baseline": 0.3169300136331923,
  "token_kl": 0.0032161120188446126,
  "distribution": {
    "A": 0.5871832245215417,
    "B": 0.005756542462264008,
    "C": 0.19063048263235036,
    "D": 0.1682308104612557,
    "E": 0.04819893992258825
  }
}