{
  "question_id": "bigbench_logical_deduction_0001",
  "method": "last_m",
  "prefix_length": 75,
  "keep_m": 20,
  "kl_to_baseline": 0.01157533515153476,
  "token_kl": 0.13476350950035798,
  "distribution": {
    "A": 0.9749895856714699,
    "B": 0.0004199694942959824,
    "C": 0.020235263435128666,
    "D": 0.0003706217778962234,
    "E": 0.00398455962120936
  }
}