{
  "question_id": "bigbench_logical_deduction_0001",
  "method": "last_m",
  "prefix_length": 109,
  "keep_m": 20,
  "kl_to_baseline": 0.015315663317994211,
  "token_kl": 0.6021358904039743,
  "distribution": {
    "A": 0.9745861203386637,
    "B": 0.0004197957343255579,
    "C": 0.020226891210898636,
    "D": 0.0007842816836010148,
    "E": 0.0039829110325110394
  }
}