{
  "question_id": "bigbench_logical_deduction_0009",
  "method": "last_m",
  "prefix_length": 56,
  "keep_m": 10,
  "kl_to_baseline": 0.2332568893581819,
  "token_kl": 0.2191802262137864,
  "distribution": {
    "A": 0.18851498976223946,
    "B": 0.019869329002010078,
    "C": 0.5124368405192217,
    "D": 0.2420580382813448,
    "E": 0.03712080243518406
  }
}