{
  "question_id": "bigbench_logical_deduction_0001",
  "method": "last_m",
  "prefix_length": 112,
  "keep_m": 20,
  "kl_to_baseline": 0.010332854891337277,
  "token_kl": 0.7583751333989266,
  "distribution": {
    "A": 0.9777714404493172,
    "B": 0.0007868450350953738,
    "C": 0.017908510453633064,
    "D": 0.0007868450350953738,
    "E": 0.0027463590268589533
  }
}