{
  "question_id": "bigbench_logical_deduction_0009",
  "method": "last_m",
  "prefix_length": 26,
  "keep_m": 20,
  "kl_to_baseline": 0.36177097169998496,
  "token_kl": 0.05800792141552948,
  "distribution": {
    "A": 0.1724490694504317,
    "B": 0.011024297548655403,
    "C": 0.4136837875147809,
    "D": 0.28432044891537045,
    "E": 0.11852239657076147
  }
}