{
  "question_id": "bigbench_logical_deduction_0009",
  "method": "last_m",
  "prefix_length": 48,
  "keep_m": 5,
  "kl_to_baseline": 1.022054227249425,
  "token_kl": 0.032331197882070305,
  "distribution": {
    "A": 0.03531884283873184,
    "B": 0.0037225795351567086,
    "C": 0.9108849894393016,
    "D": 0.018904818778756806,
    "E": 0.031168769408052962
  }
}