{
  "question_id": "bigbench_logical_deduction_0001",
  "method": "last_m",
  "prefix_length": 83,
  "keep_m": 3,
  "kl_to_baseline": 0.026957917044558737,
  "token_kl": 0.32211164522117813,
  "distribution": {
    "A": 0.9673110910197659,
    "B": 0.0004721398545912837,
    "C": 0.02577796876354776,
    "D": 0.0006869594349294037,
    "E": 0.005751840927165729
  }
}