{
  "question_id": "bigbench_logical_deduction_0009",
  "method": "last_m",
  "prefix_length": 37,
  "keep_m": 15,
  "kl_to_baseline": 0.33783458221805346,
  "token_kl": 0.29901458830310756,
  "distribution": {
    "A": 0.525078440032248,
    "B": 0.023070336566779193,
    "C": 0.15043749179710472,
    "D": 0.281054235896184,
    "E": 0.020359495707684146
  }
}