{
  "question_id": "bigbench_logical_deduction_0009",
  "method": "last_m",
  "prefix_length": 74,
  "keep_m": 15,
  "kl_to_baseline": 0.00024064174258822625,
  "distribution": {
    "A": 0.9999151889247889,
    "B": 8.481107521099662e-05,
    "C": 0.0,
    "D": 0.0,
    "E": 0.0
  }
}