{
  "question_id": "bigbench_logical_deduction_0009",
  "method": "last_m",
  "prefix_length": 17,
  "keep_m": 5,
  "kl_to_baseline": 0.26710194074081156,
  "token_kl": 0.42857145421902054,
  "distribution": {
    "A": 0.15881208549877238,
    "B": 0.04550042429476892,
    "C": 0.6281139452361575,
    "D": 0.1091498437057415,
    "E": 0.05842370126455971
  }
}