{
  "question_id": "bigbench_logical_deduction_0001",
  "method": "last_m",
  "prefix_length": 76,
  "keep_m": 15,
  "kl_to_baseline": 0.9805308043584886,
  "token_kl": 0.29750065655348534,
  "distribution": {
    "A": 0.3648067026992293,
    "B": 0.005203689379528638,
    "C": 0.6014646062842804,
    "D": 0.005203689379528638,
    "E": 0.023321312257432968
  }
}