{
  "question_id": "bigbench_logical_deduction_0009",
  "method": "last_m",
  "prefix_length": 72,
  "keep_m": 3,
  "kl_to_baseline": 3.116163688180766,
  "token_kl": 0.40175049204524205,
  "distribution": {
    "A": 0.04431183744043106,
    "B": 0.014385947358218042,
    "C": 0.5398286920057254,
    "D": 0.03045505079633666,
    "E": 0.37101847239928887
  }
}