{
  "question_id": "bigbench_logical_deduction_0009",
  "method": "last_m",
  "prefix_length": 69,
  "keep_m": 20,
  "kl_to_baseline": 0.002589972449391987,
  "token_kl": 6.153486440196377e-05,
  "distribution": {
    "A": 0.9956415535913667,
    "B": 0.0011657766088272229,
    "C": 0.0013209979609140586,
    "D": 0.0013209979609140586,
    "E": 0.0005506738779778258
  }
}