{
  "question_id": "bigbench_logical_deduction_0001",
  "method": "last_m",
  "prefix_length": 97,
  "keep_m": 10,
  "kl_to_baseline": 0.06968252310738082,
  "token_kl": 0.0011032402594204809,
  "distribution": {
    "A": 0.9224530243775424,
    "B": 0.0025909806995941423,
    "C": 0.05204123850896476,
    "D": 0.0037698546733509375,
    "E": 0.0191449017405477
  }
}