{
  "question_id": "bigbench_logical_deduction_0009",
  "method": "last_m",
  "prefix_length": 29,
  "keep_m": 5,
  "kl_to_baseline": 1.2439501918401916,
  "token_kl": 0.26504961497672486,
  "distribution": {
    "A": 0.37395061007948455,
    "B": 0.018617906809659038,
    "C": 0.3300102551147649,
    "D": 0.2268125102314515,
    "E": 0.050608717764640085
  }
}