{
  "question_id": "bigbench_logical_deduction_0009",
  "method": "last_m",
  "prefix_length": 70,
  "keep_m": 15,
  "kl_to_baseline": 0.006341251133077807,
  "token_kl": 1.4341500660317383e-05,
  "distribution": {
    "A": 0.9925077133013964,
    "B": 0.0016908556713368284,
    "C": 0.001316839720897848,
    "D": 0.0035795414843097007,
    "E": 0.000905049822059187
  }
}