{
  "question_id": "bigbench_logical_deduction_0001",
  "method": "last_m",
  "prefix_length": 59,
  "keep_m": 10,
  "kl_to_baseline": 0.37982813054709347,
  "token_kl": 0.40865362622247775,
  "distribution": {
    "A": 0.6638354155011637,
    "B": 0.010729900145885903,
    "C": 0.14812170257297408,
    "D": 0.009469103643786309,
    "E": 0.16784387813619012
  }
}