{
  "question_id": "bigbench_logical_deduction_0001",
  "method": "last_m",
  "prefix_length": 98,
  "keep_m": 15,
  "kl_to_baseline": 0.063269074557114,
  "token_kl": 0.00010102175040938577,
  "distribution": {
    "A": 0.9276432643951784,
    "B": 0.001790773016856807,
    "C": 0.05930224366988573,
    "D": 0.0009585317231560362,
    "E": 0.010305187194923036
  }
}