{
  "question_id": "bigbench_logical_deduction_0009",
  "method": "last_m",
  "prefix_length": 72,
  "keep_m": 10,
  "kl_to_baseline": 2.4083783811917336,
  "token_kl": 0.2533698772570573,
  "distribution": {
    "A": 0.08993069963865288,
    "B": 0.14827065738319134,
    "C": 0.355682816816798,
    "D": 0.21573253353234023,
    "E": 0.19038329262901763
  }
}