{
  "question_id": "bigbench_logical_deduction_0009",
  "method": "last_m",
  "prefix_length": 30,
  "keep_m": 15,
  "kl_to_baseline": 1.2699343226373059,
  "token_kl": 0.35416105858985514,
  "distribution": {
    "A": 0.2676934586472274,
    "B": 0.017113068230306637,
    "C": 0.5001172219487323,
    "D": 0.16236429007405936,
    "E": 0.052711961099674375
  }
}