{
  "question_id": "bigbench_logical_deduction_0009",
  "method": "last_m",
  "prefix_length": 48,
  "keep_m": 20,
  "kl_to_baseline": 0.20876802902720265,
  "token_kl": 0.024107489832056413,
  "distribution": {
    "A": 0.18374112007225699,
    "B": 0.04099818554757458,
    "C": 0.4994601478331277,
    "D": 0.208205965974644,
    "E": 0.06759458057239678
  }
}