{
  "question_id": "bigbench_logical_deduction_0009",
  "method": "last_m",
  "prefix_length": 52,
  "keep_m": 10,
  "kl_to_baseline": 1.075051508615308,
  "token_kl": 0.31795086074654194,
  "distribution": {
    "A": 0.13923780920518755,
    "B": 0.005398835752155598,
    "C": 0.8012582813930262,
    "D": 0.04520389830803528,
    "E": 0.008901175341595258
  }
}