{
  "question_id": "bigbench_logical_deduction_0009",
  "method": "last_m",
  "prefix_length": 67,
  "keep_m": 20,
  "kl_to_baseline": 0.053185057682049404,
  "token_kl": 0.019348022084082296,
  "distribution": {
    "A": 0.9469979779607547,
    "B": 0.005631055561366412,
    "C": 0.0023473731942330995,
    "D": 0.04160818543913184,
    "E": 0.003415407844514063
  }
}