{
  "question_id": "bigbench_logical_deduction_0001",
  "method": "last_m",
  "prefix_length": 66,
  "keep_m": 20,
  "kl_to_baseline": 0.03631770111034029,
  "token_kl": 0.9798447324448569,
  "distribution": {
    "A": 0.9555386656730308,
    "B": 0.0007689535009883645,
    "C": 0.03269673486976161,
    "D": 0.001627874574366742,
    "E": 0.009367771381852543
  }
}