{
  "question_id": "bigbench_logical_deduction_0009",
  "method": "last_m",
  "prefix_length": 37,
  "keep_m": 20,
  "kl_to_baseline": 0.2862029556197174,
  "token_kl": 0.29400998509793413,
  "distribution": {
    "A": 0.47828884515891046,
    "B": 0.02101454524256324,
    "C": 0.29009684878742753,
    "D": 0.1759526330755945,
    "E": 0.03464712773550419
  }
}