{
  "question_id": "bigbench_logical_deduction_0009",
  "method": "last_m",
  "prefix_length": 34,
  "keep_m": 20,
  "kl_to_baseline": 1.6229826546561652,
  "token_kl": 0.0561437215025606,
  "distribution": {
    "A": 0.21296998851102125,
    "B": 0.01980929469855351,
    "C": 0.5789124497766407,
    "D": 0.14637198980786142,
    "E": 0.04193627720592315
  }
}