{
  "question_id": "bigbench_logical_deduction_0009",
  "method": "last_m",
  "prefix_length": 50,
  "keep_m": 20,
  "kl_to_baseline": 0.5647925943681146,
  "token_kl": 0.3038331597367802,
  "distribution": {
    "A": 0.11946060755710369,
    "B": 0.00673950630114756,
    "C": 0.6066709874506843,
    "D": 0.22318179714095618,
    "E": 0.04394710155010828
  }
}