{
  "question_id": "bigbench_logical_deduction_0000",
  "method": "last_m",
  "prefix_length": 79,
  "keep_m": 15,
  "kl_to_baseline": 0.6731761826463535,
  "token_kl": 0.36988480178874666,
  "distribution": {
    "A": 0.0016855007013276422,
    "B": 0.0007961741559287009,
    "C": 0.006666284590287266,
    "D": 0.9893645914042306,
    "E": 0.0014874491482258073
  }
}