{
  "question_id": "bigbench_logical_deduction_0001",
  "method": "last_m",
  "prefix_length": 75,
  "keep_m": 10,
  "kl_to_baseline": 0.323687962025422,
  "token_kl": 0.2864982369405492,
  "distribution": {
    "A": 0.7031238488548435,
    "B": 0.00536841555360402,
    "C": 0.20144835548371193,
    "D": 0.006083211779986285,
    "E": 0.08397616832785429
  }
}