{
  "question_id": "bigbench_logical_deduction_0001",
  "method": "last_m",
  "prefix_length": 58,
  "keep_m": 20,
  "kl_to_baseline": 0.0018643826182350037,
  "token_kl": 0.08095675744559828,
  "distribution": {
    "A": 0.9932093824531382,
    "B": 0.00017834089585860364,
    "C": 0.004599472325330116,
    "D": 9.545900268063266e-05,
    "E": 0.0019173453229925177
  }
}