{
  "question_id": "bigbench_logical_deduction_0001",
  "method": "last_m",
  "prefix_length": 62,
  "keep_m": 3,
  "kl_to_baseline": 0.2798476666679926,
  "token_kl": 0.5369984569779997,
  "distribution": {
    "A": 0.7481020689560143,
    "B": 0.0016364666313355215,
    "C": 0.2143348312969308,
    "D": 0.003057322168465315,
    "E": 0.03286931094725416
  }
}