{
  "question_id": "bigbench_logical_deduction_0009",
  "method": "last_m",
  "prefix_length": 47,
  "keep_m": 5,
  "kl_to_baseline": 0.13702355389821919,
  "token_kl": 0.0003633084172811964,
  "distribution": {
    "A": 0.3478026883576722,
    "B": 0.004961140083740437,
    "C": 0.5060499255415428,
    "D": 0.09964713857534288,
    "E": 0.04153910744170164
  }
}