{
  "question_id": "bigbench_logical_deduction_0009",
  "method": "last_m",
  "prefix_length": 68,
  "keep_m": 10,
  "kl_to_baseline": 0.12587369023291944,
  "token_kl": 0.007244302988573664,
  "distribution": {
    "A": 0.8805389089095759,
    "B": 0.012560211091043738,
    "C": 0.01827499930326095,
    "D": 0.08190288416502729,
    "E": 0.006722996531092137
  }
}