{
  "question_id": "bigbench_logical_deduction_0000",
  "method": "last_m",
  "prefix_length": 86,
  "keep_m": 15,
  "kl_to_baseline": 0.005599360724130785,
  "token_kl": 0.0023951448659724523,
  "distribution": {
    "A": 0.001690742576203289,
    "B": 0.0014920750865673018,
    "C": 0.0019158623347589776,
    "D": 0.9924413040697652,
    "E": 0.002460015932705246
  }
}