{
  "question_id": "bookworm_nm",
  "method": "last_m",
  "prefix_length": 51,
  "keep_m": 3,
  "kl_to_baseline": 0.08583684917788123,
  "token_kl": 0.17654854316634636,
  "distribution": {
    "A": 0.24508500210441886,
    "B": 0.754914997895581
  }
}