{
  "question_id": "bookworm_nm",
  "method": "last_m",
  "prefix_length": 97,
  "keep_m": 20,
  "kl_to_baseline": 0.08169188850982223,
  "token_kl": 0.05008260128168674,
  "distribution": {
    "A": 0.1066905825840872,
    "B": 0.8933094174159129
  }
}