{
  "question_id": "bookworm_nm",
  "method": "last_m",
  "prefix_length": 51,
  "keep_m": 15,
  "kl_to_baseline": 0.35218670813497077,
  "token_kl": 0.10642992968521475,
  "distribution": {
    "A": 0.46879062662624377,
    "B": 0.5312093733737563
  }
}