{
  "question_id": "bookworm_nm",
  "method": "last_m",
  "prefix_length": 101,
  "keep_m": 20,
  "kl_to_baseline": 0.00922255003187114,
  "token_kl": 0.09864247823819895,
  "distribution": {
    "A": 0.02595735757455145,
    "B": 0.9740426424254486
  }
}