{
  "question_id": "bookworm_nm",
  "method": "last_m",
  "prefix_length": 36,
  "keep_m": 5,
  "kl_to_baseline": 0.04276754207573217,
  "token_kl": 0.3780996828346209,
  "distribution": {
    "A": 0.1066905911052601,
    "B": 0.89330940889474
  }
}