{
  "question_id": "bookworm_nm",
  "method": "last_m",
  "prefix_length": 77,
  "keep_m": 5,
  "kl_to_baseline": 0.2100036285752089,
  "token_kl": 0.34335691217752196,
  "distribution": {
    "A": 0.2018132270610754,
    "B": 0.7981867729389246
  }
}