{
  "question_id": "bookworm_nm",
  "method": "last_m",
  "prefix_length": 96,
  "keep_m": 20,
  "kl_to_baseline": 0.015381400212222994,
  "token_kl": 0.016582063292975992,
  "distribution": {
    "A": 0.029312233295254994,
    "B": 0.970687766704745
  }
}