{
  "question_id": "bookworm_nm",
  "method": "last_m",
  "prefix_length": 36,
  "keep_m": 3,
  "kl_to_baseline": 0.13337374992525353,
  "token_kl": 0.6413061683185435,
  "distribution": {
    "A": 0.2018132270610754,
    "B": 0.7981867729389246
  }
}