{
  "question_id": "bookworm_nm",
  "method": "last_m",
  "prefix_length": 75,
  "keep_m": 20,
  "kl_to_baseline": 0.16503583705923344,
  "token_kl": 0.12818780105240796,
  "distribution": {
    "A": 0.1645164628965632,
    "B": 0.8354835371034369
  }
}