{
  "question_id": "bookworm_nm",
  "method": "last_m",
  "prefix_length": 42,
  "keep_m": 20,
  "kl_to_baseline": 0.33508219420854746,
  "token_kl": 0.3556576144196291,
  "distribution": {
    "A": 0.3629692055196168,
    "B": 0.6370307944803831
  }
}