{
  "question_id": "bookworm_nm",
  "method": "last_m",
  "prefix_length": 38,
  "keep_m": 15,
  "kl_to_baseline": 0.4041831947789083,
  "token_kl": 0.06556410854919811,
  "distribution": {
    "A": 0.5156199157230156,
    "B": 0.48438008427698437
  }
}