{
  "question_id": "bookworm_nm",
  "method": "last_m",
  "prefix_length": 63,
  "keep_m": 5,
  "kl_to_baseline": 0.0634721549764641,
  "token_kl": 0.7476164294803542,
  "distribution": {
    "A": 0.11920292515117029,
    "B": 0.8807970748488297
  }
}