{
  "question_id": "bookworm_nm",
  "method": "last_m",
  "prefix_length": 36,
  "keep_m": 20,
  "kl_to_baseline": 0.27651193823266207,
  "token_kl": 0.43200988708871646,
  "distribution": {
    "A": 0.3208212878370535,
    "B": 0.6791787121629466
  }
}