{
  "question_id": "bookworm_nm",
  "method": "last_m",
  "prefix_length": 76,
  "keep_m": 20,
  "kl_to_baseline": 0.15783851377091257,
  "token_kl": 0.12465745050407064,
  "distribution": {
    "A": 0.1645164628965632,
    "B": 0.8354835371034369
  }
}