{
  "question_id": "dilemma_3081",
  "method": "last_m",
  "prefix_length": 17,
  "keep_m": 5,
  "kl_to_baseline": 0.21506713029467558,
  "token_kl": 0.1434544977471486,
  "distribution": {
    "A": 0.5926665999540697,
    "B": 0.4073334000459302
  }
}