{
  "question_id": "dilemma_12903",
  "method": "last_m",
  "prefix_length": 21,
  "keep_m": 3,
  "kl_to_baseline": 0.16834458878656527,
  "token_kl": 0.13075748551359953,
  "distribution": {
    "A": 0.6224593452091672,
    "B": 0.3775406547908327
  }
}