{
  "question_id": "dilemma_32747",
  "method": "last_m",
  "prefix_length": 35,
  "keep_m": 15,
  "kl_to_baseline": 0.0007047990146835635,
  "token_kl": 0.15414778356317155,
  "distribution": {
    "A": 0.00407013821422029,
    "B": 0.9959298617857796
  }
}