{
  "question_id": "dilemma_45012",
  "method": "last_m",
  "prefix_length": 35,
  "keep_m": 10,
  "kl_to_baseline": 0.16347959556981034,
  "token_kl": 0.2911853321617938,
  "distribution": {
    "A": 0.16451646699291617,
    "B": 0.8354835330070839
  }
}