{
  "question_id": "dilemma_24577",
  "method": "last_m",
  "prefix_length": 37,
  "keep_m": 3,
  "kl_to_baseline": 0.1438227430659038,
  "token_kl": 0.9543068134609568,
  "distribution": {
    "A": 0.9953904274531297,
    "B": 0.00460957254687026
  }
}