{
  "question_id": "dilemma_31754",
  "method": "last_m",
  "prefix_length": 24,
  "keep_m": 15,
  "kl_to_baseline": 0.1503283019027562,
  "token_kl": 0.6930479632958201,
  "distribution": {
    "A": 0.5926665999540697,
    "B": 0.4073334000459302
  }
}