{
  "question_id": "dilemma_15721",
  "method": "last_m",
  "prefix_length": 17,
  "keep_m": 10,
  "kl_to_baseline": 0.023055169656344812,
  "token_kl": 0.1502780677367439,
  "distribution": {
    "A": 0.047425874019047645,
    "B": 0.9525741259809523
  }
}