{
  "question_id": "dilemma_32747",
  "method": "last_m",
  "prefix_length": 16,
  "keep_m": 3,
  "kl_to_baseline": 0.005622176348643612,
  "token_kl": 0.2011831219248327,
  "distribution": {
    "A": 0.014063624744629993,
    "B": 0.9859363752553699
  }
}