{
  "question_id": "dilemma_24577",
  "method": "last_m",
  "prefix_length": 22,
  "keep_m": 5,
  "kl_to_baseline": 0.5786150150460043,
  "token_kl": 0.21220861137753974,
  "distribution": {
    "A": 0.6513548511303336,
    "B": 0.3486451488696663
  }
}