{
  "question_id": "dilemma_33806",
  "method": "last_m",
  "prefix_length": 33,
  "keep_m": 10,
  "kl_to_baseline": 0.06022726316127229,
  "token_kl": 0.15704257373695324,
  "distribution": {
    "A": 0.8807970795424088,
    "B": 0.11920292045759123
  }
}