{
  "question_id": "dilemma_24577",
  "method": "last_m",
  "prefix_length": 37,
  "keep_m": 15,
  "kl_to_baseline": 0.06041405132334978,
  "token_kl": 0.3581769273225986,
  "distribution": {
    "A": 0.9840936068886641,
    "B": 0.015906393111335862
  }
}