{
  "question_id": "dilemma_19599",
  "method": "last_m",
  "prefix_length": 23,
  "keep_m": 5,
  "kl_to_baseline": 0.9123518730813004,
  "token_kl": 0.45874562891883575,
  "distribution": {
    "A": 0.9579122698315293,
    "B": 0.04208773016847057
  }
}