{
  "question_id": "dilemma_32747",
  "method": "last_m",
  "prefix_length": 42,
  "keep_m": 3,
  "kl_to_baseline": 0.0001522055109367862,
  "token_kl": 0.46817999169266566,
  "distribution": {
    "A": 0.0011695104282431496,
    "B": 0.9988304895717568
  }
}