{
  "question_id": "dilemma_32747",
  "method": "last_m",
  "prefix_length": 23,
  "keep_m": 5,
  "kl_to_baseline": 0.0024199546412165354,
  "token_kl": 0.761723807288061,
  "distribution": {
    "A": 0.004070137855577895,
    "B": 0.9959298621444221
  }
}