{
  "question_id": "dilemma_24577",
  "method": "last_m",
  "prefix_length": 32,
  "keep_m": 10,
  "kl_to_baseline": 0.2830348939724,
  "token_kl": 0.09071465504202807,
  "distribution": {
    "A": 0.4073334000459302,
    "B": 0.5926665999540697
  }
}