{
  "question_id": "dilemma_12903",
  "method": "last_m",
  "prefix_length": 44,
  "keep_m": 10,
  "kl_to_baseline": 0.28430646558659295,
  "token_kl": 0.14069210758060827,
  "distribution": {
    "A": 0.4073334000459302,
    "B": 0.5926665999540697
  }
}