{
  "question_id": "dilemma_15721",
  "method": "last_m",
  "prefix_length": 23,
  "keep_m": 10,
  "kl_to_baseline": 0.0017031860169379187,
  "token_kl": 0.14266835867172567,
  "distribution": {
    "A": 0.06754668738548215,
    "B": 0.9324533126145177
  }
}