{
  "question_id": "dilemma_2081",
  "method": "last_m",
  "prefix_length": 26,
  "keep_m": 15,
  "kl_to_baseline": 0.13786864945313448,
  "token_kl": 0.17611031980491476,
  "distribution": {
    "A": 0.34864513533394575,
    "B": 0.6513548646660542
  }
}