{
  "question_id": "dilemma_2081",
  "method": "last_m",
  "prefix_length": 30,
  "keep_m": 20,
  "kl_to_baseline": 0.2769144564209888,
  "token_kl": 0.120601898087567,
  "distribution": {
    "A": 0.37754067580180184,
    "B": 0.622459324198198
  }
}