{
  "question_id": "dilemma_25447",
  "method": "last_m",
  "prefix_length": 22,
  "keep_m": 15,
  "kl_to_baseline": 0.025468725320126506,
  "token_kl": 0.41070883522506013,
  "distribution": {
    "A": 0.7772998663336157,
    "B": 0.22270013366638422
  }
}