{
  "question_id": "dilemma_15721",
  "method": "last_m",
  "prefix_length": 25,
  "keep_m": 15,
  "kl_to_baseline": 0.0424950384389941,
  "token_kl": 0.15769102204046076,
  "distribution": {
    "A": 0.09534945975773548,
    "B": 0.9046505402422645
  }
}