{
  "question_id": "dilemma_2081",
  "method": "last_m",
  "prefix_length": 43,
  "keep_m": 3,
  "kl_to_baseline": 0.02698089287288888,
  "token_kl": 0.27237661787253886,
  "distribution": {
    "A": 0.16451646699291617,
    "B": 0.8354835330070839
  }
}