{
  "question_id": "dilemma_15721",
  "method": "last_m",
  "prefix_length": 36,
  "keep_m": 3,
  "kl_to_baseline": 0.38491340252014505,
  "token_kl": 0.8590243883139335,
  "distribution": {
    "A": 0.37754067580180184,
    "B": 0.622459324198198
  }
}