{
  "question_id": "dilemma_45012",
  "method": "last_m",
  "prefix_length": 28,
  "keep_m": 3,
  "kl_to_baseline": 0.21000361542845422,
  "token_kl": 0.5081730298995738,
  "distribution": {
    "A": 0.2018132174596823,
    "B": 0.7981867825403176
  }
}