{
  "question_id": "dilemma_14224",
  "method": "last_m",
  "prefix_length": 18,
  "keep_m": 10,
  "kl_to_baseline": 0.011328108901378177,
  "token_kl": 0.04851538121556462,
  "distribution": {
    "A": 0.8354835391516132,
    "B": 0.1645164608483867
  }
}