{
  "question_id": "dilemma_24577",
  "method": "last_m",
  "prefix_length": 34,
  "keep_m": 5,
  "kl_to_baseline": 0.7151178988234569,
  "token_kl": 0.3497274765003929,
  "distribution": {
    "A": 0.7057850340255386,
    "B": 0.29421496597446145
  }
}