{
  "question_id": "dilemma_19599",
  "method": "last_m",
  "prefix_length": 19,
  "keep_m": 3,
  "kl_to_baseline": 0.22340307142897625,
  "token_kl": 0.12397868876257868,
  "distribution": {
    "A": 0.9149009578933863,
    "B": 0.08509904210661365
  }
}