{
  "question_id": "dilemma_45012",
  "method": "last_m",
  "prefix_length": 27,
  "keep_m": 10,
  "kl_to_baseline": 0.014216325167029472,
  "token_kl": 0.2849669353806126,
  "distribution": {
    "A": 0.029312230963347865,
    "B": 0.9706877690366521
  }
}