{
  "question_id": "dilemma_3081",
  "method": "last_m",
  "prefix_length": 29,
  "keep_m": 15,
  "kl_to_baseline": 0.011327285804201163,
  "token_kl": 0.21459206333422642,
  "distribution": {
    "A": 0.24508500761839525,
    "B": 0.7549149923816048
  }
}