{
  "question_id": "dilemma_3081",
  "method": "last_m",
  "prefix_length": 42,
  "keep_m": 20,
  "kl_to_baseline": 0.22557682019352954,
  "token_kl": 0.285219929954458,
  "distribution": {
    "A": 0.37754066879814546,
    "B": 0.6224593312018546
  }
}