{
  "question_id": "dilemma_48618",
  "method": "last_m",
  "prefix_length": 36,
  "keep_m": 20,
  "kl_to_baseline": 0.03129064139950058,
  "token_kl": 0.23822359535354115,
  "distribution": {
    "A": 0.9820137883929406,
    "B": 0.017986211607059335
  }
}