{
  "question_id": "dilemma_24577",
  "method": "last_m",
  "prefix_length": 24,
  "keep_m": 3,
  "kl_to_baseline": 0.22367111786918828,
  "token_kl": 0.36981490935259664,
  "distribution": {
    "A": 0.3486451421018059,
    "B": 0.651354857898194
  }
}