{
  "question_id": "dilemma_19599",
  "method": "last_m",
  "prefix_length": 26,
  "keep_m": 15,
  "kl_to_baseline": 0.0656898970081089,
  "token_kl": 0.12231114109326702,
  "distribution": {
    "A": 0.731058584489497,
    "B": 0.26894141551050293
  }
}