{
  "question_id": "dilemma_2081",
  "method": "last_m",
  "prefix_length": 23,
  "keep_m": 15,
  "kl_to_baseline": 0.05867912299948756,
  "token_kl": 0.21949076792905542,
  "distribution": {
    "A": 0.29421496597446145,
    "B": 0.7057850340255386
  }
}