{
  "question_id": "dilemma_3081",
  "method": "last_m",
  "prefix_length": 31,
  "keep_m": 15,
  "kl_to_baseline": 0.13627641694415968,
  "token_kl": 0.1453565427083401,
  "distribution": {
    "A": 0.5,
    "B": 0.5
  }
}