{
  "question_id": "dilemma_2081",
  "method": "last_m",
  "prefix_length": 21,
  "keep_m": 15,
  "kl_to_baseline": 0.04200214137557638,
  "token_kl": 0.21504788812372563,
  "distribution": {
    "A": 0.2689414213699951,
    "B": 0.7310585786300049
  }
}