{
  "question_id": "dilemma_19599",
  "method": "last_m",
  "prefix_length": 36,
  "keep_m": 3,
  "kl_to_baseline": 0.02993356278885699,
  "token_kl": 0.36368568339468554,
  "distribution": {
    "A": 0.8670357512127872,
    "B": 0.13296424878721277
  }
}