{
  "question_id": "dilemma_31754",
  "method": "last_m",
  "prefix_length": 23,
  "keep_m": 5,
  "kl_to_baseline": 0.046543301159536254,
  "token_kl": 0.3384863812439292,
  "distribution": {
    "A": 0.5,
    "B": 0.5
  }
}