{
  "question_id": "dilemma_32747",
  "method": "last_m",
  "prefix_length": 28,
  "keep_m": 3,
  "kl_to_baseline": 0.004086920908689676,
  "token_kl": 0.3127667743477807,
  "distribution": {
    "A": 0.005220125916025563,
    "B": 0.9947798740839744
  }
}