{
  "question_id": "dilemma_3081",
  "method": "last_m",
  "prefix_length": 27,
  "keep_m": 15,
  "kl_to_baseline": 0.24606330295223142,
  "token_kl": 0.4475025318267295,
  "distribution": {
    "A": 0.5,
    "B": 0.5
  }
}