{
  "question_id": "dilemma_45012",
  "method": "last_m",
  "prefix_length": 37,
  "keep_m": 5,
  "kl_to_baseline": 0.07856917685326494,
  "token_kl": 0.285322257873477,
  "distribution": {
    "A": 0.08509904500702024,
    "B": 0.9149009549929797
  }
}