{
  "question_id": "dilemma_15721",
  "method": "last_m",
  "prefix_length": 32,
  "keep_m": 15,
  "kl_to_baseline": 0.08146844791313564,
  "token_kl": 0.05518955900350623,
  "distribution": {
    "A": 0.1329642419157059,
    "B": 0.8670357580842941
  }
}