{
  "question_id": "dilemma_15721",
  "method": "last_m",
  "prefix_length": 33,
  "keep_m": 5,
  "kl_to_baseline": 0.22303785424971598,
  "token_kl": 0.28341762619236804,
  "distribution": {
    "A": 0.24508501313237172,
    "B": 0.7549149868676283
  }
}