{
  "question_id": "dilemma_19599",
  "method": "last_m",
  "prefix_length": 16,
  "keep_m": 3,
  "kl_to_baseline": 0.09279740044511042,
  "token_kl": 0.14598302008811992,
  "distribution": {
    "A": 0.7057850278370112,
    "B": 0.29421497216298875
  }
}