{
  "question_id": "dilemma_45012",
  "method": "last_m",
  "prefix_length": 37,
  "keep_m": 15,
  "kl_to_baseline": 0.07856917561771513,
  "token_kl": 0.07768618625909951,
  "distribution": {
    "A": 0.0850990438468576,
    "B": 0.9149009561531425
  }
}