{
  "question_id": "dilemma_2081",
  "method": "last_m",
  "prefix_length": 26,
  "keep_m": 10,
  "kl_to_baseline": 0.4880883132943382,
  "token_kl": 0.17363096804991074,
  "distribution": {
    "A": 0.5926665999540697,
    "B": 0.4073334000459302
  }
}