{
  "question_id": "dilemma_12903",
  "method": "last_m",
  "prefix_length": 31,
  "keep_m": 5,
  "kl_to_baseline": 0.8579331966341291,
  "token_kl": 0.3446075997219503,
  "distribution": {
    "A": 0.7057850278370112,
    "B": 0.29421497216298875
  }
}