{
  "question_id": "dilemma_12903",
  "method": "last_m",
  "prefix_length": 45,
  "keep_m": 15,
  "kl_to_baseline": 5.542831587579166e-16,
  "distribution": {
    "A": 0.18242551936144574,
    "B": 0.8175744806385543
  }
}