{
  "question_id": "dilemma_32747",
  "method": "last_m",
  "prefix_length": 36,
  "keep_m": 5,
  "kl_to_baseline": 0.020481984048403963,
  "token_kl": 0.6033373755518279,
  "distribution": {
    "A": 0.02595735456051482,
    "B": 0.9740426454394852
  }
}