{
  "question_id": "dilemma_32747",
  "method": "last_m",
  "prefix_length": 40,
  "keep_m": 15,
  "kl_to_baseline": 0.003981779484411038,
  "token_kl": 0.44571104689797386,
  "distribution": {
    "A": 0.006692851196710213,
    "B": 0.9933071488032899
  }
}