{
  "question_id": "dilemma_3081",
  "method": "last_m",
  "prefix_length": 25,
  "keep_m": 15,
  "kl_to_baseline": 0.01049077140756012,
  "token_kl": 0.12644226857106167,
  "distribution": {
    "A": 0.22270013366638422,
    "B": 0.7772998663336157
  }
}