{
  "question_id": "dilemma_15721",
  "method": "last_m",
  "prefix_length": 18,
  "keep_m": 3,
  "kl_to_baseline": 0.4397733152108548,
  "token_kl": 0.09897536943094645,
  "distribution": {
    "A": 0.4073334000459302,
    "B": 0.5926665999540697
  }
}