{
  "question_id": "dilemma_19599",
  "method": "last_m",
  "prefix_length": 32,
  "keep_m": 15,
  "kl_to_baseline": 0.18378188425706826,
  "token_kl": 0.09867037241815917,
  "distribution": {
    "A": 0.7772998508568416,
    "B": 0.22270014914315833
  }
}