{
  "question_id": "dilemma_32747",
  "method": "last_m",
  "prefix_length": 43,
  "keep_m": 3,
  "kl_to_baseline": 3.096544585750821e-05,
  "token_kl": 0.6456955266736064,
  "distribution": {
    "A": 0.0011695105131007287,
    "B": 0.9988304894868992
  }
}