{
  "question_id": "dilemma_25447",
  "method": "last_m",
  "prefix_length": 18,
  "keep_m": 5,
  "kl_to_baseline": 0.15489045801909668,
  "token_kl": 0.7156257722162733,
  "distribution": {
    "A": 0.6513548782017746,
    "B": 0.3486451217982255
  }
}