{
  "question_id": "dilemma_15721",
  "method": "last_m",
  "prefix_length": 38,
  "keep_m": 10,
  "kl_to_baseline": 0.3436517786960124,
  "token_kl": 0.7053463448481679,
  "distribution": {
    "A": 0.6513548646660542,
    "B": 0.34864513533394575
  }
}