{
  "question_id": "gpqa_gpqa_diamond_0023",
  "method": "last_m",
  "prefix_length": 262,
  "keep_m": 20,
  "kl_to_baseline": 0.005492028135012816,
  "token_kl": 2.6962211085436447,
  "distribution": {
    "A": 0.5302207023829536,
    "B": 0.15191077462729544,
    "C": 0.25045852537655533,
    "D": 0.06740999761319552
  }
}