{
  "question_id": "gpqa_gpqa_diamond_0009",
  "method": "last_m",
  "prefix_length": 108,
  "keep_m": 15,
  "kl_to_baseline": 2.3593622239156584,
  "token_kl": 0.28222568116250607,
  "distribution": {
    "A": 0.786149662847672,
    "B": 0.13661231891254888,
    "C": 0.012706928093102376,
    "D": 0.06453109014667684
  }
}