{
  "question_id": "gpqa_gpqa_diamond_0026",
  "method": "last_m",
  "prefix_length": 39,
  "keep_m": 15,
  "kl_to_baseline": 0.0003688075830428666,
  "token_kl": 0.20653468955356694,
  "distribution": {
    "A": 0.0010320787308656391,
    "B": 0.9988205387485457,
    "C": 5.138419883651533e-05,
    "D": 9.599832175221328e-05
  }
}