{
  "question_id": "gpqa_gpqa_diamond_0023",
  "method": "last_m",
  "prefix_length": 67,
  "keep_m": 5,
  "kl_to_baseline": 0.05170017855763114,
  "token_kl": 0.8839138045114248,
  "distribution": {
    "A": 0.0956904987895735,
    "B": 0.48595647969549005,
    "C": 0.3784632869254709,
    "D": 0.03988973458946547
  }
}