{
  "question_id": "gpqa_gpqa_diamond_0017",
  "method": "last_m",
  "prefix_length": 104,
  "keep_m": 20,
  "kl_to_baseline": 0.2174952365466011,
  "token_kl": 0.45520653981060033,
  "distribution": {
    "A": 0.8575124960058508,
    "B": 0.04269303453729251,
    "C": 0.062117998715758946,
    "D": 0.03767647074109779
  }
}