{
  "question_id": "gpqa_gpqa_diamond_0031",
  "method": "last_m",
  "prefix_length": 145,
  "keep_m": 15,
  "kl_to_baseline": 0.8822392502367532,
  "token_kl": 0.7478370231091159,
  "distribution": {
    "A": 0.2954807004966759,
    "B": 0.13957519989511502,
    "C": 0.33482349867891054,
    "D": 0.23012060092929845
  }
}