{
  "question_id": "gpqa_gpqa_diamond_0002",
  "method": "last_m",
  "prefix_length": 101,
  "keep_m": 3,
  "kl_to_baseline": 1.5465340401210548,
  "token_kl": 0.13044337087682611,
  "distribution": {
    "A": 0.2400083146979626,
    "B": 0.2400083146979626,
    "C": 0.308176776288574,
    "D": 0.21180659431550083
  }
}