{
  "question_id": "gpqa_gpqa_diamond_0023",
  "method": "last_m",
  "prefix_length": 173,
  "keep_m": 20,
  "kl_to_baseline": 0.03046943030879263,
  "token_kl": 0.2939472056970022,
  "distribution": {
    "A": 0.5088247866848042,
    "B": 0.16519121260414382,
    "C": 0.272354265953199,
    "D": 0.05362973475785301
  }
}