{
  "question_id": "gpqa_gpqa_diamond_0001",
  "method": "last_m",
  "prefix_length": 312,
  "keep_m": 20,
  "kl_to_baseline": 0.01887851055757364,
  "token_kl": 0.4594985781351528,
  "distribution": {
    "A": 0.4201996519813801,
    "B": 0.15458279472363842,
    "C": 0.13641883753648124,
    "D": 0.28879871575850025
  }
}