{
  "question_id": "gpqa_gpqa_diamond_0017",
  "method": "last_m",
  "prefix_length": 123,
  "keep_m": 5,
  "kl_to_baseline": 0.128856019365927,
  "token_kl": 0.2940248377941571,
  "distribution": {
    "A": 0.8676871352374829,
    "B": 0.03364388181594255,
    "C": 0.05546938357886573,
    "D": 0.04319959936770876
  }
}