{
  "question_id": "gpqa_gpqa_diamond_0002",
  "method": "last_m",
  "prefix_length": 16,
  "keep_m": 5,
  "kl_to_baseline": 0.12181356394705584,
  "token_kl": 0.10869842092389559,
  "distribution": {
    "A": 0.194089155517513,
    "B": 0.24921540878794646,
    "C": 0.3626062801770275,
    "D": 0.194089155517513
  }
}