{
  "question_id": "gpqa_gpqa_diamond_0001",
  "method": "last_m",
  "prefix_length": 291,
  "keep_m": 10,
  "kl_to_baseline": 0.14471950617311075,
  "token_kl": 0.5132481863547154,
  "distribution": {
    "A": 0.2701400373797229,
    "B": 0.14459554230804392,
    "C": 0.23839774625169233,
    "D": 0.3468666740605408
  }
}