{
  "question_id": "gpqa_gpqa_diamond_0023",
  "method": "last_m",
  "prefix_length": 310,
  "keep_m": 20,
  "kl_to_baseline": 0.1121654508592588,
  "token_kl": 0.42142918662651274,
  "distribution": {
    "A": 0.6028536580933005,
    "B": 0.15242527524172292,
    "C": 0.17272046484844356,
    "D": 0.07200060181653299
  }
}