{
  "question_id": "gpqa_gpqa_diamond_0002",
  "method": "last_m",
  "prefix_length": 51,
  "keep_m": 5,
  "kl_to_baseline": 0.1843326491096071,
  "token_kl": 0.45858381279534455,
  "distribution": {
    "A": 0.2733282987261871,
    "B": 0.18785560930468453,
    "C": 0.18785560930468453,
    "D": 0.35096048266444385
  }
}