{
  "question_id": "gpqa_gpqa_diamond_0004",
  "method": "last_m",
  "prefix_length": 31,
  "keep_m": 3,
  "kl_to_baseline": 0.23787074516236634,
  "token_kl": 0.03775474741097377,
  "distribution": {
    "A": 0.0011972073615508882,
    "B": 0.09510596071238868,
    "C": 0.9023402182563188,
    "D": 0.0013566136697416055
  }
}