{
  "question_id": "gpqa_gpqa_diamond_0002",
  "method": "last_m",
  "prefix_length": 92,
  "keep_m": 15,
  "kl_to_baseline": 0.009050533891736292,
  "token_kl": 0.5257207241086669,
  "distribution": {
    "A": 0.008540621431903775,
    "B": 0.003141919039625604,
    "C": 0.001155847420503382,
    "D": 0.9871616121079674
  }
}