{
  "question_id": "gpqa_gpqa_diamond_0011",
  "method": "last_m",
  "prefix_length": 122,
  "keep_m": 5,
  "kl_to_baseline": 0.9941642884018846,
  "token_kl": 0.5353570988047286,
  "distribution": {
    "A": 0.07282055188619072,
    "B": 0.36981327699679084,
    "C": 0.4748496753957089,
    "D": 0.08251649572130958
  }
}