{
  "question_id": "gpqa_gpqa_diamond_0009",
  "method": "last_m",
  "prefix_length": 82,
  "keep_m": 3,
  "kl_to_baseline": 2.491672142131646,
  "token_kl": 0.45824571517844787,
  "distribution": {
    "A": 0.6554814936168126,
    "B": 0.27324532300429893,
    "C": 0.017467989084400802,
    "D": 0.05380519429448761
  }
}