{
  "question_id": "gpqa_gpqa_diamond_0001",
  "method": "last_m",
  "prefix_length": 368,
  "keep_m": 10,
  "kl_to_baseline": 0.08378623420878538,
  "token_kl": 1.0524293493912444,
  "distribution": {
    "A": 0.2848872806234071,
    "B": 0.1048041735925909,
    "C": 0.1957999736363828,
    "D": 0.4145085721476191
  }
}