{
  "question_id": "gpqa_gpqa_diamond_0011",
  "method": "last_m",
  "prefix_length": 95,
  "keep_m": 5,
  "kl_to_baseline": 0.001978074782462418,
  "token_kl": 4.5498070096561304e-05,
  "distribution": {
    "A": 0.0010304562878211652,
    "B": 0.9972503202590357,
    "C": 0.0011676599484975376,
    "D": 0.0005515635046455326
  }
}