{
  "question_id": "gpqa_gpqa_diamond_0023",
  "method": "last_m",
  "prefix_length": 288,
  "keep_m": 3,
  "kl_to_baseline": 0.13746858970926235,
  "token_kl": 0.6932864409564717,
  "distribution": {
    "A": 0.24749918249440156,
    "B": 0.3177952409322493,
    "C": 0.3177952409322493,
    "D": 0.11691033564109976
  }
}