{
  "question_id": "gpqa_gpqa_diamond_0031",
  "method": "last_m",
  "prefix_length": 134,
  "keep_m": 5,
  "kl_to_baseline": 0.5039423079086552,
  "token_kl": 0.548694275434819,
  "distribution": {
    "A": 0.39188407484750154,
    "B": 0.07716654506458266,
    "C": 0.34583646161168985,
    "D": 0.18511291847622602
  }
}