{
  "question_id": "gpqa_gpqa_diamond_0011",
  "method": "last_m",
  "prefix_length": 128,
  "keep_m": 3,
  "kl_to_baseline": 1.7170494939386158,
  "token_kl": 0.060829270762797656,
  "distribution": {
    "A": 0.10890724459900786,
    "B": 0.1795577121086719,
    "C": 0.6267179959164638,
    "D": 0.08481704737585635
  }
}