{
  "question_id": "gpqa_gpqa_diamond_0011",
  "method": "last_m",
  "prefix_length": 114,
  "keep_m": 10,
  "kl_to_baseline": 0.01530620515868897,
  "token_kl": 0.6347131965729842,
  "distribution": {
    "A": 0.004560378936859005,
    "B": 0.9847677406955314,
    "C": 0.009654322285090604,
    "D": 0.0010175580825188759
  }
}