{
  "question_id": "gpqa_gpqa_diamond_0011",
  "method": "last_m",
  "prefix_length": 88,
  "keep_m": 10,
  "kl_to_baseline": 0.3344028925695807,
  "token_kl": 0.050197704476268284,
  "distribution": {
    "A": 0.028375852735296508,
    "B": 0.8292638987288634,
    "C": 0.12717174906530082,
    "D": 0.015188499470539307
  }
}