{
  "question_id": "gpqa_gpqa_diamond_0002",
  "method": "last_m",
  "prefix_length": 51,
  "keep_m": 20,
  "kl_to_baseline": 0.31938452382960036,
  "token_kl": 0.37676229347279033,
  "distribution": {
    "A": 0.3112296656009273,
    "B": 0.18877033439907273,
    "C": 0.3112296656009273,
    "D": 0.18877033439907273
  }
}