{
  "question_id": "gpqa_gpqa_diamond_0001",
  "method": "last_m",
  "prefix_length": 340,
  "keep_m": 20,
  "kl_to_baseline": 0.06140979498829273,
  "token_kl": 0.060414969074695735,
  "distribution": {
    "A": 0.46382610972719474,
    "B": 0.11727359911706049,
    "C": 0.17063207987669968,
    "D": 0.2482682112790452
  }
}