{
  "question_id": "gpqa_gpqa_diamond_0001",
  "method": "last_m",
  "prefix_length": 418,
  "keep_m": 5,
  "kl_to_baseline": 0.016903305320476333,
  "token_kl": 0.1605393701330368,
  "distribution": {
    "A": 0.6667769243776269,
    "B": 0.06201992058345491,
    "C": 0.05473238781344155,
    "D": 0.21647076722547665
  }
}