{
  "question_id": "gpqa_gpqa_diamond_0009",
  "method": "last_m",
  "prefix_length": 76,
  "keep_m": 10,
  "kl_to_baseline": 0.6970811831261398,
  "token_kl": 0.38661788712594425,
  "distribution": {
    "A": 0.47984302542515683,
    "B": 0.057309076828609494,
    "C": 0.03938791408171144,
    "D": 0.4234599836645222
  }
}