{
  "question_id": "gpqa_gpqa_diamond_0009",
  "method": "last_m",
  "prefix_length": 35,
  "keep_m": 3,
  "kl_to_baseline": 0.45818609805794813,
  "token_kl": 1.2281321619155847,
  "distribution": {
    "A": 0.40985985617882154,
    "B": 0.06285404090897743,
    "C": 0.06285404090897743,
    "D": 0.4644320620032235
  }
}