{
  "question_id": "gpqa_gpqa_diamond_0004",
  "method": "last_m",
  "prefix_length": 51,
  "keep_m": 10,
  "kl_to_baseline": 0.1070431150396525,
  "token_kl": 0.3891329579024292,
  "distribution": {
    "A": 0.002824863250088395,
    "B": 0.10600221142329774,
    "C": 0.8875457291148332,
    "D": 0.0036271962117806387
  }
}