{
  "question_id": "gpqa_gpqa_diamond_0001",
  "method": "last_m",
  "prefix_length": 407,
  "keep_m": 3,
  "kl_to_baseline": 0.1954491063486746,
  "token_kl": 0.7807711559089597,
  "distribution": {
    "A": 0.2973603945968024,
    "B": 0.3818183045785905,
    "C": 0.14046310451739943,
    "D": 0.18035819630720756
  }
}