{
  "question_id": "gpqa_gpqa_diamond_0011",
  "method": "last_m",
  "prefix_length": 30,
  "keep_m": 10,
  "kl_to_baseline": 0.0072243588438449975,
  "token_kl": 0.021621122790958226,
  "distribution": {
    "A": 0.1055060027790589,
    "B": 0.22335620963600455,
    "C": 0.607145162115711,
    "D": 0.06399262546922552
  }
}