{
  "question_id": "gpqa_gpqa_diamond_0002",
  "method": "last_m",
  "prefix_length": 102,
  "keep_m": 10,
  "kl_to_baseline": 1.427903903475626,
  "token_kl": 0.5742586143145068,
  "distribution": {
    "A": 0.18560664625247092,
    "B": 0.27005607679342275,
    "C": 0.30601362565976303,
    "D": 0.23832365129434321
  }
}