{
  "question_id": "gpqa_gpqa_diamond_0001",
  "method": "last_m",
  "prefix_length": 246,
  "keep_m": 3,
  "kl_to_baseline": 0.017104841485700604,
  "token_kl": 1.278955526233974,
  "distribution": {
    "A": 0.35888231301687173,
    "B": 0.16952400103950147,
    "C": 0.19209585953561018,
    "D": 0.27949782640801674
  }
}