{
  "question_id": "gpqa_gpqa_diamond_0031",
  "method": "last_m",
  "prefix_length": 131,
  "keep_m": 3,
  "kl_to_baseline": 0.40857537623210644,
  "token_kl": 1.4277053229259806,
  "distribution": {
    "A": 0.4775907109435724,
    "B": 0.05704007622460374,
    "C": 0.28967340898123056,
    "D": 0.17569580385059327
  }
}