{
  "question_id": "gpqa_gpqa_diamond_0026",
  "method": "last_m",
  "prefix_length": 66,
  "keep_m": 10,
  "kl_to_baseline": 0.0040681744022322336,
  "token_kl": 0.5483311121923059,
  "distribution": {
    "A": 0.002458218616867598,
    "B": 0.9917161975288976,
    "C": 0.0006215350014885064,
    "D": 0.00520404885274629
  }
}