{
  "question_id": "gpqa_gpqa_diamond_0023",
  "method": "last_m",
  "prefix_length": 185,
  "keep_m": 5,
  "kl_to_baseline": 0.1623524639802868,
  "token_kl": 0.436676346274698,
  "distribution": {
    "A": 0.3089660327874752,
    "B": 0.24062298827735104,
    "C": 0.35010438210332184,
    "D": 0.10030659683185203
  }
}