{
  "question_id": "gpqa_gpqa_diamond_0009",
  "method": "last_m",
  "prefix_length": 36,
  "keep_m": 10,
  "kl_to_baseline": 0.10292493069121264,
  "token_kl": 0.40717455528875346,
  "distribution": {
    "A": 0.9119150903252927,
    "B": 0.03120401682352815,
    "C": 0.011479316271343819,
    "D": 0.045401576579835366
  }
}