{
  "question_id": "gpqa_gpqa_diamond_0026",
  "method": "last_m",
  "prefix_length": 94,
  "keep_m": 3,
  "kl_to_baseline": 0.42491479134957866,
  "token_kl": 0.7776526645698123,
  "distribution": {
    "A": 0.36343010641645557,
    "B": 0.5991949825764245,
    "C": 0.0075427512220417724,
    "D": 0.029832159785078152
  }
}