{
  "question_id": "gpqa_gpqa_diamond_0009",
  "method": "last_m",
  "prefix_length": 83,
  "keep_m": 20,
  "kl_to_baseline": 0.08557423166096872,
  "token_kl": 0.21575538823425947,
  "distribution": {
    "A": 0.15694580696776958,
    "B": 0.018744503583176326,
    "C": 0.027273091784801664,
    "D": 0.7970365976642525
  }
}