{
  "question_id": "gpqa_gpqa_diamond_0023",
  "method": "last_m",
  "prefix_length": 99,
  "keep_m": 15,
  "kl_to_baseline": 0.06850224922844027,
  "token_kl": 0.09906242104923296,
  "distribution": {
    "A": 0.37185500533395194,
    "B": 0.25557195843078495,
    "C": 0.2896009693431032,
    "D": 0.08297206689215993
  }
}