{
  "question_id": "gpqa_gpqa_diamond_0009",
  "method": "last_m",
  "prefix_length": 35,
  "keep_m": 10,
  "kl_to_baseline": 0.7668219399665952,
  "token_kl": 0.6116414113482882,
  "distribution": {
    "A": 0.30476934576156445,
    "B": 0.025016991327444556,
    "C": 0.025016991327444556,
    "D": 0.6451966715835464
  }
}