{
  "question_id": "gpqa_gpqa_diamond_0007",
  "method": "last_m",
  "prefix_length": 194,
  "keep_m": 3,
  "kl_to_baseline": 0.0018853952034476875,
  "token_kl": 1.5460986002619144,
  "distribution": {
    "A": 0.9973572867727065,
    "B": 0.002472201628388917,
    "C": 7.46539848719378e-05,
    "D": 9.585761403259028e-05
  }
}