{
  "question_id": "gpqa_gpqa_diamond_0001",
  "method": "last_m",
  "prefix_length": 302,
  "keep_m": 20,
  "kl_to_baseline": 0.08005431270244366,
  "token_kl": 0.13839215386332987,
  "distribution": {
    "A": 0.1487627550569521,
    "B": 0.2779254157516307,
    "C": 0.21644853142281575,
    "D": 0.3568632977686014
  }
}