{
  "question_id": "gpqa_gpqa_diamond_0020",
  "method": "last_m",
  "prefix_length": 54,
  "keep_m": 15,
  "kl_to_baseline": 0.12209601277967967,
  "token_kl": 0.05354299535508065,
  "distribution": {
    "A": 0.5887092638042587,
    "B": 0.3151133615262306,
    "C": 0.02586607984725276,
    "D": 0.0703112948222579
  }
}