{
  "question_id": "gpqa_gpqa_diamond_0023",
  "method": "last_m",
  "prefix_length": 295,
  "keep_m": 3,
  "kl_to_baseline": 0.13202251697112527,
  "token_kl": 1.1685001154955583,
  "distribution": {
    "A": 0.33627076591240956,
    "B": 0.2311152921824278,
    "C": 0.33627076591240956,
    "D": 0.09634317599275317
  }
}