{
  "question_id": "gpqa_gpqa_diamond_0009",
  "method": "last_m",
  "prefix_length": 78,
  "keep_m": 5,
  "kl_to_baseline": 1.6618741817055207,
  "token_kl": 0.6163592111246503,
  "distribution": {
    "A": 0.7830834925685581,
    "B": 0.050060854318116306,
    "C": 0.012657366171432824,
    "D": 0.1541982869418928
  }
}