{
  "question_id": "gpqa_gpqa_diamond_0001",
  "method": "last_m",
  "prefix_length": 278,
  "keep_m": 5,
  "kl_to_baseline": 0.10248780840543675,
  "token_kl": 1.0801701709284646,
  "distribution": {
    "A": 0.2564175867814774,
    "B": 0.12112309153013645,
    "C": 0.1996982173786945,
    "D": 0.4227611043096916
  }
}