{
  "question_id": "gpqa_gpqa_diamond_0009",
  "method": "last_m",
  "prefix_length": 74,
  "keep_m": 3,
  "kl_to_baseline": 2.225151879736427,
  "token_kl": 0.3389306277617974,
  "distribution": {
    "A": 0.661244658280196,
    "B": 0.1894497777875397,
    "C": 0.04790040524110058,
    "D": 0.10140515869116377
  }
}