{
  "question_id": "gpqa_gpqa_diamond_0017",
  "method": "last_m",
  "prefix_length": 105,
  "keep_m": 20,
  "kl_to_baseline": 0.5311638520933165,
  "token_kl": 1.2599564260506253,
  "distribution": {
    "A": 0.944332517256201,
    "B": 0.028516370889285183,
    "C": 0.015263717057529436,
    "D": 0.011887394796984283
  }
}