{
  "question_id": "gpqa_gpqa_diamond_0009",
  "method": "last_m",
  "prefix_length": 110,
  "keep_m": 5,
  "kl_to_baseline": 2.5945916130436553,
  "token_kl": 0.13538998596982138,
  "distribution": {
    "A": 0.8869870295695917,
    "B": 0.030351024405132345,
    "C": 0.018408826855399157,
    "D": 0.06425311916987686
  }
}