{
  "question_id": "gpqa_gpqa_diamond_0009",
  "method": "last_m",
  "prefix_length": 85,
  "keep_m": 5,
  "kl_to_baseline": 1.571851681953687,
  "token_kl": 0.10481168868555144,
  "distribution": {
    "A": 0.6138479461075776,
    "B": 0.13696799052176853,
    "C": 0.07331368226805735,
    "D": 0.17587038110259645
  }
}