{
  "question_id": "gpqa_gpqa_diamond_0031",
  "method": "last_m",
  "prefix_length": 90,
  "keep_m": 15,
  "kl_to_baseline": 0.7441935010691789,
  "token_kl": 0.12573447476524074,
  "distribution": {
    "A": 0.3535261342185437,
    "B": 0.07888235234834756,
    "C": 0.4005975921084379,
    "D": 0.16699392132467072
  }
}