{
  "question_id": "gpqa_gpqa_diamond_0009",
  "method": "last_m",
  "prefix_length": 28,
  "keep_m": 10,
  "kl_to_baseline": 0.03013736163582393,
  "token_kl": 0.2689324192197516,
  "distribution": {
    "A": 0.8456762266210943,
    "B": 0.06941733603605199,
    "C": 0.015489101306801648,
    "D": 0.06941733603605199
  }
}