{
  "question_id": "gpqa_gpqa_diamond_0026",
  "method": "last_m",
  "prefix_length": 58,
  "keep_m": 3,
  "kl_to_baseline": 0.003729657190297643,
  "token_kl": 0.3355320059638266,
  "distribution": {
    "A": 0.00853573680031172,
    "B": 0.9865970410836573,
    "C": 0.0013089976340088397,
    "D": 0.003558224482022113
  }
}