{
  "question_id": "gpqa_gpqa_diamond_0009",
  "method": "last_m",
  "prefix_length": 84,
  "keep_m": 5,
  "kl_to_baseline": 1.88664572216474,
  "token_kl": 0.21472758437219808,
  "distribution": {
    "A": 0.7323188808766273,
    "B": 0.09910858020929168,
    "C": 0.04131460291351478,
    "D": 0.1272579360005662
  }
}