{
  "question_id": "gpqa_gpqa_diamond_0020",
  "method": "last_m",
  "prefix_length": 57,
  "keep_m": 10,
  "kl_to_baseline": 0.126781423648548,
  "token_kl": 0.16539846234400246,
  "distribution": {
    "A": 0.2819242843422736,
    "B": 0.5968337146361098,
    "C": 0.029714597412577936,
    "D": 0.0915274036090387
  }
}