{
  "question_id": "gpqa_gpqa_diamond_0031",
  "method": "last_m",
  "prefix_length": 143,
  "keep_m": 15,
  "kl_to_baseline": 0.7306020745191277,
  "token_kl": 0.9910366379082489,
  "distribution": {
    "A": 0.34972735624930745,
    "B": 0.08842492339593747,
    "C": 0.34972735624930745,
    "D": 0.21212036410544763
  }
}