{
  "question_id": "gpqa_gpqa_diamond_0004",
  "method": "last_m",
  "prefix_length": 37,
  "keep_m": 15,
  "kl_to_baseline": 0.018523198510388406,
  "token_kl": 0.1978131834361606,
  "distribution": {
    "A": 0.001296639065332557,
    "B": 0.1322607803512806,
    "C": 0.8624486510873842,
    "D": 0.00399392949600267
  }
}