{
  "question_id": "gpqa_gpqa_diamond_0001",
  "method": "last_m",
  "prefix_length": 404,
  "keep_m": 10,
  "kl_to_baseline": 0.7672013201644129,
  "token_kl": 0.5647503030316152,
  "distribution": {
    "A": 0.17087081329620632,
    "B": 0.7657898335670681,
    "C": 0.03364645808965906,
    "D": 0.029692895047066525
  }
}