{
  "question_id": "gpqa_gpqa_diamond_0004",
  "method": "last_m",
  "prefix_length": 122,
  "keep_m": 3,
  "kl_to_baseline": 0.11441160836375049,
  "token_kl": 2.422783180107974,
  "distribution": {
    "A": 0.0017185657123355374,
    "B": 0.10632389567499764,
    "C": 0.8902389729003312,
    "D": 0.0017185657123355374
  }
}