{
  "question_id": "gpqa_gpqa_diamond_0011",
  "method": "last_m",
  "prefix_length": 71,
  "keep_m": 15,
  "kl_to_baseline": 0.06643401920148158,
  "token_kl": 0.17855255637045453,
  "distribution": {
    "A": 0.08495055708837305,
    "B": 0.38072198322209133,
    "C": 0.48885670314892915,
    "D": 0.045470756540606595
  }
}