{
  "question_id": "gpqa_gpqa_diamond_0001",
  "method": "last_m",
  "prefix_length": 171,
  "keep_m": 20,
  "kl_to_baseline": 0.17317291997339446,
  "token_kl": 0.14846488388245144,
  "distribution": {
    "A": 0.2759387141546924,
    "B": 0.40148846005586336,
    "C": 0.0790577652447522,
    "D": 0.2435150605446921
  }
}