{
  "question_id": "gpqa_gpqa_diamond_0001",
  "method": "last_m",
  "prefix_length": 294,
  "keep_m": 10,
  "kl_to_baseline": 0.08592220264647694,
  "token_kl": 0.7612279027403146,
  "distribution": {
    "A": 0.26982114564947046,
    "B": 0.21013691952103117,
    "C": 0.12745448442707158,
    "D": 0.3925874504024267
  }
}