{
  "question_id": "gpqa_gpqa_diamond_0001",
  "method": "last_m",
  "prefix_length": 280,
  "keep_m": 3,
  "kl_to_baseline": 0.15641545513519287,
  "token_kl": 0.36900523542805824,
  "distribution": {
    "A": 0.29856708728081965,
    "B": 0.08554090269052987,
    "C": 0.2325242813736508,
    "D": 0.3833677286549997
  }
}