{
  "question_id": "gpqa_gpqa_diamond_0031",
  "method": "last_m",
  "prefix_length": 144,
  "keep_m": 15,
  "kl_to_baseline": 0.7220149962071626,
  "token_kl": 0.11595599868780228,
  "distribution": {
    "A": 0.3867179823146434,
    "B": 0.11079655696523949,
    "C": 0.34127742156643714,
    "D": 0.16120803915367993
  }
}