{
  "question_id": "gpqa_gpqa_diamond_0004",
  "method": "last_m",
  "prefix_length": 56,
  "keep_m": 15,
  "kl_to_baseline": 0.1311402038115334,
  "token_kl": 0.0527193858405146,
  "distribution": {
    "A": 0.005111121182331784,
    "B": 0.1318175526503024,
    "C": 0.8595585073761477,
    "D": 0.003512818791218073
  }
}