{
  "question_id": "gpqa_gpqa_diamond_0004",
  "method": "last_m",
  "prefix_length": 89,
  "keep_m": 10,
  "kl_to_baseline": 0.04505113298792993,
  "token_kl": 0.6338346592397562,
  "distribution": {
    "A": 0.0023649527827064136,
    "B": 0.04191978110624625,
    "C": 0.9540898594186463,
    "D": 0.0016254066924009936
  }
}