{
  "question_id": "gpqa_gpqa_diamond_0020",
  "method": "last_m",
  "prefix_length": 57,
  "keep_m": 3,
  "kl_to_baseline": 0.0832381978454968,
  "token_kl": 0.3288313993340979,
  "distribution": {
    "A": 0.4618304706227369,
    "B": 0.3174111310779962,
    "C": 0.07082399651032753,
    "D": 0.1499344017889394
  }
}