{
  "question_id": "gpqa_gpqa_diamond_0011",
  "method": "last_m",
  "prefix_length": 46,
  "keep_m": 5,
  "kl_to_baseline": 0.1416995852418252,
  "token_kl": 0.08655828519463608,
  "distribution": {
    "A": 0.07841108797240545,
    "B": 0.24152315431459723,
    "C": 0.5793839278062902,
    "D": 0.10068182990670706
  }
}