{
  "question_id": "gpqa_gpqa_diamond_0023",
  "method": "last_m",
  "prefix_length": 234,
  "keep_m": 20,
  "kl_to_baseline": 0.05886067592554846,
  "token_kl": 0.26061774703455726,
  "distribution": {
    "A": 0.4220412305175926,
    "B": 0.1759329597411666,
    "C": 0.32868604081552044,
    "D": 0.07333976892572042
  }
}