{
  "question_id": "gpqa_gpqa_diamond_0023",
  "method": "last_m",
  "prefix_length": 275,
  "keep_m": 15,
  "kl_to_baseline": 0.017948450465377106,
  "token_kl": 0.2581559196993355,
  "distribution": {
    "A": 0.4847303980580763,
    "B": 0.20206568069000352,
    "C": 0.22897041349177277,
    "D": 0.08423350776014744
  }
}