{
  "question_id": "gpqa_gpqa_diamond_0031",
  "method": "last_m",
  "prefix_length": 152,
  "keep_m": 5,
  "kl_to_baseline": 0.2035354034919968,
  "token_kl": 0.34722247568932224,
  "distribution": {
    "A": 0.6841799052944428,
    "B": 0.030060763501868638,
    "C": 0.22212069437084292,
    "D": 0.06363863683284558
  }
}