{
  "question_id": "gpqa_gpqa_diamond_0009",
  "method": "last_m",
  "prefix_length": 126,
  "keep_m": 5,
  "kl_to_baseline": 0.17656012139107266,
  "token_kl": 0.7263631772273749,
  "distribution": {
    "A": 0.19568463942767897,
    "B": 0.020625011713038235,
    "C": 0.009742563360322531,
    "D": 0.7739477854989604
  }
}