{
  "question_id": "gpqa_gpqa_diamond_0031",
  "method": "last_m",
  "prefix_length": 81,
  "keep_m": 5,
  "kl_to_baseline": 1.9095218391558497,
  "token_kl": 0.34951912955062303,
  "distribution": {
    "A": 0.13340895481011902,
    "B": 0.0809166213725544,
    "C": 0.4656429781293589,
    "D": 0.3200314456879676
  }
}