{
  "question_id": "gpqa_gpqa_diamond_0023",
  "method": "last_m",
  "prefix_length": 297,
  "keep_m": 5,
  "kl_to_baseline": 0.1412134350426347,
  "token_kl": 0.5986084016743741,
  "distribution": {
    "A": 0.34115916906196886,
    "B": 0.2069234958781698,
    "C": 0.34115916906196886,
    "D": 0.11075816599789257
  }
}