{
  "question_id": "gpqa_gpqa_diamond_0031",
  "method": "last_m",
  "prefix_length": 85,
  "keep_m": 5,
  "kl_to_baseline": 1.8260351450999075,
  "token_kl": 0.08212557696774803,
  "distribution": {
    "A": 0.14993440591621982,
    "B": 0.07082399845991676,
    "C": 0.46183045580841453,
    "D": 0.3174111398154489
  }
}