{
  "question_id": "gpqa_gpqa_diamond_0002",
  "method": "last_m",
  "prefix_length": 24,
  "keep_m": 3,
  "kl_to_baseline": 0.1042189579802133,
  "token_kl": 0.3564468203108584,
  "distribution": {
    "A": 0.33482349867891054,
    "B": 0.23012060092929845,
    "C": 0.2954807004966759,
    "D": 0.13957519989511502
  }
}