{
  "question_id": "gpqa_gpqa_diamond_0007",
  "method": "last_m",
  "prefix_length": 63,
  "keep_m": 3,
  "kl_to_baseline": 0.08748570149056607,
  "token_kl": 0.17050886467943221,
  "distribution": {
    "A": 0.8994758475724421,
    "B": 0.006867583457814298,
    "C": 0.08366429399944976,
    "D": 0.009992274970293785
  }
}