{
  "question_id": "gpqa_gpqa_diamond_0023",
  "method": "last_m",
  "prefix_length": 338,
  "keep_m": 3,
  "kl_to_baseline": 0.161584753009271,
  "token_kl": 0.3191036804754105,
  "distribution": {
    "A": 0.2856304006162663,
    "B": 0.2856304006162663,
    "C": 0.32366164660718005,
    "D": 0.10507755216028726
  }
}