{
  "question_id": "gpqa_gpqa_diamond_0001",
  "method": "last_m",
  "prefix_length": 382,
  "keep_m": 10,
  "kl_to_baseline": 0.09736126674766138,
  "token_kl": 1.6314545205002404,
  "distribution": {
    "A": 0.32614203564810973,
    "B": 0.09344125767093055,
    "C": 0.10588281658243366,
    "D": 0.4745338900985261
  }
}