{
  "question_id": "gpqa_gpqa_diamond_0031",
  "method": "last_m",
  "prefix_length": 159,
  "keep_m": 10,
  "kl_to_baseline": 0.14259183234604178,
  "token_kl": 0.4803693901622218,
  "distribution": {
    "A": 0.7235711741719647,
    "B": 0.03602448966474204,
    "C": 0.14247962052811416,
    "D": 0.09792471563517897
  }
}