{
  "question_id": "gpqa_gpqa_diamond_0023",
  "method": "last_m",
  "prefix_length": 336,
  "keep_m": 3,
  "kl_to_baseline": 0.20467956535948983,
  "token_kl": 1.3397676892352552,
  "distribution": {
    "A": 0.30489397824013215,
    "B": 0.2374516690071708,
    "C": 0.34549013979219634,
    "D": 0.11216421296050076
  }
}