{
  "question_id": "gpqa_gpqa_diamond_0023",
  "method": "last_m",
  "prefix_length": 363,
  "keep_m": 20,
  "kl_to_baseline": 0.0032068958647861164,
  "token_kl": 1.441364521319036,
  "distribution": {
    "A": 0.001027534895253427,
    "B": 0.004063979346205463,
    "C": 0.994423112642249,
    "D": 0.000485373116291961
  }
}