{
  "question_id": "gpqa_gpqa_diamond_0031",
  "method": "last_m",
  "prefix_length": 148,
  "keep_m": 3,
  "kl_to_baseline": 1.065696606268132,
  "token_kl": 0.7705135422715329,
  "distribution": {
    "A": 0.198297255817503,
    "B": 0.06437769337154221,
    "C": 0.5390277949934519,
    "D": 0.198297255817503
  }
}