{
  "question_id": "gpqa_gpqa_diamond_0009",
  "method": "last_m",
  "prefix_length": 92,
  "keep_m": 5,
  "kl_to_baseline": 1.8382185290794903,
  "token_kl": 0.3031752506591254,
  "distribution": {
    "A": 0.6560790319785504,
    "B": 0.18796978417930857,
    "C": 0.041941733046838806,
    "D": 0.11400945079530217
  }
}