{
  "question_id": "gpqa_gpqa_diamond_0031",
  "method": "last_m",
  "prefix_length": 134,
  "keep_m": 20,
  "kl_to_baseline": 0.4052409492305834,
  "token_kl": 0.4039830763842235,
  "distribution": {
    "A": 0.4429666554483415,
    "B": 0.06793113675968926,
    "C": 0.30444623315153974,
    "D": 0.18465597464042957
  }
}