{
  "question_id": "gpqa_gpqa_diamond_0023",
  "method": "last_m",
  "prefix_length": 333,
  "keep_m": 20,
  "kl_to_baseline": 0.08041143923202324,
  "token_kl": 0.3683693171717508,
  "distribution": {
    "A": 0.4410270517022413,
    "B": 0.23606478378021745,
    "C": 0.23606478378021745,
    "D": 0.08684338073732374
  }
}