{
  "question_id": "gpqa_gpqa_diamond_0009",
  "method": "last_m",
  "prefix_length": 105,
  "keep_m": 5,
  "kl_to_baseline": 1.6539717494889363,
  "token_kl": 0.05695308633093851,
  "distribution": {
    "A": 0.7351419240146282,
    "B": 0.08780017684907578,
    "C": 0.03229987999399181,
    "D": 0.1447580191423042
  }
}