{
  "question_id": "gpqa_gpqa_diamond_0020",
  "method": "last_m",
  "prefix_length": 74,
  "keep_m": 3,
  "kl_to_baseline": 1.2783811833390089,
  "token_kl": 0.4260984070626466,
  "distribution": {
    "A": 0.33424000363035195,
    "B": 0.2603063765611073,
    "C": 0.20272680990427036,
    "D": 0.20272680990427036
  }
}