{
  "question_id": "gpqa_gpqa_diamond_0011",
  "method": "last_m",
  "prefix_length": 72,
  "keep_m": 15,
  "kl_to_baseline": 0.0233982183911113,
  "token_kl": 0.8434299312970233,
  "distribution": {
    "A": 0.0473284717285246,
    "B": 0.8389171969061833,
    "C": 0.08842122597826131,
    "D": 0.025333105387030718
  }
}