{
  "question_id": "gpqa_gpqa_diamond_0004",
  "method": "last_m",
  "prefix_length": 121,
  "keep_m": 10,
  "kl_to_baseline": 0.0016733834047750536,
  "token_kl": 0.6787900568208534,
  "distribution": {
    "A": 0.00037899252989002946,
    "B": 0.0021809514266913454,
    "C": 0.9970106012444498,
    "D": 0.0004294547989687698
  }
}