{
  "question_id": "gpqa_gpqa_diamond_0001",
  "method": "last_m",
  "prefix_length": 251,
  "keep_m": 3,
  "kl_to_baseline": 0.04132897977269551,
  "token_kl": 2.6509033953760217,
  "distribution": {
    "A": 0.2954807004966759,
    "B": 0.13957519989511502,
    "C": 0.23012060092929845,
    "D": 0.33482349867891054
  }
}