{
  "question_id": "gpqa_gpqa_diamond_0023",
  "method": "last_m",
  "prefix_length": 301,
  "keep_m": 20,
  "kl_to_baseline": 0.10566601559617572,
  "token_kl": 0.6161729595303218,
  "distribution": {
    "A": 0.579334566587193,
    "B": 0.14647872638243603,
    "C": 0.21312528931065308,
    "D": 0.0610614177197179
  }
}