{
  "question_id": "gpqa_gpqa_diamond_0011",
  "method": "last_m",
  "prefix_length": 70,
  "keep_m": 5,
  "kl_to_baseline": 0.4549071161590331,
  "token_kl": 0.7743236845314795,
  "distribution": {
    "A": 0.019607749714525308,
    "B": 0.6493194936894258,
    "C": 0.27067663555600047,
    "D": 0.06039612104004857
  }
}