{
  "question_id": "gpqa_gpqa_diamond_0001",
  "method": "last_m",
  "prefix_length": 218,
  "keep_m": 20,
  "kl_to_baseline": 0.07464287697047138,
  "token_kl": 0.6108845156727524,
  "distribution": {
    "A": 0.20425667646946113,
    "B": 0.20425667646946113,
    "C": 0.15907525958197893,
    "D": 0.4324113874790989
  }
}