{
  "question_id": "gpqa_gpqa_diamond_0031",
  "method": "last_m",
  "prefix_length": 115,
  "keep_m": 20,
  "kl_to_baseline": 0.003588904036712667,
  "token_kl": 0.0002824551135831182,
  "distribution": {
    "A": 0.9733712551873923,
    "B": 0.005787877741855053,
    "C": 0.005107784179725407,
    "D": 0.015733082891027164
  }
}