{
  "question_id": "gpqa_gpqa_diamond_0031",
  "method": "last_m",
  "prefix_length": 71,
  "keep_m": 5,
  "kl_to_baseline": 0.0732599108467071,
  "token_kl": 0.3675200593365115,
  "distribution": {
    "A": 0.8381073993537352,
    "B": 0.008216516683283215,
    "C": 0.10009766487211709,
    "D": 0.05357841909086454
  }
}