{
  "question_id": "gpqa_gpqa_diamond_0023",
  "method": "last_m",
  "prefix_length": 37,
  "keep_m": 3,
  "kl_to_baseline": 0.2048974853924905,
  "token_kl": 0.5309535426011636,
  "distribution": {
    "A": 0.27000182272625983,
    "B": 0.34668920293253547,
    "C": 0.3059521477474848,
    "D": 0.07735682659371991
  }
}