{
  "question_id": "gpqa_gpqa_diamond_0031",
  "method": "last_m",
  "prefix_length": 157,
  "keep_m": 20,
  "kl_to_baseline": 0.005607673076491541,
  "token_kl": 0.4333540651139766,
  "distribution": {
    "A": 0.8971689081318237,
    "B": 0.012797428114956457,
    "C": 0.050614810050713645,
    "D": 0.0394188537025062
  }
}