{
  "question_id": "gpqa_gpqa_diamond_0023",
  "method": "last_m",
  "prefix_length": 362,
  "keep_m": 20,
  "kl_to_baseline": 0.005687347320515407,
  "token_kl": 0.5876201301808266,
  "distribution": {
    "A": 0.0019121354039918909,
    "B": 0.005889791688788509,
    "C": 0.9905106193358745,
    "D": 0.0016874535713451877
  }
}