{
  "question_id": "gpqa_gpqa_diamond_0023",
  "method": "last_m",
  "prefix_length": 333,
  "keep_m": 10,
  "kl_to_baseline": 0.06112748304061455,
  "token_kl": 0.48143479743065,
  "distribution": {
    "A": 0.4086344760493162,
    "B": 0.2808500775930917,
    "C": 0.2478493235665467,
    "D": 0.0626661227910455
  }
}