{
  "question_id": "gpqa_gpqa_diamond_0002",
  "method": "last_m",
  "prefix_length": 47,
  "keep_m": 5,
  "kl_to_baseline": 0.6469339108626476,
  "token_kl": 0.2196162052661229,
  "distribution": {
    "A": 0.2617501108999154,
    "B": 0.2617501108999154,
    "C": 0.29660173325630934,
    "D": 0.17989804494385983
  }
}