{
  "question_id": "gpqa_gpqa_diamond_0002",
  "method": "last_m",
  "prefix_length": 33,
  "keep_m": 5,
  "kl_to_baseline": 0.8800878928546916,
  "token_kl": 0.30478681977716754,
  "distribution": {
    "A": 0.2666584551115272,
    "B": 0.20767381365346843,
    "C": 0.3423962339378881,
    "D": 0.18327149729711636
  }
}