{
  "question_id": "gpqa_gpqa_diamond_0023",
  "method": "last_m",
  "prefix_length": 348,
  "keep_m": 3,
  "kl_to_baseline": 0.31982133280761155,
  "token_kl": 0.40659173765071754,
  "distribution": {
    "A": 0.24855219413935517,
    "B": 0.17082725825195114,
    "C": 0.40979328935674264,
    "D": 0.17082725825195114
  }
}