{
  "question_id": "gpqa_gpqa_diamond_0004",
  "method": "last_m",
  "prefix_length": 55,
  "keep_m": 20,
  "kl_to_baseline": 0.1311307955642628,
  "token_kl": 0.8853057688196935,
  "distribution": {
    "A": 0.008250788440607162,
    "B": 0.14624868957780612,
    "C": 0.8416031254885018,
    "D": 0.003897396493085017
  }
}