{
  "question_id": "gpqa_gpqa_diamond_0023",
  "method": "last_m",
  "prefix_length": 287,
  "keep_m": 3,
  "kl_to_baseline": 0.22130867607289326,
  "token_kl": 0.5615672588014341,
  "distribution": {
    "A": 0.18614167510624074,
    "B": 0.3068957391114116,
    "C": 0.3940619527801447,
    "D": 0.11290063300220286
  }
}