{
  "question_id": "gpqa_gpqa_diamond_0001",
  "method": "last_m",
  "prefix_length": 416,
  "keep_m": 5,
  "kl_to_baseline": 0.017392146042477713,
  "token_kl": 0.37806521693040324,
  "distribution": {
    "A": 0.6568557892240412,
    "B": 0.04758247235986283,
    "C": 0.053918004947673584,
    "D": 0.24164373346842244
  }
}