{
  "question_id": "gpqa_gpqa_diamond_0031",
  "method": "last_m",
  "prefix_length": 86,
  "keep_m": 5,
  "kl_to_baseline": 1.6561914149173558,
  "token_kl": 0.0773025278986714,
  "distribution": {
    "A": 0.16940286890425207,
    "B": 0.06231984017443879,
    "C": 0.5217975710539297,
    "D": 0.24647971986737943
  }
}