{
  "question_id": "gpqa_gpqa_diamond_0009",
  "method": "last_m",
  "prefix_length": 80,
  "keep_m": 20,
  "kl_to_baseline": 0.0871407890702984,
  "token_kl": 0.49906937331595963,
  "distribution": {
    "A": 0.0035723961614081783,
    "B": 0.0013142111035018462,
    "C": 0.004587047469725824,
    "D": 0.9905263452653641
  }
}