{
  "question_id": "gpqa_gpqa_diamond_0023",
  "method": "last_m",
  "prefix_length": 69,
  "keep_m": 15,
  "kl_to_baseline": 0.0673156284331165,
  "token_kl": 0.11797208201526663,
  "distribution": {
    "A": 0.23849850138443943,
    "B": 0.44557386106512226,
    "C": 0.23849850138443943,
    "D": 0.07742913616599881
  }
}