{
  "question_id": "gpqa_gpqa_diamond_0031",
  "method": "last_m",
  "prefix_length": 175,
  "keep_m": 20,
  "kl_to_baseline": 1.3269303815355624,
  "token_kl": 0.0455125020606499,
  "distribution": {
    "A": 0.23816715644219838,
    "B": 0.09928284185558209,
    "C": 0.3926712568084175,
    "D": 0.2698787448938019
  }
}