{
  "question_id": "gpqa_gpqa_diamond_0003",
  "method": "last_m",
  "prefix_length": 26,
  "keep_m": 5,
  "kl_to_baseline": 0.03580389865627466,
  "token_kl": 0.29054948612592035,
  "distribution": {
    "A": 0.08237508770204255,
    "B": 0.00526606191797939,
    "C": 0.8856155749086495,
    "D": 0.026743275471328563
  }
}