{
  "question_id": "gpqa_gpqa_diamond_0011",
  "method": "last_m",
  "prefix_length": 120,
  "keep_m": 20,
  "kl_to_baseline": 0.15893192142970572,
  "token_kl": 0.11999285194381638,
  "distribution": {
    "A": 0.03989193281262748,
    "B": 0.8529271065983735,
    "C": 0.08445122242704407,
    "D": 0.02272973816195508
  }
}