{
  "question_id": "gpqa_gpqa_diamond_0023",
  "method": "last_m",
  "prefix_length": 183,
  "keep_m": 3,
  "kl_to_baseline": 0.08280897319438307,
  "token_kl": 0.5791040363298232,
  "distribution": {
    "A": 0.329854426985402,
    "B": 0.2568908860358006,
    "C": 0.329854426985402,
    "D": 0.0834002599933953
  }
}