{
  "question_id": "gpqa_gpqa_diamond_0011",
  "method": "last_m",
  "prefix_length": 124,
  "keep_m": 10,
  "kl_to_baseline": 0.176115943926341,
  "token_kl": 0.02803298293198794,
  "distribution": {
    "A": 0.011943910853019277,
    "B": 0.8373327829057658,
    "C": 0.12840914307413073,
    "D": 0.022314163167084112
  }
}