{
  "question_id": "gpqa_gpqa_diamond_0023",
  "method": "last_m",
  "prefix_length": 67,
  "keep_m": 15,
  "kl_to_baseline": 0.05443719944197431,
  "token_kl": 0.40828549360515687,
  "distribution": {
    "A": 0.14982787514560275,
    "B": 0.5229506376756388,
    "C": 0.2470244046963583,
    "D": 0.08019708248240025
  }
}