{
  "question_id": "gpqa_gpqa_diamond_0003",
  "method": "last_m",
  "prefix_length": 36,
  "keep_m": 20,
  "kl_to_baseline": 0.17913441733356594,
  "token_kl": 0.30262818109807743,
  "distribution": {
    "A": 0.20064897406521098,
    "B": 0.0032431886064240734,
    "C": 0.7935820395020337,
    "D": 0.002525797826331326
  }
}