{
  "question_id": "gpqa_gpqa_diamond_0023",
  "method": "last_m",
  "prefix_length": 273,
  "keep_m": 3,
  "kl_to_baseline": 0.16629465220415438,
  "token_kl": 0.9909593885406345,
  "distribution": {
    "A": 0.31364508594503704,
    "B": 0.21556490491549696,
    "C": 0.3554064439506305,
    "D": 0.11538356518883555
  }
}