{
  "question_id": "gpqa_gpqa_diamond_0001",
  "method": "last_m",
  "prefix_length": 252,
  "keep_m": 3,
  "kl_to_baseline": 0.036215663726107475,
  "token_kl": 1.0470341817318554,
  "distribution": {
    "A": 0.3460058095032025,
    "B": 0.18520356387055378,
    "C": 0.16344157146339197,
    "D": 0.30534905516285177
  }
}