{
  "question_id": "gpqa_gpqa_diamond_0017",
  "method": "last_m",
  "prefix_length": 101,
  "keep_m": 20,
  "kl_to_baseline": 0.37819508314447303,
  "token_kl": 0.19087056515951442,
  "distribution": {
    "A": 0.9206597140281444,
    "B": 0.024534750881191635,
    "C": 0.03569785189193018,
    "D": 0.019107683198733887
  }
}