{
  "question_id": "gpqa_gpqa_diamond_0031",
  "method": "last_m",
  "prefix_length": 218,
  "keep_m": 20,
  "kl_to_baseline": 0.2282536331883235,
  "token_kl": 0.7155184493135893,
  "distribution": {
    "A": 0.7219619510889579,
    "B": 0.019239630294014688,
    "C": 0.1610914905684525,
    "D": 0.09770692804857498
  }
}