{
  "question_id": "gpqa_gpqa_diamond_0023",
  "method": "last_m",
  "prefix_length": 368,
  "keep_m": 10,
  "kl_to_baseline": 0.0008932010623852653,
  "token_kl": 0.8584725781115582,
  "distribution": {
    "A": 0.000123329633626495,
    "B": 0.0004304627181745859,
    "C": 0.9993501584329547,
    "D": 9.604921524422376e-05
  }
}