{
  "question_id": "gpqa_gpqa_diamond_0001",
  "method": "last_m",
  "prefix_length": 423,
  "keep_m": 3,
  "kl_to_baseline": 0.11262402648783786,
  "token_kl": 1.0609356949977278,
  "distribution": {
    "A": 0.9189411028746186,
    "B": 0.021611424763204913,
    "C": 0.019072015413968354,
    "D": 0.040375456948208197
  }
}