{
  "question_id": "gpqa_gpqa_diamond_0020",
  "method": "last_m",
  "prefix_length": 49,
  "keep_m": 5,
  "kl_to_baseline": 0.05810787464311601,
  "token_kl": 1.9070028430569357,
  "distribution": {
    "A": 0.12208106874440967,
    "B": 0.7960686384729609,
    "C": 0.007804381618659148,
    "D": 0.07404591116397016
  }
}