{
  "question_id": "gpqa_gpqa_diamond_0009",
  "method": "last_m",
  "prefix_length": 80,
  "keep_m": 15,
  "kl_to_baseline": 0.4445204532579642,
  "token_kl": 0.7935851947423175,
  "distribution": {
    "A": 0.31471242230834273,
    "B": 0.14865962203056626,
    "C": 0.017754859920519155,
    "D": 0.5188730957405718
  }
}