{
  "question_id": "gpqa_gpqa_diamond_0023",
  "method": "last_m",
  "prefix_length": 264,
  "keep_m": 3,
  "kl_to_baseline": 0.11073298038435869,
  "token_kl": 0.6266745944563,
  "distribution": {
    "A": 0.31795590872230906,
    "B": 0.21852768719308396,
    "C": 0.3602912461121415,
    "D": 0.10322515797246537
  }
}