{
  "question_id": "gpqa_gpqa_diamond_0031",
  "method": "last_m",
  "prefix_length": 100,
  "keep_m": 20,
  "kl_to_baseline": 1.1010927103591284,
  "token_kl": 0.020148934025264468,
  "distribution": {
    "A": 0.2759387115541299,
    "B": 0.07905777392409907,
    "C": 0.40148845627206725,
    "D": 0.24351505824970374
  }
}