{
  "question_id": "gpqa_gpqa_diamond_0009",
  "method": "last_m",
  "prefix_length": 42,
  "keep_m": 5,
  "kl_to_baseline": 1.5054749870880344,
  "token_kl": 0.5604058606448512,
  "distribution": {
    "A": 0.10211439652088104,
    "B": 0.020107516881392014,
    "C": 0.022784801649164455,
    "D": 0.8549932849485625
  }
}