{
  "question_id": "gpqa_gpqa_diamond_0011",
  "method": "last_m",
  "prefix_length": 96,
  "keep_m": 20,
  "kl_to_baseline": 0.0003712768949329365,
  "token_kl": 0.3409753862776466,
  "distribution": {
    "A": 0.001698579346023364,
    "B": 0.997041302485765,
    "C": 0.0010302404513178045,
    "D": 0.00022987771689393231
  }
}