{
  "question_id": "gpqa_gpqa_diamond_0001",
  "method": "last_m",
  "prefix_length": 383,
  "keep_m": 5,
  "kl_to_baseline": 0.26772531933657917,
  "token_kl": 0.7771850825326916,
  "distribution": {
    "A": 0.19034772595000135,
    "B": 0.1018857835616064,
    "C": 0.19034772595000135,
    "D": 0.5174187645383909
  }
}