{
  "question_id": "gpqa_gpqa_diamond_0017",
  "method": "last_m",
  "prefix_length": 123,
  "keep_m": 10,
  "kl_to_baseline": 0.0018690000498366604,
  "token_kl": 0.444959330479657,
  "distribution": {
    "A": 0.9934465351001183,
    "B": 0.0024625072704958584,
    "C": 0.0021731550388046413,
    "D": 0.0019178025905812023
  }
}