{
  "question_id": "gpqa_gpqa_diamond_0001",
  "method": "last_m",
  "prefix_length": 399,
  "keep_m": 20,
  "kl_to_baseline": 0.09898585215822855,
  "token_kl": 0.5006870491558939,
  "distribution": {
    "A": 0.27349685341591706,
    "B": 0.12919075043285286,
    "C": 0.14639231645485265,
    "D": 0.4509200796963775
  }
}