{
  "question_id": "gpqa_gpqa_diamond_0020",
  "method": "last_m",
  "prefix_length": 47,
  "keep_m": 15,
  "kl_to_baseline": 0.15725610362814293,
  "token_kl": 0.058021795660886874,
  "distribution": {
    "A": 0.6893743896566125,
    "B": 0.25360667278284643,
    "C": 0.02672994346856872,
    "D": 0.030288994091972363
  }
}