{
  "question_id": "gpqa_gpqa_diamond_0001",
  "method": "last_m",
  "prefix_length": 331,
  "keep_m": 20,
  "kl_to_baseline": 0.13212187042316384,
  "token_kl": 0.06447425090432445,
  "distribution": {
    "A": 0.44898421970539165,
    "B": 0.27232271121017115,
    "C": 0.11352099539939912,
    "D": 0.16517207368503806
  }
}