{
  "question_id": "gpqa_gpqa_diamond_0009",
  "method": "last_m",
  "prefix_length": 50,
  "keep_m": 5,
  "kl_to_baseline": 0.1934306845209723,
  "token_kl": 0.5056342730477827,
  "distribution": {
    "A": 0.30375751410917945,
    "B": 0.028253850018766232,
    "C": 0.02493393512765091,
    "D": 0.6430547007444035
  }
}