{
  "question_id": "gpqa_gpqa_diamond_0001",
  "method": "last_m",
  "prefix_length": 29,
  "keep_m": 15,
  "kl_to_baseline": 0.03615574072782586,
  "token_kl": 0.07319708296894126,
  "distribution": {
    "A": 0.3827714827491933,
    "B": 0.15956289337416604,
    "C": 0.15956289337416604,
    "D": 0.2981027305024745
  }
}