{
  "question_id": "gpqa_gpqa_diamond_0031",
  "method": "last_m",
  "prefix_length": 140,
  "keep_m": 15,
  "kl_to_baseline": 0.7641979046861445,
  "token_kl": 0.8832637164858018,
  "distribution": {
    "A": 0.3043254025240061,
    "B": 0.06790418389722588,
    "C": 0.23700886179421643,
    "D": 0.3907615517845516
  }
}