{
  "question_id": "gpqa_gpqa_diamond_0020",
  "method": "last_m",
  "prefix_length": 72,
  "keep_m": 15,
  "kl_to_baseline": 0.016972657596267083,
  "token_kl": 0.0827620589551355,
  "distribution": {
    "A": 0.0258978211025142,
    "B": 0.9718086397141014,
    "C": 0.0008324840952211785,
    "D": 0.00146105508816331
  }
}