{
  "question_id": "gpqa_gpqa_diamond_0002",
  "method": "last_m",
  "prefix_length": 32,
  "keep_m": 10,
  "kl_to_baseline": 0.5579538837916762,
  "token_kl": 0.018776014907271103,
  "distribution": {
    "A": 0.21327947591862909,
    "B": 0.24167730820809796,
    "C": 0.3984585186882418,
    "D": 0.1465846971850311
  }
}