{
  "question_id": "gpqa_gpqa_diamond_0023",
  "method": "last_m",
  "prefix_length": 21,
  "keep_m": 10,
  "kl_to_baseline": 0.060551660818637755,
  "token_kl": 0.3633543314322754,
  "distribution": {
    "A": 0.6738682003308081,
    "B": 0.1326925280576108,
    "C": 0.15036031497766075,
    "D": 0.0430789566339204
  }
}