{
  "question_id": "gpqa_gpqa_diamond_0023",
  "method": "last_m",
  "prefix_length": 279,
  "keep_m": 20,
  "kl_to_baseline": 0.033153557605663866,
  "token_kl": 0.5018158122028263,
  "distribution": {
    "A": 0.45957527738786785,
    "B": 0.24599291948664134,
    "C": 0.24599291948664134,
    "D": 0.04843888363884953
  }
}