{
  "question_id": "gpqa_gpqa_diamond_0023",
  "method": "last_m",
  "prefix_length": 33,
  "keep_m": 3,
  "kl_to_baseline": 0.12715913579097804,
  "token_kl": 0.27851813511738444,
  "distribution": {
    "A": 0.29947344663324194,
    "B": 0.20582488915360753,
    "C": 0.3845315400200277,
    "D": 0.11017012419312278
  }
}