{
  "question_id": "gpqa_gpqa_diamond_0023",
  "method": "last_m",
  "prefix_length": 137,
  "keep_m": 3,
  "kl_to_baseline": 0.17875845704580473,
  "token_kl": 0.5583129101472352,
  "distribution": {
    "A": 0.4025265304015081,
    "B": 0.19014006955256163,
    "C": 0.2766521687738848,
    "D": 0.13068123127204537
  }
}