{
  "question_id": "gpqa_gpqa_diamond_0023",
  "method": "last_m",
  "prefix_length": 268,
  "keep_m": 20,
  "kl_to_baseline": 0.06603023104889155,
  "token_kl": 0.17347221116312728,
  "distribution": {
    "A": 0.36615503547499345,
    "B": 0.2678847785053695,
    "C": 0.3439708643446604,
    "D": 0.02198932167497669
  }
}