{
  "question_id": "gpqa_gpqa_diamond_0023",
  "method": "last_m",
  "prefix_length": 301,
  "keep_m": 5,
  "kl_to_baseline": 0.13386585928576578,
  "token_kl": 0.9612835608010817,
  "distribution": {
    "A": 0.3895747135723008,
    "B": 0.20852430527256866,
    "C": 0.30340107391081234,
    "D": 0.09849990724431826
  }
}