{
  "question_id": "gpqa_gpqa_diamond_0023",
  "method": "last_m",
  "prefix_length": 364,
  "keep_m": 20,
  "kl_to_baseline": 0.0016482758254375534,
  "token_kl": 0.6414377832252287,
  "distribution": {
    "A": 0.0009083587036085697,
    "B": 0.0024691749577417906,
    "C": 0.9961362569613483,
    "D": 0.00048620937730118105
  }
}