{
  "question_id": "gpqa_gpqa_diamond_0031",
  "method": "last_m",
  "prefix_length": 76,
  "keep_m": 20,
  "kl_to_baseline": 0.1110690623419863,
  "token_kl": 0.30266515070570704,
  "distribution": {
    "A": 0.7901920943057222,
    "B": 0.021057908545869954,
    "C": 0.09437499857420391,
    "D": 0.09437499857420391
  }
}