{
  "question_id": "gpqa_gpqa_diamond_0001",
  "method": "last_m",
  "prefix_length": 415,
  "keep_m": 15,
  "kl_to_baseline": 0.09374393490192115,
  "token_kl": 0.24395201135687294,
  "distribution": {
    "A": 0.8403715840492721,
    "B": 0.06898190340397947,
    "C": 0.036923352157973044,
    "D": 0.053723160388775226
  }
}