{
  "question_id": "gpqa_gpqa_diamond_0004",
  "method": "last_m",
  "prefix_length": 119,
  "keep_m": 3,
  "kl_to_baseline": 0.0003817238926916559,
  "token_kl": 0.36321117271708214,
  "distribution": {
    "A": 0.00015825976345176,
    "B": 0.0009107220582635321,
    "C": 0.9987278086195737,
    "D": 0.00020320955871104958
  }
}