{
  "question_id": "gpqa_gpqa_diamond_0020",
  "method": "last_m",
  "prefix_length": 72,
  "keep_m": 10,
  "kl_to_baseline": 0.010717018169590527,
  "token_kl": 0.07354521412271087,
  "distribution": {
    "A": 0.008491806441591828,
    "B": 0.981519167133879,
    "C": 0.005150540963170682,
    "D": 0.00483848546135844
  }
}