{
  "question_id": "gpqa_gpqa_diamond_0002",
  "method": "last_m",
  "prefix_length": 38,
  "keep_m": 3,
  "kl_to_baseline": 0.14642797462502372,
  "token_kl": 0.07609467671825315,
  "distribution": {
    "A": 0.33424000363035195,
    "B": 0.20272680990427036,
    "C": 0.2603063765611073,
    "D": 0.20272680990427036
  }
}