{
  "question_id": "gpqa_gpqa_diamond_0001",
  "method": "last_m",
  "prefix_length": 278,
  "keep_m": 10,
  "kl_to_baseline": 0.05769319696122781,
  "token_kl": 0.6533144436508406,
  "distribution": {
    "A": 0.3040700887610252,
    "B": 0.1267552713247443,
    "C": 0.1267552713247443,
    "D": 0.4424193685894861
  }
}