{
  "question_id": "gpqa_gpqa_diamond_0031",
  "method": "last_m",
  "prefix_length": 72,
  "keep_m": 3,
  "kl_to_baseline": 0.6138817296078118,
  "token_kl": 0.9530741286630727,
  "distribution": {
    "A": 0.43770433289378025,
    "B": 0.007074832459331073,
    "C": 0.05923684692765437,
    "D": 0.49598398771923424
  }
}