{
  "question_id": "gpqa_gpqa_diamond_0009",
  "method": "last_m",
  "prefix_length": 91,
  "keep_m": 15,
  "kl_to_baseline": 1.9557061456300424,
  "token_kl": 0.19870651360731417,
  "distribution": {
    "A": 0.7507613924277533,
    "B": 0.13046276775251786,
    "C": 0.02911017826202671,
    "D": 0.08966566155770209
  }
}