{
  "question_id": "gpqa_gpqa_diamond_0023",
  "method": "last_m",
  "prefix_length": 318,
  "keep_m": 10,
  "kl_to_baseline": 0.13627936526355014,
  "token_kl": 0.4073732537717076,
  "distribution": {
    "A": 0.5633482771460928,
    "B": 0.23483850059352834,
    "C": 0.1424367506909184,
    "D": 0.05937647156946042
  }
}