{
  "question_id": "gpqa_gpqa_diamond_0020",
  "method": "last_m",
  "prefix_length": 58,
  "keep_m": 20,
  "kl_to_baseline": 0.16085550562970996,
  "token_kl": 0.16007256724525956,
  "distribution": {
    "A": 0.5929564467770921,
    "B": 0.35964624340798146,
    "C": 0.013944998187799155,
    "D": 0.03345231162712735
  }
}