{
  "question_id": "gpqa_gpqa_diamond_0002",
  "method": "last_m",
  "prefix_length": 73,
  "keep_m": 15,
  "kl_to_baseline": 0.004811538218456755,
  "token_kl": 0.1001139236015421,
  "distribution": {
    "A": 0.004595709439228145,
    "B": 0.0016906670202895726,
    "C": 0.0013166927993145177,
    "D": 0.9923969307411677
  }
}