{
  "question_id": "gpqa_gpqa_diamond_0031",
  "method": "last_m",
  "prefix_length": 80,
  "keep_m": 15,
  "kl_to_baseline": 0.1566296688764639,
  "token_kl": 0.16479728476561137,
  "distribution": {
    "A": 0.8056533607994875,
    "B": 0.018947149857983788,
    "C": 0.1400015532154881,
    "D": 0.035397936127040716
  }
}