{
  "question_id": "gpqa_gpqa_diamond_0031",
  "method": "last_m",
  "prefix_length": 84,
  "keep_m": 20,
  "kl_to_baseline": 0.004460456907668155,
  "token_kl": 0.03878798661422865,
  "distribution": {
    "A": 0.9821927142879446,
    "B": 0.00515407524218786,
    "C": 0.007499135227679564,
    "D": 0.00515407524218786
  }
}