{
  "question_id": "gpqa_gpqa_diamond_0009",
  "method": "last_m",
  "prefix_length": 115,
  "keep_m": 5,
  "kl_to_baseline": 0.20590945877336125,
  "token_kl": 0.09935152969775092,
  "distribution": {
    "A": 0.15178432267269315,
    "B": 0.014118141243587082,
    "C": 0.06327311930487328,
    "D": 0.7708244167788465
  }
}