{
  "question_id": "gpqa_gpqa_diamond_0009",
  "method": "last_m",
  "prefix_length": 67,
  "keep_m": 15,
  "kl_to_baseline": 0.0031662721716533577,
  "token_kl": 0.29079541585309315,
  "distribution": {
    "A": 0.0027906563003513877,
    "B": 0.0021733653119968104,
    "C": 0.0014937306778316042,
    "D": 0.9935422477098202
  }
}