{
  "question_id": "gpqa_gpqa_diamond_0031",
  "method": "last_m",
  "prefix_length": 79,
  "keep_m": 20,
  "kl_to_baseline": 0.08761110200291268,
  "token_kl": 0.3779404900004845,
  "distribution": {
    "A": 0.8402786333704723,
    "B": 0.0174394238064769,
    "C": 0.05371721985131408,
    "D": 0.0885647229717367
  }
}