{
  "question_id": "gpqa_gpqa_diamond_0001",
  "method": "last_m",
  "prefix_length": 360,
  "keep_m": 20,
  "kl_to_baseline": 0.03938650912112665,
  "token_kl": 0.13142114616720788,
  "distribution": {
    "A": 0.41172531682861635,
    "B": 0.13366763998230857,
    "C": 0.17163264712595078,
    "D": 0.2829743960631243
  }
}