{
  "question_id": "gpqa_gpqa_diamond_0002",
  "method": "last_m",
  "prefix_length": 44,
  "keep_m": 10,
  "kl_to_baseline": 0.7994897214472607,
  "token_kl": 0.045973744226877,
  "distribution": {
    "A": 0.17698752670277376,
    "B": 0.20055314209537167,
    "C": 0.33065623127838456,
    "D": 0.29180309992347
  }
}