{
  "question_id": "gpqa_gpqa_diamond_0031",
  "method": "last_m",
  "prefix_length": 122,
  "keep_m": 20,
  "kl_to_baseline": 0.04229043481138606,
  "token_kl": 1.4454729025062512,
  "distribution": {
    "A": 0.9790733794013264,
    "B": 0.002426880197980458,
    "C": 0.004534009119049303,
    "D": 0.013965731281643662
  }
}