{
  "question_id": "gpqa_gpqa_diamond_0031",
  "method": "last_m",
  "prefix_length": 174,
  "keep_m": 20,
  "kl_to_baseline": 0.02042668782665212,
  "token_kl": 0.03748929646457559,
  "distribution": {
    "A": 0.9476575850370852,
    "B": 0.015317455964702296,
    "C": 0.01966800746689083,
    "D": 0.01735695153132164
  }
}