{
  "question_id": "gpqa_gpqa_diamond_0009",
  "method": "last_m",
  "prefix_length": 46,
  "keep_m": 5,
  "kl_to_baseline": 0.2633160659673712,
  "token_kl": 0.24559276948573047,
  "distribution": {
    "A": 0.201465803977384,
    "B": 0.02123433951494884,
    "C": 0.07411512738235537,
    "D": 0.7031847291253118
  }
}