{
  "question_id": "gpqa_gpqa_diamond_0026",
  "method": "last_m",
  "prefix_length": 87,
  "keep_m": 5,
  "kl_to_baseline": 0.19793420612586676,
  "token_kl": 0.4552117363958446,
  "distribution": {
    "A": 0.04544050617558282,
    "B": 0.8054522802626243,
    "C": 0.10900610760996496,
    "D": 0.04010110595182801
  }
}