{
  "question_id": "gpqa_gpqa_diamond_0020",
  "method": "last_m",
  "prefix_length": 73,
  "keep_m": 10,
  "kl_to_baseline": 0.0019341030367065644,
  "token_kl": 0.013344645188357679,
  "distribution": {
    "A": 0.005896199289413879,
    "B": 0.9915884022635754,
    "C": 0.0014907926451196386,
    "D": 0.0010246058018911622
  }
}