{
  "question_id": "gpqa_gpqa_diamond_0011",
  "method": "last_m",
  "prefix_length": 70,
  "keep_m": 10,
  "kl_to_baseline": 0.5026216710883618,
  "token_kl": 0.6658351720298123,
  "distribution": {
    "A": 0.028425729017442888,
    "B": 0.733109235602228,
    "C": 0.21003930636288634,
    "D": 0.028425729017442888
  }
}