{
  "question_id": "gpqa_gpqa_diamond_0031",
  "method": "last_m",
  "prefix_length": 103,
  "keep_m": 15,
  "kl_to_baseline": 1.3248454991871164,
  "token_kl": 0.01396761713428801,
  "distribution": {
    "A": 0.20243443947270562,
    "B": 0.07447147734476449,
    "C": 0.4285537117266953,
    "D": 0.2945403714558346
  }
}