{
  "question_id": "gpqa_gpqa_diamond_0009",
  "method": "last_m",
  "prefix_length": 87,
  "keep_m": 20,
  "kl_to_baseline": 0.9326184162034941,
  "token_kl": 0.19115111412576163,
  "distribution": {
    "A": 0.5685622249669638,
    "B": 0.09880129992946844,
    "C": 0.02830704636581507,
    "D": 0.3043294287377526
  }
}