{
  "question_id": "gpqa_gpqa_diamond_0011",
  "method": "last_m",
  "prefix_length": 108,
  "keep_m": 20,
  "kl_to_baseline": 0.00046313390569666335,
  "token_kl": 0.04778401203689907,
  "distribution": {
    "A": 0.00043055714705826057,
    "B": 0.9995694428529418,
    "C": 0.0,
    "D": 0.0
  }
}