{
  "question_id": "gpqa_gpqa_diamond_0023",
  "method": "last_m",
  "prefix_length": 282,
  "keep_m": 10,
  "kl_to_baseline": 0.05060820793830002,
  "token_kl": 0.4363241693166231,
  "distribution": {
    "A": 0.37185500533395194,
    "B": 0.25557195843078495,
    "C": 0.2896009693431032,
    "D": 0.08297206689215993
  }
}