{
  "question_id": "gpqa_gpqa_diamond_0002",
  "method": "last_m",
  "prefix_length": 40,
  "keep_m": 10,
  "kl_to_baseline": 0.5418575451206263,
  "token_kl": 0.6079815472375216,
  "distribution": {
    "A": 0.2400083146979626,
    "B": 0.2400083146979626,
    "C": 0.308176776288574,
    "D": 0.21180659431550083
  }
}