{
  "question_id": "gpqa_gpqa_diamond_0001",
  "method": "last_m",
  "prefix_length": 76,
  "keep_m": 10,
  "kl_to_baseline": 0.06860577855595815,
  "token_kl": 0.0787844313218397,
  "distribution": {
    "A": 0.19163835337595048,
    "B": 0.1025766187870383,
    "C": 0.24606851654690748,
    "D": 0.45971651129010377
  }
}