{
  "question_id": "gpqa_gpqa_diamond_0011",
  "method": "last_m",
  "prefix_length": 105,
  "keep_m": 3,
  "kl_to_baseline": 0.0016135641405636766,
  "token_kl": 0.0919378244520567,
  "distribution": {
    "A": 0.0008033366625831733,
    "B": 0.9982650692919689,
    "C": 0.0005521246754531357,
    "D": 0.00037946936999488527
  }
}