{
  "question_id": "gpqa_gpqa_diamond_0023",
  "method": "last_m",
  "prefix_length": 47,
  "keep_m": 15,
  "kl_to_baseline": 0.03331028966136038,
  "token_kl": 0.18808602134182298,
  "distribution": {
    "A": 0.2311152921824278,
    "B": 0.33627076591240956,
    "C": 0.33627076591240956,
    "D": 0.09634317599275317
  }
}