{
  "question_id": "gpqa_gpqa_diamond_0001",
  "method": "last_m",
  "prefix_length": 292,
  "keep_m": 5,
  "kl_to_baseline": 0.11248332655047645,
  "token_kl": 0.35357721153091093,
  "distribution": {
    "A": 0.3324879294350306,
    "B": 0.15705617705522312,
    "C": 0.17796796407471568,
    "D": 0.3324879294350306
  }
}