{
  "question_id": "gpqa_gpqa_diamond_0004",
  "method": "last_m",
  "prefix_length": 118,
  "keep_m": 3,
  "kl_to_baseline": 3.779834797542007e-05,
  "token_kl": 0.40764343150129967,
  "distribution": {
    "A": 3.534121803602919e-05,
    "B": 0.0003799539011173494,
    "C": 0.9995393258586316,
    "D": 4.537902221496471e-05
  }
}