{
  "question_id": "gpqa_gpqa_diamond_0013",
  "method": "last_m",
  "prefix_length": 26,
  "keep_m": 5,
  "kl_to_baseline": 0.024552933732787156,
  "token_kl": 0.378558257543306,
  "distribution": {
    "A": 0.04202578540843926,
    "B": 0.0008722175577271947,
    "C": 0.0005994657761991468,
    "D": 0.9565025312576344
  }
}