{
  "question_id": "gpqa_gpqa_diamond_0023",
  "method": "last_m",
  "prefix_length": 279,
  "keep_m": 5,
  "kl_to_baseline": 0.09560464243634278,
  "token_kl": 0.8334562412864122,
  "distribution": {
    "A": 0.3872602052974305,
    "B": 0.23488518779950038,
    "C": 0.3015985511380319,
    "D": 0.07625605576503715
  }
}