{
  "question_id": "gpqa_gpqa_diamond_0031",
  "method": "last_m",
  "prefix_length": 96,
  "keep_m": 20,
  "kl_to_baseline": 0.7197202900525063,
  "token_kl": 0.026002268075870853,
  "distribution": {
    "A": 0.3966311092774468,
    "B": 0.060825350612910056,
    "C": 0.3966311092774468,
    "D": 0.1459124308321964
  }
}