{
  "question_id": "gpqa_gpqa_diamond_0001",
  "method": "last_m",
  "prefix_length": 54,
  "keep_m": 20,
  "kl_to_baseline": 0.06461646672828794,
  "token_kl": 0.47194669798278027,
  "distribution": {
    "A": 0.3786604445377286,
    "B": 0.3341666694358515,
    "C": 0.08449055555951931,
    "D": 0.2026823304669005
  }
}