{
  "question_id": "gpqa_gpqa_diamond_0020",
  "method": "last_m",
  "prefix_length": 42,
  "keep_m": 5,
  "kl_to_baseline": 0.21705780120296175,
  "token_kl": 0.2722635705532061,
  "distribution": {
    "A": 0.42266975413073377,
    "B": 0.3730047488365651,
    "C": 0.0832285994224048,
    "D": 0.12109689761029638
  }
}