{
  "question_id": "gpqa_gpqa_diamond_0001",
  "method": "last_m",
  "prefix_length": 408,
  "keep_m": 10,
  "kl_to_baseline": 0.09522896501117466,
  "token_kl": 0.1311877103712964,
  "distribution": {
    "A": 0.34040633907578005,
    "B": 0.30040753985453744,
    "C": 0.12522849379041448,
    "D": 0.23395762727926803
  }
}