{
  "question_id": "gpqa_gpqa_diamond_0002",
  "method": "last_m",
  "prefix_length": 32,
  "keep_m": 5,
  "kl_to_baseline": 0.31549818194185264,
  "token_kl": 0.007575642957967669,
  "distribution": {
    "A": 0.31828968051251794,
    "B": 0.19305244990098083,
    "C": 0.31828968051251794,
    "D": 0.17036818907398338
  }
}