{
  "question_id": "gpqa_gpqa_diamond_0002",
  "method": "last_m",
  "prefix_length": 53,
  "keep_m": 10,
  "kl_to_baseline": 0.7861650865232963,
  "token_kl": 0.11611942624478648,
  "distribution": {
    "A": 0.17989804494385983,
    "B": 0.2617501108999154,
    "C": 0.29660173325630934,
    "D": 0.2617501108999154
  }
}