{
  "question_id": "gpqa_gpqa_diamond_0023",
  "method": "last_m",
  "prefix_length": 237,
  "keep_m": 10,
  "kl_to_baseline": 0.057212883794701366,
  "token_kl": 0.6239364053507922,
  "distribution": {
    "A": 0.38453152591357326,
    "B": 0.20582489387108635,
    "C": 0.29947345349713306,
    "D": 0.11017012671820724
  }
}