{
  "question_id": "gpqa_gpqa_diamond_0031",
  "method": "last_m",
  "prefix_length": 171,
  "keep_m": 15,
  "kl_to_baseline": 1.4133988082466091,
  "token_kl": 0.2822710437038801,
  "distribution": {
    "A": 0.20969175010157948,
    "B": 0.0771412746496737,
    "C": 0.44391743844858456,
    "D": 0.26924953680016234
  }
}