{
  "question_id": "gpqa_gpqa_diamond_0013",
  "method": "last_m",
  "prefix_length": 28,
  "keep_m": 3,
  "kl_to_baseline": 0.05218587107253553,
  "token_kl": 0.41883748944196064,
  "distribution": {
    "A": 0.06002880097242804,
    "B": 0.00029591721680152056,
    "C": 0.0006668597421975395,
    "D": 0.9390084220685728
  }
}