{
  "question_id": "gpqa_gpqa_diamond_0023",
  "method": "last_m",
  "prefix_length": 150,
  "keep_m": 10,
  "kl_to_baseline": 0.09746602173312172,
  "token_kl": 0.1976326624687712,
  "distribution": {
    "A": 0.36144170843296086,
    "B": 0.24841501111386655,
    "C": 0.31897118815697245,
    "D": 0.07117209229620021
  }
}