{
  "question_id": "gpqa_gpqa_diamond_0001",
  "method": "last_m",
  "prefix_length": 307,
  "keep_m": 20,
  "kl_to_baseline": 0.2504402266493238,
  "token_kl": 0.3686397074480594,
  "distribution": {
    "A": 0.47305862883333816,
    "B": 0.3251281432158581,
    "C": 0.08220526831544529,
    "D": 0.11960795963535853
  }
}