{
  "question_id": "gpqa_gpqa_diamond_0001",
  "method": "last_m",
  "prefix_length": 368,
  "keep_m": 5,
  "kl_to_baseline": 0.1938928920754431,
  "token_kl": 1.1375826432537766,
  "distribution": {
    "A": 0.20765251615270716,
    "B": 0.0865624472747416,
    "C": 0.20765251615270716,
    "D": 0.498132520419844
  }
}