{
  "question_id": "gpqa_gpqa_diamond_0017",
  "method": "last_m",
  "prefix_length": 130,
  "keep_m": 5,
  "kl_to_baseline": 0.2846348448764677,
  "token_kl": 0.11075701497430593,
  "distribution": {
    "A": 0.7492890589856313,
    "B": 0.04790044696653795,
    "C": 0.1014052470239154,
    "D": 0.1014052470239154
  }
}