{
  "question_id": "gpqa_gpqa_diamond_0001",
  "method": "last_m",
  "prefix_length": 299,
  "keep_m": 5,
  "kl_to_baseline": 0.16100434096749192,
  "token_kl": 0.7693654569549581,
  "distribution": {
    "A": 0.20475476129476133,
    "B": 0.18069544263207507,
    "C": 0.2320175410192261,
    "D": 0.38253225505393756
  }
}