{
  "question_id": "gpqa_gpqa_diamond_0001",
  "method": "last_m",
  "prefix_length": 258,
  "keep_m": 20,
  "kl_to_baseline": 0.038727354090987647,
  "token_kl": 0.6116084900292589,
  "distribution": {
    "A": 0.37993597849898714,
    "B": 0.17946904842585085,
    "C": 0.17946904842585085,
    "D": 0.2611259246493112
  }
}