{
  "question_id": "gpqa_gpqa_diamond_0031",
  "method": "last_m",
  "prefix_length": 173,
  "keep_m": 15,
  "kl_to_baseline": 1.259695656897858,
  "token_kl": 0.015979768109351176,
  "distribution": {
    "A": 0.2374516690071708,
    "B": 0.11216421296050076,
    "C": 0.34549013979219634,
    "D": 0.30489397824013215
  }
}