{
  "question_id": "gpqa_gpqa_diamond_0031",
  "method": "last_m",
  "prefix_length": 82,
  "keep_m": 20,
  "kl_to_baseline": 0.034619244849977006,
  "token_kl": 0.11871414246356257,
  "distribution": {
    "A": 0.9257418678571872,
    "B": 0.007068125172215295,
    "C": 0.05222678586359727,
    "D": 0.01496322110700024
  }
}