{
  "question_id": "gpqa_gpqa_diamond_0023",
  "method": "last_m",
  "prefix_length": 68,
  "keep_m": 15,
  "kl_to_baseline": 0.06173751538705917,
  "token_kl": 0.480911118105105,
  "distribution": {
    "A": 0.2299057328495388,
    "B": 0.37905049459810525,
    "C": 0.2952048044210297,
    "D": 0.09583896813132636
  }
}