{
  "question_id": "gpqa_gpqa_diamond_0011",
  "method": "last_m",
  "prefix_length": 44,
  "keep_m": 3,
  "kl_to_baseline": 0.020986914186361692,
  "token_kl": 0.17072511921245923,
  "distribution": {
    "A": 0.16595846166945594,
    "B": 0.16595846166945594,
    "C": 0.579251913393081,
    "D": 0.08883116326800708
  }
}