{
  "question_id": "gpqa_gpqa_diamond_0001",
  "method": "last_m",
  "prefix_length": 28,
  "keep_m": 15,
  "kl_to_baseline": 0.10192399662177035,
  "token_kl": 0.11026468364992661,
  "distribution": {
    "A": 0.23705066575334718,
    "B": 0.1629223811025378,
    "C": 0.20919647828294513,
    "D": 0.3908304748611699
  }
}