{
  "question_id": "gpqa_gpqa_diamond_0023",
  "method": "last_m",
  "prefix_length": 309,
  "keep_m": 20,
  "kl_to_baseline": 0.049815557543185424,
  "token_kl": 0.8300058040528989,
  "distribution": {
    "A": 0.459716526094541,
    "B": 0.2460685098043251,
    "C": 0.19163834812482206,
    "D": 0.1025766159763118
  }
}