{
  "question_id": "gpqa_gpqa_diamond_0009",
  "method": "last_m",
  "prefix_length": 125,
  "keep_m": 20,
  "kl_to_baseline": 0.5134704126165528,
  "token_kl": 0.17950828915161127,
  "distribution": {
    "A": 0.37687422448244556,
    "B": 0.039722251017803745,
    "C": 0.0350547634868996,
    "D": 0.548348761012851
  }
}