{
  "question_id": "gpqa_gpqa_diamond_0009",
  "method": "last_m",
  "prefix_length": 69,
  "keep_m": 15,
  "kl_to_baseline": 0.0020445790348455903,
  "token_kl": 0.49083737782918435,
  "distribution": {
    "A": 0.0013210245572742802,
    "B": 0.0016962291076088468,
    "C": 0.0013210245572742802,
    "D": 0.9956617217778425
  }
}