{
  "question_id": "gpqa_gpqa_diamond_0002",
  "method": "last_m",
  "prefix_length": 47,
  "keep_m": 3,
  "kl_to_baseline": 0.4665621358976002,
  "token_kl": 0.20759078887366747,
  "distribution": {
    "A": 0.32659802886351824,
    "B": 0.2244673237121606,
    "C": 0.2244673237121606,
    "D": 0.2244673237121606
  }
}