{
  "question_id": "gpqa_gpqa_diamond_0023",
  "method": "last_m",
  "prefix_length": 165,
  "keep_m": 15,
  "kl_to_baseline": 0.0353505599942546,
  "token_kl": 0.23982432061449221,
  "distribution": {
    "A": 0.5814858018814002,
    "B": 0.21391667184525756,
    "C": 0.14702263511389213,
    "D": 0.057574891159450074
  }
}