{
  "question_id": "gpqa_gpqa_diamond_0011",
  "method": "last_m",
  "prefix_length": 105,
  "keep_m": 10,
  "kl_to_baseline": 0.04452209978627467,
  "token_kl": 0.15174235969869881,
  "distribution": {
    "A": 0.009979508530818504,
    "B": 0.9562636266068113,
    "C": 0.025483561705191882,
    "D": 0.008273303157178245
  }
}