{
  "question_id": "gpqa_gpqa_diamond_0001",
  "method": "last_m",
  "prefix_length": 356,
  "keep_m": 10,
  "kl_to_baseline": 0.11482060989165968,
  "token_kl": 0.6040847659347852,
  "distribution": {
    "A": 0.27192074675019423,
    "B": 0.18688821392224358,
    "C": 0.14554868734945953,
    "D": 0.39564235197810277
  }
}