{
  "question_id": "gpqa_gpqa_diamond_0001",
  "method": "last_m",
  "prefix_length": 239,
  "keep_m": 5,
  "kl_to_baseline": 0.056230686608447794,
  "token_kl": 0.35252632467586187,
  "distribution": {
    "A": 0.23038222647190726,
    "B": 0.10882485813133458,
    "C": 0.23038222647190726,
    "D": 0.4304106889248509
  }
}