{
  "question_id": "gpqa_gpqa_diamond_0023",
  "method": "last_m",
  "prefix_length": 307,
  "keep_m": 20,
  "kl_to_baseline": 0.045755699583688414,
  "token_kl": 0.18136332446402123,
  "distribution": {
    "A": 0.45162375435291163,
    "B": 0.2133319559796397,
    "C": 0.2739236536695678,
    "D": 0.06112063599788085
  }
}