{
  "question_id": "gpqa_gpqa_diamond_0031",
  "method": "last_m",
  "prefix_length": 146,
  "keep_m": 15,
  "kl_to_baseline": 0.9466586771533851,
  "token_kl": 0.31989600500667914,
  "distribution": {
    "A": 0.2701400373797229,
    "B": 0.14459554230804392,
    "C": 0.3468666740605408,
    "D": 0.23839774625169233
  }
}