{
  "question_id": "gpqa_gpqa_diamond_0020",
  "method": "last_m",
  "prefix_length": 51,
  "keep_m": 10,
  "kl_to_baseline": 0.6550447775286871,
  "token_kl": 0.017516719944510033,
  "distribution": {
    "A": 0.05283250840819404,
    "B": 0.8264395051774719,
    "C": 0.022023866159721545,
    "D": 0.0987041202546124
  }
}