{
  "question_id": "gpqa_gpqa_diamond_0023",
  "method": "last_m",
  "prefix_length": 265,
  "keep_m": 20,
  "kl_to_baseline": 0.02053364851340817,
  "token_kl": 0.6464670734340789,
  "distribution": {
    "A": 0.3939044996684532,
    "B": 0.2389151560476817,
    "C": 0.3067731327971413,
    "D": 0.060407211486723775
  }
}