{
  "question_id": "gpqa_gpqa_diamond_0001",
  "method": "last_m",
  "prefix_length": 415,
  "keep_m": 20,
  "kl_to_baseline": 0.03502320372660363,
  "token_kl": 0.21326403477730688,
  "distribution": {
    "A": 0.6901669094494552,
    "B": 0.1058405203617946,
    "C": 0.04999552174361609,
    "D": 0.15399704844513407
  }
}