{
  "question_id": "gpqa_gpqa_diamond_0023",
  "method": "last_m",
  "prefix_length": 184,
  "keep_m": 3,
  "kl_to_baseline": 0.2053138736782248,
  "token_kl": 0.5627245834569061,
  "distribution": {
    "A": 0.33627075818826824,
    "B": 0.2311152868737083,
    "C": 0.33627075818826824,
    "D": 0.09634319674975525
  }
}