{
  "question_id": "gpqa_gpqa_diamond_0011",
  "method": "last_m",
  "prefix_length": 45,
  "keep_m": 10,
  "kl_to_baseline": 0.11743005200795725,
  "token_kl": 0.9460772812144574,
  "distribution": {
    "A": 0.10028046680958115,
    "B": 0.3500132210998075,
    "C": 0.44942584528103025,
    "D": 0.10028046680958115
  }
}