{
  "question_id": "gpqa_gpqa_diamond_0031",
  "method": "last_m",
  "prefix_length": 65,
  "keep_m": 10,
  "kl_to_baseline": 0.001285851769818463,
  "token_kl": 0.21623905480336503,
  "distribution": {
    "A": 0.9921149891735053,
    "B": 0.0019152321580465674,
    "C": 0.0019152321580465674,
    "D": 0.004054546510401712
  }
}