{
  "question_id": "gpqa_gpqa_diamond_0020",
  "method": "last_m",
  "prefix_length": 53,
  "keep_m": 15,
  "kl_to_baseline": 0.07480467062349185,
  "token_kl": 0.6171614676403386,
  "distribution": {
    "A": 0.6992361455995157,
    "B": 0.2572346024900231,
    "C": 0.012806959794167879,
    "D": 0.03072229211629317
  }
}