{
  "question_id": "gpqa_gpqa_diamond_0011",
  "method": "last_m",
  "prefix_length": 107,
  "keep_m": 15,
  "kl_to_baseline": 0.04103744703804331,
  "token_kl": 0.17835288393707224,
  "distribution": {
    "A": 0.01991295611576539,
    "B": 0.9594601710658509,
    "C": 0.017573122093465933,
    "D": 0.003053750724917717
  }
}