{
  "question_id": "gpqa_gpqa_diamond_0001",
  "method": "last_m",
  "prefix_length": 233,
  "keep_m": 15,
  "kl_to_baseline": 0.015014947167145042,
  "token_kl": 0.8504060924787519,
  "distribution": {
    "A": 0.3183926079776296,
    "B": 0.17042328217599284,
    "C": 0.15039801864861416,
    "D": 0.3607860911977634
  }
}