{
  "question_id": "gpqa_gpqa_diamond_0023",
  "method": "last_m",
  "prefix_length": 348,
  "keep_m": 10,
  "kl_to_baseline": 0.09336340973513192,
  "token_kl": 0.13809975834243413,
  "distribution": {
    "A": 0.3466892061295826,
    "B": 0.27000182521612265,
    "C": 0.305952150568869,
    "D": 0.07735681808542576
  }
}