{
  "question_id": "gpqa_gpqa_diamond_0023",
  "method": "last_m",
  "prefix_length": 294,
  "keep_m": 20,
  "kl_to_baseline": 0.06363417495271964,
  "token_kl": 0.47724149640567964,
  "distribution": {
    "A": 0.4086344760493162,
    "B": 0.2478493235665467,
    "C": 0.2808500775930917,
    "D": 0.0626661227910455
  }
}