{
  "question_id": "gpqa_gpqa_diamond_0002",
  "method": "last_m",
  "prefix_length": 93,
  "keep_m": 15,
  "kl_to_baseline": 0.016736652993548633,
  "token_kl": 0.0720923501346612,
  "distribution": {
    "A": 0.010859219632145627,
    "B": 0.005812521412903732,
    "C": 0.005812521412903732,
    "D": 0.977515737542047
  }
}