{
  "question_id": "gpqa_gpqa_diamond_0001",
  "method": "last_m",
  "prefix_length": 430,
  "keep_m": 5,
  "kl_to_baseline": 0.6180746376593116,
  "token_kl": 0.4318457895313841,
  "distribution": {
    "A": 0.2653185916608806,
    "B": 0.1420148083850496,
    "C": 0.20663032694889613,
    "D": 0.38603627300517357
  }
}