{
  "question_id": "gpqa_gpqa_diamond_0020",
  "method": "last_m",
  "prefix_length": 43,
  "keep_m": 20,
  "kl_to_baseline": 0.39764523829259696,
  "token_kl": 0.04067968647301517,
  "distribution": {
    "A": 0.6613158759081293,
    "B": 0.21469783081682245,
    "C": 0.05428411276388123,
    "D": 0.06970218051116693
  }
}