{
  "question_id": "gpqa_gpqa_diamond_0001",
  "method": "last_m",
  "prefix_length": 276,
  "keep_m": 20,
  "kl_to_baseline": 0.010523551267082994,
  "token_kl": 0.2085271366323985,
  "distribution": {
    "A": 0.37139765270496744,
    "B": 0.1366295446419769,
    "C": 0.12057514994808831,
    "D": 0.37139765270496744
  }
}