{
  "question_id": "gpqa_gpqa_diamond_0001",
  "method": "last_m",
  "prefix_length": 379,
  "keep_m": 3,
  "kl_to_baseline": 0.1411448271406018,
  "token_kl": 0.6904528749147569,
  "distribution": {
    "A": 0.27771261797335833,
    "B": 0.1157678290179787,
    "C": 0.14864885261416838,
    "D": 0.45787070039449457
  }
}