{
  "question_id": "gpqa_gpqa_diamond_0023",
  "method": "last_m",
  "prefix_length": 327,
  "keep_m": 5,
  "kl_to_baseline": 0.22011052121806796,
  "token_kl": 0.4443017894319628,
  "distribution": {
    "A": 0.30702389681474196,
    "B": 0.21101423261339788,
    "C": 0.2709476379584622,
    "D": 0.21101423261339788
  }
}