{
  "question_id": "gpqa_gpqa_diamond_0023",
  "method": "last_m",
  "prefix_length": 333,
  "keep_m": 3,
  "kl_to_baseline": 0.09866627038079162,
  "token_kl": 0.8171904588792456,
  "distribution": {
    "A": 0.3222217057278126,
    "B": 0.3222217057278126,
    "C": 0.2509465167434243,
    "D": 0.10461007180095046
  }
}