{
  "question_id": "gpqa_gpqa_diamond_0001",
  "method": "last_m",
  "prefix_length": 374,
  "keep_m": 15,
  "kl_to_baseline": 0.02286189124516031,
  "token_kl": 0.6848263761513714,
  "distribution": {
    "A": 0.536733406359789,
    "B": 0.11976141091807196,
    "C": 0.11976141091807196,
    "D": 0.22374377180406715
  }
}