{
  "question_id": "gpqa_gpqa_diamond_0001",
  "method": "last_m",
  "prefix_length": 369,
  "keep_m": 15,
  "kl_to_baseline": 0.18280644842961102,
  "token_kl": 0.0645427104962102,
  "distribution": {
    "A": 0.2221071418202161,
    "B": 0.13471479125510308,
    "C": 0.17297721597533586,
    "D": 0.470200850949345
  }
}