{
  "question_id": "gpqa_gpqa_diamond_0001",
  "method": "last_m",
  "prefix_length": 396,
  "keep_m": 5,
  "kl_to_baseline": 0.12776000905595308,
  "token_kl": 0.27240921905296167,
  "distribution": {
    "A": 0.28297439155409,
    "B": 0.13366765378681666,
    "C": 0.17163264439108322,
    "D": 0.4117253102680102
  }
}