{
  "question_id": "gpqa_gpqa_diamond_0001",
  "method": "last_m",
  "prefix_length": 432,
  "keep_m": 10,
  "kl_to_baseline": 0.036983964714196654,
  "token_kl": 0.4023042986885919,
  "distribution": {
    "A": 0.7989058184951984,
    "B": 0.05787254942161897,
    "C": 0.035101475579946535,
    "D": 0.10812015650323614
  }
}