{
  "question_id": "gpqa_gpqa_diamond_0002",
  "method": "last_m",
  "prefix_length": 90,
  "keep_m": 20,
  "kl_to_baseline": 0.003833745187225484,
  "token_kl": 0.10971490998208086,
  "distribution": {
    "A": 0.005212147145251923,
    "B": 0.0009057353632744067,
    "C": 0.0006225022046003461,
    "D": 0.9932596152868732
  }
}