{
  "question_id": "gpqa_gpqa_diamond_0023",
  "method": "last_m",
  "prefix_length": 192,
  "keep_m": 15,
  "kl_to_baseline": 0.11194605788427658,
  "token_kl": 0.5797091102995885,
  "distribution": {
    "A": 0.343593084035034,
    "B": 0.23614784292400445,
    "C": 0.343593084035034,
    "D": 0.07666598900592758
  }
}