{
  "question_id": "gpqa_gpqa_diamond_0023",
  "method": "last_m",
  "prefix_length": 308,
  "keep_m": 15,
  "kl_to_baseline": 0.13348832305483557,
  "token_kl": 0.6008192233362025,
  "distribution": {
    "A": 0.3542800494789495,
    "B": 0.24349287969641714,
    "C": 0.31265104631269014,
    "D": 0.08957602451194317
  }
}