{
  "question_id": "gpqa_gpqa_diamond_0009",
  "method": "last_m",
  "prefix_length": 92,
  "keep_m": 10,
  "kl_to_baseline": 2.459242991420486,
  "token_kl": 0.14826262650188157,
  "distribution": {
    "A": 0.8091860830118351,
    "B": 0.09664350729502683,
    "C": 0.03555315945654268,
    "D": 0.05861725023659531
  }
}