{
  "question_id": "gpqa_gpqa_diamond_0031",
  "method": "last_m",
  "prefix_length": 61,
  "keep_m": 10,
  "kl_to_baseline": 0.0032822572760902186,
  "token_kl": 0.001864161952192531,
  "distribution": {
    "A": 0.9635679299455171,
    "B": 0.005729583367341215,
    "C": 0.010704270963806125,
    "D": 0.01999821572333552
  }
}