{
  "question_id": "gpqa_gpqa_diamond_0001",
  "method": "last_m",
  "prefix_length": 58,
  "keep_m": 5,
  "kl_to_baseline": 0.5640385155458993,
  "token_kl": 0.21737790940067242,
  "distribution": {
    "A": 0.05083843553482705,
    "B": 0.901132811384508,
    "C": 0.024014376540332557,
    "D": 0.024014376540332557
  }
}