{
  "question_id": "gpqa_gpqa_diamond_0031",
  "method": "last_m",
  "prefix_length": 214,
  "keep_m": 5,
  "kl_to_baseline": 1.5945143069477599,
  "token_kl": 0.20455594856893541,
  "distribution": {
    "A": 0.17712784487505845,
    "B": 0.08366925950392298,
    "C": 0.481483402037984,
    "D": 0.25771949358303464
  }
}