{
  "question_id": "gpqa_gpqa_diamond_0001",
  "method": "last_m",
  "prefix_length": 317,
  "keep_m": 20,
  "kl_to_baseline": 0.05422003952125378,
  "token_kl": 0.04597301696551217,
  "distribution": {
    "A": 0.3646363956912232,
    "B": 0.25061068541556036,
    "C": 0.1341422334776561,
    "D": 0.25061068541556036
  }
}