{
  "question_id": "gpqa_gpqa_diamond_0023",
  "method": "last_m",
  "prefix_length": 312,
  "keep_m": 10,
  "kl_to_baseline": 0.1307791397595298,
  "token_kl": 0.15931120910395966,
  "distribution": {
    "A": 0.3625301112979779,
    "B": 0.1940483852545042,
    "C": 0.3625301112979779,
    "D": 0.08089139214953994
  }
}