{
  "question_id": "gpqa_gpqa_diamond_0023",
  "method": "last_m",
  "prefix_length": 307,
  "keep_m": 3,
  "kl_to_baseline": 0.1141306357735016,
  "token_kl": 0.46488272550425846,
  "distribution": {
    "A": 0.3177952453612972,
    "B": 0.24749918594374753,
    "C": 0.3177952453612972,
    "D": 0.11691032333365801
  }
}