{
  "question_id": "gpqa_gpqa_diamond_0023",
  "method": "last_m",
  "prefix_length": 315,
  "keep_m": 20,
  "kl_to_baseline": 0.06813439428519144,
  "token_kl": 0.14766214492037813,
  "distribution": {
    "A": 0.5468146078085727,
    "B": 0.20116185234499914,
    "C": 0.20116185234499914,
    "D": 0.05086168750142895
  }
}