{
  "question_id": "gpqa_gpqa_diamond_0009",
  "method": "last_m",
  "prefix_length": 47,
  "keep_m": 10,
  "kl_to_baseline": 0.40037496426630925,
  "token_kl": 0.33830122463415757,
  "distribution": {
    "A": 0.3292101904309323,
    "B": 0.021045703361702407,
    "C": 0.03469849878928396,
    "D": 0.6150456074180813
  }
}