{
  "question_id": "gpqa_gpqa_diamond_0001",
  "method": "last_m",
  "prefix_length": 337,
  "keep_m": 5,
  "kl_to_baseline": 0.2186829767367005,
  "token_kl": 0.4598512365235047,
  "distribution": {
    "A": 0.18453012835210608,
    "B": 0.07692360199639332,
    "C": 0.23694137494875542,
    "D": 0.5016048947027452
  }
}