{
  "question_id": "gpqa_gpqa_diamond_0019",
  "method": "last_m",
  "prefix_length": 21,
  "keep_m": 15,
  "kl_to_baseline": 0.010821696032617161,
  "token_kl": 0.14168288363792153,
  "distribution": {
    "A": 0.0074985300997316845,
    "B": 0.005839861113555536,
    "C": 0.004548088408265298,
    "D": 0.9821135203784473
  }
}