{
  "question_id": "gpqa_gpqa_diamond_0031",
  "method": "last_m",
  "prefix_length": 63,
  "keep_m": 3,
  "kl_to_baseline": 0.01078509029679116,
  "token_kl": 0.0010695407638901039,
  "distribution": {
    "A": 0.972621707019443,
    "B": 0.00510385094948079,
    "C": 0.01572096768895702,
    "D": 0.006553474342119197
  }
}