{
  "question_id": "gpqa_gpqa_diamond_0031",
  "method": "last_m",
  "prefix_length": 102,
  "keep_m": 20,
  "kl_to_baseline": 0.8417733271357707,
  "token_kl": 0.012193574591894645,
  "distribution": {
    "A": 0.3457790984271445,
    "B": 0.0990673703533687,
    "C": 0.39181905048556065,
    "D": 0.16333448073392626
  }
}