{
  "question_id": "gpqa_gpqa_diamond_0023",
  "method": "last_m",
  "prefix_length": 253,
  "keep_m": 3,
  "kl_to_baseline": 0.05344156652127087,
  "token_kl": 1.5190288082404104,
  "distribution": {
    "A": 0.3273141654881509,
    "B": 0.22495951673642017,
    "C": 0.3273141654881509,
    "D": 0.12041215228727796
  }
}