{
  "question_id": "gpqa_gpqa_diamond_0031",
  "method": "last_m",
  "prefix_length": 133,
  "keep_m": 20,
  "kl_to_baseline": 0.28265969722531836,
  "token_kl": 0.22108315811722629,
  "distribution": {
    "A": 0.589671757070035,
    "B": 0.04840320825270176,
    "C": 0.2458117742511126,
    "D": 0.11611326042615058
  }
}