{
  "question_id": "gpqa_gpqa_diamond_0023",
  "method": "last_m",
  "prefix_length": 188,
  "keep_m": 15,
  "kl_to_baseline": 0.11592368784393907,
  "token_kl": 0.2324922032604748,
  "distribution": {
    "A": 0.3785916633064982,
    "B": 0.17883403889257743,
    "C": 0.3341059702123347,
    "D": 0.10846832758858974
  }
}