{
  "question_id": "gpqa_gpqa_diamond_0023",
  "method": "last_m",
  "prefix_length": 169,
  "keep_m": 3,
  "kl_to_baseline": 0.1040959105779212,
  "token_kl": 1.242061496887743,
  "distribution": {
    "A": 0.35438796843123427,
    "B": 0.18969021023244528,
    "C": 0.35438796843123427,
    "D": 0.10153385290508622
  }
}