{
  "question_id": "gpqa_gpqa_diamond_0001",
  "method": "last_m",
  "prefix_length": 342,
  "keep_m": 5,
  "kl_to_baseline": 0.3775196037170181,
  "token_kl": 0.09643377809628342,
  "distribution": {
    "A": 0.21175157375436326,
    "B": 0.10002437285566702,
    "C": 0.23994596823422273,
    "D": 0.4482780851557471
  }
}