{
  "question_id": "gpqa_gpqa_diamond_0011",
  "method": "last_m",
  "prefix_length": 45,
  "keep_m": 20,
  "kl_to_baseline": 0.06715554461432836,
  "token_kl": 0.8070310413434328,
  "distribution": {
    "A": 0.09683735803737213,
    "B": 0.2050046641353825,
    "C": 0.55726045326856,
    "D": 0.14089752455868532
  }
}