{
  "question_id": "gpqa_gpqa_diamond_0026",
  "method": "last_m",
  "prefix_length": 102,
  "keep_m": 20,
  "kl_to_baseline": 0.3060323773900621,
  "token_kl": 0.1598492788084641,
  "distribution": {
    "A": 0.20241655199382513,
    "B": 0.7065031867253563,
    "C": 0.01661536437257314,
    "D": 0.07446489690824552
  }
}