{
  "question_id": "gpqa_gpqa_diamond_0023",
  "method": "last_m",
  "prefix_length": 337,
  "keep_m": 5,
  "kl_to_baseline": 0.18050448143233394,
  "token_kl": 0.5539353364189884,
  "distribution": {
    "A": 0.4566949108066516,
    "B": 0.16800865855929598,
    "C": 0.24445115578529644,
    "D": 0.130845274848756
  }
}