{
  "question_id": "gpqa_gpqa_diamond_0009",
  "method": "last_m",
  "prefix_length": 97,
  "keep_m": 3,
  "kl_to_baseline": 0.8649114486705292,
  "token_kl": 1.6358047923256422,
  "distribution": {
    "A": 0.4243954603547811,
    "B": 0.10730398944910374,
    "C": 0.13778103333986239,
    "D": 0.33051951685625286
  }
}