{
  "question_id": "gpqa_gpqa_diamond_0020",
  "method": "last_m",
  "prefix_length": 46,
  "keep_m": 3,
  "kl_to_baseline": 0.22772345906428956,
  "token_kl": 0.13720749799183435,
  "distribution": {
    "A": 0.1795577121086719,
    "B": 0.6267179959164638,
    "C": 0.08481704737585635,
    "D": 0.10890724459900786
  }
}