{
  "question_id": "gpqa_gpqa_diamond_0023",
  "method": "last_m",
  "prefix_length": 339,
  "keep_m": 20,
  "kl_to_baseline": 0.09802580718655507,
  "token_kl": 0.47908955221175636,
  "distribution": {
    "A": 0.5208125203756443,
    "B": 0.21710695911764535,
    "C": 0.19159621895088244,
    "D": 0.07048430155582792
  }
}