{
  "question_id": "gpqa_gpqa_diamond_0001",
  "method": "last_m",
  "prefix_length": 380,
  "keep_m": 15,
  "kl_to_baseline": 0.02824033304504092,
  "token_kl": 0.19886422464231313,
  "distribution": {
    "A": 0.4660103713187301,
    "B": 0.11782585987910965,
    "C": 0.13351419085328173,
    "D": 0.2826495779488786
  }
}