{
  "question_id": "gpqa_gpqa_diamond_0020",
  "method": "last_m",
  "prefix_length": 50,
  "keep_m": 5,
  "kl_to_baseline": 0.2578098345975403,
  "token_kl": 0.3567385035411882,
  "distribution": {
    "A": 0.30866762389732205,
    "B": 0.5089068467627693,
    "C": 0.06887305635284478,
    "D": 0.11355247298706378
  }
}