{
  "question_id": "gpqa_gpqa_diamond_0002",
  "method": "last_m",
  "prefix_length": 102,
  "keep_m": 20,
  "kl_to_baseline": 0.06976821828380458,
  "token_kl": 0.43982484559186075,
  "distribution": {
    "A": 0.02986530411824361,
    "B": 0.020526103328300703,
    "C": 0.020526103328300703,
    "D": 0.929082489225155
  }
}