{
  "question_id": "gpqa_gpqa_diamond_0009",
  "method": "last_m",
  "prefix_length": 38,
  "keep_m": 10,
  "kl_to_baseline": 0.13667402975415244,
  "token_kl": 0.09220192035252253,
  "distribution": {
    "A": 0.7303448037297773,
    "B": 0.052906000133413136,
    "C": 0.03208911116367575,
    "D": 0.1846600849731338
  }
}