{
  "question_id": "gpqa_gpqa_diamond_0001",
  "method": "last_m",
  "prefix_length": 375,
  "keep_m": 5,
  "kl_to_baseline": 0.08478204773289054,
  "token_kl": 0.5697288202375204,
  "distribution": {
    "A": 0.35752348940568696,
    "B": 0.11607088297412307,
    "C": 0.168882138214503,
    "D": 0.35752348940568696
  }
}