{
  "question_id": "medmcqa_0001",
  "method": "last_m",
  "prefix_length": 27,
  "keep_m": 5,
  "kl_to_baseline": 2.3544099094414923,
  "token_kl": 0.07220794909005471,
  "distribution": {
    "A": 0.09331764949878027,
    "B": 0.012629170525892377,
    "C": 0.008679893502468774,
    "D": 0.8853732864728586
  }
}