{
  "question_id": "medmcqa_0001",
  "method": "last_m",
  "prefix_length": 75,
  "keep_m": 5,
  "kl_to_baseline": 2.4177017086788015,
  "token_kl": 0.4681280501788497,
  "distribution": {
    "A": 0.08477205080116025,
    "B": 0.002900740063836665,
    "C": 0.0009417324188897902,
    "D": 0.9113854767161133
  }
}