{
  "question_id": "medmcqa_0001",
  "method": "last_m",
  "prefix_length": 92,
  "keep_m": 5,
  "kl_to_baseline": 0.14278585043020986,
  "token_kl": 0.21672246755693034,
  "distribution": {
    "A": 0.818884437450533,
    "B": 0.014998393212402435,
    "C": 0.004869265362817176,
    "D": 0.1612479039742475
  }
}