{
  "question_id": "medmcqa_0001",
  "method": "last_m",
  "prefix_length": 50,
  "keep_m": 20,
  "kl_to_baseline": 0.2128169935521919,
  "token_kl": 0.16330302796141766,
  "distribution": {
    "A": 0.7916421789146879,
    "B": 0.04195549343119561,
    "C": 0.028835560821645803,
    "D": 0.13756676683247063
  }
}