{
  "question_id": "medmcqa_0001",
  "method": "last_m",
  "prefix_length": 32,
  "keep_m": 5,
  "kl_to_baseline": 1.204486462756098,
  "token_kl": 0.515742642819719,
  "distribution": {
    "A": 0.291482408496717,
    "B": 0.006049524390180634,
    "C": 0.0032380770669485598,
    "D": 0.6992299900461537
  }
}