{
  "question_id": "medmcqa_0001",
  "method": "last_m",
  "prefix_length": 87,
  "keep_m": 3,
  "kl_to_baseline": 0.026812521126804736,
  "token_kl": 0.21704296218912408,
  "distribution": {
    "A": 0.9340349626996872,
    "B": 0.031960922194674266,
    "C": 0.0020431929109643076,
    "D": 0.031960922194674266
  }
}