{
  "question_id": "medmcqa_0001",
  "method": "last_m",
  "prefix_length": 29,
  "keep_m": 15,
  "kl_to_baseline": 1.1694815426581062,
  "token_kl": 1.2991041467735525,
  "distribution": {
    "A": 0.29807354376399336,
    "B": 0.1407999723310955,
    "C": 0.004251790750333928,
    "D": 0.5568746931545773
  }
}