{
  "question_id": "medmcqa_0001",
  "method": "last_m",
  "prefix_length": 93,
  "keep_m": 15,
  "kl_to_baseline": 0.014046760675256165,
  "token_kl": 0.03260949251324429,
  "distribution": {
    "A": 0.9661288379658654,
    "B": 0.013781084445307781,
    "C": 0.004474063068042945,
    "D": 0.015616014520783813
  }
}