{
  "question_id": "medmcqa_0001",
  "method": "last_m",
  "prefix_length": 18,
  "keep_m": 3,
  "kl_to_baseline": 1.6397642306571303,
  "token_kl": 0.1908350814663998,
  "distribution": {
    "A": 0.1919973664706296,
    "B": 0.7593643602516803,
    "C": 0.03780652306652523,
    "D": 0.010831750211164901
  }
}