{
  "question_id": "medmcqa_0001",
  "method": "last_m",
  "prefix_length": 89,
  "keep_m": 20,
  "kl_to_baseline": 0.45350724373957474,
  "token_kl": 0.476185838687502,
  "distribution": {
    "A": 0.5552412951146127,
    "B": 0.0061681747282729,
    "C": 0.0061681747282729,
    "D": 0.43242235542884144
  }
}