{
  "question_id": "medmcqa_0001",
  "method": "last_m",
  "prefix_length": 82,
  "keep_m": 20,
  "kl_to_baseline": 0.010038244146615643,
  "token_kl": 0.13451857710786172,
  "distribution": {
    "A": 0.9749373761104817,
    "B": 0.008434860140413551,
    "C": 0.005797188942607548,
    "D": 0.010830574806497333
  }
}