{
  "question_id": "medmcqa_0001",
  "method": "last_m",
  "prefix_length": 88,
  "keep_m": 5,
  "kl_to_baseline": 0.38627601359509206,
  "token_kl": 0.7565986684539167,
  "distribution": {
    "A": 0.589671759927335,
    "B": 0.11611326790967623,
    "C": 0.04840321137229937,
    "D": 0.2458117607906894
  }
}