{
  "question_id": "medmcqa_0001",
  "method": "last_m",
  "prefix_length": 24,
  "keep_m": 15,
  "kl_to_baseline": 0.0010150028298754638,
  "token_kl": 0.2778807101844981,
  "distribution": {
    "A": 0.9977513885555144,
    "B": 0.0007085775558346977,
    "C": 3.997519117755479e-05,
    "D": 0.0015000586974734235
  }
}