{
  "question_id": "race_high_0001",
  "method": "last_m",
  "prefix_length": 17,
  "keep_m": 10,
  "kl_to_baseline": 0.00028886819573148236,
  "token_kl": 0.09162786739833073,
  "distribution": {
    "A": 0.00029591845747240067,
    "B": 8.478205754531097e-05,
    "C": 4.538056523448238e-05,
    "D": 0.9995739189197479
  }
}