{
  "question_id": "starfish",
  "method": "last_m",
  "prefix_length": 69,
  "keep_m": 10,
  "kl_to_baseline": 0.3142736359905357,
  "token_kl": 0.16140487122297106,
  "distribution": {
    "A": 0.4924566197813007,
    "B": 0.20528646112608429,
    "C": 0.09697045796653077,
    "D": 0.20528646112608429
  }
}