{
  "question_id": "starfish",
  "method": "last_m",
  "prefix_length": 65,
  "keep_m": 10,
  "kl_to_baseline": 0.20919804161136235,
  "token_kl": 0.22887542798626212,
  "distribution": {
    "A": 0.4859148074467454,
    "B": 0.37843083254551624,
    "C": 0.051215037802705955,
    "D": 0.08443932220503246
  }
}