{
  "question_id": "starfish",
  "method": "last_m",
  "prefix_length": 34,
  "keep_m": 3,
  "kl_to_baseline": 0.07118299671211072,
  "token_kl": 0.3093566518479971,
  "distribution": {
    "A": 0.40841291419207737,
    "B": 0.10326295614576345,
    "C": 0.17025183227289473,
    "D": 0.31807229738926435
  }
}