{
  "question_id": "starfish",
  "method": "last_m",
  "prefix_length": 65,
  "keep_m": 3,
  "kl_to_baseline": 0.10525582972587168,
  "token_kl": 0.34729681310048094,
  "distribution": {
    "A": 0.3342400197854539,
    "B": 0.20272679553591633,
    "C": 0.20272679553591633,
    "D": 0.26030638914271337
  }
}