{
  "question_id": "starfish",
  "method": "last_m",
  "prefix_length": 59,
  "keep_m": 20,
  "kl_to_baseline": 0.06707100468269953,
  "token_kl": 0.14233275447755014,
  "distribution": {
    "A": 0.44154374282072223,
    "B": 0.3034682805579207,
    "C": 0.1433482484649442,
    "D": 0.11163972815641286
  }
}