{
  "question_id": "starfish",
  "method": "last_m",
  "prefix_length": 38,
  "keep_m": 5,
  "kl_to_baseline": 0.13655560395719343,
  "token_kl": 0.5881237581903739,
  "distribution": {
    "A": 0.2900896107837484,
    "B": 0.15527377946662704,
    "C": 0.22592201603926232,
    "D": 0.3287145937103622
  }
}