{
  "question_id": "starfish",
  "method": "last_m",
  "prefix_length": 68,
  "keep_m": 3,
  "kl_to_baseline": 0.21699411625673637,
  "token_kl": 0.28335977086304975,
  "distribution": {
    "A": 0.3810959068071204,
    "B": 0.15886440940282884,
    "C": 0.12372372644509935,
    "D": 0.3363159573449514
  }
}