{
  "question_id": "starfish",
  "method": "last_m",
  "prefix_length": 38,
  "keep_m": 15,
  "kl_to_baseline": 0.08634302308171228,
  "token_kl": 0.1019521706396582,
  "distribution": {
    "A": 0.3632122790984034,
    "B": 0.1336183302613266,
    "C": 0.22029938325728377,
    "D": 0.28287000738298623
  }
}