{
  "question_id": "starfish",
  "method": "last_m",
  "prefix_length": 32,
  "keep_m": 15,
  "kl_to_baseline": 0.10408662492776574,
  "token_kl": 0.34292761395467386,
  "distribution": {
    "A": 0.40202864839385977,
    "B": 0.21519042864485624,
    "C": 0.16759049431642786,
    "D": 0.21519042864485624
  }
}