{
  "question_id": "starfish",
  "method": "last_m",
  "prefix_length": 58,
  "keep_m": 20,
  "kl_to_baseline": 0.2469403548227384,
  "token_kl": 0.3377111046825604,
  "distribution": {
    "A": 0.7527544371133756,
    "B": 0.11543863862657336,
    "C": 0.061789850617547146,
    "D": 0.07001707364250383
  }
}