{
  "question_id": "starfish",
  "method": "last_m",
  "prefix_length": 22,
  "keep_m": 5,
  "kl_to_baseline": 0.09279117691206462,
  "token_kl": 0.18813593763122735,
  "distribution": {
    "A": 0.5694584663410744,
    "B": 0.1439816484572681,
    "C": 0.07706782283375639,
    "D": 0.20949206236790108
  }
}