{
  "question_id": "starfish",
  "method": "last_m",
  "prefix_length": 94,
  "keep_m": 3,
  "kl_to_baseline": 5.072383048127856,
  "token_kl": 0.892957470944402,
  "distribution": {
    "A": 0.006626807908391485,
    "B": 0.0058481374531785865,
    "C": 0.9835056924659642,
    "D": 0.004019362172465583
  }
}