{
  "question_id": "starfish",
  "method": "last_m",
  "prefix_length": 53,
  "keep_m": 3,
  "kl_to_baseline": 0.09888997672128072,
  "token_kl": 0.2192460428430585,
  "distribution": {
    "A": 0.34031470637689565,
    "B": 0.16075328469832478,
    "C": 0.2650373598170415,
    "D": 0.23389464910773808
  }
}