{
  "question_id": "waffle",
  "method": "last_m",
  "prefix_length": 159,
  "keep_m": 5,
  "kl_to_baseline": 0.09588082863482206,
  "token_kl": 0.601192919716858,
  "distribution": {
    "A": 0.5576165087889978,
    "B": 0.23244914405986036,
    "C": 0.12442107573964457,
    "D": 0.08551327141149725
  }
}