{
  "question_id": "waffle",
  "method": "last_m",
  "prefix_length": 230,
  "keep_m": 3,
  "kl_to_baseline": 0.6325126010585519,
  "token_kl": 0.9535206189856095,
  "distribution": {
    "A": 0.674295339009548,
    "B": 0.1704885609681986,
    "C": 0.11717496010994392,
    "D": 0.0380411399123095
  }
}