{
  "question_id": "waffle",
  "method": "last_m",
  "prefix_length": 182,
  "keep_m": 20,
  "kl_to_baseline": 1.3186962702102025,
  "token_kl": 0.29240408601844975,
  "distribution": {
    "A": 0.024142620720659275,
    "B": 0.05110992846670919,
    "C": 0.9059451588899862,
    "D": 0.01880229192264537
  }
}