{
  "question_id": "waffle",
  "method": "last_m",
  "prefix_length": 69,
  "keep_m": 15,
  "kl_to_baseline": 0.02690288898271202,
  "token_kl": 0.1934067812720475,
  "distribution": {
    "A": 0.25800631988738665,
    "B": 0.48201929285216283,
    "C": 0.13810083134985016,
    "D": 0.12187355591060035
  }
}