{
  "question_id": "waffle",
  "method": "last_m",
  "prefix_length": 282,
  "keep_m": 15,
  "kl_to_baseline": 0.480049750390006,
  "token_kl": 0.35635066753622585,
  "distribution": {
    "A": 0.010786970479123543,
    "B": 0.010786970479123543,
    "C": 0.9710122898808167,
    "D": 0.007413769160936327
  }
}