{
  "question_id": "waffle",
  "method": "last_m",
  "prefix_length": 193,
  "keep_m": 15,
  "kl_to_baseline": 0.6460237943643821,
  "token_kl": 0.4160309228623804,
  "distribution": {
    "A": 0.5303554031410936,
    "B": 0.28387879070806676,
    "C": 0.10443317088610844,
    "D": 0.0813326352647311
  }
}