{
  "question_id": "waffle",
  "method": "last_m",
  "prefix_length": 277,
  "keep_m": 15,
  "kl_to_baseline": 0.6708038378274543,
  "token_kl": 0.6714970140050845,
  "distribution": {
    "A": 0.006627539638328079,
    "B": 0.006627539638328079,
    "C": 0.9836142926712325,
    "D": 0.0031306280521114656
  }
}