{
  "question_id": "waffle",
  "method": "last_m",
  "prefix_length": 259,
  "keep_m": 20,
  "kl_to_baseline": 2.376174850228785,
  "token_kl": 0.14572289322168594,
  "distribution": {
    "A": 0.025001820355879233,
    "B": 0.025001820355879233,
    "C": 0.9381863384102134,
    "D": 0.011810020878028071
  }
}