{
  "question_id": "waffle",
  "method": "last_m",
  "prefix_length": 73,
  "keep_m": 3,
  "kl_to_baseline": 0.18951879077474593,
  "token_kl": 0.8147778521751025,
  "distribution": {
    "A": 0.6888570767767398,
    "B": 0.13564400500687826,
    "C": 0.08227224784288562,
    "D": 0.09322667037349638
  }
}