{
  "question_id": "waffle",
  "method": "last_m",
  "prefix_length": 178,
  "keep_m": 3,
  "kl_to_baseline": 0.8544538907998735,
  "token_kl": 0.895847911091854,
  "distribution": {
    "A": 0.004602304897032649,
    "B": 0.001026913028726798,
    "C": 0.9938211151395195,
    "D": 0.0005496669347210688
  }
}