{
  "question_id": "waffle",
  "method": "last_m",
  "prefix_length": 112,
  "keep_m": 15,
  "kl_to_baseline": 0.1674680337321456,
  "token_kl": 1.2232356438751975,
  "distribution": {
    "A": 0.4619154283166679,
    "B": 0.2181933985318337,
    "C": 0.1699291896376032,
    "D": 0.14996198351389517
  }
}