{
  "question_id": "waffle",
  "method": "last_m",
  "prefix_length": 136,
  "keep_m": 15,
  "kl_to_baseline": 0.013477107207221516,
  "token_kl": 0.3400624204513238,
  "distribution": {
    "A": 0.7031524595230408,
    "B": 0.177784783654919,
    "C": 0.04495103283954402,
    "D": 0.0741117239824962
  }
}