{
  "question_id": "waffle",
  "method": "last_m",
  "prefix_length": 292,
  "keep_m": 3,
  "kl_to_baseline": 0.27896578731720867,
  "token_kl": 0.6423873554838376,
  "distribution": {
    "A": 0.7715117379105805,
    "B": 0.11831517109201685,
    "C": 0.07176177877645408,
    "D": 0.03841131222094857
  }
}