{
  "question_id": "waffle",
  "method": "last_m",
  "prefix_length": 63,
  "keep_m": 3,
  "kl_to_baseline": 0.3163667304195247,
  "token_kl": 0.35413946011034253,
  "distribution": {
    "A": 0.20866024604344652,
    "B": 0.3035988665653362,
    "C": 0.3035988665653362,
    "D": 0.18414202082588113
  }
}