{
  "question_id": "waffle",
  "method": "last_m",
  "prefix_length": 277,
  "keep_m": 10,
  "kl_to_baseline": 0.4670675222280693,
  "token_kl": 0.8632085567445752,
  "distribution": {
    "A": 0.015744571969098255,
    "B": 0.007437209185425753,
    "C": 0.9740822224864665,
    "D": 0.0027359963590095435
  }
}