{
  "question_id": "waffle",
  "method": "last_m",
  "prefix_length": 191,
  "keep_m": 3,
  "kl_to_baseline": 0.32277884783830785,
  "token_kl": 0.2695080755015726,
  "distribution": {
    "A": 0.47164720284822825,
    "B": 0.19661180555503158,
    "C": 0.19661180555503158,
    "D": 0.1351291860417085
  }
}