{
  "question_id": "waffle",
  "method": "last_m",
  "prefix_length": 136,
  "keep_m": 10,
  "kl_to_baseline": 0.34242341289773803,
  "token_kl": 0.26159000001138183,
  "distribution": {
    "A": 0.3359585806783357,
    "B": 0.4313793822575363,
    "C": 0.1090697821474309,
    "D": 0.12359225491669705
  }
}