{
  "question_id": "waffle",
  "method": "last_m",
  "prefix_length": 70,
  "keep_m": 3,
  "kl_to_baseline": 0.6190887159780584,
  "token_kl": 0.7621898862598235,
  "distribution": {
    "A": 0.7561007697581225,
    "B": 0.11595181884458175,
    "C": 0.03764404408258186,
    "D": 0.09030336731471394
  }
}