{
  "question_id": "waffle",
  "method": "last_m",
  "prefix_length": 144,
  "keep_m": 15,
  "kl_to_baseline": 0.7540797727035085,
  "token_kl": 0.037943008090802324,
  "distribution": {
    "A": 0.27192074675019423,
    "B": 0.39564235197810277,
    "C": 0.18688821392224358,
    "D": 0.14554868734945953
  }
}