{
  "question_id": "waffle",
  "method": "last_m",
  "prefix_length": 290,
  "keep_m": 5,
  "kl_to_baseline": 0.4377089587507876,
  "token_kl": 0.9064813142487409,
  "distribution": {
    "A": 0.47506907100594004,
    "B": 0.2881439570463007,
    "C": 0.1542323460677175,
    "D": 0.08255462588004173
  }
}