{
  "question_id": "waffle",
  "method": "last_m",
  "prefix_length": 169,
  "keep_m": 5,
  "kl_to_baseline": 0.49074173379476166,
  "token_kl": 0.8541138303189846,
  "distribution": {
    "A": 0.3624670647091065,
    "B": 0.3624670647091065,
    "C": 0.17121731783879496,
    "D": 0.10384855274299194
  }
}