{
  "question_id": "waffle",
  "method": "last_m",
  "prefix_length": 205,
  "keep_m": 10,
  "kl_to_baseline": 0.031172275625257793,
  "token_kl": 0.7260278097365536,
  "distribution": {
    "A": 0.017832002567315267,
    "B": 0.00743348460512339,
    "C": 0.9735945510424003,
    "D": 0.0011399617851609836
  }
}