{
  "question_id": "waffle",
  "method": "last_m",
  "prefix_length": 187,
  "keep_m": 5,
  "kl_to_baseline": 0.4324405391319033,
  "token_kl": 1.4401162521675714,
  "distribution": {
    "A": 0.5089978852749156,
    "B": 0.1652474291841976,
    "C": 0.21218189911481738,
    "D": 0.11357278642606942
  }
}