{
  "question_id": "waffle",
  "method": "last_m",
  "prefix_length": 183,
  "keep_m": 3,
  "kl_to_baseline": 0.6285870944624324,
  "token_kl": 3.3835976388638995,
  "distribution": {
    "A": 0.7413594074244891,
    "B": 0.1288289439028369,
    "C": 0.06085448412464863,
    "D": 0.06895716454802533
  }
}