{
  "question_id": "waffle",
  "method": "last_m",
  "prefix_length": 179,
  "keep_m": 10,
  "kl_to_baseline": 0.3934511915265925,
  "token_kl": 0.35423938653677806,
  "distribution": {
    "A": 0.007540325233868547,
    "B": 0.003561797437268571,
    "C": 0.9875875652780747,
    "D": 0.0013103120507882372
  }
}