{
  "question_id": "waffle",
  "method": "last_m",
  "prefix_length": 237,
  "keep_m": 15,
  "kl_to_baseline": 1.504100803111072,
  "token_kl": 0.5681852825018782,
  "distribution": {
    "A": 0.26635766784372295,
    "B": 0.235059816851742,
    "C": 0.11103439537419163,
    "D": 0.38754811993034344
  }
}