{
  "question_id": "waffle",
  "method": "last_m",
  "prefix_length": 211,
  "keep_m": 5,
  "kl_to_baseline": 1.1822351039432917,
  "token_kl": 0.11178860740391336,
  "distribution": {
    "A": 0.0010317979978143718,
    "B": 0.00033497576580584094,
    "C": 0.998548531099149,
    "D": 8.469513723073424e-05
  }
}