{
  "question_id": "waffle",
  "method": "last_m",
  "prefix_length": 301,
  "keep_m": 15,
  "kl_to_baseline": 1.0186932943094131,
  "token_kl": 0.6856020051057121,
  "distribution": {
    "A": 0.38347923196969513,
    "B": 0.33841925459013433,
    "C": 0.18114277365024714,
    "D": 0.09695873978992339
  }
}