{
  "question_id": "waffle",
  "method": "last_m",
  "prefix_length": 292,
  "keep_m": 15,
  "kl_to_baseline": 0.9307185856758299,
  "token_kl": 0.17036382354005483,
  "distribution": {
    "A": 0.11399927412293241,
    "B": 0.08878272395651152,
    "C": 0.7433685577881286,
    "D": 0.053849444132427544
  }
}