{
  "question_id": "waffle",
  "method": "last_m",
  "prefix_length": 129,
  "keep_m": 15,
  "kl_to_baseline": 0.07561538544811333,
  "token_kl": 0.4257609764275994,
  "distribution": {
    "A": 0.4918490289609927,
    "B": 0.29832151601472906,
    "C": 0.12435890967945443,
    "D": 0.0854705453448239
  }
}