{
  "question_id": "waffle",
  "method": "last_m",
  "prefix_length": 302,
  "keep_m": 15,
  "kl_to_baseline": 1.1153240103812767,
  "token_kl": 0.63080283842256,
  "distribution": {
    "A": 0.3815746693525033,
    "B": 0.3815746693525033,
    "C": 0.1403734761265768,
    "D": 0.0964771851684167
  }
}