{
  "question_id": "waffle",
  "method": "last_m",
  "prefix_length": 134,
  "keep_m": 3,
  "kl_to_baseline": 0.31853664626313954,
  "token_kl": 0.30383283679913065,
  "distribution": {
    "A": 0.4907780289409721,
    "B": 0.18054714702602678,
    "C": 0.20458672035817108,
    "D": 0.12408810367482999
  }
}