{
  "question_id": "waffle",
  "method": "last_m",
  "prefix_length": 200,
  "keep_m": 5,
  "kl_to_baseline": 0.8971496996074131,
  "token_kl": 1.5734953388197117,
  "distribution": {
    "A": 0.7497021221222974,
    "B": 0.14762509637167007,
    "C": 0.06973316618398656,
    "D": 0.032939615322046034
  }
}