{
  "question_id": "waffle",
  "method": "last_m",
  "prefix_length": 151,
  "keep_m": 5,
  "kl_to_baseline": 0.031670757481520075,
  "token_kl": 1.3938728151473287,
  "distribution": {
    "A": 0.6365914819044926,
    "B": 0.20667098298105088,
    "C": 0.11062300558386122,
    "D": 0.04611452953059529
  }
}