{
  "question_id": "waffle",
  "method": "last_m",
  "prefix_length": 243,
  "keep_m": 3,
  "kl_to_baseline": 0.3477339446884685,
  "token_kl": 0.632657936919091,
  "distribution": {
    "A": 0.015555594066002204,
    "B": 0.01372776358111026,
    "C": 0.9623903328516575,
    "D": 0.008326309501229869
  }
}