{
  "question_id": "waffle",
  "method": "last_m",
  "prefix_length": 210,
  "keep_m": 3,
  "kl_to_baseline": 0.7151319620827373,
  "token_kl": 0.24104589985427172,
  "distribution": {
    "A": 0.0005525928880518256,
    "B": 0.0002610263975982423,
    "C": 0.999111595399331,
    "D": 7.478531501903162e-05
  }
}