{
  "question_id": "waffle",
  "method": "last_m",
  "prefix_length": 252,
  "keep_m": 15,
  "kl_to_baseline": 0.2520586326009006,
  "token_kl": 0.17120993802874632,
  "distribution": {
    "A": 0.04122296618754668,
    "B": 0.013383140875405906,
    "C": 0.9382304138340067,
    "D": 0.0071634791030406545
  }
}