{
  "question_id": "waffle",
  "method": "last_m",
  "prefix_length": 130,
  "keep_m": 5,
  "kl_to_baseline": 0.282234506904224,
  "token_kl": 1.4379245092359834,
  "distribution": {
    "A": 0.3818183045785905,
    "B": 0.2973603945968024,
    "C": 0.18035819630720756,
    "D": 0.14046310451739943
  }
}