{
  "question_id": "waffle",
  "method": "last_m",
  "prefix_length": 204,
  "keep_m": 15,
  "kl_to_baseline": 0.10171409579252283,
  "token_kl": 0.4393658632943342,
  "distribution": {
    "A": 0.0031572881221567234,
    "B": 0.004054038196655544,
    "C": 0.9919903862285426,
    "D": 0.0007982874526452329
  }
}