{
  "question_id": "waffle",
  "method": "last_m",
  "prefix_length": 271,
  "keep_m": 10,
  "kl_to_baseline": 0.4557809322553423,
  "token_kl": 0.4572489611477724,
  "distribution": {
    "A": 0.39181905048556065,
    "B": 0.3457790984271445,
    "C": 0.16333448073392626,
    "D": 0.0990673703533687
  }
}