{
  "question_id": "waffle",
  "method": "last_m",
  "prefix_length": 67,
  "keep_m": 15,
  "kl_to_baseline": 0.03942874381291887,
  "token_kl": 0.3744837674822813,
  "distribution": {
    "A": 0.2770267002122263,
    "B": 0.51755401277228,
    "C": 0.11548189598882572,
    "D": 0.089937391026668
  }
}