{
  "question_id": "waffle",
  "method": "last_m",
  "prefix_length": 111,
  "keep_m": 5,
  "kl_to_baseline": 0.1745682414084187,
  "token_kl": 0.32782471270021374,
  "distribution": {
    "A": 0.36385828438381157,
    "B": 0.2206912052692202,
    "C": 0.2206912052692202,
    "D": 0.194759305077748
  }
}