{
  "question_id": "waffle",
  "method": "last_m",
  "prefix_length": 224,
  "keep_m": 15,
  "kl_to_baseline": 1.041729834602717,
  "token_kl": 0.37125896304696465,
  "distribution": {
    "A": 0.5238779582904486,
    "B": 0.3177480436508132,
    "C": 0.10315767407217136,
    "D": 0.05521632398656684
  }
}