{
  "question_id": "waffle",
  "method": "last_m",
  "prefix_length": 246,
  "keep_m": 10,
  "kl_to_baseline": 0.37983643719925475,
  "token_kl": 0.5474054216752279,
  "distribution": {
    "A": 0.009588041672181998,
    "B": 0.005815441240780768,
    "C": 0.9780067588411454,
    "D": 0.006589758245891752
  }
}