{
  "question_id": "waffle",
  "method": "last_m",
  "prefix_length": 90,
  "keep_m": 5,
  "kl_to_baseline": 0.14317377353291755,
  "token_kl": 0.4182366450268193,
  "distribution": {
    "A": 0.48280111371476736,
    "B": 0.1776126039103386,
    "C": 0.20126144736617113,
    "D": 0.13832483500872297
  }
}