{
  "question_id": "waffle",
  "method": "last_m",
  "prefix_length": 124,
  "keep_m": 5,
  "kl_to_baseline": 0.17070880723282747,
  "token_kl": 0.5015634318298204,
  "distribution": {
    "A": 0.5221145780959056,
    "B": 0.21764973752865147,
    "C": 0.1695057860225995,
    "D": 0.09072989835284354
  }
}