{
  "question_id": "waffle",
  "method": "last_m",
  "prefix_length": 250,
  "keep_m": 5,
  "kl_to_baseline": 0.8756106629441489,
  "token_kl": 0.41459629599616576,
  "distribution": {
    "A": 0.4287649028625185,
    "B": 0.22950131440499777,
    "C": 0.2025341991015039,
    "D": 0.13919958363097978
  }
}