{
  "question_id": "waffle",
  "method": "last_m",
  "prefix_length": 179,
  "keep_m": 5,
  "kl_to_baseline": 0.5090330944774873,
  "token_kl": 0.2263546660736785,
  "distribution": {
    "A": 0.004059079657870499,
    "B": 0.001917373465289465,
    "C": 0.9932242667016216,
    "D": 0.0007992801752185468
  }
}