{
  "question_id": "waffle",
  "method": "last_m",
  "prefix_length": 129,
  "keep_m": 5,
  "kl_to_baseline": 0.20894111873852222,
  "token_kl": 0.39634963748011137,
  "distribution": {
    "A": 0.3925874504024267,
    "B": 0.26982114564947046,
    "C": 0.21013691952103117,
    "D": 0.12745448442707158
  }
}