{
  "question_id": "waffle",
  "method": "last_m",
  "prefix_length": 120,
  "keep_m": 3,
  "kl_to_baseline": 0.2611418869370954,
  "token_kl": 1.0914509431436497,
  "distribution": {
    "A": 0.43589456740466154,
    "B": 0.20590201416347584,
    "C": 0.23331754883268643,
    "D": 0.1248858695991763
  }
}