{
  "question_id": "waffle",
  "method": "last_m",
  "prefix_length": 272,
  "keep_m": 5,
  "kl_to_baseline": 0.3815128767122691,
  "token_kl": 0.8310355514396432,
  "distribution": {
    "A": 0.5899675946343428,
    "B": 0.21703694902334203,
    "C": 0.10252099542758342,
    "D": 0.09047446091473182
  }
}