{
  "question_id": "waffle",
  "method": "last_m",
  "prefix_length": 296,
  "keep_m": 15,
  "kl_to_baseline": 0.6111671653941296,
  "token_kl": 0.4640239155226113,
  "distribution": {
    "A": 0.33767879625406966,
    "B": 0.29800049176271115,
    "C": 0.2048125430629488,
    "D": 0.15950816892027034
  }
}