{
  "question_id": "waffle",
  "method": "last_m",
  "prefix_length": 118,
  "keep_m": 3,
  "kl_to_baseline": 0.1613393815400263,
  "token_kl": 0.46783827248323034,
  "distribution": {
    "A": 0.4907378972008657,
    "B": 0.23180818261699135,
    "C": 0.23180818261699135,
    "D": 0.04564573756515151
  }
}