{
  "question_id": "waffle",
  "method": "last_m",
  "prefix_length": 181,
  "keep_m": 5,
  "kl_to_baseline": 1.6746313640994388,
  "token_kl": 0.580933546423467,
  "distribution": {
    "A": 0.0010311584652870505,
    "B": 0.0004870847695773594,
    "C": 0.9979298174119765,
    "D": 0.0005519393531589963
  }
}