{
  "question_id": "waffle",
  "method": "last_m",
  "prefix_length": 58,
  "keep_m": 10,
  "kl_to_baseline": 0.03811331385914275,
  "token_kl": 0.35845644424275813,
  "distribution": {
    "A": 0.4863146239754958,
    "B": 0.2949647297077587,
    "C": 0.12295960761782822,
    "D": 0.09576103869891729
  }
}