{
  "question_id": "waffle",
  "method": "last_m",
  "prefix_length": 260,
  "keep_m": 15,
  "kl_to_baseline": 0.4826828234791046,
  "token_kl": 0.4471043304007667,
  "distribution": {
    "A": 0.3994861107250142,
    "B": 0.3525452553403918,
    "C": 0.14696272716927117,
    "D": 0.1010059067653228
  }
}