{
  "question_id": "waffle",
  "method": "last_m",
  "prefix_length": 89,
  "keep_m": 3,
  "kl_to_baseline": 0.35936447219835677,
  "token_kl": 0.24937323058042074,
  "distribution": {
    "A": 0.2244673237121606,
    "B": 0.2244673237121606,
    "C": 0.2244673237121606,
    "D": 0.32659802886351824
  }
}