{
  "question_id": "waffle",
  "method": "last_m",
  "prefix_length": 161,
  "keep_m": 15,
  "kl_to_baseline": 0.1116842399950552,
  "token_kl": 0.8507270096029017,
  "distribution": {
    "A": 0.5676326509503568,
    "B": 0.20882036997561726,
    "C": 0.11177348953701297,
    "D": 0.11177348953701297
  }
}