{
  "question_id": "waffle",
  "method": "last_m",
  "prefix_length": 86,
  "keep_m": 10,
  "kl_to_baseline": 0.09188464056446531,
  "token_kl": 0.4298316913039066,
  "distribution": {
    "A": 0.6238889307788257,
    "B": 0.12285099985603073,
    "C": 0.17874717137610863,
    "D": 0.07451289798903496
  }
}