{
  "question_id": "waffle",
  "method": "last_m",
  "prefix_length": 166,
  "keep_m": 15,
  "kl_to_baseline": 0.5006369078929289,
  "token_kl": 0.6231511921847529,
  "distribution": {
    "A": 0.35888231301687173,
    "B": 0.27949782640801674,
    "C": 0.16952400103950147,
    "D": 0.19209585953561018
  }
}