{
  "question_id": "waffle",
  "method": "last_m",
  "prefix_length": 219,
  "keep_m": 5,
  "kl_to_baseline": 1.6723854665912434,
  "token_kl": 0.8502823902342523,
  "distribution": {
    "A": 0.37457369550229136,
    "B": 0.1561455472255278,
    "C": 0.09470706176988952,
    "D": 0.37457369550229136
  }
}