{
  "question_id": "waffle",
  "method": "last_m",
  "prefix_length": 97,
  "keep_m": 10,
  "kl_to_baseline": 0.1027857591406886,
  "token_kl": 0.3604721402238307,
  "distribution": {
    "A": 0.3568632977686014,
    "B": 0.2779254157516307,
    "C": 0.21644853142281575,
    "D": 0.1487627550569521
  }
}