{
  "question_id": "waffle",
  "method": "last_m",
  "prefix_length": 168,
  "keep_m": 3,
  "kl_to_baseline": 0.017399068291167677,
  "token_kl": 0.9681212136413592,
  "distribution": {
    "A": 0.8208620422883494,
    "B": 0.08651822272946032,
    "C": 0.0463098674910951,
    "D": 0.0463098674910951
  }
}