{
  "question_id": "waffle",
  "method": "last_m",
  "prefix_length": 143,
  "keep_m": 15,
  "kl_to_baseline": 0.017731910895502072,
  "token_kl": 0.24906480652929489,
  "distribution": {
    "A": 0.6667769270361583,
    "B": 0.21647077453990712,
    "C": 0.05473238313821052,
    "D": 0.062019915285724106
  }
}