{
  "question_id": "waffle",
  "method": "last_m",
  "prefix_length": 96,
  "keep_m": 10,
  "kl_to_baseline": 0.30238545606835254,
  "token_kl": 0.2707604739614991,
  "distribution": {
    "A": 0.2400083146979626,
    "B": 0.2400083146979626,
    "C": 0.21180659431550083,
    "D": 0.308176776288574
  }
}