{
  "question_id": "waffle",
  "method": "last_m",
  "prefix_length": 133,
  "keep_m": 20,
  "kl_to_baseline": 0.29938112476519907,
  "token_kl": 0.396383807400482,
  "distribution": {
    "A": 0.3994861225338891,
    "B": 0.3525452657616873,
    "C": 0.1469627139941917,
    "D": 0.10100589771023193
  }
}