{
  "question_id": "waffle",
  "method": "last_m",
  "prefix_length": 270,
  "keep_m": 20,
  "kl_to_baseline": 0.6870300094027267,
  "token_kl": 0.07253416466061526,
  "distribution": {
    "A": 0.6737381632155797,
    "B": 0.24785441897962146,
    "C": 0.04880542884803945,
    "D": 0.029601988956759362
  }
}