{
  "question_id": "waffle",
  "method": "last_m",
  "prefix_length": 117,
  "keep_m": 5,
  "kl_to_baseline": 0.023959686680055284,
  "token_kl": 1.6654375348469632,
  "distribution": {
    "A": 0.6955262622026813,
    "B": 0.13695722511226702,
    "C": 0.13695722511226702,
    "D": 0.030559287572784696
  }
}