{
  "question_id": "waffle",
  "method": "last_m",
  "prefix_length": 261,
  "keep_m": 15,
  "kl_to_baseline": 0.43552097430992087,
  "token_kl": 0.5426408897328607,
  "distribution": {
    "A": 0.501117444408855,
    "B": 0.2682288391500694,
    "C": 0.08708116482761911,
    "D": 0.14357255161345658
  }
}