{
  "question_id": "waffle",
  "method": "last_m",
  "prefix_length": 171,
  "keep_m": 20,
  "kl_to_baseline": 0.7062781601430099,
  "token_kl": 0.2334612252653567,
  "distribution": {
    "A": 0.29514399161249083,
    "B": 0.37897238681311185,
    "C": 0.12303432043955968,
    "D": 0.2028493011348376
  }
}