{
  "question_id": "waffle",
  "method": "last_m",
  "prefix_length": 29,
  "keep_m": 3,
  "kl_to_baseline": 0.09252015179071588,
  "token_kl": 0.4877772582917516,
  "distribution": {
    "A": 0.5032512680610061,
    "B": 0.2097863275054415,
    "C": 0.2097863275054415,
    "D": 0.077176076928111
  }
}