{
  "question_id": "waffle",
  "method": "last_m",
  "prefix_length": 200,
  "keep_m": 20,
  "kl_to_baseline": 0.9909241427897321,
  "token_kl": 1.281348954995448,
  "distribution": {
    "A": 0.5985227416708779,
    "B": 0.2827221242201735,
    "C": 0.06308384037493092,
    "D": 0.05567129373401759
  }
}