{
  "question_id": "waffle",
  "method": "last_m",
  "prefix_length": 258,
  "keep_m": 3,
  "kl_to_baseline": 0.41734307201081333,
  "token_kl": 0.9031678023805324,
  "distribution": {
    "A": 0.3118033757242152,
    "B": 0.3118033757242152,
    "C": 0.2751655132920407,
    "D": 0.10122773525952902
  }
}