{
  "question_id": "waffle",
  "method": "last_m",
  "prefix_length": 288,
  "keep_m": 15,
  "kl_to_baseline": 0.9128444104498358,
  "token_kl": 0.5832235286962592,
  "distribution": {
    "A": 0.0515640012731056,
    "B": 0.04550507140838383,
    "C": 0.8065966903910011,
    "D": 0.0963342369275095
  }
}