{
  "question_id": "waffle",
  "method": "last_m",
  "prefix_length": 218,
  "keep_m": 20,
  "kl_to_baseline": 0.8651233965827979,
  "token_kl": 0.6825644689537264,
  "distribution": {
    "A": 0.002175793574747396,
    "B": 0.0024654971234177522,
    "C": 0.9946523325493307,
    "D": 0.0007063767525041861
  }
}