{
  "question_id": "waffle",
  "method": "last_m",
  "prefix_length": 289,
  "keep_m": 10,
  "kl_to_baseline": 0.8241421389450367,
  "token_kl": 0.5059401932779342,
  "distribution": {
    "A": 0.0707853041198027,
    "B": 0.03343661009179555,
    "C": 0.8623414756966061,
    "D": 0.03343661009179555
  }
}