{
  "question_id": "bigbench_logical_deduction_0001",
  "method": "deletion",
  "prefix_length": 129,
  "keep_m": 0,
  "kl_to_baseline": 0.1393771202992808,
  "token_kl": 0.545723462808532,
  "distribution": {
    "A": 0.8663417787951568,
    "B": 0.0004228572132806324,
    "C": 0.11724661350717473,
    "D": 0.00012115061999183366,
    "E": 0.015867599864396086
  }
}