{
  "question_id": "bigbench_logical_deduction_0009",
  "method": "deletion",
  "prefix_length": 47,
  "keep_m": 0,
  "kl_to_baseline": 0.30332526928734427,
  "token_kl": 0.21035178017911682,
  "distribution": {
    "A": 0.268536842925938,
    "B": 0.04118145864354898,
    "C": 0.3448081316339881,
    "D": 0.30429210815297597,
    "E": 0.04118145864354898
  }
}