{
  "question_id": "bigbench_logical_deduction_0009",
  "method": "deletion",
  "prefix_length": 37,
  "keep_m": 0,
  "kl_to_baseline": 0.22568669137978672,
  "token_kl": 0.48366247897828746,
  "distribution": {
    "A": 0.6098054636802227,
    "B": 0.007676317459475874,
    "C": 0.1979748365921667,
    "D": 0.15418295776641283,
    "E": 0.030360424501721852
  }
}