{
  "question_id": "bigbench_logical_deduction_0009",
  "method": "deletion",
  "prefix_length": 73,
  "keep_m": 0,
  "kl_to_baseline": 0.4775390691072088,
  "token_kl": 0.9245633394667058,
  "distribution": {
    "A": 0.6200202970311525,
    "B": 0.005364226309929039,
    "C": 0.20129110724553523,
    "D": 0.13834521992582013,
    "E": 0.03497914948756312
  }
}