{
  "question_id": "bigbench_logical_deduction_0001",
  "method": "deletion",
  "prefix_length": 65,
  "keep_m": 0,
  "kl_to_baseline": 0.220487111909045,
  "token_kl": 0.06452679882758607,
  "distribution": {
    "A": 0.7900170418663857,
    "B": 0.001345888491047241,
    "C": 0.176276626444909,
    "D": 0.0017281550305321696,
    "E": 0.030632288167125946
  }
}