{
  "question_id": "bigbench_logical_deduction_0009",
  "method": "deletion",
  "prefix_length": 74,
  "keep_m": 0,
  "kl_to_baseline": 0.44153550593872876,
  "distribution": {
    "A": 0.642837807072447,
    "B": 0.00916958829907945,
    "C": 0.02492552524783835,
    "D": 0.019412018581482584,
    "E": 0.30365506079915267
  }
}