{
  "question_id": "bigbench_logical_deduction_0009",
  "method": "deletion",
  "prefix_length": 22,
  "keep_m": 0,
  "kl_to_baseline": 0.6025723380956969,
  "token_kl": 0.04808082673295558,
  "distribution": {
    "A": 0.16487313861179473,
    "B": 0.006392824580317919,
    "C": 0.07788054684155975,
    "D": 0.7389101212875753,
    "E": 0.011943368678752293
  }
}