{
  "question_id": "bookworm_nm",
  "method": "deletion",
  "prefix_length": 39,
  "keep_m": 0,
  "kl_to_baseline": 0.15933424736848617,
  "token_kl": 0.2058149795386292,
  "distribution": {
    "A": 0.40733341443526055,
    "B": 0.5926665855647394
  }
}