{
  "question_id": "bookworm_nm",
  "method": "deletion",
  "prefix_length": 102,
  "keep_m": 0,
  "kl_to_baseline": 0.2587952926797402,
  "token_kl": 2.3438773169368505,
  "distribution": {
    "A": 0.2689414213699951,
    "B": 0.7310585786300049
  }
}