{
  "question_id": "bookworm_nm",
  "method": "deletion",
  "prefix_length": 68,
  "keep_m": 0,
  "kl_to_baseline": 0.2669056147333041,
  "token_kl": 0.21986040045727756,
  "distribution": {
    "A": 0.29421497216298875,
    "B": 0.7057850278370112
  }
}