{
  "question_id": "dilemma_12903",
  "method": "deletion",
  "prefix_length": 34,
  "keep_m": 0,
  "kl_to_baseline": 0.7795440081527338,
  "token_kl": 0.6734128692000516,
  "distribution": {
    "A": 0.02931223234129297,
    "B": 0.970687767658707
  }
}