{
  "question_id": "dilemma_31754",
  "method": "deletion",
  "prefix_length": 28,
  "keep_m": 0,
  "kl_to_baseline": 0.653491314316722,
  "token_kl": 0.3654534406318071,
  "distribution": {
    "A": 0.8519528076067262,
    "B": 0.14804719239327382
  }
}