{
  "question_id": "dilemma_24577",
  "method": "deletion",
  "prefix_length": 31,
  "keep_m": 0,
  "kl_to_baseline": 0.32781334424705366,
  "token_kl": 0.2592097042977515,
  "distribution": {
    "A": 0.5,
    "B": 0.5
  }
}