{
  "question_id": "dilemma_19599",
  "method": "deletion",
  "prefix_length": 26,
  "keep_m": 0,
  "kl_to_baseline": 0.22820339563738085,
  "token_kl": 0.5172044524304594,
  "distribution": {
    "A": 0.24508501864634827,
    "B": 0.7549149813536518
  }
}