{
  "question_id": "dilemma_3081",
  "method": "deletion",
  "prefix_length": 30,
  "keep_m": 0,
  "kl_to_baseline": 0.30528147134567096,
  "token_kl": 0.7491121243959236,
  "distribution": {
    "A": 0.5621765008857981,
    "B": 0.4378234991142019
  }
}