{
  "question_id": "dilemma_32747",
  "method": "deletion",
  "prefix_length": 32,
  "keep_m": 0,
  "kl_to_baseline": 0.028085616209147214,
  "token_kl": 0.4583300765517809,
  "distribution": {
    "A": 0.029312231811314076,
    "B": 0.970687768188686
  }
}