{
  "question_id": "dilemma_32747",
  "method": "deletion",
  "prefix_length": 20,
  "keep_m": 0,
  "kl_to_baseline": 0.014832746268872661,
  "token_kl": 1.4524143983646847,
  "distribution": {
    "A": 0.0179862066392571,
    "B": 0.9820137933607429
  }
}