{
  "question_id": "dilemma_24577",
  "method": "deletion",
  "prefix_length": 35,
  "keep_m": 0,
  "kl_to_baseline": 0.47958159766387165,
  "token_kl": 0.44745111111817853,
  "distribution": {
    "A": 0.5312093733737563,
    "B": 0.46879062662624377
  }
}