{
  "question_id": "dilemma_23322",
  "method": "deletion",
  "prefix_length": 35,
  "keep_m": 0,
  "kl_to_baseline": 0.4544632491131129,
  "token_kl": 0.5118539806536633,
  "distribution": {
    "A": 0.4073334000459302,
    "B": 0.5926665999540697
  }
}