{
  "question_id": "dilemma_2081",
  "method": "deletion",
  "prefix_length": 16,
  "keep_m": 0,
  "kl_to_baseline": 0.6745965024900187,
  "token_kl": 0.8945365348958537,
  "distribution": {
    "A": 0.7057850154599563,
    "B": 0.2942149845400438
  }
}