{
  "question_id": "dilemma_2081",
  "method": "deletion",
  "prefix_length": 21,
  "keep_m": 0,
  "kl_to_baseline": 0.15933422157672752,
  "token_kl": 0.643483827923732,
  "distribution": {
    "A": 0.4073334000459302,
    "B": 0.5926665999540697
  }
}