{
  "question_id": "dilemma_24577",
  "method": "deletion",
  "prefix_length": 19,
  "keep_m": 0,
  "kl_to_baseline": 0.6387020230464369,
  "token_kl": 0.6098638878700072,
  "distribution": {
    "A": 0.7772998560157665,
    "B": 0.22270014398423357
  }
}