{
  "question_id": "dilemma_2081",
  "method": "deletion",
  "prefix_length": 24,
  "keep_m": 0,
  "kl_to_baseline": 0.3489954732656355,
  "token_kl": 0.9308767599152209,
  "distribution": {
    "A": 0.5312093733737563,
    "B": 0.46879062662624377
  }
}