{
  "question_id": "dilemma_3081",
  "method": "deletion",
  "prefix_length": 25,
  "keep_m": 0,
  "kl_to_baseline": 0.3377264204024595,
  "token_kl": 0.24315828294504221,
  "distribution": {
    "A": 0.5621765008857981,
    "B": 0.4378234991142019
  }
}