{
  "question_id": "gpqa_gpqa_diamond_0001",
  "method": "deletion",
  "prefix_length": 76,
  "keep_m": 0,
  "kl_to_baseline": 0.11035668974235405,
  "distribution": {
    "A": 0.16473190069954438,
    "B": 0.0881746219798519,
    "C": 0.2396835012315751,
    "D": 0.5074099760890286
  }
}