{
  "question_id": "gpqa_gpqa_diamond_0023",
  "method": "deletion",
  "prefix_length": 265,
  "keep_m": 0,
  "kl_to_baseline": 0.10861201561839805,
  "distribution": {
    "A": 0.2980747244459593,
    "B": 0.26305002106231584,
    "C": 0.2980747244459593,
    "D": 0.14080053004576565
  }
}