{
  "question_id": "gpqa_gpqa_diamond_0023",
  "method": "deletion",
  "prefix_length": 219,
  "keep_m": 0,
  "kl_to_baseline": 0.10246127938014218,
  "distribution": {
    "A": 0.2204266802287198,
    "B": 0.24977615171582984,
    "C": 0.41181125424751097,
    "D": 0.11798591380793934
  }
}