{
  "question_id": "gpqa_gpqa_diamond_0002",
  "method": "deletion",
  "prefix_length": 36,
  "keep_m": 0,
  "kl_to_baseline": 0.13660652046947666,
  "distribution": {
    "A": 0.2731272040287072,
    "B": 0.24103391156692497,
    "C": 0.2731272040287072,
    "D": 0.21271168037566057
  }
}