{
  "question_id": "gpqa_gpqa_diamond_0001",
  "method": "deletion",
  "prefix_length": 244,
  "keep_m": 0,
  "kl_to_baseline": 0.18299639399723996,
  "distribution": {
    "A": 0.16688456502116797,
    "B": 0.5140406183633489,
    "C": 0.12996982992101638,
    "D": 0.18910498669446668
  }
}