{
  "question_id": "gpqa_gpqa_diamond_0002",
  "method": "deletion",
  "prefix_length": 93,
  "keep_m": 0,
  "kl_to_baseline": 1.879844686892759,
  "distribution": {
    "A": 0.19305666990126247,
    "B": 0.2478896710143163,
    "C": 0.4087009733881603,
    "D": 0.15035268569626095
  }
}