{
  "question_id": "gpqa_gpqa_diamond_0023",
  "method": "deletion",
  "prefix_length": 33,
  "keep_m": 0,
  "kl_to_baseline": 0.14474825688905182,
  "distribution": {
    "A": 0.26982114564947046,
    "B": 0.21013691952103117,
    "C": 0.3925874504024267,
    "D": 0.12745448442707158
  }
}