{
  "question_id": "gpqa_gpqa_diamond_0020",
  "method": "deletion",
  "prefix_length": 72,
  "keep_m": 0,
  "kl_to_baseline": 0.5824576753483749,
  "distribution": {
    "A": 0.1773735736732146,
    "B": 0.5463490701810393,
    "C": 0.13813867807287303,
    "D": 0.13813867807287303
  }
}