{
  "question_id": "gpqa_gpqa_diamond_0031",
  "method": "deletion",
  "prefix_length": 148,
  "keep_m": 0,
  "kl_to_baseline": 1.1039368834101955,
  "distribution": {
    "A": 0.1928875315529195,
    "B": 0.08040749555927189,
    "C": 0.594135424635511,
    "D": 0.13256954825229764
  }
}