{
  "question_id": "gpqa_gpqa_diamond_0001",
  "method": "deletion",
  "prefix_length": 395,
  "keep_m": 0,
  "kl_to_baseline": 0.2352304675226827,
  "distribution": {
    "A": 0.2151904277874444,
    "B": 0.1675904736703323,
    "C": 0.2151904277874444,
    "D": 0.402028670754779
  }
}