{
  "question_id": "gpqa_gpqa_diamond_0023",
  "method": "deletion",
  "prefix_length": 181,
  "keep_m": 0,
  "kl_to_baseline": 0.13314276600302355,
  "distribution": {
    "A": 0.33627076205033907,
    "B": 0.23111528952806815,
    "C": 0.33627076205033907,
    "D": 0.0963431863712537
  }
}