{
  "question_id": "gpqa_gpqa_diamond_0023",
  "method": "deletion",
  "prefix_length": 292,
  "keep_m": 0,
  "kl_to_baseline": 0.1773547911485999,
  "distribution": {
    "A": 0.3177952409322493,
    "B": 0.24749918249440156,
    "C": 0.3177952409322493,
    "D": 0.11691033564109976
  }
}