{
  "question_id": "gpqa_gpqa_diamond_0023",
  "method": "deletion",
  "prefix_length": 172,
  "keep_m": 0,
  "kl_to_baseline": 0.11504995647213778,
  "distribution": {
    "A": 0.3262317488171329,
    "B": 0.25406954144153693,
    "C": 0.3262317488171329,
    "D": 0.09346696092419722
  }
}