{
  "question_id": "gpqa_gpqa_diamond_0002",
  "method": "deletion",
  "prefix_length": 91,
  "keep_m": 0,
  "kl_to_baseline": 1.571437920957493,
  "distribution": {
    "A": 0.3342399874752496,
    "B": 0.20272682427262473,
    "C": 0.2603063639795009,
    "D": 0.20272682427262473
  }
}