{
  "question_id": "gpqa_gpqa_diamond_0002",
  "method": "deletion",
  "prefix_length": 65,
  "keep_m": 0,
  "kl_to_baseline": 2.112991654402765,
  "distribution": {
    "A": 0.3273141654881509,
    "B": 0.3273141654881509,
    "C": 0.22495951673642017,
    "D": 0.12041215228727796
  }
}