{
  "question_id": "gpqa_gpqa_diamond_0026",
  "method": "deletion",
  "prefix_length": 92,
  "keep_m": 0,
  "kl_to_baseline": 0.26058616410681923,
  "distribution": {
    "A": 0.01065128523037436,
    "B": 0.9587982089661469,
    "C": 0.01065128523037436,
    "D": 0.019899220573104438
  }
}