{
  "question_id": "gpqa_gpqa_diamond_0001",
  "method": "deletion",
  "prefix_length": 370,
  "keep_m": 0,
  "kl_to_baseline": 0.13738420864885942,
  "distribution": {
    "A": 0.2564175867814774,
    "B": 0.12112309153013645,
    "C": 0.1996982173786945,
    "D": 0.4227611043096916
  }
}