{
  "question_id": "gpqa_gpqa_diamond_0002",
  "method": "deletion",
  "prefix_length": 75,
  "keep_m": 0,
  "kl_to_baseline": 1.4477139902745488,
  "distribution": {
    "A": 0.38253225505393756,
    "B": 0.20475476129476133,
    "C": 0.18069544263207507,
    "D": 0.2320175410192261
  }
}