{
  "question_id": "gpqa_gpqa_diamond_0001",
  "method": "deletion",
  "prefix_length": 222,
  "keep_m": 0,
  "kl_to_baseline": 0.16639433764019504,
  "distribution": {
    "A": 0.19711637338601556,
    "B": 0.09311118178516288,
    "C": 0.17395458896186733,
    "D": 0.5358178558669543
  }
}