{
  "question_id": "gpqa_gpqa_diamond_0002",
  "method": "deletion",
  "prefix_length": 52,
  "keep_m": 0,
  "kl_to_baseline": 0.3177801161393158,
  "distribution": {
    "A": 0.36385828438381157,
    "B": 0.2206912052692202,
    "C": 0.2206912052692202,
    "D": 0.194759305077748
  }
}