{
  "question_id": "gpqa_gpqa_diamond_0031",
  "method": "deletion",
  "prefix_length": 127,
  "keep_m": 0,
  "kl_to_baseline": 1.3791224873620018,
  "distribution": {
    "A": 0.16794282531509455,
    "B": 0.061782712725670146,
    "C": 0.4565159574845639,
    "D": 0.3137585044746713
  }
}