{
  "question_id": "gpqa_gpqa_diamond_0031",
  "method": "deletion",
  "prefix_length": 157,
  "keep_m": 0,
  "kl_to_baseline": 0.9565078023884737,
  "distribution": {
    "A": 0.252388413515069,
    "B": 0.0563154738405527,
    "C": 0.3240731378308445,
    "D": 0.36722297481353383
  }
}