{
  "question_id": "gpqa_gpqa_diamond_0023",
  "method": "deletion",
  "prefix_length": 323,
  "keep_m": 0,
  "kl_to_baseline": 0.15692241417851582,
  "distribution": {
    "A": 0.3583275739447147,
    "B": 0.24627469986738174,
    "C": 0.27906579518422053,
    "D": 0.11633193100368314
  }
}