{
  "question_id": "gpqa_gpqa_diamond_0023",
  "method": "deletion",
  "prefix_length": 322,
  "keep_m": 0,
  "kl_to_baseline": 0.2005813681475255,
  "distribution": {
    "A": 0.2925894411256113,
    "B": 0.2582092755223098,
    "C": 0.2925894411256113,
    "D": 0.1566118422264677
  }
}