{
  "question_id": "gpqa_gpqa_diamond_0023",
  "method": "deletion",
  "prefix_length": 301,
  "keep_m": 0,
  "kl_to_baseline": 0.24873817092085077,
  "distribution": {
    "A": 0.26635766784372295,
    "B": 0.235059816851742,
    "C": 0.38754811993034344,
    "D": 0.11103439537419163
  }
}