{
  "question_id": "gpqa_gpqa_diamond_0001",
  "method": "deletion",
  "prefix_length": 338,
  "keep_m": 0,
  "kl_to_baseline": 0.3156506338447703,
  "distribution": {
    "A": 0.16008362422925185,
    "B": 0.07561814972745967,
    "C": 0.2055514423058489,
    "D": 0.5587467837374396
  }
}