{
  "question_id": "gpqa_gpqa_diamond_0001",
  "method": "deletion",
  "prefix_length": 369,
  "keep_m": 0,
  "kl_to_baseline": 0.11931188712863214,
  "distribution": {
    "A": 0.2611259246493112,
    "B": 0.17946904842585085,
    "C": 0.17946904842585085,
    "D": 0.37993597849898714
  }
}