{
  "question_id": "gpqa_gpqa_diamond_0004",
  "method": "deletion",
  "prefix_length": 87,
  "keep_m": 0,
  "kl_to_baseline": 0.1824592770701223,
  "distribution": {
    "A": 0.0012507589656475565,
    "B": 0.16381707686800953,
    "C": 0.8319317493849432,
    "D": 0.0030004147813997655
  }
}