{
  "question_id": "gpqa_gpqa_diamond_0004",
  "method": "deletion",
  "prefix_length": 31,
  "keep_m": 0,
  "kl_to_baseline": 0.3049627118651162,
  "distribution": {
    "A": 0.0020159778008004502,
    "B": 0.0756489908348111,
    "C": 0.9215933945776159,
    "D": 0.0007416367867725029
  }
}