{
  "question_id": "gpqa_gpqa_diamond_0009",
  "method": "deletion",
  "prefix_length": 56,
  "keep_m": 0,
  "kl_to_baseline": 0.24062009453970418,
  "distribution": {
    "A": 0.8383320136234526,
    "B": 0.0883595388946591,
    "C": 0.0197156780642067,
    "D": 0.05359276941768168
  }
}