{
  "question_id": "gpqa_gpqa_diamond_0001",
  "method": "deletion",
  "prefix_length": 334,
  "keep_m": 0,
  "kl_to_baseline": 0.16608387169814912,
  "distribution": {
    "A": 0.16404581141772923,
    "B": 0.07748975443099536,
    "C": 0.1858882574400922,
    "D": 0.5725761767111832
  }
}