{
  "question_id": "gpqa_gpqa_diamond_0009",
  "method": "deletion",
  "prefix_length": 38,
  "keep_m": 0,
  "kl_to_baseline": 0.1052418460031048,
  "distribution": {
    "A": 0.7527544648466997,
    "B": 0.06178984368663225,
    "C": 0.07001706578874835,
    "D": 0.11543862567791963
  }
}