{
  "question_id": "gpqa_gpqa_diamond_0031",
  "method": "deletion",
  "prefix_length": 101,
  "keep_m": 0,
  "kl_to_baseline": 1.551702133861652,
  "distribution": {
    "A": 0.14604997081169976,
    "B": 0.05372878164531358,
    "C": 0.4498655808781843,
    "D": 0.3503556666648024
  }
}