{
  "question_id": "gpqa_gpqa_diamond_0023",
  "method": "deletion",
  "prefix_length": 329,
  "keep_m": 0,
  "kl_to_baseline": 0.2336847626750906,
  "distribution": {
    "A": 0.29863342676099575,
    "B": 0.2635430741248024,
    "C": 0.23257594661276051,
    "D": 0.2052475525014414
  }
}