{
  "question_id": "gpqa_gpqa_diamond_0023",
  "method": "deletion",
  "prefix_length": 99,
  "keep_m": 0,
  "kl_to_baseline": 0.10774794529065415,
  "distribution": {
    "A": 0.2582742425053277,
    "B": 0.2582742425053277,
    "C": 0.3757868054622711,
    "D": 0.10766470952707347
  }
}