{
  "question_id": "gpqa_gpqa_diamond_0023",
  "method": "deletion",
  "prefix_length": 295,
  "keep_m": 0,
  "kl_to_baseline": 0.14804251350909448,
  "distribution": {
    "A": 0.28146800018252105,
    "B": 0.3189450289946369,
    "C": 0.3189450289946369,
    "D": 0.08064194182820517
  }
}