{
  "question_id": "gpqa_gpqa_diamond_0023",
  "method": "deletion",
  "prefix_length": 299,
  "keep_m": 0,
  "kl_to_baseline": 0.27996919792239455,
  "distribution": {
    "A": 0.2204266833290247,
    "B": 0.2497761552289355,
    "C": 0.411811260039643,
    "D": 0.11798590140239684
  }
}