{
  "question_id": "gpqa_gpqa_diamond_0017",
  "method": "deletion",
  "prefix_length": 125,
  "keep_m": 0,
  "kl_to_baseline": 0.19173705630329374,
  "distribution": {
    "A": 0.8145802964513785,
    "B": 0.040555566723514735,
    "C": 0.08585613542741713,
    "D": 0.05900800139768955
  }
}