{
  "question_id": "gpqa_gpqa_diamond_0009",
  "method": "deletion",
  "prefix_length": 80,
  "keep_m": 0,
  "kl_to_baseline": 1.9512242987184454,
  "distribution": {
    "A": 0.7266470804876259,
    "B": 0.14308529816532936,
    "C": 0.031926641688563275,
    "D": 0.09834097965848142
  }
}