{
  "question_id": "gpqa_gpqa_diamond_0023",
  "method": "deletion",
  "prefix_length": 315,
  "keep_m": 0,
  "kl_to_baseline": 0.2039949581711736,
  "distribution": {
    "A": 0.3273141607898023,
    "B": 0.22495951350729554,
    "C": 0.3273141607898023,
    "D": 0.12041216491309986
  }
}