{
  "question_id": "gpqa_gpqa_diamond_0001",
  "method": "deletion",
  "prefix_length": 425,
  "keep_m": 0,
  "kl_to_baseline": 1.4424598912697777,
  "distribution": {
    "A": 0.13256943596096193,
    "B": 0.19288739116397702,
    "C": 0.1502208512831057,
    "D": 0.5243223215919554
  }
}