{
  "question_id": "gpqa_gpqa_diamond_0009",
  "method": "deletion",
  "prefix_length": 100,
  "keep_m": 0,
  "kl_to_baseline": 2.126011512577913,
  "distribution": {
    "A": 0.7945669649435323,
    "B": 0.1075329484558202,
    "C": 0.02399384401018001,
    "D": 0.07390624259046745
  }
}