{
  "question_id": "gpqa_gpqa_diamond_0009",
  "method": "deletion",
  "prefix_length": 57,
  "keep_m": 0,
  "kl_to_baseline": 0.3512807899877177,
  "distribution": {
    "A": 0.02881307867946617,
    "B": 0.006429065327309792,
    "C": 0.010599736755856336,
    "D": 0.9541581192373677
  }
}