{
  "question_id": "gpqa_gpqa_diamond_0009",
  "method": "deletion",
  "prefix_length": 76,
  "keep_m": 0,
  "kl_to_baseline": 1.1107491531685643,
  "distribution": {
    "A": 0.6618189335309355,
    "B": 0.04230867144853013,
    "C": 0.01998520128319437,
    "D": 0.27588719373734
  }
}