{
  "question_id": "gpqa_gpqa_diamond_0002",
  "method": "deletion",
  "prefix_length": 44,
  "keep_m": 0,
  "kl_to_baseline": 0.4442427639778659,
  "distribution": {
    "A": 0.32205625344145955,
    "B": 0.2213458101579033,
    "C": 0.28421364612008754,
    "D": 0.17238429028054963
  }
}