{
  "question_id": "gpqa_gpqa_diamond_0023",
  "method": "deletion",
  "prefix_length": 267,
  "keep_m": 0,
  "kl_to_baseline": 0.22007214823126822,
  "distribution": {
    "A": 0.2776488531631464,
    "B": 0.21623314426233592,
    "C": 0.4039766976309676,
    "D": 0.10214130494355013
  }
}