{
  "question_id": "gpqa_gpqa_diamond_0023",
  "method": "deletion",
  "prefix_length": 136,
  "keep_m": 0,
  "kl_to_baseline": 0.11505260924936528,
  "distribution": {
    "A": 0.28643653243299644,
    "B": 0.2527793526591913,
    "C": 0.36779178791187,
    "D": 0.09299232699594225
  }
}