{
  "question_id": "gpqa_gpqa_diamond_0001",
  "method": "deletion",
  "prefix_length": 416,
  "keep_m": 0,
  "kl_to_baseline": 0.9923078005909483,
  "distribution": {
    "A": 0.09268046520373201,
    "B": 0.038634965909571446,
    "C": 0.09268046520373201,
    "D": 0.7760041036829645
  }
}