{
  "question_id": "gpqa_gpqa_diamond_0002",
  "method": "deletion",
  "prefix_length": 45,
  "keep_m": 0,
  "kl_to_baseline": 0.579126164991033,
  "distribution": {
    "A": 0.19600010223289316,
    "B": 0.2851784660131493,
    "C": 0.36617639865290497,
    "D": 0.1526450331010526
  }
}