{
  "question_id": "gpqa_gpqa_diamond_0031",
  "method": "deletion",
  "prefix_length": 132,
  "keep_m": 0,
  "kl_to_baseline": 0.73607232351996,
  "distribution": {
    "A": 0.3432353227252715,
    "B": 0.059645355561456614,
    "C": 0.3889365749840343,
    "D": 0.20818274672923756
  }
}