{
  "question_id": "gpqa_gpqa_diamond_0002",
  "method": "deletion",
  "prefix_length": 97,
  "keep_m": 0,
  "kl_to_baseline": 1.6411077783694015,
  "distribution": {
    "A": 0.2801288226217134,
    "B": 0.24721281828833164,
    "C": 0.2801288226217134,
    "D": 0.19252953646824159
  }
}