{
  "question_id": "gpqa_gpqa_diamond_0031",
  "method": "deletion",
  "prefix_length": 63,
  "keep_m": 0,
  "kl_to_baseline": 1.0796773529498365,
  "distribution": {
    "A": 0.31066145126737543,
    "B": 0.04764147655910572,
    "C": 0.5121941121619442,
    "D": 0.12950296001157463
  }
}