{
  "question_id": "gpqa_gpqa_diamond_0011",
  "method": "deletion",
  "prefix_length": 83,
  "keep_m": 0,
  "kl_to_baseline": 0.7866013567932895,
  "distribution": {
    "A": 0.10004406203132565,
    "B": 0.1869069144551226,
    "C": 0.6523692325693601,
    "D": 0.06067979094419157
  }
}