{
  "question_id": "gpqa_gpqa_diamond_0002",
  "method": "deletion",
  "prefix_length": 41,
  "keep_m": 0,
  "kl_to_baseline": 0.3507202254785373,
  "distribution": {
    "A": 0.2534646653922829,
    "B": 0.22368178212333056,
    "C": 0.325455072595945,
    "D": 0.19739847988844153
  }
}