{
  "question_id": "gpqa_gpqa_diamond_0001",
  "method": "deletion",
  "prefix_length": 345,
  "keep_m": 0,
  "kl_to_baseline": 0.15348795018722422,
  "distribution": {
    "A": 0.28501110902774757,
    "B": 0.09252955977039787,
    "C": 0.15255545336197382,
    "D": 0.4699038778398807
  }
}