{
  "question_id": "gpqa_gpqa_diamond_0002",
  "method": "deletion",
  "prefix_length": 27,
  "keep_m": 0,
  "kl_to_baseline": 0.30290029592047996,
  "distribution": {
    "A": 0.25821446405224,
    "B": 0.22787346472864317,
    "C": 0.3756998283262494,
    "D": 0.13821224289286746
  }
}