{
  "question_id": "gpqa_gpqa_diamond_0020",
  "method": "deletion",
  "prefix_length": 47,
  "keep_m": 0,
  "kl_to_baseline": 0.19076609979811496,
  "distribution": {
    "A": 0.23626144480731445,
    "B": 0.5667617090836063,
    "C": 0.09848842305453955,
    "D": 0.09848842305453955
  }
}