{
  "question_id": "medmcqa_0001",
  "method": "deletion",
  "prefix_length": 20,
  "keep_m": 0,
  "kl_to_baseline": 0.8048605740110387,
  "distribution": {
    "A": 0.44338519017937467,
    "B": 0.032118717363603964,
    "C": 0.5024212423644989,
    "D": 0.02207485009252244
  }
}