{
  "question_id": "medmcqa_0001",
  "method": "deletion",
  "prefix_length": 38,
  "keep_m": 0,
  "kl_to_baseline": 1.7870806065274212,
  "distribution": {
    "A": 0.16080774084966573,
    "B": 0.019205745809941,
    "C": 0.003337457390588367,
    "D": 0.816649055949805
  }
}