{
  "question_id": "starfish",
  "method": "deletion",
  "prefix_length": 42,
  "keep_m": 0,
  "kl_to_baseline": 0.20933671128752332,
  "distribution": {
    "A": 0.21583169687694567,
    "B": 0.19047080397348184,
    "C": 0.19047080397348184,
    "D": 0.40322669517609055
  }
}