{
  "question_id": "starfish",
  "method": "deletion",
  "prefix_length": 60,
  "keep_m": 0,
  "kl_to_baseline": 0.15100674885315044,
  "distribution": {
    "A": 0.4124578775795746,
    "B": 0.17193802388013243,
    "C": 0.22077279275715392,
    "D": 0.1948313057831391
  }
}