{
  "question_id": "starfish",
  "method": "deletion",
  "prefix_length": 43,
  "keep_m": 0,
  "kl_to_baseline": 0.17413420392221685,
  "distribution": {
    "A": 0.29884557992168226,
    "B": 0.18125900674210246,
    "C": 0.18125900674210246,
    "D": 0.33863640659411287
  }
}