{
  "question_id": "starfish",
  "method": "deletion",
  "prefix_length": 59,
  "keep_m": 0,
  "kl_to_baseline": 0.1704846520333034,
  "distribution": {
    "A": 0.3301226564612724,
    "B": 0.12144533837700493,
    "C": 0.2913322218000714,
    "D": 0.25709978336165135
  }
}