{
  "question_id": "starfish",
  "method": "deletion",
  "prefix_length": 90,
  "keep_m": 0,
  "kl_to_baseline": 3.713539296003946,
  "distribution": {
    "A": 0.01066463513901049,
    "B": 0.01992415673565627,
    "C": 0.9599997006479617,
    "D": 0.009411507477371593
  }
}