{
  "question_id": "waffle",
  "method": "deletion",
  "prefix_length": 158,
  "keep_m": 0,
  "kl_to_baseline": 0.6365952253104459,
  "distribution": {
    "A": 0.2213458101579033,
    "B": 0.32205625344145955,
    "C": 0.17238429028054963,
    "D": 0.28421364612008754
  }
}