{
  "question_id": "waffle",
  "method": "deletion",
  "prefix_length": 131,
  "keep_m": 0,
  "kl_to_baseline": 0.10857824879699735,
  "distribution": {
    "A": 0.553177132624872,
    "B": 0.20350249441885876,
    "C": 0.1584879020103914,
    "D": 0.08483247094587783
  }
}