{
  "question_id": "waffle",
  "method": "deletion",
  "prefix_length": 278,
  "keep_m": 0,
  "kl_to_baseline": 0.15166932164157715,
  "distribution": {
    "A": 0.07039335349738789,
    "B": 0.042695727136155284,
    "C": 0.8575666038555926,
    "D": 0.029344315510864305
  }
}