{
  "question_id": "waffle",
  "method": "deletion",
  "prefix_length": 69,
  "keep_m": 0,
  "kl_to_baseline": 0.1938270741348435,
  "distribution": {
    "A": 0.604894131125798,
    "B": 0.1963803721605755,
    "C": 0.13497012435094463,
    "D": 0.0637553723626818
  }
}