{
  "question_id": "waffle",
  "method": "deletion",
  "prefix_length": 200,
  "keep_m": 0,
  "kl_to_baseline": 0.531169780065181,
  "distribution": {
    "A": 0.34966087665839624,
    "B": 0.34966087665839624,
    "C": 0.18715998033737563,
    "D": 0.11351826634583194
  }
}