{
  "question_id": "waffle",
  "method": "deletion",
  "prefix_length": 101,
  "keep_m": 0,
  "kl_to_baseline": 0.24835366928251423,
  "distribution": {
    "A": 0.7446049644347306,
    "B": 0.088930386389239,
    "C": 0.1293929486950221,
    "D": 0.0370717004810083
  }
}