{
  "question_id": "waffle",
  "method": "deletion",
  "prefix_length": 86,
  "keep_m": 0,
  "kl_to_baseline": 0.7021835455051605,
  "distribution": {
    "A": 0.20345804715704893,
    "B": 0.23054817140000738,
    "C": 0.23054817140000738,
    "D": 0.33544561004293627
  }
}