{
  "question_id": "waffle",
  "method": "deletion",
  "prefix_length": 155,
  "keep_m": 0,
  "kl_to_baseline": 0.28751198304882075,
  "distribution": {
    "A": 0.4266954645164797,
    "B": 0.15697247968042236,
    "C": 0.08402131371191106,
    "D": 0.33231074209118694
  }
}