{
  "question_id": "waffle",
  "method": "deletion",
  "prefix_length": 289,
  "keep_m": 0,
  "kl_to_baseline": 0.5899120442484569,
  "distribution": {
    "A": 0.8388534519149828,
    "B": 0.07802552302713216,
    "C": 0.06076633843308646,
    "D": 0.022354686624798586
  }
}