{
  "question_id": "waffle",
  "method": "deletion",
  "prefix_length": 106,
  "keep_m": 0,
  "kl_to_baseline": 0.3597693943491229,
  "distribution": {
    "A": 0.33841925076641566,
    "B": 0.3834792504939983,
    "C": 0.09695872713602798,
    "D": 0.18114277160355802
  }
}