{
  "question_id": "waffle",
  "method": "deletion",
  "prefix_length": 108,
  "keep_m": 0,
  "kl_to_baseline": 0.16345391494322298,
  "distribution": {
    "A": 0.45961514132177633,
    "B": 0.19159609608621875,
    "C": 0.21710681989374178,
    "D": 0.1316819426982631
  }
}