{
  "question_id": "waffle",
  "method": "deletion",
  "prefix_length": 130,
  "keep_m": 0,
  "kl_to_baseline": 0.3288283900066112,
  "distribution": {
    "A": 0.3689108554330873,
    "B": 0.2535484757687672,
    "C": 0.2237557445209824,
    "D": 0.153784924277163
  }
}