{
  "question_id": "waffle",
  "method": "deletion",
  "prefix_length": 227,
  "keep_m": 0,
  "kl_to_baseline": 0.3161450279748624,
  "distribution": {
    "A": 0.3469506810908233,
    "B": 0.27020546212069046,
    "C": 0.27020546212069046,
    "D": 0.11263839466779572
  }
}