{
  "question_id": "waffle",
  "method": "deletion",
  "prefix_length": 222,
  "keep_m": 0,
  "kl_to_baseline": 1.2432521487937895,
  "distribution": {
    "A": 0.12877115192307184,
    "B": 0.1653454320053828,
    "C": 0.12877115192307184,
    "D": 0.5771122641484735
  }
}