{
  "question_id": "waffle",
  "method": "deletion",
  "prefix_length": 303,
  "keep_m": 0,
  "kl_to_baseline": 0.7456639730712331,
  "distribution": {
    "A": 0.33201173765324365,
    "B": 0.33201173765324365,
    "C": 0.22818810772183531,
    "D": 0.10778841697167728
  }
}