{
  "question_id": "waffle",
  "method": "deletion",
  "prefix_length": 256,
  "keep_m": 0,
  "kl_to_baseline": 2.2894235865149195,
  "distribution": {
    "A": 0.9717737581838399,
    "B": 0.015707258242931316,
    "C": 0.007419583429226354,
    "D": 0.0050994001440024285
  }
}