{
  "question_id": "waffle",
  "method": "deletion",
  "prefix_length": 252,
  "keep_m": 0,
  "kl_to_baseline": 1.9241065590037139,
  "distribution": {
    "A": 0.76999770102328,
    "B": 0.09196310825104621,
    "C": 0.03383133687178374,
    "D": 0.10420785385389011
  }
}