{
  "question_id": "bigbench_logical_deduction_0001",
  "method": "last_prefix_attn_oracle",
  "prefix_length": 126,
  "keep_m": 15,
  "kl_to_baseline": 0.053850326574342584,
  "token_kl": 0.42309856683138347,
  "selected_indices": [
    64,
    79,
    95,
    97,
    103,
    105,
    106,
    108,
    114,
    115,
    116,
    117,
    118,
    119,
    120
  ],
  "distribution": {
    "A": 0.9397695991118781,
    "B": 0.0007562636239515058,
    "C": 0.041290594805113684,
    "D": 0.0009710617148701137,
    "E": 0.01721248074418662
  }
}