{
  "question_id": "bigbench_logical_deduction_0009",
  "method": "last_prefix_attn_oracle",
  "prefix_length": 65,
  "keep_m": 10,
  "kl_to_baseline": 0.0018599875919125671,
  "token_kl": 0.0016698996938387797,
  "selected_indices": [
    0,
    43,
    50,
    51,
    52,
    53,
    56,
    57,
    58,
    59
  ],
  "distribution": {
    "A": 0.9961399715176369,
    "B": 0.0013216592152541589,
    "C": 0.0008016268357433863,
    "D": 0.0010293092317934774,
    "E": 0.0007074331995722287
  }
}