{
  "question_id": "bigbench_logical_deduction_0009",
  "method": "last_prefix_attn_oracle",
  "prefix_length": 29,
  "keep_m": 10,
  "kl_to_baseline": 0.9168390593540464,
  "token_kl": 0.4083902038647533,
  "selected_indices": [
    6,
    8,
    9,
    15,
    16,
    17,
    20,
    21,
    22,
    23
  ],
  "distribution": {
    "A": 0.39618323971089003,
    "B": 0.01972480204168791,
    "C": 0.30854781732660724,
    "D": 0.18714371119600018,
    "E": 0.08840042972481464
  }
}