{
  "question_id": "bigbench_logical_deduction_0001",
  "method": "last_prefix_attn_oracle",
  "prefix_length": 75,
  "keep_m": 20,
  "kl_to_baseline": 0.05727304953408993,
  "token_kl": 0.16265676210313315,
  "selected_indices": [
    0,
    45,
    47,
    49,
    50,
    51,
    54,
    55,
    56,
    57,
    58,
    59,
    60,
    61,
    63,
    65,
    66,
    67,
    68,
    69
  ],
  "distribution": {
    "A": 0.9257874624039096,
    "B": 0.0005120386670940678,
    "C": 0.06706381484458043,
    "D": 0.00039877611489569847,
    "E": 0.006237907969520139
  }
}