{
  "question_id": "bigbench_logical_deduction_0009",
  "method": "last_prefix_attn_oracle",
  "prefix_length": 59,
  "keep_m": 20,
  "kl_to_baseline": 0.03386089850863015,
  "token_kl": 0.042822461439239824,
  "selected_indices": [
    0,
    6,
    10,
    15,
    22,
    23,
    25,
    37,
    38,
    39,
    41,
    42,
    43,
    44,
    48,
    49,
    50,
    51,
    52,
    53
  ],
  "distribution": {
    "A": 0.9658595440296278,
    "B": 0.004472817189709021,
    "C": 0.010729730650824314,
    "D": 0.009468954064919453,
    "E": 0.009468954064919453
  }
}