{
  "question_id": "bigbench_logical_deduction_0009",
  "method": "last_prefix_attn_oracle",
  "prefix_length": 39,
  "keep_m": 15,
  "kl_to_baseline": 0.4053369219927845,
  "token_kl": 0.004498962444420247,
  "selected_indices": [
    10,
    15,
    16,
    18,
    19,
    20,
    21,
    22,
    23,
    24,
    25,
    26,
    27,
    28,
    33
  ],
  "distribution": {
    "A": 0.6233381334690413,
    "B": 0.005392932825031502,
    "C": 0.10831992555595521,
    "D": 0.17858936530475775,
    "E": 0.0843596428452142
  }
}