{
  "question_id": "bigbench_logical_deduction_0001",
  "method": "last_prefix_attn_oracle",
  "prefix_length": 81,
  "keep_m": 10,
  "kl_to_baseline": 0.1257203580188934,
  "token_kl": 0.677403074003243,
  "selected_indices": [
    36,
    38,
    60,
    64,
    65,
    66,
    67,
    68,
    69,
    75
  ],
  "distribution": {
    "A": 0.8734856423123378,
    "B": 0.0006203272616022437,
    "C": 0.0812468184311865,
    "D": 0.0011589238987733926,
    "E": 0.04348828809609992
  }
}