{
  "question_id": "bigbench_logical_deduction_0001",
  "method": "last_prefix_attn_oracle",
  "prefix_length": 65,
  "keep_m": 20,
  "kl_to_baseline": 0.03743601539324182,
  "token_kl": 0.008767503482658432,
  "selected_indices": [
    0,
    11,
    13,
    31,
    33,
    34,
    35,
    36,
    37,
    38,
    39,
    40,
    41,
    46,
    49,
    52,
    56,
    57,
    58,
    59
  ],
  "distribution": {
    "A": 0.9530490557448932,
    "B": 0.000984783313136332,
    "C": 0.03695372119763552,
    "D": 0.0007669500154262278,
    "E": 0.00824548972890884
  }
}