{
  "question_id": "bigbench_logical_deduction_0001",
  "method": "last_prefix_attn_oracle",
  "prefix_length": 62,
  "keep_m": 15,
  "kl_to_baseline": 0.06769635230897857,
  "token_kl": 0.8493595783550186,
  "selected_indices": [
    0,
    30,
    32,
    33,
    36,
    45,
    46,
    47,
    49,
    51,
    52,
    53,
    54,
    55,
    56
  ],
  "distribution": {
    "A": 0.9269731067650897,
    "B": 0.0007459659029746665,
    "C": 0.05229624722460834,
    "D": 0.0007459659029746665,
    "E": 0.019238714204352508
  }
}