{
  "question_id": "bigbench_logical_deduction_0001",
  "method": "last_prefix_attn_oracle",
  "prefix_length": 76,
  "keep_m": 3,
  "kl_to_baseline": 0.11956569759474381,
  "token_kl": 0.4530336608877173,
  "selected_indices": [
    55,
    59,
    70
  ],
  "distribution": {
    "A": 0.8713478492019993,
    "B": 0.0014844451352511022,
    "C": 0.1179241114837782,
    "D": 0.0007012022312717325,
    "E": 0.00854239194769968
  }
}