{
  "question_id": "bigbench_logical_deduction_0009",
  "method": "last_prefix_attn_oracle",
  "prefix_length": 43,
  "keep_m": 20,
  "kl_to_baseline": 0.03956508391913102,
  "token_kl": 0.30720083997561054,
  "selected_indices": [
    0,
    1,
    6,
    8,
    10,
    12,
    16,
    21,
    22,
    23,
    24,
    25,
    26,
    27,
    28,
    29,
    34,
    35,
    36,
    37
  ],
  "distribution": {
    "A": 0.44969487913981837,
    "B": 0.008236449998299169,
    "C": 0.3502227240172913,
    "D": 0.11370068503135307,
    "E": 0.07814526181323814
  }
}