{
  "question_id": "bigbench_logical_deduction_0001",
  "method": "last_prefix_attn_oracle",
  "prefix_length": 90,
  "keep_m": 15,
  "kl_to_baseline": 0.4506569999327756,
  "token_kl": 0.05642077582258923,
  "selected_indices": [
    0,
    60,
    66,
    68,
    70,
    73,
    75,
    76,
    77,
    78,
    80,
    81,
    82,
    83,
    84
  ],
  "distribution": {
    "A": 0.6187474388046389,
    "B": 0.03490734182520745,
    "C": 0.22762446201371178,
    "D": 0.044821914132573415,
    "E": 0.07389884322386849
  }
}