{
  "question_id": "bigbench_logical_deduction_0001",
  "method": "last_prefix_attn_oracle",
  "prefix_length": 112,
  "keep_m": 10,
  "kl_to_baseline": 0.110627299342503,
  "token_kl": 0.4861327299721182,
  "selected_indices": [
    0,
    85,
    91,
    100,
    101,
    102,
    103,
    104,
    105,
    106
  ],
  "distribution": {
    "A": 0.87330176281192,
    "B": 0.009701504958845232,
    "C": 0.08122972586764296,
    "D": 0.005884260202893784,
    "E": 0.02988274615869795
  }
}