{
  "question_id": "bigbench_logical_deduction_0009",
  "method": "last_prefix_attn_oracle",
  "prefix_length": 35,
  "keep_m": 5,
  "kl_to_baseline": 0.707236968418506,
  "token_kl": 0.2805754523586769,
  "selected_indices": [
    8,
    22,
    25,
    27,
    28
  ],
  "distribution": {
    "A": 0.23297010411119928,
    "B": 0.040484133697463856,
    "C": 0.435245455208312,
    "D": 0.20559539527294404,
    "E": 0.08570491171008073
  }
}