{
  "question_id": "bigbench_logical_deduction_0009",
  "method": "last_prefix_attn_oracle",
  "prefix_length": 38,
  "keep_m": 5,
  "kl_to_baseline": 0.5410720624472283,
  "token_kl": 0.012217806402921676,
  "selected_indices": [
    21,
    22,
    25,
    27,
    28
  ],
  "distribution": {
    "A": 0.4079254616520292,
    "B": 0.004531643081567207,
    "C": 0.15006740876157923,
    "D": 0.4079254616520292,
    "E": 0.029550024852795113
  }
}