{
  "question_id": "bigbench_logical_deduction_0001",
  "method": "last_prefix_attn_oracle",
  "prefix_length": 126,
  "keep_m": 20,
  "kl_to_baseline": 0.03250786126761659,
  "token_kl": 0.14219034278654394,
  "selected_indices": [
    64,
    66,
    79,
    95,
    97,
    101,
    103,
    104,
    105,
    106,
    108,
    109,
    112,
    114,
    115,
    116,
    117,
    118,
    119,
    120
  ],
  "distribution": {
    "A": 0.9609206045279594,
    "B": 0.0006022346652518689,
    "C": 0.025607669584455078,
    "D": 0.0007732846169938335,
    "E": 0.012096206605339978
  }
}