{
  "question_id": "bigbench_logical_deduction_0009",
  "method": "last_prefix_attn_oracle",
  "prefix_length": 38,
  "keep_m": 10,
  "kl_to_baseline": 0.06020741707444227,
  "token_kl": 0.004185633598159714,
  "selected_indices": [
    0,
    13,
    20,
    21,
    22,
    25,
    26,
    27,
    28,
    32
  ],
  "distribution": {
    "A": 0.24130367908264472,
    "B": 0.005008096891824534,
    "C": 0.35109478138103367,
    "D": 0.27343289067183274,
    "E": 0.12916055197266438
  }
}