{
  "question_id": "bigbench_logical_deduction_0009",
  "method": "last_prefix_attn_oracle",
  "prefix_length": 48,
  "keep_m": 15,
  "kl_to_baseline": 0.1870557433108826,
  "token_kl": 0.006192823714824639,
  "selected_indices": [
    0,
    4,
    7,
    8,
    13,
    25,
    28,
    35,
    36,
    37,
    38,
    39,
    40,
    41,
    42
  ],
  "distribution": {
    "A": 0.2561782583797857,
    "B": 0.006826920156853188,
    "C": 0.6145396948787876,
    "D": 0.08316891358106877,
    "E": 0.039286213003504815
  }
}