{
  "question_id": "bigbench_logical_deduction_0001",
  "method": "last_prefix_attn_oracle",
  "prefix_length": 129,
  "keep_m": 15,
  "kl_to_baseline": 0.024687105748877138,
  "token_kl": 0.13474187629884,
  "selected_indices": [
    0,
    68,
    83,
    97,
    98,
    100,
    109,
    111,
    112,
    114,
    119,
    120,
    121,
    122,
    123
  ],
  "distribution": {
    "A": 0.9726059692617376,
    "B": 0.000690719759745457,
    "C": 0.01781389739135726,
    "D": 0.0004747242855221287,
    "E": 0.008414689301637584
  }
}