{
  "question_id": "bigbench_logical_deduction_0009",
  "method": "last_prefix_attn_oracle",
  "prefix_length": 53,
  "keep_m": 10,
  "kl_to_baseline": 0.2146189608334014,
  "token_kl": 0.28416999201752646,
  "selected_indices": [
    0,
    3,
    4,
    5,
    7,
    13,
    21,
    32,
    43,
    44
  ],
  "distribution": {
    "A": 0.3365156914542287,
    "B": 0.011514930998539086,
    "C": 0.5548205784249481,
    "D": 0.04554244641652261,
    "E": 0.05160635270576142
  }
}