{
  "question_id": "bigbench_logical_deduction_0001",
  "method": "last_prefix_attn_oracle",
  "prefix_length": 98,
  "keep_m": 15,
  "kl_to_baseline": 0.004742597107287434,
  "token_kl": 0.0013932462890712271,
  "selected_indices": [
    0,
    39,
    40,
    64,
    65,
    66,
    67,
    68,
    80,
    81,
    82,
    83,
    84,
    91,
    92
  ],
  "distribution": {
    "A": 0.9892535555840897,
    "B": 0.0006199916869961418,
    "C": 0.005882317346957672,
    "D": 0.00020128173494632975,
    "E": 0.004042853647010164
  }
}