{
  "question_id": "bigbench_logical_deduction_0001",
  "method": "last_prefix_attn_oracle",
  "prefix_length": 79,
  "keep_m": 3,
  "kl_to_baseline": 0.1882081386513552,
  "token_kl": 0.004507225741652963,
  "selected_indices": [
    63,
    64,
    66
  ],
  "distribution": {
    "A": 0.8186888932172504,
    "B": 0.0020293264829636198,
    "C": 0.12555001368816546,
    "D": 0.0013947343349074862,
    "E": 0.05233703227671303
  }
}