{
  "question_id": "bigbench_logical_deduction_0009",
  "method": "last_prefix_attn_oracle",
  "prefix_length": 16,
  "keep_m": 5,
  "kl_to_baseline": 0.10266331796750229,
  "token_kl": 0.013333945111976827,
  "selected_indices": [
    4,
    5,
    6,
    7,
    10
  ],
  "distribution": {
    "A": 0.06467831554994315,
    "B": 0.06467831554994315,
    "C": 0.4779116734971121,
    "D": 0.2558077003092922,
    "E": 0.13692399509370942
  }
}