{
  "question_id": "bigbench_logical_deduction_0009",
  "method": "last_prefix_attn_oracle",
  "prefix_length": 52,
  "keep_m": 10,
  "kl_to_baseline": 0.48689287479442955,
  "token_kl": 0.1951151204394468,
  "selected_indices": [
    0,
    2,
    3,
    4,
    7,
    13,
    21,
    25,
    37,
    43
  ],
  "distribution": {
    "A": 0.22714376854406843,
    "B": 0.016454237443678493,
    "C": 0.5448895745389466,
    "D": 0.13776964336122524,
    "E": 0.07374277611208126
  }
}