{
  "question_id": "bigbench_logical_deduction_0009",
  "method": "last_prefix_attn_oracle",
  "prefix_length": 62,
  "keep_m": 5,
  "kl_to_baseline": 0.0061788775368937935,
  "token_kl": 2.7451280898529865e-05,
  "selected_indices": [
    51,
    52,
    53,
    54,
    56
  ],
  "distribution": {
    "A": 0.9912865685809091,
    "B": 0.0007977208496403675,
    "C": 0.006679234898180579,
    "D": 0.0009039361467491368,
    "E": 0.0003325395245207393
  }
}