{
  "question_id": "bigbench_logical_deduction_0009",
  "method": "last_prefix_attn_oracle",
  "prefix_length": 53,
  "keep_m": 5,
  "kl_to_baseline": 0.18283486231719578,
  "token_kl": 0.24700635451612543,
  "selected_indices": [
    0,
    3,
    4,
    5,
    43
  ],
  "distribution": {
    "A": 0.36431770428491583,
    "B": 0.01246626630825581,
    "C": 0.46779316416851424,
    "D": 0.09211394109591127,
    "E": 0.06330892414240295
  }
}