{
  "question_id": "bigbench_logical_deduction_0001",
  "method": "last_prefix_attn_oracle",
  "prefix_length": 79,
  "keep_m": 10,
  "kl_to_baseline": 0.05207056169387317,
  "token_kl": 0.027498482496053245,
  "selected_indices": [
    33,
    35,
    36,
    49,
    62,
    63,
    64,
    65,
    66,
    68
  ],
  "distribution": {
    "A": 0.9406268796152832,
    "B": 0.00045911544771898494,
    "C": 0.041328265392842865,
    "D": 0.0003575594702037241,
    "E": 0.017228180073951178
  }
}