{
  "question_id": "bookworm_nm",
  "method": "last_prefix_attn_oracle",
  "prefix_length": 88,
  "keep_m": 15,
  "kl_to_baseline": 0.04662459104595733,
  "token_kl": 0.05141167009262177,
  "selected_indices": [
    0,
    48,
    49,
    50,
    53,
    54,
    56,
    66,
    69,
    74,
    76,
    77,
    78,
    79,
    81
  ],
  "distribution": {
    "A": 0.09534946875514017,
    "B": 0.9046505312448597
  }
}