{
  "question_id": "bookworm_nm",
  "method": "last_prefix_attn_oracle",
  "prefix_length": 77,
  "keep_m": 20,
  "kl_to_baseline": 0.017193254326946218,
  "token_kl": 0.1326097026611581,
  "selected_indices": [
    0,
    5,
    12,
    13,
    14,
    17,
    18,
    35,
    36,
    38,
    39,
    42,
    47,
    60,
    61,
    62,
    65,
    69,
    70,
    71
  ],
  "distribution": {
    "A": 0.02595735945832451,
    "B": 0.9740426405416754
  }
}