{
  "question_id": "bookworm_nm",
  "method": "last_prefix_attn_oracle",
  "prefix_length": 76,
  "keep_m": 10,
  "kl_to_baseline": 0.03301939121552055,
  "token_kl": 0.12483084322855154,
  "selected_indices": [
    0,
    10,
    16,
    38,
    58,
    59,
    62,
    67,
    69,
    70
  ],
  "distribution": {
    "A": 0.04742587385075148,
    "B": 0.9525741261492485
  }
}