{
  "question_id": "bookworm_nm",
  "method": "last_prefix_attn_oracle",
  "prefix_length": 69,
  "keep_m": 3,
  "kl_to_baseline": 0.34800879286731035,
  "token_kl": 0.10284584364467005,
  "selected_indices": [
    51,
    55,
    63
  ],
  "distribution": {
    "A": 0.32082130082460697,
    "B": 0.679178699175393
  }
}