{
  "question_id": "bookworm_nm",
  "method": "last_prefix_attn_oracle",
  "prefix_length": 100,
  "keep_m": 20,
  "kl_to_baseline": 0.016054467803560887,
  "token_kl": 0.07428931248943652,
  "selected_indices": [
    0,
    18,
    24,
    25,
    39,
    42,
    55,
    58,
    59,
    62,
    69,
    72,
    77,
    78,
    88,
    89,
    91,
    92,
    93,
    94
  ],
  "distribution": {
    "A": 0.033085976958581766,
    "B": 0.9669140230414182
  }
}