{
  "question_id": "bookworm_nm",
  "method": "last_prefix_attn_oracle",
  "prefix_length": 51,
  "keep_m": 15,
  "kl_to_baseline": 0.011186061600852969,
  "token_kl": 0.07822261682941756,
  "selected_indices": [
    0,
    3,
    4,
    9,
    14,
    15,
    29,
    36,
    37,
    38,
    39,
    40,
    42,
    44,
    45
  ],
  "distribution": {
    "A": 0.1329642264548166,
    "B": 0.8670357735451834
  }
}