{
  "question_id": "bookworm_nm",
  "method": "last_prefix_attn_oracle",
  "prefix_length": 36,
  "keep_m": 5,
  "kl_to_baseline": 0.01982708889089375,
  "token_kl": 0.5127850070726117,
  "selected_indices": [
    0,
    5,
    12,
    22,
    28
  ],
  "distribution": {
    "A": 0.07585818419975078,
    "B": 0.9241418158002492
  }
}