{
  "question_id": "bookworm_nm",
  "method": "last_prefix_attn_oracle",
  "prefix_length": 98,
  "keep_m": 5,
  "kl_to_baseline": 0.1123372422100622,
  "token_kl": 0.06815428623783998,
  "selected_indices": [
    0,
    18,
    70,
    71,
    92
  ],
  "distribution": {
    "A": 0.1329642436335826,
    "B": 0.8670357563664174
  }
}