{
  "question_id": "bookworm_nm",
  "method": "last_prefix_attn_oracle",
  "prefix_length": 54,
  "keep_m": 3,
  "kl_to_baseline": 0.011947291904473228,
  "token_kl": 0.05353291461310531,
  "selected_indices": [
    0,
    40,
    48
  ],
  "distribution": {
    "A": 0.09534945590170514,
    "B": 0.9046505440982949
  }
}