{
  "question_id": "bookworm_nm",
  "method": "last_prefix_attn_oracle",
  "prefix_length": 65,
  "keep_m": 5,
  "kl_to_baseline": 0.3637551928172013,
  "token_kl": 0.1731904068494551,
  "selected_indices": [
    11,
    31,
    33,
    41,
    46
  ],
  "distribution": {
    "A": 0.4378234991142019,
    "B": 0.5621765008857981
  }
}