{
  "question_id": "bookworm_nm",
  "method": "last_prefix_attn_oracle",
  "prefix_length": 77,
  "keep_m": 3,
  "kl_to_baseline": 1.577301120464081,
  "token_kl": 0.26830056913240086,
  "selected_indices": [
    65,
    70,
    71
  ],
  "distribution": {
    "A": 0.7981867873410141,
    "B": 0.20181321265898594
  }
}