{
  "question_id": "bookworm_nm",
  "method": "last_prefix_attn_oracle",
  "prefix_length": 75,
  "keep_m": 3,
  "kl_to_baseline": 0.8059788493477967,
  "token_kl": 0.3678943772890914,
  "selected_indices": [
    14,
    38,
    60
  ],
  "distribution": {
    "A": 0.5621764862150634,
    "B": 0.4378235137849365
  }
}