{
  "question_id": "bookworm_nm",
  "method": "last_prefix_attn_oracle",
  "prefix_length": 78,
  "keep_m": 5,
  "kl_to_baseline": 0.002708162826600742,
  "token_kl": 0.5611441834371792,
  "selected_indices": [
    0,
    69,
    70,
    71,
    72
  ],
  "distribution": {
    "A": 0.012431653300050275,
    "B": 0.9875683466999496
  }
}