{
  "question_id": "dilemma_19599",
  "method": "last_prefix_attn_oracle",
  "prefix_length": 35,
  "keep_m": 5,
  "kl_to_baseline": 0.004785290371991893,
  "token_kl": 0.8436393549713831,
  "selected_indices": [
    0,
    7,
    15,
    19,
    26
  ],
  "distribution": {
    "A": 0.8354835452961425,
    "B": 0.16451645470385742
  }
}