{
  "question_id": "dilemma_12903",
  "method": "last_prefix_attn_oracle",
  "prefix_length": 28,
  "keep_m": 10,
  "kl_to_baseline": 0.05867913557831607,
  "token_kl": 0.0720734861382135,
  "selected_indices": [
    0,
    5,
    9,
    11,
    13,
    15,
    16,
    18,
    20,
    21
  ],
  "distribution": {
    "A": 0.7057850278370112,
    "B": 0.29421497216298875
  }
}