{
  "question_id": "dilemma_32747",
  "method": "last_prefix_attn_oracle",
  "prefix_length": 41,
  "keep_m": 3,
  "kl_to_baseline": 0.0003395156747184984,
  "token_kl": 0.21091161046543577,
  "selected_indices": [
    0,
    5,
    6
  ],
  "distribution": {
    "A": 0.00040448145868084314,
    "B": 0.9995955185413191
  }
}