{
  "question_id": "dilemma_15721",
  "method": "last_prefix_attn_oracle",
  "prefix_length": 25,
  "keep_m": 15,
  "kl_to_baseline": 0.015744756769696982,
  "token_kl": 0.03157141128384872,
  "selected_indices": [
    0,
    1,
    2,
    6,
    8,
    9,
    11,
    12,
    13,
    14,
    15,
    16,
    17,
    18,
    19
  ],
  "distribution": {
    "A": 0.06008665017400762,
    "B": 0.9399133498259924
  }
}