{
  "question_id": "dilemma_24577",
  "method": "last_prefix_attn_oracle",
  "prefix_length": 39,
  "keep_m": 3,
  "kl_to_baseline": 0.004059540890710294,
  "token_kl": 0.4959254143891393,
  "selected_indices": [
    0,
    16,
    26
  ],
  "distribution": {
    "A": 0.8670357649558007,
    "B": 0.13296423504419938
  }
}