{
  "question_id": "dilemma_3081",
  "method": "last_prefix_attn_oracle",
  "prefix_length": 40,
  "keep_m": 3,
  "kl_to_baseline": 0.10925132573161556,
  "token_kl": 0.43552544083375644,
  "selected_indices": [
    14,
    15,
    27
  ],
  "distribution": {
    "A": 0.37754066879814546,
    "B": 0.6224593312018546
  }
}