{
  "question_id": "dilemma_3081",
  "method": "last_prefix_attn_oracle",
  "prefix_length": 44,
  "keep_m": 5,
  "kl_to_baseline": 0.001014584488808739,
  "token_kl": 0.1064136944785452,
  "selected_indices": [
    0,
    3,
    10,
    34,
    36
  ],
  "distribution": {
    "A": 0.1645164628965632,
    "B": 0.8354835371034369
  }
}