{
  "question_id": "dilemma_12903",
  "method": "last_prefix_attn_oracle",
  "prefix_length": 21,
  "keep_m": 10,
  "kl_to_baseline": 0.011563182473548539,
  "token_kl": 0.02928240956421816,
  "selected_indices": [
    0,
    2,
    3,
    4,
    5,
    9,
    10,
    13,
    14,
    15
  ],
  "distribution": {
    "A": 0.9241418246795767,
    "B": 0.07585817532042316
  }
}