{
  "question_id": "dilemma_2081",
  "method": "last_prefix_attn_oracle",
  "prefix_length": 29,
  "keep_m": 10,
  "kl_to_baseline": 0.02398282334847361,
  "token_kl": 0.17631437897306734,
  "selected_indices": [
    0,
    10,
    11,
    13,
    14,
    16,
    19,
    21,
    22,
    23
  ],
  "distribution": {
    "A": 0.20181322466072713,
    "B": 0.798186775339273
  }
}