{
  "question_id": "dilemma_12903",
  "method": "last_prefix_attn_oracle",
  "prefix_length": 33,
  "keep_m": 20,
  "kl_to_baseline": 0.12879384090108736,
  "token_kl": 0.022164717749533578,
  "selected_indices": [
    0,
    1,
    2,
    3,
    5,
    8,
    9,
    10,
    13,
    16,
    17,
    18,
    20,
    21,
    22,
    23,
    24,
    25,
    26,
    27
  ],
  "distribution": {
    "A": 0.37754066879814546,
    "B": 0.6224593312018546
  }
}