{
  "question_id": "dilemma_32747",
  "method": "last_prefix_attn_oracle",
  "prefix_length": 23,
  "keep_m": 5,
  "kl_to_baseline": 5.8864264541109095e-05,
  "token_kl": 0.2828646480656844,
  "selected_indices": [
    0,
    9,
    11,
    15,
    17
  ],
  "distribution": {
    "A": 0.00033535005613994316,
    "B": 0.9996646499438601
  }
}