{
  "question_id": "dilemma_15721",
  "method": "last_prefix_attn_oracle",
  "prefix_length": 33,
  "keep_m": 10,
  "kl_to_baseline": 0.021381240955674022,
  "token_kl": 0.2049149375209769,
  "selected_indices": [
    0,
    1,
    9,
    11,
    13,
    20,
    24,
    25,
    26,
    27
  ],
  "distribution": {
    "A": 0.05340333205964859,
    "B": 0.9465966679403514
  }
}