{
  "question_id": "dilemma_24577",
  "method": "last_prefix_attn_oracle",
  "prefix_length": 37,
  "keep_m": 15,
  "kl_to_baseline": 0.024440784655220302,
  "token_kl": 0.03735191072259238,
  "selected_indices": [
    0,
    1,
    5,
    6,
    16,
    19,
    20,
    22,
    23,
    25,
    26,
    28,
    29,
    30,
    31
  ],
  "distribution": {
    "A": 0.8519528019683106,
    "B": 0.1480471980316895
  }
}