{
  "question_id": "dilemma_19599",
  "method": "last_prefix_attn_oracle",
  "prefix_length": 19,
  "keep_m": 10,
  "kl_to_baseline": 0.025468725320126506,
  "token_kl": 0.024885067250313895,
  "selected_indices": [
    0,
    1,
    5,
    6,
    7,
    8,
    9,
    10,
    11,
    12
  ],
  "distribution": {
    "A": 0.7772998663336157,
    "B": 0.22270013366638422
  }
}