{
  "question_id": "dilemma_3081",
  "method": "last_prefix_attn_oracle",
  "prefix_length": 30,
  "keep_m": 15,
  "kl_to_baseline": 0.11648126937467451,
  "token_kl": 0.05380112455211166,
  "selected_indices": [
    0,
    8,
    9,
    10,
    13,
    14,
    15,
    16,
    17,
    18,
    19,
    20,
    21,
    23,
    24
  ],
  "distribution": {
    "A": 0.4073334000459302,
    "B": 0.5926665999540697
  }
}