{
  "question_id": "dilemma_2081",
  "method": "last_prefix_attn_oracle",
  "prefix_length": 29,
  "keep_m": 15,
  "kl_to_baseline": 0.014883809360555986,
  "token_kl": 0.09849080227813027,
  "selected_indices": [
    0,
    2,
    8,
    10,
    11,
    12,
    13,
    14,
    15,
    16,
    19,
    20,
    21,
    22,
    23
  ],
  "distribution": {
    "A": 0.18242551713899047,
    "B": 0.8175744828610095
  }
}