{
  "question_id": "dilemma_24577",
  "method": "last_prefix_attn_oracle",
  "prefix_length": 36,
  "keep_m": 5,
  "kl_to_baseline": 0.4633130754820436,
  "token_kl": 0.17586033319619448,
  "selected_indices": [
    0,
    20,
    23,
    29,
    30
  ],
  "distribution": {
    "A": 0.9324533069832973,
    "B": 0.06754669301670263
  }
}