{
  "question_id": "dilemma_32747",
  "method": "last_prefix_attn_oracle",
  "prefix_length": 28,
  "keep_m": 10,
  "kl_to_baseline": 0.00036681681646782077,
  "token_kl": 0.06309552111791439,
  "selected_indices": [
    0,
    1,
    12,
    16,
    17,
    18,
    19,
    20,
    21,
    22
  ],
  "distribution": {
    "A": 0.0010322308967841455,
    "B": 0.9989677691032158
  }
}