{
  "question_id": "dilemma_12903",
  "method": "last_prefix_attn_oracle",
  "prefix_length": 34,
  "keep_m": 3,
  "kl_to_baseline": 0.028988013516989083,
  "token_kl": 0.3091325309949536,
  "selected_indices": [
    0,
    25,
    26
  ],
  "distribution": {
    "A": 0.2942149783515162,
    "B": 0.7057850216484838
  }
}