{
  "question_id": "dilemma_15721",
  "method": "last_prefix_attn_oracle",
  "prefix_length": 29,
  "keep_m": 5,
  "kl_to_baseline": 0.04276755406909229,
  "token_kl": 0.16773757818632531,
  "selected_indices": [
    0,
    13,
    20,
    22,
    23
  ],
  "distribution": {
    "A": 0.10669060246682488,
    "B": 0.8933093975331751
  }
}