{
  "question_id": "dilemma_15721",
  "method": "last_prefix_attn_oracle",
  "prefix_length": 22,
  "keep_m": 5,
  "kl_to_baseline": 0.042228032712616104,
  "token_kl": 0.1535432919956699,
  "selected_indices": [
    2,
    3,
    9,
    15,
    16
  ],
  "distribution": {
    "A": 0.11920292828022305,
    "B": 0.880797071719777
  }
}