{
  "question_id": "dilemma_31754",
  "method": "last_prefix_attn_oracle",
  "prefix_length": 41,
  "keep_m": 5,
  "kl_to_baseline": 0.0060764309866011,
  "token_kl": 0.21260988692936117,
  "selected_indices": [
    0,
    5,
    6,
    24,
    35
  ],
  "distribution": {
    "A": 0.9241418189341297,
    "B": 0.07585818106587033
  }
}