{
  "question_id": "dilemma_2081",
  "method": "last_prefix_attn_oracle",
  "prefix_length": 41,
  "keep_m": 3,
  "kl_to_baseline": 0.09442817690068182,
  "token_kl": 0.5707279344761579,
  "selected_indices": [
    3,
    17,
    31
  ],
  "distribution": {
    "A": 0.020332352378008508,
    "B": 0.9796676476219914
  }
}