{
  "question_id": "dilemma_3081",
  "method": "last_prefix_attn_oracle",
  "prefix_length": 47,
  "keep_m": 3,
  "kl_to_baseline": 1.2318348081326533,
  "token_kl": 0.6466717084460455,
  "selected_indices": [
    13,
    30,
    36
  ],
  "distribution": {
    "A": 0.8519528057272543,
    "B": 0.14804719427274565
  }
}