{
  "question_id": "dilemma_19599",
  "method": "last_prefix_attn_oracle",
  "prefix_length": 35,
  "keep_m": 20,
  "kl_to_baseline": 6.077352837366013e-16,
  "token_kl": 0.2023002099377495,
  "selected_indices": [
    0,
    1,
    2,
    6,
    7,
    8,
    9,
    10,
    11,
    12,
    13,
    14,
    15,
    17,
    19,
    21,
    23,
    24,
    26,
    27
  ],
  "distribution": {
    "A": 0.798186768138228,
    "B": 0.20181323186177208
  }
}