{
  "question_id": "dilemma_2081",
  "method": "last_prefix_attn_oracle",
  "prefix_length": 36,
  "keep_m": 3,
  "kl_to_baseline": 0.008877043748888667,
  "token_kl": 0.14113194851159133,
  "selected_indices": [
    0,
    1,
    16
  ],
  "distribution": {
    "A": 0.11920293297380237,
    "B": 0.8807970670261975
  }
}