{
  "question_id": "dilemma_3081",
  "method": "last_prefix_attn_oracle",
  "prefix_length": 36,
  "keep_m": 10,
  "kl_to_baseline": 0.0012272794748396064,
  "token_kl": 0.23634638820500287,
  "selected_indices": [
    0,
    1,
    4,
    5,
    13,
    16,
    21,
    24,
    29,
    30
  ],
  "distribution": {
    "A": 0.18242552602881168,
    "B": 0.8175744739711884
  }
}