{
  "question_id": "dilemma_2081",
  "method": "last_prefix_attn_oracle",
  "prefix_length": 32,
  "keep_m": 5,
  "kl_to_baseline": 0.15964559387283095,
  "token_kl": 0.3042646617611426,
  "selected_indices": [
    3,
    15,
    16,
    17,
    25
  ],
  "distribution": {
    "A": 0.32082130731838393,
    "B": 0.6791786926816161
  }
}