{
  "question_id": "dilemma_48618",
  "method": "last_prefix_attn_oracle",
  "prefix_length": 31,
  "keep_m": 3,
  "kl_to_baseline": 0.05418667040528652,
  "token_kl": 0.30130252060233415,
  "selected_indices": [
    0,
    1,
    4
  ],
  "distribution": {
    "A": 0.9669140218496496,
    "B": 0.0330859781503504
  }
}