{
  "question_id": "dilemma_32747",
  "method": "last_prefix_attn_oracle",
  "prefix_length": 41,
  "keep_m": 5,
  "kl_to_baseline": 0.00010988166438838343,
  "token_kl": 0.24091422055476988,
  "selected_indices": [
    0,
    5,
    6,
    7,
    11
  ],
  "distribution": {
    "A": 0.0006263341679467654,
    "B": 0.9993736658320531
  }
}