{
  "question_id": "dilemma_2081",
  "method": "last_prefix_attn_oracle",
  "prefix_length": 36,
  "keep_m": 15,
  "kl_to_baseline": 0.01049076967355176,
  "token_kl": 0.0379659125846306,
  "selected_indices": [
    0,
    1,
    2,
    7,
    8,
    12,
    13,
    15,
    16,
    18,
    20,
    21,
    25,
    29,
    30
  ],
  "distribution": {
    "A": 0.22270012850745968,
    "B": 0.7772998714925403
  }
}