{
  "question_id": "dilemma_12903",
  "method": "last_prefix_attn_oracle",
  "prefix_length": 32,
  "keep_m": 5,
  "kl_to_baseline": 0.14177824875770165,
  "token_kl": 0.09413907228236601,
  "selected_indices": [
    0,
    23,
    24,
    25,
    26
  ],
  "distribution": {
    "A": 0.5312093733737563,
    "B": 0.46879062662624377
  }
}