{
  "question_id": "dilemma_32747",
  "method": "last_prefix_attn_oracle",
  "prefix_length": 36,
  "keep_m": 3,
  "kl_to_baseline": 0.015098987478300966,
  "token_kl": 0.4059073734702399,
  "selected_indices": [
    16,
    17,
    18
  ],
  "distribution": {
    "A": 0.020332352971639423,
    "B": 0.9796676470283605
  }
}