{
  "question_id": "dilemma_31754",
  "method": "last_prefix_attn_oracle",
  "prefix_length": 22,
  "keep_m": 15,
  "kl_to_baseline": 0.030299861980765966,
  "token_kl": 0.00015999622234102483,
  "selected_indices": [
    0,
    1,
    2,
    3,
    6,
    7,
    8,
    9,
    10,
    11,
    12,
    13,
    14,
    15,
    16
  ],
  "distribution": {
    "A": 0.5,
    "B": 0.5
  }
}