{
  "question_id": "dilemma_15721",
  "method": "last_prefix_attn_oracle",
  "prefix_length": 27,
  "keep_m": 5,
  "kl_to_baseline": 0.1325820480468344,
  "token_kl": 0.1927734319848364,
  "selected_indices": [
    0,
    4,
    5,
    11,
    16
  ],
  "distribution": {
    "A": 0.18242553047372242,
    "B": 0.8175744695262777
  }
}