{
  "question_id": "dilemma_23322",
  "method": "last_prefix_attn_oracle",
  "prefix_length": 35,
  "keep_m": 15,
  "kl_to_baseline": 0.002050193028261589,
  "token_kl": 0.061937839043890885,
  "selected_indices": [
    0,
    4,
    7,
    8,
    10,
    11,
    15,
    16,
    20,
    24,
    25,
    26,
    27,
    28,
    29
  ],
  "distribution": {
    "A": 0.022977368739197652,
    "B": 0.9770226312608022
  }
}