{
  "question_id": "dilemma_24577",
  "method": "last_prefix_attn_oracle",
  "prefix_length": 26,
  "keep_m": 15,
  "kl_to_baseline": 0.0007694072471846405,
  "token_kl": 0.045882853506251785,
  "selected_indices": [
    0,
    1,
    3,
    4,
    6,
    7,
    9,
    10,
    13,
    14,
    15,
    16,
    18,
    19,
    20
  ],
  "distribution": {
    "A": 0.11920292515117029,
    "B": 0.8807970748488297
  }
}