{
  "question_id": "dilemma_32747",
  "method": "last_prefix_attn_oracle",
  "prefix_length": 34,
  "keep_m": 3,
  "kl_to_baseline": 4.692857783697332e-06,
  "token_kl": 1.0451668924296682,
  "selected_indices": [
    0,
    7,
    20
  ],
  "distribution": {
    "A": 0.0005527786308457063,
    "B": 0.9994472213691542
  }
}