{
  "question_id": "dilemma_25447",
  "method": "last_prefix_attn_oracle",
  "prefix_length": 27,
  "keep_m": 20,
  "kl_to_baseline": 0.02207883944379336,
  "token_kl": 0.0273939502170708,
  "selected_indices": [
    0,
    1,
    2,
    3,
    4,
    5,
    6,
    7,
    9,
    10,
    11,
    12,
    13,
    14,
    16,
    17,
    18,
    19,
    20,
    21
  ],
  "distribution": {
    "A": 0.8670357563664174,
    "B": 0.1329642436335826
  }
}