{
  "question_id": "dilemma_32747",
  "method": "last_prefix_attn_oracle",
  "prefix_length": 35,
  "keep_m": 3,
  "kl_to_baseline": 0.00574736498918093,
  "token_kl": 0.5123939544358177,
  "selected_indices": [
    20,
    26,
    29
  ],
  "distribution": {
    "A": 0.010986942326994233,
    "B": 0.9890130576730057
  }
}