{
  "question_id": "dilemma_25447",
  "method": "last_prefix_attn_oracle",
  "prefix_length": 24,
  "keep_m": 3,
  "kl_to_baseline": 0.004059537902204036,
  "token_kl": 0.4280916123393427,
  "selected_indices": [
    0,
    9,
    17
  ],
  "distribution": {
    "A": 0.8670357615200474,
    "B": 0.1329642384799526
  }
}