{
  "question_id": "dilemma_23322",
  "method": "last_prefix_attn_oracle",
  "prefix_length": 34,
  "keep_m": 20,
  "kl_to_baseline": 0.00442211697715543,
  "token_kl": 0.11010099648871607,
  "selected_indices": [
    0,
    2,
    4,
    10,
    11,
    12,
    15,
    16,
    17,
    18,
    19,
    20,
    21,
    22,
    23,
    24,
    25,
    26,
    27,
    28
  ],
  "distribution": {
    "A": 0.02033235141335831,
    "B": 0.9796676485866417
  }
}