{
  "question_id": "dilemma_12903",
  "method": "last_prefix_attn_oracle",
  "prefix_length": 29,
  "keep_m": 20,
  "kl_to_baseline": 0.13473150623130414,
  "token_kl": 0.011252621297975392,
  "selected_indices": [
    0,
    1,
    2,
    3,
    5,
    6,
    7,
    8,
    10,
    11,
    12,
    13,
    14,
    15,
    17,
    18,
    19,
    21,
    22,
    23
  ],
  "distribution": {
    "A": 0.9241418262465169,
    "B": 0.0758581737534831
  }
}