{
  "question_id": "dilemma_32747",
  "method": "last_prefix_attn_oracle",
  "prefix_length": 24,
  "keep_m": 10,
  "kl_to_baseline": 4.4185934806448095e-05,
  "token_kl": 0.0582310652118243,
  "selected_indices": [
    0,
    3,
    8,
    12,
    13,
    14,
    15,
    16,
    17,
    18
  ],
  "distribution": {
    "A": 0.0008040859693945244,
    "B": 0.9991959140306055
  }
}