{
  "question_id": "dilemma_24577",
  "method": "last_prefix_attn_oracle",
  "prefix_length": 19,
  "keep_m": 10,
  "kl_to_baseline": 0.012170021659077011,
  "token_kl": 0.0192727809036918,
  "selected_indices": [
    0,
    1,
    3,
    4,
    5,
    6,
    9,
    10,
    12,
    13
  ],
  "distribution": {
    "A": 0.18242552380635632,
    "B": 0.8175744761936437
  }
}