{
  "question_id": "dilemma_15721",
  "method": "last_prefix_attn_oracle",
  "prefix_length": 35,
  "keep_m": 5,
  "kl_to_baseline": 0.6253082691677572,
  "token_kl": 0.27938489294136676,
  "selected_indices": [
    2,
    21,
    22,
    23,
    27
  ],
  "distribution": {
    "A": 0.754914997895581,
    "B": 0.24508500210441886
  }
}