{
  "question_id": "dilemma_31754",
  "method": "last_prefix_attn_oracle",
  "prefix_length": 24,
  "keep_m": 5,
  "kl_to_baseline": 0.19456746909965275,
  "token_kl": 0.6468060170119088,
  "selected_indices": [
    9,
    11,
    15,
    16,
    18
  ],
  "distribution": {
    "A": 0.09534947453918644,
    "B": 0.9046505254608136
  }
}