{
  "question_id": "dilemma_24577",
  "method": "last_prefix_attn_oracle",
  "prefix_length": 26,
  "keep_m": 20,
  "kl_to_baseline": 1.0519457450295744e-15,
  "token_kl": 0.004425161742861896,
  "selected_indices": [
    0,
    1,
    3,
    4,
    5,
    6,
    7,
    8,
    9,
    10,
    11,
    12,
    13,
    14,
    15,
    16,
    17,
    18,
    19,
    20
  ],
  "distribution": {
    "A": 0.10669058968506456,
    "B": 0.8933094103149354
  }
}