{
  "question_id": "dilemma_15721",
  "method": "last_prefix_attn_oracle",
  "prefix_length": 33,
  "keep_m": 5,
  "kl_to_baseline": 0.081121411030044,
  "token_kl": 0.221815570609678,
  "selected_indices": [
    0,
    24,
    25,
    26,
    27
  ],
  "distribution": {
    "A": 0.11920293297380237,
    "B": 0.8807970670261975
  }
}