{
  "question_id": "dilemma_15721",
  "method": "last_prefix_attn_oracle",
  "prefix_length": 37,
  "keep_m": 3,
  "kl_to_baseline": 0.9893033896344519,
  "token_kl": 0.670800347043355,
  "selected_indices": [
    6,
    9,
    27
  ],
  "distribution": {
    "A": 0.9149009561531425,
    "B": 0.0850990438468576
  }
}