{
  "question_id": "dilemma_25447",
  "method": "last_prefix_attn_oracle",
  "prefix_length": 35,
  "keep_m": 15,
  "kl_to_baseline": 0.09085143192821658,
  "token_kl": 0.20974342099442977,
  "selected_indices": [
    0,
    5,
    8,
    9,
    10,
    17,
    18,
    19,
    20,
    21,
    22,
    23,
    24,
    25,
    29
  ],
  "distribution": {
    "A": 0.8670357563664174,
    "B": 0.1329642436335826
  }
}