{
  "question_id": "dilemma_12903",
  "method": "last_prefix_attn_oracle",
  "prefix_length": 37,
  "keep_m": 5,
  "kl_to_baseline": 0.5278857132741962,
  "token_kl": 0.1706375256837955,
  "selected_indices": [
    0,
    19,
    24,
    27,
    31
  ],
  "distribution": {
    "A": 0.9875683484379096,
    "B": 0.012431651562090426
  }
}