{
  "question_id": "dilemma_24577",
  "method": "last_prefix_attn_oracle",
  "prefix_length": 32,
  "keep_m": 3,
  "kl_to_baseline": 0.01604526928016383,
  "token_kl": 0.06067725938460458,
  "selected_indices": [
    0,
    19,
    20
  ],
  "distribution": {
    "A": 0.03732689136002139,
    "B": 0.9626731086399787
  }
}