{
  "question_id": "dilemma_31754",
  "method": "last_prefix_attn_oracle",
  "prefix_length": 20,
  "keep_m": 5,
  "kl_to_baseline": 0.12245933120185457,
  "token_kl": 0.6785316656080246,
  "selected_indices": [
    3,
    7,
    9,
    11,
    14
  ],
  "distribution": {
    "A": 0.6224593312018546,
    "B": 0.37754066879814546
  }
}