{
  "question_id": "dilemma_15721",
  "method": "last_prefix_attn_oracle",
  "prefix_length": 33,
  "keep_m": 20,
  "kl_to_baseline": 0.013014047883377537,
  "token_kl": 0.08116774967811713,
  "selected_indices": [
    0,
    1,
    2,
    4,
    5,
    6,
    9,
    11,
    13,
    15,
    16,
    17,
    18,
    19,
    20,
    23,
    24,
    25,
    26,
    27
  ],
  "distribution": {
    "A": 0.042087731670371796,
    "B": 0.9579122683296283
  }
}