{
  "question_id": "dilemma_15721",
  "method": "last_prefix_attn_oracle",
  "prefix_length": 21,
  "keep_m": 15,
  "kl_to_baseline": 0.00047056372730215233,
  "token_kl": 0.010634947745580133,
  "selected_indices": [
    0,
    1,
    2,
    4,
    5,
    6,
    7,
    8,
    9,
    10,
    11,
    12,
    13,
    14,
    15
  ],
  "distribution": {
    "A": 0.017986211047770272,
    "B": 0.9820137889522297
  }
}