{
  "question_id": "dilemma_37184",
  "method": "last_prefix_attn_oracle",
  "prefix_length": 36,
  "keep_m": 20,
  "kl_to_baseline": 0.0016414269715089424,
  "token_kl": 0.022005358617993246,
  "selected_indices": [
    0,
    4,
    5,
    9,
    12,
    13,
    14,
    15,
    16,
    17,
    18,
    19,
    20,
    21,
    23,
    24,
    25,
    26,
    27,
    29
  ],
  "distribution": {
    "A": 0.9525741311981335,
    "B": 0.0474258688018665
  }
}