{
  "question_id": "dilemma_31754",
  "method": "last_prefix_attn_oracle",
  "prefix_length": 30,
  "keep_m": 3,
  "kl_to_baseline": 0.18771651853425506,
  "token_kl": 0.17595677744905686,
  "selected_indices": [
    0,
    2,
    8
  ],
  "distribution": {
    "A": 0.867035771827307,
    "B": 0.1329642281726931
  }
}