{
  "question_id": "dilemma_32747",
  "method": "last_prefix_attn_oracle",
  "prefix_length": 35,
  "keep_m": 15,
  "kl_to_baseline": 0.000308380249444648,
  "token_kl": 0.2092260490140691,
  "selected_indices": [
    0,
    7,
    12,
    13,
    15,
    17,
    18,
    19,
    20,
    22,
    23,
    25,
    26,
    28,
    29
  ],
  "distribution": {
    "A": 0.001032231186328991,
    "B": 0.9989677688136711
  }
}