{
  "question_id": "dilemma_23322",
  "method": "last_prefix_attn_oracle",
  "prefix_length": 29,
  "keep_m": 15,
  "kl_to_baseline": 0.00018255961769544134,
  "token_kl": 0.09207726584506046,
  "selected_indices": [
    0,
    1,
    3,
    4,
    5,
    6,
    7,
    8,
    9,
    15,
    16,
    19,
    20,
    21,
    22
  ],
  "distribution": {
    "A": 0.025957359505418838,
    "B": 0.9740426404945811
  }
}