{
  "question_id": "dilemma_2081",
  "method": "last_prefix_attn_oracle",
  "prefix_length": 30,
  "keep_m": 20,
  "kl_to_baseline": 0.02813164997718233,
  "token_kl": 0.01809587629618537,
  "selected_indices": [
    0,
    2,
    3,
    8,
    9,
    10,
    11,
    12,
    13,
    14,
    15,
    16,
    17,
    18,
    19,
    20,
    21,
    22,
    23,
    24
  ],
  "distribution": {
    "A": 0.13296423160844623,
    "B": 0.8670357683915538
  }
}