{
  "question_id": "dilemma_25447",
  "method": "last_prefix_attn_oracle",
  "prefix_length": 27,
  "keep_m": 5,
  "kl_to_baseline": 0.26060405988024954,
  "token_kl": 0.16777034811625835,
  "selected_indices": [
    0,
    4,
    12,
    18,
    21
  ],
  "distribution": {
    "A": 0.6224593312018546,
    "B": 0.37754066879814546
  }
}