{
  "question_id": "dilemma_15721",
  "method": "last_prefix_attn_oracle",
  "prefix_length": 37,
  "keep_m": 15,
  "kl_to_baseline": 0.1207774505293755,
  "token_kl": 0.2796853820371502,
  "selected_indices": [
    0,
    1,
    2,
    6,
    7,
    9,
    15,
    18,
    19,
    21,
    22,
    23,
    25,
    27,
    29
  ],
  "distribution": {
    "A": 0.5926665999540697,
    "B": 0.4073334000459302
  }
}