{
  "question_id": "dilemma_19599",
  "method": "last_prefix_attn_oracle",
  "prefix_length": 24,
  "keep_m": 3,
  "kl_to_baseline": 0.15641360757372838,
  "token_kl": 0.9630616644154766,
  "selected_indices": [
    0,
    15,
    18
  ],
  "distribution": {
    "A": 0.9324533116759811,
    "B": 0.06754668832401889
  }
}