{
  "question_id": "dilemma_3081",
  "method": "last_prefix_attn_oracle",
  "prefix_length": 37,
  "keep_m": 20,
  "kl_to_baseline": 0.030299861980765966,
  "token_kl": 0.03328160124454674,
  "selected_indices": [
    0,
    1,
    4,
    5,
    6,
    8,
    10,
    11,
    13,
    15,
    16,
    17,
    18,
    20,
    24,
    27,
    28,
    29,
    30,
    31
  ],
  "distribution": {
    "A": 0.5,
    "B": 0.5
  }
}