{
  "question_id": "gpqa_gpqa_diamond_0023",
  "method": "last_prefix_attn_oracle",
  "prefix_length": 261,
  "keep_m": 20,
  "kl_to_baseline": 0.05686488571488907,
  "token_kl": 0.2586644543603039,
  "selected_indices": [
    0,
    7,
    106,
    111,
    138,
    170,
    189,
    194,
    212,
    216,
    220,
    226,
    235,
    237,
    238,
    242,
    244,
    253,
    254,
    255
  ],
  "distribution": {
    "A": 0.6032415928352807,
    "B": 0.11878531259804147,
    "C": 0.25146850874339555,
    "D": 0.026504585823282294
  }
}