{
  "question_id": "gpqa_gpqa_diamond_0023",
  "method": "last_prefix_attn_oracle",
  "prefix_length": 331,
  "keep_m": 5,
  "kl_to_baseline": 0.02329071550365149,
  "token_kl": 0.7007717557738496,
  "selected_indices": [
    232,
    233,
    251,
    252,
    310
  ],
  "distribution": {
    "A": 0.4699038778398807,
    "B": 0.28501110902774757,
    "C": 0.15255545336197382,
    "D": 0.09252955977039787
  }
}