{
  "question_id": "gpqa_gpqa_diamond_0009",
  "method": "last_prefix_attn_oracle",
  "prefix_length": 118,
  "keep_m": 15,
  "kl_to_baseline": 0.5784641511943461,
  "token_kl": 0.06691113102055408,
  "selected_indices": [
    0,
    25,
    40,
    43,
    72,
    99,
    102,
    103,
    104,
    105,
    107,
    109,
    110,
    111,
    112
  ],
  "distribution": {
    "A": 0.32867225448797577,
    "B": 0.06471940422436649,
    "C": 0.06471940422436649,
    "D": 0.5418889370632913
  }
}