{
  "question_id": "gpqa_gpqa_diamond_0009",
  "method": "last_prefix_attn_oracle",
  "prefix_length": 86,
  "keep_m": 15,
  "kl_to_baseline": 1.041124140052853,
  "token_kl": 0.13098468690236836,
  "selected_indices": [
    0,
    21,
    23,
    27,
    32,
    34,
    43,
    65,
    67,
    68,
    73,
    74,
    75,
    78,
    79
  ],
  "distribution": {
    "A": 0.4701127919913013,
    "B": 0.07209414022349347,
    "C": 0.13468958602709347,
    "D": 0.3231034817581118
  }
}