{
  "question_id": "gpqa_gpqa_diamond_0011",
  "method": "last_prefix_attn_oracle",
  "prefix_length": 126,
  "keep_m": 5,
  "kl_to_baseline": 0.9050664932441478,
  "token_kl": 0.1390579393908938,
  "selected_indices": [
    0,
    86,
    116,
    117,
    120
  ],
  "distribution": {
    "A": 0.19090944788025618,
    "B": 0.40415528024448627,
    "C": 0.3566658042379062,
    "D": 0.04826946763735129
  }
}