{
  "question_id": "gpqa_gpqa_diamond_0001",
  "method": "last_prefix_attn_oracle",
  "prefix_length": 374,
  "keep_m": 20,
  "kl_to_baseline": 0.014426371213105402,
  "token_kl": 0.2496810063459874,
  "selected_indices": [
    0,
    233,
    240,
    241,
    303,
    318,
    322,
    325,
    327,
    333,
    337,
    338,
    345,
    350,
    359,
    363,
    365,
    366,
    367,
    368
  ],
  "distribution": {
    "A": 0.5074099856534118,
    "B": 0.08817462889750956,
    "C": 0.16473189398585866,
    "D": 0.23968349146322004
  }
}