{
  "question_id": "gpqa_gpqa_diamond_0001",
  "method": "last_prefix_attn_oracle",
  "prefix_length": 417,
  "keep_m": 15,
  "kl_to_baseline": 1.228044716298083,
  "token_kl": 0.1337857736486038,
  "selected_indices": [
    329,
    330,
    331,
    355,
    356,
    358,
    360,
    361,
    363,
    364,
    400,
    405,
    407,
    408,
    411
  ],
  "distribution": {
    "A": 0.07433894372492393,
    "B": 0.03098908222193877,
    "C": 0.09545309319252201,
    "D": 0.7992188808606153
  }
}