{
  "question_id": "gpqa_gpqa_diamond_0023",
  "method": "last_prefix_attn_oracle",
  "prefix_length": 371,
  "keep_m": 20,
  "kl_to_baseline": 2.274739030949545,
  "token_kl": 0.1551264044637029,
  "selected_indices": [
    0,
    3,
    71,
    85,
    195,
    261,
    290,
    291,
    313,
    314,
    318,
    326,
    328,
    339,
    348,
    352,
    358,
    359,
    361,
    364
  ],
  "distribution": {
    "A": 0.744420208948821,
    "B": 0.12936082372748153,
    "C": 0.10074631081772457,
    "D": 0.025472656505972843
  }
}