{
  "question_id": "gpqa_gpqa_diamond_0001",
  "method": "last_prefix_attn_oracle",
  "prefix_length": 315,
  "keep_m": 3,
  "kl_to_baseline": 0.3853688255647515,
  "token_kl": 0.27434645428036214,
  "selected_indices": [
    305,
    307,
    309
  ],
  "distribution": {
    "A": 0.10250105562078062,
    "B": 0.11614891261440428,
    "C": 0.19149718279605876,
    "D": 0.5898528489687563
  }
}