{
  "question_id": "gpqa_gpqa_diamond_0002",
  "method": "last_prefix_attn_oracle",
  "prefix_length": 16,
  "keep_m": 5,
  "kl_to_baseline": 0.10076318133363289,
  "token_kl": 0.19575887277786713,
  "selected_indices": [
    0,
    1,
    4,
    6,
    8
  ],
  "distribution": {
    "A": 0.12155344312097857,
    "B": 0.22709170165129378,
    "C": 0.4242631535764339,
    "D": 0.22709170165129378
  }
}