{
  "question_id": "gpqa_gpqa_diamond_0011",
  "method": "last_prefix_attn_oracle",
  "prefix_length": 35,
  "keep_m": 15,
  "kl_to_baseline": 0.021545018240834272,
  "token_kl": 0.004785101360136961,
  "selected_indices": [
    0,
    9,
    10,
    11,
    15,
    16,
    21,
    22,
    23,
    24,
    25,
    26,
    27,
    28,
    29
  ],
  "distribution": {
    "A": 0.19319629917386025,
    "B": 0.2189200875470955,
    "C": 0.5251619580677487,
    "D": 0.06272165521129563
  }
}