{
  "question_id": "gpqa_gpqa_diamond_0004",
  "method": "last_prefix_attn_oracle",
  "prefix_length": 87,
  "keep_m": 5,
  "kl_to_baseline": 0.16763295743687887,
  "token_kl": 0.9320657155311441,
  "selected_indices": [
    0,
    10,
    20,
    78,
    81
  ],
  "distribution": {
    "A": 0.0039100896586548905,
    "B": 0.14672503197024353,
    "C": 0.8443442238678608,
    "D": 0.005020654503240775
  }
}