{
  "question_id": "gpqa_gpqa_diamond_0001",
  "method": "last_prefix_attn_oracle",
  "prefix_length": 213,
  "keep_m": 10,
  "kl_to_baseline": 0.2203635668898676,
  "token_kl": 0.1007582924148248,
  "selected_indices": [
    51,
    52,
    56,
    57,
    170,
    171,
    196,
    198,
    200,
    203
  ],
  "distribution": {
    "A": 0.29868338531114025,
    "B": 0.4345817613168092,
    "C": 0.08557422263408211,
    "D": 0.18116063073796854
  }
}