{
  "question_id": "gpqa_gpqa_diamond_0020",
  "method": "last_prefix_attn_oracle",
  "prefix_length": 58,
  "keep_m": 5,
  "kl_to_baseline": 0.18814372322231326,
  "token_kl": 0.1906875914950537,
  "selected_indices": [
    0,
    36,
    48,
    49,
    50
  ],
  "distribution": {
    "A": 0.3730047303539643,
    "B": 0.42266975838028337,
    "C": 0.08322860522000194,
    "D": 0.12109690604575044
  }
}