{
  "question_id": "gpqa_gpqa_diamond_0001",
  "method": "last_prefix_attn_oracle",
  "prefix_length": 174,
  "keep_m": 5,
  "kl_to_baseline": 0.05977556477761878,
  "token_kl": 0.1346293686882682,
  "selected_indices": [
    60,
    64,
    163,
    167,
    168
  ],
  "distribution": {
    "A": 0.32205625344145955,
    "B": 0.2213458101579033,
    "C": 0.17238429028054963,
    "D": 0.28421364612008754
  }
}