{
  "question_id": "gpqa_gpqa_diamond_0023",
  "method": "last_prefix_attn_oracle",
  "prefix_length": 324,
  "keep_m": 10,
  "kl_to_baseline": 0.16564649274290716,
  "token_kl": 0.159368162253488,
  "selected_indices": [
    0,
    290,
    292,
    299,
    300,
    301,
    308,
    312,
    317,
    318
  ],
  "distribution": {
    "A": 0.2892011524681942,
    "B": 0.2892011524681942,
    "C": 0.32770783854447766,
    "D": 0.09388985651913379
  }
}