{
  "question_id": "gpqa_gpqa_diamond_0001",
  "method": "last_prefix_attn_oracle",
  "prefix_length": 391,
  "keep_m": 3,
  "kl_to_baseline": 0.20424113923967843,
  "token_kl": 0.31039804213329103,
  "selected_indices": [
    371,
    384,
    385
  ],
  "distribution": {
    "A": 0.6868924926022312,
    "B": 0.07239793823526797,
    "C": 0.04391156923967157,
    "D": 0.19679799992282923
  }
}