{
  "question_id": "gpqa_gpqa_diamond_0031",
  "method": "last_prefix_attn_oracle",
  "prefix_length": 120,
  "keep_m": 20,
  "kl_to_baseline": 0.03838464986083355,
  "token_kl": 0.07991695091921044,
  "selected_indices": [
    0,
    9,
    16,
    33,
    55,
    56,
    58,
    63,
    64,
    65,
    66,
    67,
    92,
    106,
    107,
    108,
    109,
    110,
    112,
    113
  ],
  "distribution": {
    "A": 0.8793275414888141,
    "B": 0.02067979948785194,
    "C": 0.0562135231640046,
    "D": 0.04377913585932934
  }
}