{
  "question_id": "gpqa_gpqa_diamond_0011",
  "method": "last_prefix_attn_oracle",
  "prefix_length": 115,
  "keep_m": 3,
  "kl_to_baseline": 0.21161087376786222,
  "token_kl": 1.5659724335019236,
  "selected_indices": [
    0,
    72,
    74
  ],
  "distribution": {
    "A": 0.0664260051239577,
    "B": 0.8092343821392084,
    "C": 0.10951796757550478,
    "D": 0.014821645161329102
  }
}