{
  "question_id": "gpqa_gpqa_diamond_0002",
  "method": "last_prefix_attn_oracle",
  "prefix_length": 99,
  "keep_m": 3,
  "kl_to_baseline": 1.7441321785983004,
  "token_kl": 0.2260224999252237,
  "selected_indices": [
    87,
    88,
    89
  ],
  "distribution": {
    "A": 0.2866128117777278,
    "B": 0.2529349186349064,
    "C": 0.2866128117777278,
    "D": 0.17383945780963805
  }
}