{
  "question_id": "gpqa_gpqa_diamond_0002",
  "method": "last_prefix_attn_oracle",
  "prefix_length": 56,
  "keep_m": 5,
  "kl_to_baseline": 0.17625918968759152,
  "token_kl": 0.49623035197279386,
  "selected_indices": [
    37,
    47,
    48,
    49,
    50
  ],
  "distribution": {
    "A": 0.07098731077176058,
    "B": 0.117038289219202,
    "C": 0.04878881762363395,
    "D": 0.7631855823854033
  }
}