{
  "question_id": "gpqa_gpqa_diamond_0023",
  "method": "last_prefix_attn_oracle",
  "prefix_length": 308,
  "keep_m": 10,
  "kl_to_baseline": 0.10155396587141557,
  "token_kl": 0.4634226373881778,
  "selected_indices": [
    0,
    270,
    272,
    290,
    291,
    295,
    299,
    300,
    301,
    302
  ],
  "distribution": {
    "A": 0.3696691675703978,
    "B": 0.25406965557071776,
    "C": 0.32623189536190184,
    "D": 0.05002928149698263
  }
}