{
  "question_id": "gpqa_gpqa_diamond_0031",
  "method": "last_prefix_attn_oracle",
  "prefix_length": 179,
  "keep_m": 10,
  "kl_to_baseline": 1.007714081543212,
  "token_kl": 1.597792309057749,
  "selected_indices": [
    0,
    92,
    94,
    97,
    151,
    155,
    157,
    161,
    163,
    166
  ],
  "distribution": {
    "A": 0.24769349254916742,
    "B": 0.07096537376639023,
    "C": 0.46275239371944155,
    "D": 0.21858873996500083
  }
}