{
  "question_id": "gpqa_gpqa_diamond_0023",
  "method": "last_prefix_attn_oracle",
  "prefix_length": 257,
  "keep_m": 10,
  "kl_to_baseline": 0.016308277134383604,
  "token_kl": 0.3628254753831665,
  "selected_indices": [
    0,
    9,
    90,
    96,
    97,
    122,
    166,
    200,
    201,
    203
  ],
  "distribution": {
    "A": 0.4387718460501942,
    "B": 0.20726114435854145,
    "C": 0.3015631856256215,
    "D": 0.05240382396564283
  }
}