{
  "question_id": "gpqa_gpqa_diamond_0023",
  "method": "last_prefix_attn_oracle",
  "prefix_length": 274,
  "keep_m": 10,
  "kl_to_baseline": 0.03328435126706747,
  "token_kl": 0.2741897020221707,
  "selected_indices": [
    93,
    123,
    134,
    183,
    204,
    208,
    209,
    259,
    267,
    268
  ],
  "distribution": {
    "A": 0.4208921300529743,
    "B": 0.22528732278455568,
    "C": 0.2892746485129048,
    "D": 0.0645458986495652
  }
}