{
  "question_id": "gpqa_gpqa_diamond_0002",
  "method": "last_prefix_attn_oracle",
  "prefix_length": 32,
  "keep_m": 20,
  "kl_to_baseline": 0.2668977167812538,
  "token_kl": 0.001713044191711774,
  "selected_indices": [
    0,
    1,
    4,
    5,
    8,
    10,
    11,
    14,
    15,
    16,
    17,
    18,
    19,
    20,
    21,
    22,
    23,
    24,
    25,
    26
  ],
  "distribution": {
    "A": 0.2801288226217134,
    "B": 0.24721281828833164,
    "C": 0.19252953646824159,
    "D": 0.2801288226217134
  }
}