{
  "question_id": "gpqa_gpqa_diamond_0011",
  "method": "last_prefix_attn_oracle",
  "prefix_length": 83,
  "keep_m": 15,
  "kl_to_baseline": 0.011436577828860464,
  "token_kl": 0.1277813217470736,
  "selected_indices": [
    0,
    9,
    10,
    25,
    26,
    67,
    68,
    69,
    70,
    71,
    72,
    73,
    74,
    75,
    77
  ],
  "distribution": {
    "A": 0.09368415301717412,
    "B": 0.6922374415944189,
    "C": 0.17502504014979728,
    "D": 0.039053365238609625
  }
}