{
  "question_id": "gpqa_gpqa_diamond_0031",
  "method": "last_prefix_attn_oracle",
  "prefix_length": 96,
  "keep_m": 10,
  "kl_to_baseline": 1.4703898288051016,
  "token_kl": 0.11937190779499518,
  "selected_indices": [
    0,
    16,
    33,
    49,
    51,
    78,
    80,
    81,
    82,
    90
  ],
  "distribution": {
    "A": 0.1757810750967314,
    "B": 0.05706775974505721,
    "C": 0.5414437969613117,
    "D": 0.22570736819689974
  }
}