{
  "question_id": "gpqa_gpqa_diamond_0031",
  "method": "last_prefix_attn_oracle",
  "prefix_length": 208,
  "keep_m": 3,
  "kl_to_baseline": 1.3747418526099502,
  "token_kl": 0.07964962465088457,
  "selected_indices": [
    0,
    2,
    7
  ],
  "distribution": {
    "A": 0.21342985640753684,
    "B": 0.061148677653940886,
    "C": 0.5119916095309854,
    "D": 0.21342985640753684
  }
}