{
  "question_id": "gpqa_gpqa_diamond_0031",
  "method": "last_prefix_attn_oracle",
  "prefix_length": 62,
  "keep_m": 3,
  "kl_to_baseline": 0.3851377437284471,
  "token_kl": 0.0004723883866625247,
  "selected_indices": [
    0,
    55,
    56
  ],
  "distribution": {
    "A": 0.5793347511262421,
    "B": 0.03268383013892421,
    "C": 0.2415026544244313,
    "D": 0.14647876431040244
  }
}