{
  "question_id": "gpqa_gpqa_diamond_0023",
  "method": "last_prefix_attn_oracle",
  "prefix_length": 326,
  "keep_m": 3,
  "kl_to_baseline": 0.13472442313025149,
  "token_kl": 0.24951174317024574,
  "selected_indices": [
    128,
    218,
    319
  ],
  "distribution": {
    "A": 0.3542800494789495,
    "B": 0.24349287969641714,
    "C": 0.31265104631269014,
    "D": 0.08957602451194317
  }
}