{
  "question_id": "gpqa_gpqa_diamond_0001",
  "method": "last_prefix_attn_oracle",
  "prefix_length": 383,
  "keep_m": 5,
  "kl_to_baseline": 0.12960510761916733,
  "token_kl": 0.47575026359932676,
  "selected_indices": [
    310,
    315,
    316,
    332,
    362
  ],
  "distribution": {
    "A": 0.2851784660131493,
    "B": 0.1526450331010526,
    "C": 0.19600010223289316,
    "D": 0.36617639865290497
  }
}