{
  "question_id": "gpqa_gpqa_diamond_0023",
  "method": "last_prefix_attn_oracle",
  "prefix_length": 99,
  "keep_m": 20,
  "kl_to_baseline": 0.1137420565739409,
  "token_kl": 0.05124931275259654,
  "selected_indices": [
    0,
    2,
    8,
    9,
    10,
    11,
    70,
    81,
    82,
    83,
    84,
    85,
    86,
    87,
    88,
    89,
    90,
    91,
    92,
    93
  ],
  "distribution": {
    "A": 0.49393368764776546,
    "B": 0.20590220689282857,
    "C": 0.2643836670024898,
    "D": 0.035780438456916246
  }
}