{
  "question_id": "gpqa_gpqa_diamond_0023",
  "method": "last_prefix_attn_oracle",
  "prefix_length": 365,
  "keep_m": 5,
  "kl_to_baseline": 1.0169235843505107,
  "token_kl": 0.30752744944824184,
  "selected_indices": [
    194,
    352,
    357,
    358,
    359
  ],
  "distribution": {
    "A": 0.27906579518422053,
    "B": 0.24627469986738174,
    "C": 0.3583275739447147,
    "D": 0.11633193100368314
  }
}