{
  "question_id": "gpqa_gpqa_diamond_0020",
  "method": "last_prefix_attn_oracle",
  "prefix_length": 76,
  "keep_m": 15,
  "kl_to_baseline": 0.005748579260527097,
  "token_kl": 0.11644263843088612,
  "selected_indices": [
    0,
    35,
    36,
    49,
    59,
    60,
    61,
    62,
    63,
    64,
    65,
    66,
    67,
    69,
    70
  ],
  "distribution": {
    "A": 0.0019236205115089507,
    "B": 0.9964600650598879,
    "C": 0.0007076604387998368,
    "D": 0.0009086539898033903
  }
}