{
  "question_id": "gpqa_gpqa_diamond_0017",
  "method": "last_prefix_attn_oracle",
  "prefix_length": 103,
  "keep_m": 10,
  "kl_to_baseline": 0.16385183669277775,
  "token_kl": 0.30203113584382835,
  "selected_indices": [
    0,
    11,
    15,
    33,
    41,
    44,
    55,
    63,
    76,
    92
  ],
  "distribution": {
    "A": 0.8594742511352893,
    "B": 0.04279070075116672,
    "C": 0.05494434736237729,
    "D": 0.04279070075116672
  }
}