{
  "question_id": "gpqa_gpqa_diamond_0004",
  "method": "last_prefix_attn_oracle",
  "prefix_length": 32,
  "keep_m": 20,
  "kl_to_baseline": 0.03460433516378812,
  "token_kl": 0.011590116628088344,
  "selected_indices": [
    0,
    1,
    3,
    4,
    5,
    6,
    10,
    11,
    14,
    15,
    16,
    18,
    19,
    20,
    21,
    22,
    23,
    24,
    25,
    26
  ],
  "distribution": {
    "A": 0.0005006140859539114,
    "B": 0.14775862043813065,
    "C": 0.8502921905872038,
    "D": 0.0014485748887114913
  }
}