{
  "question_id": "gpqa_gpqa_diamond_0003",
  "method": "last_prefix_attn_oracle",
  "prefix_length": 39,
  "keep_m": 20,
  "kl_to_baseline": 0.0010398241298089739,
  "token_kl": 0.15435222673010854,
  "selected_indices": [
    0,
    1,
    5,
    7,
    17,
    18,
    19,
    20,
    22,
    23,
    24,
    25,
    26,
    27,
    28,
    29,
    30,
    31,
    32,
    33
  ],
  "distribution": {
    "A": 0.022944485829139074,
    "B": 0.00028882845129671385,
    "C": 0.9756243470349234,
    "D": 0.0011423386846408326
  }
}