{
  "question_id": "gpqa_gpqa_diamond_0001",
  "method": "last_prefix_attn_oracle",
  "prefix_length": 372,
  "keep_m": 20,
  "kl_to_baseline": 0.03318269916354959,
  "token_kl": 0.21573207418100224,
  "selected_indices": [
    0,
    2,
    170,
    241,
    243,
    301,
    333,
    350,
    351,
    354,
    355,
    356,
    359,
    360,
    361,
    362,
    363,
    364,
    365,
    366
  ],
  "distribution": {
    "A": 0.7255908612694709,
    "B": 0.07647671184779387,
    "C": 0.11127295915677014,
    "D": 0.08665946772596504
  }
}