{
  "question_id": "gpqa_gpqa_diamond_0009",
  "method": "last_prefix_attn_oracle",
  "prefix_length": 91,
  "keep_m": 20,
  "kl_to_baseline": 0.04826115891299317,
  "token_kl": 0.11286898488430977,
  "selected_indices": [
    0,
    1,
    3,
    10,
    11,
    14,
    43,
    53,
    54,
    55,
    57,
    58,
    59,
    63,
    78,
    79,
    80,
    81,
    82,
    83
  ],
  "distribution": {
    "A": 0.12546152325059087,
    "B": 0.0317216408277272,
    "C": 0.02470483871694379,
    "D": 0.818111997204738
  }
}