{
  "question_id": "gpqa_gpqa_diamond_0009",
  "method": "last_prefix_attn_oracle",
  "prefix_length": 75,
  "keep_m": 15,
  "kl_to_baseline": 2.267879724068089,
  "token_kl": 0.1316646884260166,
  "selected_indices": [
    0,
    21,
    23,
    27,
    28,
    32,
    34,
    36,
    59,
    64,
    65,
    66,
    67,
    68,
    69
  ],
  "distribution": {
    "A": 0.7881654682304103,
    "B": 0.08307202422644532,
    "C": 0.034629571797817976,
    "D": 0.09413293574532643
  }
}