{
  "question_id": "gpqa_gpqa_diamond_0001",
  "method": "last_prefix_attn_oracle",
  "prefix_length": 52,
  "keep_m": 5,
  "kl_to_baseline": 0.086749399492539,
  "token_kl": 0.12854565220529188,
  "selected_indices": [
    8,
    15,
    16,
    27,
    42
  ],
  "distribution": {
    "A": 0.2025341991015039,
    "B": 0.4287649028625185,
    "C": 0.13919958363097978,
    "D": 0.22950131440499777
  }
}