{
  "question_id": "gpqa_gpqa_diamond_0002",
  "method": "last_prefix_attn_oracle",
  "prefix_length": 75,
  "keep_m": 5,
  "kl_to_baseline": 1.4727099184174566,
  "token_kl": 0.2493872122750979,
  "selected_indices": [
    37,
    58,
    59,
    62,
    69
  ],
  "distribution": {
    "A": 0.22638909617011818,
    "B": 0.25653245411636644,
    "C": 0.2906893535433972,
    "D": 0.22638909617011818
  }
}