{
  "question_id": "gpqa_gpqa_diamond_0002",
  "method": "last_prefix_attn_oracle",
  "prefix_length": 55,
  "keep_m": 3,
  "kl_to_baseline": 0.1909016348142934,
  "token_kl": 0.12619966966479085,
  "selected_indices": [
    15,
    43,
    49
  ],
  "distribution": {
    "A": 0.2556270390121863,
    "B": 0.19908253815691523,
    "C": 0.28966338381871215,
    "D": 0.2556270390121863
  }
}