{
  "question_id": "gpqa_gpqa_diamond_0001",
  "method": "last_prefix_attn_oracle",
  "prefix_length": 171,
  "keep_m": 15,
  "kl_to_baseline": 0.14306110963091018,
  "token_kl": 0.29820097757845027,
  "selected_indices": [
    0,
    2,
    15,
    42,
    50,
    51,
    52,
    56,
    57,
    154,
    155,
    162,
    163,
    164,
    165
  ],
  "distribution": {
    "A": 0.3362011126034002,
    "B": 0.3362011126034002,
    "C": 0.12368149216973795,
    "D": 0.20391628262346168
  }
}