{
  "question_id": "gpqa_gpqa_diamond_0026",
  "method": "last_prefix_attn_oracle",
  "prefix_length": 68,
  "keep_m": 20,
  "kl_to_baseline": 0.01845525973645143,
  "token_kl": 0.09404299304803547,
  "selected_indices": [
    0,
    1,
    3,
    9,
    40,
    44,
    45,
    46,
    47,
    48,
    50,
    53,
    55,
    56,
    57,
    58,
    59,
    60,
    61,
    62
  ],
  "distribution": {
    "A": 0.0051291222761850365,
    "B": 0.9774376307395534,
    "C": 0.0051291222761850365,
    "D": 0.01230412470807657
  }
}