{
  "question_id": "gpqa_gpqa_diamond_0031",
  "method": "last_prefix_attn_oracle",
  "prefix_length": 207,
  "keep_m": 10,
  "kl_to_baseline": 1.6943400046115995,
  "token_kl": 0.13706485698348975,
  "selected_indices": [
    0,
    2,
    4,
    7,
    129,
    187,
    195,
    196,
    200,
    201
  ],
  "distribution": {
    "A": 0.15368198098490274,
    "B": 0.05653644802251564,
    "C": 0.5364028200194398,
    "D": 0.2533787509731418
  }
}