{
  "question_id": "gpqa_gpqa_diamond_0009",
  "method": "last_prefix_attn_oracle",
  "prefix_length": 115,
  "keep_m": 5,
  "kl_to_baseline": 0.9908578109569507,
  "token_kl": 0.09532457956547814,
  "selected_indices": [
    0,
    37,
    38,
    46,
    99
  ],
  "distribution": {
    "A": 0.5009020071461815,
    "B": 0.08704370668761595,
    "C": 0.06778970692975299,
    "D": 0.3442645792364495
  }
}