{
  "question_id": "gpqa_gpqa_diamond_0002",
  "method": "last_prefix_attn_oracle",
  "prefix_length": 29,
  "keep_m": 5,
  "kl_to_baseline": 0.5767080421854103,
  "token_kl": 0.6402837994323037,
  "selected_indices": [
    19,
    20,
    21,
    22,
    23
  ],
  "distribution": {
    "A": 0.2618289811220115,
    "B": 0.2618289811220115,
    "C": 0.3361950665861176,
    "D": 0.14014697116985944
  }
}