{
  "question_id": "gpqa_gpqa_diamond_0031",
  "method": "last_prefix_attn_oracle",
  "prefix_length": 156,
  "keep_m": 15,
  "kl_to_baseline": 0.033795540013276726,
  "token_kl": 0.2547159609204256,
  "selected_indices": [
    16,
    20,
    71,
    72,
    92,
    120,
    121,
    125,
    127,
    136,
    138,
    139,
    146,
    149,
    150
  ],
  "distribution": {
    "A": 0.8394451922102725,
    "B": 0.013568369236643727,
    "C": 0.07808057391822382,
    "D": 0.06890586463486008
  }
}