{
  "question_id": "gpqa_gpqa_diamond_0031",
  "method": "last_prefix_attn_oracle",
  "prefix_length": 102,
  "keep_m": 15,
  "kl_to_baseline": 1.475577228969637,
  "token_kl": 0.013080335770143395,
  "selected_indices": [
    0,
    16,
    42,
    51,
    67,
    81,
    82,
    89,
    90,
    91,
    92,
    93,
    94,
    95,
    96
  ],
  "distribution": {
    "A": 0.17445547236334458,
    "B": 0.06417858168232721,
    "C": 0.5373606853595279,
    "D": 0.22400526059480028
  }
}