{
  "question_id": "gpqa_gpqa_diamond_0002",
  "method": "last_prefix_attn_oracle",
  "prefix_length": 23,
  "keep_m": 10,
  "kl_to_baseline": 0.10935848095220613,
  "token_kl": 0.13638849780485257,
  "selected_indices": [
    0,
    1,
    3,
    4,
    8,
    11,
    14,
    15,
    16,
    17
  ],
  "distribution": {
    "A": 0.17946904842585085,
    "B": 0.2611259246493112,
    "C": 0.37993597849898714,
    "D": 0.17946904842585085
  }
}