{
  "question_id": "gpqa_gpqa_diamond_0002",
  "method": "last_prefix_attn_oracle",
  "prefix_length": 23,
  "keep_m": 5,
  "kl_to_baseline": 0.07094606170769437,
  "token_kl": 0.1944905255532942,
  "selected_indices": [
    0,
    14,
    15,
    16,
    17
  ],
  "distribution": {
    "A": 0.194759305077748,
    "B": 0.2206912052692202,
    "C": 0.36385828438381157,
    "D": 0.2206912052692202
  }
}