{
  "question_id": "gpqa_gpqa_diamond_0004",
  "method": "last_prefix_attn_oracle",
  "prefix_length": 122,
  "keep_m": 10,
  "kl_to_baseline": 0.0003803246467226795,
  "token_kl": 0.5169635922081183,
  "selected_indices": [
    0,
    71,
    99,
    108,
    109,
    110,
    111,
    112,
    113,
    116
  ],
  "distribution": {
    "A": 9.60169928951865e-05,
    "B": 0.0008039404386296405,
    "C": 0.9990153078696498,
    "D": 8.47346988254892e-05
  }
}