{
  "question_id": "gpqa_gpqa_diamond_0009",
  "method": "last_prefix_attn_oracle",
  "prefix_length": 107,
  "keep_m": 3,
  "kl_to_baseline": 3.6520835999368915,
  "token_kl": 1.8653323315481647,
  "selected_indices": [
    66,
    94,
    101
  ],
  "distribution": {
    "A": 0.8928716248923152,
    "B": 0.08305000554530262,
    "C": 0.007724853844739092,
    "D": 0.016353515717643145
  }
}