{
  "question_id": "gpqa_gpqa_diamond_0001",
  "method": "last_prefix_attn_oracle",
  "prefix_length": 338,
  "keep_m": 10,
  "kl_to_baseline": 0.13388728428211272,
  "token_kl": 0.3916521193338564,
  "selected_indices": [
    0,
    233,
    240,
    241,
    303,
    318,
    322,
    325,
    327,
    330
  ],
  "distribution": {
    "A": 0.2564695921150562,
    "B": 0.09434989022475462,
    "C": 0.22633362064867169,
    "D": 0.4228468970115174
  }
}