{
  "question_id": "gpqa_gpqa_diamond_0017",
  "method": "last_prefix_attn_oracle",
  "prefix_length": 122,
  "keep_m": 20,
  "kl_to_baseline": 0.2668510855826482,
  "token_kl": 0.010606749292713071,
  "selected_indices": [
    0,
    33,
    68,
    73,
    80,
    82,
    83,
    85,
    86,
    87,
    88,
    89,
    92,
    94,
    111,
    112,
    113,
    114,
    115,
    116
  ],
  "distribution": {
    "A": 0.7500303986691569,
    "B": 0.05433201984789648,
    "C": 0.1476897422560132,
    "D": 0.04794783922693341
  }
}