{
  "question_id": "gpqa_gpqa_diamond_0017",
  "method": "last_prefix_attn_oracle",
  "prefix_length": 124,
  "keep_m": 5,
  "kl_to_baseline": 0.237668947724399,
  "token_kl": 0.07066434736007893,
  "selected_indices": [
    80,
    88,
    92,
    116,
    117
  ],
  "distribution": {
    "A": 0.7790571021186238,
    "B": 0.06394889924952007,
    "C": 0.09304509938233604,
    "D": 0.06394889924952007
  }
}