{
  "question_id": "gpqa_gpqa_diamond_0001",
  "method": "last_prefix_attn_oracle",
  "prefix_length": 431,
  "keep_m": 20,
  "kl_to_baseline": 0.24066374235826954,
  "token_kl": 0.25523212102124204,
  "selected_indices": [
    319,
    339,
    344,
    345,
    354,
    376,
    377,
    378,
    389,
    391,
    392,
    393,
    394,
    396,
    397,
    398,
    399,
    401,
    421,
    422
  ],
  "distribution": {
    "A": 0.3499320087587727,
    "B": 0.16529617667112,
    "C": 0.21224449212702542,
    "D": 0.27252732244308187
  }
}