{
  "question_id": "gpqa_gpqa_diamond_0009",
  "method": "last_prefix_attn_oracle",
  "prefix_length": 111,
  "keep_m": 20,
  "kl_to_baseline": 0.08769267281542127,
  "token_kl": 0.40555871824633566,
  "selected_indices": [
    0,
    40,
    41,
    42,
    43,
    52,
    53,
    56,
    58,
    78,
    79,
    91,
    98,
    99,
    100,
    101,
    102,
    103,
    104,
    105
  ],
  "distribution": {
    "A": 0.07219071601452125,
    "B": 0.018252675809743307,
    "C": 0.030093567679850972,
    "D": 0.8794630404958844
  }
}