{
  "question_id": "gpqa_gpqa_diamond_0009",
  "method": "last_prefix_attn_oracle",
  "prefix_length": 67,
  "keep_m": 15,
  "kl_to_baseline": 0.6343532765015919,
  "token_kl": 0.11196211464632724,
  "selected_indices": [
    0,
    19,
    20,
    23,
    26,
    27,
    29,
    30,
    31,
    32,
    34,
    42,
    46,
    59,
    61
  ],
  "distribution": {
    "A": 0.44149710548511195,
    "B": 0.03624028713611121,
    "C": 0.021980845264840794,
    "D": 0.500281762113936
  }
}