{
  "question_id": "gpqa_gpqa_diamond_0011",
  "method": "last_prefix_attn_oracle",
  "prefix_length": 96,
  "keep_m": 5,
  "kl_to_baseline": 0.002395289165882658,
  "token_kl": 0.23117282825517887,
  "selected_indices": [
    0,
    74,
    88,
    89,
    90
  ],
  "distribution": {
    "A": 8.480419663766046e-05,
    "B": 0.999834451739238,
    "C": 4.539241543667949e-05,
    "D": 3.5351648687588516e-05
  }
}