{
  "question_id": "gpqa_gpqa_diamond_0026",
  "method": "last_prefix_attn_oracle",
  "prefix_length": 92,
  "keep_m": 15,
  "kl_to_baseline": 0.05177543496377912,
  "token_kl": 0.2609760674242972,
  "selected_indices": [
    0,
    3,
    39,
    40,
    44,
    45,
    48,
    53,
    55,
    58,
    73,
    82,
    84,
    85,
    86
  ],
  "distribution": {
    "A": 0.06451583843112256,
    "B": 0.8906136114428626,
    "C": 0.014395425929109197,
    "D": 0.03047512419690564
  }
}