{
  "question_id": "gpqa_gpqa_diamond_0031",
  "method": "last_prefix_attn_oracle",
  "prefix_length": 174,
  "keep_m": 5,
  "kl_to_baseline": 1.3051440422551401,
  "token_kl": 0.22173446497016042,
  "selected_indices": [
    0,
    87,
    163,
    166,
    168
  ],
  "distribution": {
    "A": 0.24829794356047072,
    "B": 0.05540275991117362,
    "C": 0.5256467819733982,
    "D": 0.17065251455495745
  }
}