{
  "question_id": "gpqa_gpqa_diamond_0031",
  "method": "last_prefix_attn_oracle",
  "prefix_length": 141,
  "keep_m": 20,
  "kl_to_baseline": 0.4199703352430797,
  "token_kl": 0.03623269912508226,
  "selected_indices": [
    0,
    40,
    41,
    45,
    46,
    47,
    50,
    72,
    75,
    76,
    89,
    90,
    91,
    121,
    125,
    126,
    127,
    128,
    134,
    135
  ],
  "distribution": {
    "A": 0.4797225793803932,
    "B": 0.07356784902561425,
    "C": 0.290966452550636,
    "D": 0.15574311904335644
  }
}