{
  "question_id": "gpqa_gpqa_diamond_0001",
  "method": "last_prefix_attn_oracle",
  "prefix_length": 281,
  "keep_m": 3,
  "kl_to_baseline": 0.1855869065774308,
  "token_kl": 0.21402896490270715,
  "selected_indices": [
    23,
    254,
    265
  ],
  "distribution": {
    "A": 0.23994597109529855,
    "B": 0.10002436212450715,
    "C": 0.2117515762792538,
    "D": 0.4482780905009404
  }
}