{
  "question_id": "gpqa_gpqa_diamond_0017",
  "method": "last_prefix_attn_oracle",
  "prefix_length": 123,
  "keep_m": 10,
  "kl_to_baseline": 0.177537764081735,
  "token_kl": 0.16671134105960272,
  "selected_indices": [
    0,
    85,
    87,
    88,
    92,
    112,
    113,
    115,
    116,
    117
  ],
  "distribution": {
    "A": 0.8258041319802303,
    "B": 0.046588682501043345,
    "C": 0.06778613305739131,
    "D": 0.05982105246133507
  }
}