{
  "question_id": "gpqa_gpqa_diamond_0023",
  "method": "last_prefix_attn_oracle",
  "prefix_length": 95,
  "keep_m": 5,
  "kl_to_baseline": 0.09139417170367882,
  "token_kl": 0.48713346858445944,
  "selected_indices": [
    0,
    8,
    10,
    73,
    87
  ],
  "distribution": {
    "A": 0.3069537848379769,
    "B": 0.21096604540345246,
    "C": 0.3941364379880996,
    "D": 0.08794373177047109
  }
}