{
  "question_id": "gpqa_gpqa_diamond_0002",
  "method": "last_prefix_attn_oracle",
  "prefix_length": 80,
  "keep_m": 5,
  "kl_to_baseline": 0.6067244851058899,
  "token_kl": 0.1135046696702835,
  "selected_indices": [
    45,
    46,
    51,
    55,
    74
  ],
  "distribution": {
    "A": 0.15407506792906728,
    "B": 0.15407506792906728,
    "C": 0.15407506792906728,
    "D": 0.5377747962127982
  }
}