{
  "question_id": "gpqa_gpqa_diamond_0031",
  "method": "last_prefix_attn_oracle",
  "prefix_length": 67,
  "keep_m": 5,
  "kl_to_baseline": 0.24310720353084078,
  "token_kl": 0.44301703688671157,
  "selected_indices": [
    0,
    25,
    33,
    55,
    56
  ],
  "distribution": {
    "A": 0.6868218467853903,
    "B": 0.034194849299704434,
    "C": 0.1736557529557428,
    "D": 0.10532755095916253
  }
}