{
  "question_id": "gpqa_gpqa_diamond_0031",
  "method": "last_prefix_attn_oracle",
  "prefix_length": 101,
  "keep_m": 20,
  "kl_to_baseline": 1.2548486687595872,
  "token_kl": 0.028293845208086664,
  "selected_indices": [
    0,
    16,
    42,
    48,
    49,
    50,
    51,
    67,
    71,
    78,
    80,
    81,
    82,
    89,
    90,
    91,
    92,
    93,
    94,
    95
  ],
  "distribution": {
    "A": 0.20383076090550595,
    "B": 0.045480784902289476,
    "C": 0.4889645764867328,
    "D": 0.2617238777054717
  }
}