{
  "question_id": "gpqa_gpqa_diamond_0002",
  "method": "last_prefix_attn_oracle",
  "prefix_length": 65,
  "keep_m": 3,
  "kl_to_baseline": 1.7570229594362878,
  "token_kl": 0.6713276253943272,
  "selected_indices": [
    15,
    58,
    59
  ],
  "distribution": {
    "A": 0.1948313057831391,
    "B": 0.22077279275715392,
    "C": 0.4124578775795746,
    "D": 0.17193802388013243
  }
}