{
  "question_id": "gpqa_gpqa_diamond_0001",
  "method": "last_prefix_attn_oracle",
  "prefix_length": 214,
  "keep_m": 5,
  "kl_to_baseline": 0.16010338050090223,
  "token_kl": 0.596651363098211,
  "selected_indices": [
    52,
    57,
    182,
    193,
    208
  ],
  "distribution": {
    "A": 0.19600010223289316,
    "B": 0.36617639865290497,
    "C": 0.1526450331010526,
    "D": 0.2851784660131493
  }
}