{
  "question_id": "gpqa_gpqa_diamond_0031",
  "method": "last_prefix_attn_oracle",
  "prefix_length": 115,
  "keep_m": 20,
  "kl_to_baseline": 0.022383077000116026,
  "token_kl": 0.0010128968740698882,
  "selected_indices": [
    0,
    1,
    47,
    55,
    56,
    57,
    58,
    59,
    60,
    61,
    62,
    63,
    64,
    65,
    90,
    105,
    106,
    107,
    108,
    109
  ],
  "distribution": {
    "A": 0.9436977285700915,
    "B": 0.00561143122756885,
    "C": 0.0221936410304272,
    "D": 0.028497199171912443
  }
}