{
  "question_id": "gpqa_gpqa_diamond_0002",
  "method": "last_prefix_attn_oracle",
  "prefix_length": 79,
  "keep_m": 5,
  "kl_to_baseline": 0.5297948762399175,
  "token_kl": 0.048055163759010686,
  "selected_indices": [
    44,
    45,
    46,
    57,
    73
  ],
  "distribution": {
    "A": 0.2144535272064468,
    "B": 0.10130067336966068,
    "C": 0.10130067336966068,
    "D": 0.5829451260542318
  }
}