{
  "question_id": "gpqa_gpqa_diamond_0031",
  "method": "last_prefix_attn_oracle",
  "prefix_length": 170,
  "keep_m": 20,
  "kl_to_baseline": 1.1469988506612094,
  "token_kl": 0.008631555876388527,
  "selected_indices": [
    0,
    43,
    52,
    81,
    82,
    83,
    84,
    85,
    86,
    87,
    88,
    103,
    151,
    155,
    157,
    160,
    161,
    162,
    163,
    164
  ],
  "distribution": {
    "A": 0.2776488531631464,
    "B": 0.10214130494355013,
    "C": 0.4039766976309676,
    "D": 0.21623314426233592
  }
}