{
  "question_id": "gpqa_gpqa_diamond_0017",
  "method": "last_prefix_attn_oracle",
  "prefix_length": 123,
  "keep_m": 20,
  "kl_to_baseline": 0.24828068770878203,
  "token_kl": 0.10505513375422215,
  "selected_indices": [
    0,
    76,
    78,
    80,
    82,
    83,
    85,
    86,
    87,
    88,
    89,
    92,
    96,
    111,
    112,
    113,
    114,
    115,
    116,
    117
  ],
  "distribution": {
    "A": 0.7687640846693262,
    "B": 0.10404090514085856,
    "C": 0.08102713839515839,
    "D": 0.046167871794656784
  }
}