{
  "question_id": "gpqa_gpqa_diamond_0001",
  "method": "last_prefix_attn_oracle",
  "prefix_length": 265,
  "keep_m": 3,
  "kl_to_baseline": 0.07151039014731758,
  "token_kl": 0.281829871283262,
  "selected_indices": [
    257,
    258,
    259
  ],
  "distribution": {
    "A": 0.2535484757687672,
    "B": 0.153784924277163,
    "C": 0.2237557445209824,
    "D": 0.3689108554330873
  }
}