{
  "question_id": "gpqa_gpqa_diamond_0009",
  "method": "last_prefix_attn_oracle",
  "prefix_length": 95,
  "keep_m": 5,
  "kl_to_baseline": 1.291197294807114,
  "token_kl": 0.4600940753143958,
  "selected_indices": [
    25,
    35,
    80,
    82,
    87
  ],
  "distribution": {
    "A": 0.6117450762626498,
    "B": 0.05690115240413567,
    "C": 0.10630534795226126,
    "D": 0.22504842338095324
  }
}