{
  "question_id": "gpqa_gpqa_diamond_0002",
  "method": "last_prefix_attn_oracle",
  "prefix_length": 77,
  "keep_m": 10,
  "kl_to_baseline": 0.10863408258575147,
  "token_kl": 0.16633797367691375,
  "selected_indices": [
    43,
    48,
    51,
    55,
    57,
    58,
    59,
    62,
    69,
    71
  ],
  "distribution": {
    "A": 0.06462338591952181,
    "B": 0.026939035172875547,
    "C": 0.01633934687982171,
    "D": 0.8920982320277808
  }
}