{
  "question_id": "gpqa_gpqa_diamond_0001",
  "method": "last_prefix_attn_oracle",
  "prefix_length": 285,
  "keep_m": 3,
  "kl_to_baseline": 0.1604472039495934,
  "token_kl": 0.5339131614037887,
  "selected_indices": [
    274,
    276,
    278
  ],
  "distribution": {
    "A": 0.21336581845915933,
    "B": 0.14664403948744112,
    "C": 0.18829467390763518,
    "D": 0.45169546814576433
  }
}