{
  "question_id": "gpqa_gpqa_diamond_0023",
  "method": "last_prefix_attn_oracle",
  "prefix_length": 184,
  "keep_m": 20,
  "kl_to_baseline": 0.014252600793419707,
  "token_kl": 0.1644957050129497,
  "selected_indices": [
    0,
    9,
    47,
    48,
    65,
    82,
    93,
    94,
    97,
    99,
    105,
    116,
    123,
    134,
    169,
    173,
    175,
    176,
    177,
    178
  ],
  "distribution": {
    "A": 0.5962548457386431,
    "B": 0.1507568431789878,
    "C": 0.2193499125203698,
    "D": 0.033638398561999266
  }
}