{
  "question_id": "gpqa_gpqa_diamond_0023",
  "method": "last_prefix_attn_oracle",
  "prefix_length": 274,
  "keep_m": 20,
  "kl_to_baseline": 0.01009585360087777,
  "token_kl": 0.24393339808201955,
  "selected_indices": [
    93,
    123,
    125,
    126,
    134,
    166,
    181,
    183,
    202,
    203,
    204,
    208,
    209,
    255,
    257,
    259,
    262,
    266,
    267,
    268
  ],
  "distribution": {
    "A": 0.5390278056670996,
    "B": 0.19829724792468145,
    "C": 0.19829724792468145,
    "D": 0.06437769848353747
  }
}