{
  "question_id": "gpqa_gpqa_diamond_0023",
  "method": "last_prefix_attn_oracle",
  "prefix_length": 100,
  "keep_m": 5,
  "kl_to_baseline": 0.06249075973940598,
  "token_kl": 0.7285954753716491,
  "selected_indices": [
    82,
    90,
    92,
    93,
    94
  ],
  "distribution": {
    "A": 0.27847788871151774,
    "B": 0.31555678880677207,
    "C": 0.31555678880677207,
    "D": 0.09040853367493815
  }
}