{
  "question_id": "gpqa_gpqa_diamond_0001",
  "method": "last_prefix_attn_oracle",
  "prefix_length": 398,
  "keep_m": 3,
  "kl_to_baseline": 0.26797217910102084,
  "token_kl": 0.3757216836076956,
  "selected_indices": [
    345,
    391,
    392
  ],
  "distribution": {
    "A": 0.2089685094704588,
    "B": 0.11185278289464193,
    "C": 0.23679234324613083,
    "D": 0.44238636438876844
  }
}