{
  "question_id": "gpqa_gpqa_diamond_0031",
  "method": "last_prefix_attn_oracle",
  "prefix_length": 170,
  "keep_m": 5,
  "kl_to_baseline": 1.4508737297467862,
  "token_kl": 0.021251590262275157,
  "selected_indices": [
    85,
    161,
    162,
    163,
    164
  ],
  "distribution": {
    "A": 0.2024344430670064,
    "B": 0.074471460911652,
    "C": 0.42855371933583014,
    "D": 0.2945403766855114
  }
}