{
  "question_id": "gpqa_gpqa_diamond_0001",
  "method": "last_prefix_attn_oracle",
  "prefix_length": 432,
  "keep_m": 10,
  "kl_to_baseline": 0.41808352591092224,
  "token_kl": 0.23308453654316152,
  "selected_indices": [
    329,
    330,
    331,
    355,
    360,
    361,
    379,
    400,
    415,
    416
  ],
  "distribution": {
    "A": 0.2771097981399184,
    "B": 0.08996437969529872,
    "C": 0.2771097981399184,
    "D": 0.35581602402486456
  }
}