{
  "question_id": "gpqa_gpqa_diamond_0001",
  "method": "last_prefix_attn_oracle",
  "prefix_length": 215,
  "keep_m": 20,
  "kl_to_baseline": 0.0482263063995281,
  "token_kl": 0.1485081158215648,
  "selected_indices": [
    0,
    52,
    58,
    65,
    66,
    84,
    172,
    173,
    180,
    181,
    182,
    184,
    186,
    187,
    189,
    190,
    193,
    195,
    208,
    209
  ],
  "distribution": {
    "A": 0.23705066575334718,
    "B": 0.1629223811025378,
    "C": 0.20919647828294513,
    "D": 0.3908304748611699
  }
}