{
  "question_id": "gpqa_gpqa_diamond_0031",
  "method": "last_prefix_attn_oracle",
  "prefix_length": 68,
  "keep_m": 5,
  "kl_to_baseline": 1.2684198002842424,
  "token_kl": 1.4059336421591686,
  "selected_indices": [
    0,
    16,
    25,
    33,
    49
  ],
  "distribution": {
    "A": 0.2202203433249465,
    "B": 0.029803582538345728,
    "C": 0.1513550809389028,
    "D": 0.5986209931978049
  }
}