{
  "question_id": "gpqa_gpqa_diamond_0001",
  "method": "last_prefix_attn_oracle",
  "prefix_length": 410,
  "keep_m": 3,
  "kl_to_baseline": 0.16638509887233788,
  "token_kl": 0.4845682117233982,
  "selected_indices": [
    371,
    403,
    404
  ],
  "distribution": {
    "A": 0.9491119978577186,
    "B": 0.025292979898486945,
    "C": 0.008211428330888927,
    "D": 0.017383593912905646
  }
}