{
  "question_id": "gpqa_gpqa_diamond_0031",
  "method": "last_prefix_attn_oracle",
  "prefix_length": 210,
  "keep_m": 3,
  "kl_to_baseline": 1.4450348436083804,
  "token_kl": 1.2276150607196266,
  "selected_indices": [
    2,
    7,
    204
  ],
  "distribution": {
    "A": 0.21654264965577794,
    "B": 0.07966158894515102,
    "C": 0.4584207929186345,
    "D": 0.24537496848043652
  }
}