{
  "question_id": "gpqa_gpqa_diamond_0009",
  "method": "last_prefix_attn_oracle",
  "prefix_length": 101,
  "keep_m": 15,
  "kl_to_baseline": 2.1708150674145785,
  "token_kl": 0.08055583333253612,
  "selected_indices": [
    0,
    1,
    3,
    4,
    10,
    12,
    53,
    54,
    61,
    65,
    89,
    90,
    91,
    92,
    94
  ],
  "distribution": {
    "A": 0.7588572567287147,
    "B": 0.1494278492100134,
    "C": 0.029424091617728285,
    "D": 0.062290802443543646
  }
}