{
  "question_id": "gpqa_gpqa_diamond_0009",
  "method": "last_prefix_attn_oracle",
  "prefix_length": 119,
  "keep_m": 20,
  "kl_to_baseline": 2.258227742787916,
  "token_kl": 0.04227487950689021,
  "selected_indices": [
    0,
    25,
    39,
    40,
    41,
    42,
    51,
    53,
    72,
    78,
    99,
    101,
    103,
    107,
    108,
    109,
    110,
    111,
    112,
    113
  ],
  "distribution": {
    "A": 0.8053735855014015,
    "B": 0.05834106685552547,
    "C": 0.04009718976302999,
    "D": 0.09618815788004309
  }
}