{
  "question_id": "gpqa_gpqa_diamond_0007",
  "method": "last_prefix_attn_oracle",
  "prefix_length": 216,
  "keep_m": 10,
  "kl_to_baseline": 0.013421576551973674,
  "token_kl": 0.024390031194564663,
  "selected_indices": [
    0,
    85,
    177,
    201,
    202,
    203,
    204,
    205,
    207,
    210
  ],
  "distribution": {
    "A": 0.9823841982143517,
    "B": 0.006619252660307374,
    "C": 0.0058414699701461,
    "D": 0.005155079155194863
  }
}