{
  "question_id": "gpqa_gpqa_diamond_0026",
  "method": "last_prefix_attn_oracle",
  "prefix_length": 58,
  "keep_m": 15,
  "kl_to_baseline": 0.10613926445044161,
  "token_kl": 0.2569602356274671,
  "selected_indices": [
    0,
    5,
    27,
    28,
    29,
    31,
    32,
    34,
    37,
    39,
    40,
    41,
    45,
    47,
    48
  ],
  "distribution": {
    "A": 0.0723137190436076,
    "B": 0.880961458652106,
    "C": 0.03415858218051119,
    "D": 0.012566240123775243
  }
}