{
  "question_id": "gpqa_gpqa_diamond_0011",
  "method": "last_prefix_attn_oracle",
  "prefix_length": 107,
  "keep_m": 20,
  "kl_to_baseline": 1.4951912424702831,
  "token_kl": 0.017514735173140075,
  "selected_indices": [
    0,
    51,
    52,
    53,
    55,
    58,
    59,
    60,
    61,
    62,
    63,
    64,
    65,
    66,
    67,
    71,
    98,
    99,
    100,
    101
  ],
  "distribution": {
    "A": 0.22408507579775533,
    "B": 0.22408507579775533,
    "C": 0.47438810918650054,
    "D": 0.07744173921798882
  }
}