{
  "question_id": "gpqa_gpqa_diamond_0002",
  "method": "last_prefix_attn_oracle",
  "prefix_length": 94,
  "keep_m": 20,
  "kl_to_baseline": 0.004527424529149635,
  "token_kl": 0.06492934111930064,
  "selected_indices": [
    0,
    5,
    10,
    12,
    13,
    14,
    15,
    31,
    55,
    56,
    57,
    62,
    65,
    66,
    82,
    83,
    84,
    86,
    87,
    88
  ],
  "distribution": {
    "A": 0.004042801455877634,
    "B": 0.003567759762576504,
    "C": 0.0031485369396397167,
    "D": 0.9892409018419062
  }
}