{
  "question_id": "gpqa_gpqa_diamond_0002",
  "method": "last_prefix_attn_oracle",
  "prefix_length": 79,
  "keep_m": 3,
  "kl_to_baseline": 0.41399827328091243,
  "token_kl": 0.13123685491008716,
  "selected_indices": [
    44,
    45,
    57
  ],
  "distribution": {
    "A": 0.1875965390365861,
    "B": 0.08861431988720661,
    "C": 0.06901290171949649,
    "D": 0.6547762393567108
  }
}