{
  "question_id": "gpqa_gpqa_diamond_0017",
  "method": "last_prefix_attn_oracle",
  "prefix_length": 120,
  "keep_m": 10,
  "kl_to_baseline": 0.18370434960528909,
  "token_kl": 0.08908090312239686,
  "selected_indices": [
    0,
    46,
    77,
    80,
    82,
    85,
    86,
    112,
    113,
    114
  ],
  "distribution": {
    "A": 0.8237523661888622,
    "B": 0.04101221415137533,
    "C": 0.0676177098298813,
    "D": 0.0676177098298813
  }
}