{
  "question_id": "gpqa_gpqa_diamond_0001",
  "method": "last_prefix_attn_oracle",
  "prefix_length": 418,
  "keep_m": 3,
  "kl_to_baseline": 0.4911571420484584,
  "token_kl": 0.4524756214662645,
  "selected_indices": [
    360,
    364,
    408
  ],
  "distribution": {
    "A": 0.21426992767217012,
    "B": 0.08932099480578876,
    "C": 0.24279963708046035,
    "D": 0.45360944044158075
  }
}