{
  "question_id": "gpqa_gpqa_diamond_0001",
  "method": "last_prefix_attn_oracle",
  "prefix_length": 415,
  "keep_m": 10,
  "kl_to_baseline": 0.33303855412117245,
  "token_kl": 0.307077957865716,
  "selected_indices": [
    233,
    241,
    333,
    337,
    373,
    374,
    402,
    406,
    407,
    409
  ],
  "distribution": {
    "A": 0.9510546483412425,
    "B": 0.015372369238507665,
    "C": 0.008228236318324995,
    "D": 0.025344746101924845
  }
}