{
  "question_id": "gpqa_gpqa_diamond_0020",
  "method": "last_prefix_attn_oracle",
  "prefix_length": 55,
  "keep_m": 10,
  "kl_to_baseline": 0.17478955183252592,
  "token_kl": 0.09555928347978712,
  "selected_indices": [
    0,
    7,
    15,
    38,
    39,
    40,
    41,
    42,
    43,
    49
  ],
  "distribution": {
    "A": 0.2851784660131493,
    "B": 0.36617639865290497,
    "C": 0.1526450331010526,
    "D": 0.19600010223289316
  }
}