{
  "question_id": "gpqa_gpqa_diamond_0023",
  "method": "last_prefix_attn_oracle",
  "prefix_length": 204,
  "keep_m": 5,
  "kl_to_baseline": 0.01770655602247659,
  "token_kl": 1.0136694095920347,
  "selected_indices": [
    99,
    122,
    123,
    163,
    198
  ],
  "distribution": {
    "A": 0.40848354399971304,
    "B": 0.19295396353057706,
    "C": 0.3181273039387592,
    "D": 0.08043518853095072
  }
}