{
  "question_id": "gpqa_gpqa_diamond_0009",
  "method": "last_prefix_attn_oracle",
  "prefix_length": 48,
  "keep_m": 5,
  "kl_to_baseline": 0.18379655299702055,
  "token_kl": 0.11248404029989617,
  "selected_indices": [
    0,
    36,
    37,
    38,
    39
  ],
  "distribution": {
    "A": 0.44688706865176525,
    "B": 0.028568534499842445,
    "C": 0.07765732819662705,
    "D": 0.44688706865176525
  }
}