{
  "question_id": "gpqa_gpqa_diamond_0001",
  "method": "last_prefix_attn_oracle",
  "prefix_length": 300,
  "keep_m": 3,
  "kl_to_baseline": 0.10291954160292155,
  "token_kl": 0.3265075670048126,
  "selected_indices": [
    233,
    249,
    294
  ],
  "distribution": {
    "A": 0.2664625514373029,
    "B": 0.11107811736084253,
    "C": 0.18313685480214625,
    "D": 0.43932247639970834
  }
}