{
  "question_id": "gpqa_gpqa_diamond_0002",
  "method": "last_prefix_attn_oracle",
  "prefix_length": 80,
  "keep_m": 3,
  "kl_to_baseline": 1.3403100645935506,
  "token_kl": 0.09862621716429334,
  "selected_indices": [
    46,
    55,
    74
  ],
  "distribution": {
    "A": 0.25756620677129083,
    "B": 0.2273013796861276,
    "C": 0.25756620677129083,
    "D": 0.25756620677129083
  }
}