{
  "question_id": "gpqa_gpqa_diamond_0002",
  "method": "last_prefix_attn_oracle",
  "prefix_length": 103,
  "keep_m": 10,
  "kl_to_baseline": 1.7828775832365604,
  "token_kl": 0.11019607842910314,
  "selected_indices": [
    26,
    37,
    40,
    43,
    62,
    74,
    82,
    87,
    88,
    94
  ],
  "distribution": {
    "A": 0.3017444864199176,
    "B": 0.23499884231131069,
    "C": 0.3017444864199176,
    "D": 0.16151218484885413
  }
}