{
  "question_id": "gpqa_gpqa_diamond_0001",
  "method": "last_prefix_attn_oracle",
  "prefix_length": 16,
  "keep_m": 3,
  "kl_to_baseline": 0.18916339789828174,
  "token_kl": 0.9281727551895456,
  "selected_indices": [
    0,
    8,
    9
  ],
  "distribution": {
    "A": 0.21891174955710094,
    "B": 0.21891174955710094,
    "C": 0.28108825044289903,
    "D": 0.28108825044289903
  }
}