{
  "question_id": "gpqa_gpqa_diamond_0009",
  "method": "last_prefix_attn_oracle",
  "prefix_length": 109,
  "keep_m": 5,
  "kl_to_baseline": 2.1487896665988475,
  "token_kl": 0.48107719450174746,
  "selected_indices": [
    0,
    84,
    93,
    100,
    103
  ],
  "distribution": {
    "A": 0.836097004762831,
    "B": 0.04716936174499882,
    "C": 0.028609664097417987,
    "D": 0.08812396939475216
  }
}