{
  "question_id": "gpqa_gpqa_diamond_0011",
  "method": "last_prefix_attn_oracle",
  "prefix_length": 121,
  "keep_m": 5,
  "kl_to_baseline": 1.3752115553459325,
  "token_kl": 0.06337960529704972,
  "selected_indices": [
    0,
    105,
    112,
    113,
    114
  ],
  "distribution": {
    "A": 0.11936750117298976,
    "B": 0.25270100196623274,
    "C": 0.5349679934739762,
    "D": 0.09296350338680126
  }
}