{
  "question_id": "gpqa_gpqa_diamond_0001",
  "method": "last_prefix_attn_oracle",
  "prefix_length": 391,
  "keep_m": 15,
  "kl_to_baseline": 0.06937968603815751,
  "token_kl": 0.16977320173052862,
  "selected_indices": [
    0,
    241,
    351,
    365,
    366,
    367,
    368,
    371,
    372,
    379,
    381,
    382,
    383,
    384,
    385
  ],
  "distribution": {
    "A": 0.4392175765597299,
    "B": 0.1830931260429889,
    "C": 0.1425930699372712,
    "D": 0.23509622746001002
  }
}