{
  "question_id": "gpqa_gpqa_diamond_0009",
  "method": "last_prefix_attn_oracle",
  "prefix_length": 94,
  "keep_m": 15,
  "kl_to_baseline": 1.7756738264731897,
  "token_kl": 0.44344172461070647,
  "selected_indices": [
    0,
    21,
    22,
    23,
    27,
    32,
    34,
    68,
    74,
    82,
    84,
    85,
    86,
    87,
    88
  ],
  "distribution": {
    "A": 0.715087817004526,
    "B": 0.08540506055621935,
    "C": 0.058697982474783306,
    "D": 0.14080913996447136
  }
}