{
  "question_id": "gpqa_gpqa_diamond_0011",
  "method": "last_prefix_attn_oracle",
  "prefix_length": 95,
  "keep_m": 15,
  "kl_to_baseline": 0.004162067997558717,
  "token_kl": 9.094175922815977e-06,
  "selected_indices": [
    0,
    1,
    9,
    10,
    15,
    25,
    67,
    71,
    72,
    74,
    75,
    77,
    87,
    88,
    89
  ],
  "distribution": {
    "A": 0.0005522886052028205,
    "B": 0.9985610037516074,
    "C": 0.0006258249786320112,
    "D": 0.00026088266455779956
  }
}