{
  "question_id": "gpqa_gpqa_diamond_0001",
  "method": "last_prefix_attn_oracle",
  "prefix_length": 368,
  "keep_m": 5,
  "kl_to_baseline": 0.17563902862330077,
  "token_kl": 0.4131614581187628,
  "selected_indices": [
    0,
    2,
    241,
    350,
    351
  ],
  "distribution": {
    "A": 0.22495951673642017,
    "B": 0.12041215228727796,
    "C": 0.3273141654881509,
    "D": 0.3273141654881509
  }
}