{
  "question_id": "gpqa_gpqa_diamond_0002",
  "method": "last_prefix_attn_oracle",
  "prefix_length": 42,
  "keep_m": 10,
  "kl_to_baseline": 0.07794079498554278,
  "token_kl": 0.09565344494618519,
  "selected_indices": [
    15,
    26,
    27,
    29,
    30,
    31,
    32,
    34,
    35,
    36
  ],
  "distribution": {
    "A": 0.428764909977393,
    "B": 0.20253420246233264,
    "C": 0.1391995693469586,
    "D": 0.22950131821331568
  }
}