{
  "question_id": "gpqa_gpqa_diamond_0001",
  "method": "last_prefix_attn_oracle",
  "prefix_length": 361,
  "keep_m": 10,
  "kl_to_baseline": 0.08746949305159105,
  "token_kl": 0.15198699487775652,
  "selected_indices": [
    323,
    328,
    329,
    330,
    331,
    332,
    344,
    345,
    354,
    355
  ],
  "distribution": {
    "A": 0.2460685098043251,
    "B": 0.1025766159763118,
    "C": 0.19163834812482206,
    "D": 0.459716526094541
  }
}