{
  "question_id": "gpqa_gpqa_diamond_0011",
  "method": "last_prefix_attn_oracle",
  "prefix_length": 83,
  "keep_m": 20,
  "kl_to_baseline": 0.24033580647805813,
  "token_kl": 0.07949678348265149,
  "selected_indices": [
    0,
    9,
    10,
    11,
    15,
    25,
    26,
    28,
    53,
    67,
    68,
    69,
    70,
    71,
    72,
    73,
    74,
    75,
    76,
    77
  ],
  "distribution": {
    "A": 0.09389083903758533,
    "B": 0.4207894969575967,
    "C": 0.4207894969575967,
    "D": 0.06453016704722127
  }
}