{
  "question_id": "gpqa_gpqa_diamond_0017",
  "method": "last_prefix_attn_oracle",
  "prefix_length": 120,
  "keep_m": 3,
  "kl_to_baseline": 0.17575610142211978,
  "token_kl": 0.16763082169265717,
  "selected_indices": [
    0,
    77,
    114
  ],
  "distribution": {
    "A": 0.8303497296314954,
    "B": 0.04134067937442473,
    "C": 0.0681592574298081,
    "D": 0.060150333564271734
  }
}