{
  "question_id": "gpqa_gpqa_diamond_0023",
  "method": "last_prefix_attn_oracle",
  "prefix_length": 269,
  "keep_m": 3,
  "kl_to_baseline": 0.11009960619829165,
  "token_kl": 0.9060955068289593,
  "selected_indices": [
    123,
    203,
    259
  ],
  "distribution": {
    "A": 0.32985443026484285,
    "B": 0.2568908885898317,
    "C": 0.32985443026484285,
    "D": 0.08340025088048256
  }
}