{
  "question_id": "gpqa_gpqa_diamond_0004",
  "method": "last_prefix_attn_oracle",
  "prefix_length": 78,
  "keep_m": 20,
  "kl_to_baseline": 0.00016618024911807863,
  "token_kl": 0.08184194277147813,
  "selected_indices": [
    0,
    1,
    11,
    12,
    14,
    15,
    16,
    17,
    18,
    19,
    22,
    61,
    62,
    65,
    66,
    67,
    69,
    70,
    71,
    72
  ],
  "distribution": {
    "A": 8.47233380760806e-05,
    "B": 0.0009108617248243475,
    "C": 0.9988811432075811,
    "D": 0.00012327172951849265
  }
}