{
  "question_id": "gpqa_gpqa_diamond_0009",
  "method": "last_prefix_attn_oracle",
  "prefix_length": 88,
  "keep_m": 5,
  "kl_to_baseline": 1.976097419660385,
  "token_kl": 0.14867941592072587,
  "selected_indices": [
    0,
    75,
    79,
    80,
    82
  ],
  "distribution": {
    "A": 0.7699977168573644,
    "B": 0.1042078466798924,
    "C": 0.03383133454272769,
    "D": 0.09196310192001546
  }
}