{
  "question_id": "gpqa_gpqa_diamond_0001",
  "method": "last_prefix_attn_oracle",
  "prefix_length": 313,
  "keep_m": 15,
  "kl_to_baseline": 0.1244648402319194,
  "token_kl": 0.29129214820057386,
  "selected_indices": [
    11,
    12,
    27,
    46,
    89,
    117,
    146,
    149,
    241,
    287,
    288,
    299,
    305,
    306,
    307
  ],
  "distribution": {
    "A": 0.2666584551115272,
    "B": 0.18327149729711636,
    "C": 0.20767381365346843,
    "D": 0.3423962339378881
  }
}