{
  "question_id": "gpqa_gpqa_diamond_0031",
  "method": "last_prefix_attn_oracle",
  "prefix_length": 136,
  "keep_m": 10,
  "kl_to_baseline": 1.2455073985456795,
  "token_kl": 0.22217303083095336,
  "selected_indices": [
    0,
    8,
    10,
    11,
    20,
    40,
    47,
    48,
    129,
    130
  ],
  "distribution": {
    "A": 0.17802838282810562,
    "B": 0.04501262435603089,
    "C": 0.5483660243727604,
    "D": 0.22859296844310306
  }
}