{
  "question_id": "gpqa_gpqa_diamond_0011",
  "method": "last_prefix_attn_oracle",
  "prefix_length": 109,
  "keep_m": 20,
  "kl_to_baseline": 1.5208810879136607,
  "token_kl": 0.014554184154124844,
  "selected_indices": [
    0,
    34,
    48,
    51,
    52,
    53,
    55,
    59,
    60,
    62,
    63,
    64,
    66,
    67,
    98,
    99,
    100,
    101,
    102,
    103
  ],
  "distribution": {
    "A": 0.21842706205343018,
    "B": 0.21842706205343018,
    "C": 0.4922329828061831,
    "D": 0.07091289308695657
  }
}