{
  "question_id": "gpqa_gpqa_diamond_0002",
  "method": "last_prefix_attn_oracle",
  "prefix_length": 88,
  "keep_m": 5,
  "kl_to_baseline": 1.7246862390644402,
  "token_kl": 0.7194163922750629,
  "selected_indices": [
    59,
    62,
    71,
    74,
    82
  ],
  "distribution": {
    "A": 0.2529349186349064,
    "B": 0.2866128117777278,
    "C": 0.2866128117777278,
    "D": 0.17383945780963805
  }
}