{
  "question_id": "gpqa_gpqa_diamond_0001",
  "method": "last_prefix_attn_oracle",
  "prefix_length": 311,
  "keep_m": 10,
  "kl_to_baseline": 0.15380256511227808,
  "token_kl": 0.5817898593169796,
  "selected_indices": [
    0,
    79,
    171,
    297,
    299,
    300,
    301,
    302,
    304,
    305
  ],
  "distribution": {
    "A": 0.18394875012911566,
    "B": 0.23619487053372698,
    "C": 0.23619487053372698,
    "D": 0.3436615088034303
  }
}