{
  "question_id": "gpqa_gpqa_diamond_0001",
  "method": "last_prefix_attn_oracle",
  "prefix_length": 426,
  "keep_m": 5,
  "kl_to_baseline": 0.9763580235900375,
  "token_kl": 0.02336460640622374,
  "selected_indices": [
    301,
    305,
    310,
    311,
    315
  ],
  "distribution": {
    "A": 0.2175202982337902,
    "B": 0.31649016643535544,
    "C": 0.14949936889549884,
    "D": 0.31649016643535544
  }
}