{
  "question_id": "gpqa_gpqa_diamond_0031",
  "method": "last_prefix_attn_oracle",
  "prefix_length": 193,
  "keep_m": 20,
  "kl_to_baseline": 0.0025981642713496862,
  "token_kl": 0.17083168421443662,
  "selected_indices": [
    0,
    1,
    9,
    47,
    119,
    129,
    130,
    131,
    132,
    133,
    134,
    135,
    136,
    137,
    146,
    148,
    149,
    185,
    186,
    187
  ],
  "distribution": {
    "A": 0.9699893604871909,
    "B": 0.003964124223352493,
    "C": 0.013836153065482266,
    "D": 0.012210362223974454
  }
}