{
  "question_id": "gpqa_gpqa_diamond_0002",
  "method": "last_prefix_attn_oracle",
  "prefix_length": 26,
  "keep_m": 3,
  "kl_to_baseline": 0.21827981259757795,
  "token_kl": 0.5615029885974107,
  "selected_indices": [
    10,
    14,
    15
  ],
  "distribution": {
    "A": 0.3004075443391411,
    "B": 0.23395763077188084,
    "C": 0.3404063441575017,
    "D": 0.1252284807314763
  }
}