{
  "question_id": "gpqa_gpqa_diamond_0003",
  "method": "last_prefix_attn_oracle",
  "prefix_length": 29,
  "keep_m": 10,
  "kl_to_baseline": 0.06671945586137704,
  "token_kl": 0.23891127603834075,
  "selected_indices": [
    0,
    1,
    2,
    5,
    8,
    9,
    18,
    19,
    22,
    23
  ],
  "distribution": {
    "A": 0.10585335799050528,
    "B": 0.0031964944377792298,
    "C": 0.8862992756078718,
    "D": 0.004650871963843614
  }
}