{
  "question_id": "gpqa_gpqa_diamond_0031",
  "method": "last_prefix_attn_oracle",
  "prefix_length": 124,
  "keep_m": 15,
  "kl_to_baseline": 1.3425393961393337,
  "token_kl": 0.06678281701856485,
  "selected_indices": [
    0,
    7,
    24,
    25,
    26,
    27,
    33,
    35,
    36,
    67,
    68,
    72,
    73,
    74,
    75
  ],
  "distribution": {
    "A": 0.19969832289291334,
    "B": 0.06483255325450875,
    "C": 0.47905140158816173,
    "D": 0.2564177222644162
  }
}