{
  "question_id": "gpqa_gpqa_diamond_0031",
  "method": "last_prefix_attn_oracle",
  "prefix_length": 175,
  "keep_m": 5,
  "kl_to_baseline": 1.366168225874228,
  "token_kl": 0.6726005370976937,
  "selected_indices": [
    88,
    161,
    166,
    168,
    169
  ],
  "distribution": {
    "A": 0.22887098267316733,
    "B": 0.08419692920616365,
    "C": 0.42758728815268504,
    "D": 0.25934479996798393
  }
}