{
  "question_id": "gpqa_gpqa_diamond_0031",
  "method": "last_prefix_attn_oracle",
  "prefix_length": 148,
  "keep_m": 10,
  "kl_to_baseline": 0.9899288129777045,
  "token_kl": 0.24760595136998328,
  "selected_indices": [
    0,
    58,
    60,
    62,
    64,
    116,
    128,
    129,
    134,
    136
  ],
  "distribution": {
    "A": 0.217106964033047,
    "B": 0.0704843115540092,
    "C": 0.5208125011242347,
    "D": 0.19159622328870912
  }
}