{
  "question_id": "gpqa_gpqa_diamond_0001",
  "method": "last_prefix_attn_oracle",
  "prefix_length": 319,
  "keep_m": 5,
  "kl_to_baseline": 0.13427069837025302,
  "token_kl": 0.06982984001191715,
  "selected_indices": [
    0,
    240,
    241,
    303,
    304
  ],
  "distribution": {
    "A": 0.22352557966409434,
    "B": 0.1055859949285331,
    "C": 0.25328766481723414,
    "D": 0.4176007605901384
  }
}