{
  "question_id": "gpqa_gpqa_diamond_0031",
  "method": "last_prefix_attn_oracle",
  "prefix_length": 213,
  "keep_m": 10,
  "kl_to_baseline": 1.4657577664383583,
  "token_kl": 0.08634190985144825,
  "selected_indices": [
    0,
    24,
    26,
    29,
    34,
    72,
    74,
    124,
    158,
    206
  ],
  "distribution": {
    "A": 0.1970614029517914,
    "B": 0.04397034239970748,
    "C": 0.5356684307345002,
    "D": 0.22329982391400094
  }
}