{
  "question_id": "gpqa_gpqa_diamond_0001",
  "method": "last_prefix_attn_oracle",
  "prefix_length": 233,
  "keep_m": 20,
  "kl_to_baseline": 0.03637070518175288,
  "token_kl": 0.9030258520883844,
  "selected_indices": [
    68,
    69,
    83,
    98,
    99,
    130,
    131,
    181,
    182,
    186,
    213,
    214,
    216,
    217,
    218,
    219,
    220,
    221,
    226,
    227
  ],
  "distribution": {
    "A": 0.27802617952847664,
    "B": 0.16863140208678998,
    "C": 0.14881669002008963,
    "D": 0.40452572836464384
  }
}