{
  "question_id": "gpqa_gpqa_diamond_0011",
  "method": "last_prefix_attn_oracle",
  "prefix_length": 95,
  "keep_m": 3,
  "kl_to_baseline": 0.007843524833550317,
  "token_kl": 3.201551777213611e-05,
  "selected_indices": [
    0,
    88,
    89
  ],
  "distribution": {
    "A": 0.0002610978981875372,
    "B": 0.9993851501012959,
    "C": 0.00023041808642184963,
    "D": 0.00012333391409477139
  }
}