{
  "question_id": "gpqa_gpqa_diamond_0031",
  "method": "last_prefix_attn_oracle",
  "prefix_length": 163,
  "keep_m": 3,
  "kl_to_baseline": 1.4652668160157563,
  "token_kl": 0.6597127601188737,
  "selected_indices": [
    0,
    80,
    83
  ],
  "distribution": {
    "A": 0.17289476975454657,
    "B": 0.07207326291173097,
    "C": 0.46997668284660044,
    "D": 0.2850552844871221
  }
}