{
  "question_id": "gpqa_gpqa_diamond_0023",
  "method": "last_prefix_attn_oracle",
  "prefix_length": 366,
  "keep_m": 3,
  "kl_to_baseline": 1.0006195236629833,
  "token_kl": 1.8513306526231537,
  "selected_indices": [
    187,
    359,
    360
  ],
  "distribution": {
    "A": 0.28287000738298623,
    "B": 0.22029938325728377,
    "C": 0.3632122790984034,
    "D": 0.1336183302613266
  }
}