{
  "question_id": "gpqa_gpqa_diamond_0017",
  "method": "last_prefix_attn_oracle",
  "prefix_length": 127,
  "keep_m": 15,
  "kl_to_baseline": 0.2574992102674634,
  "token_kl": 0.03886424181021297,
  "selected_indices": [
    0,
    33,
    41,
    73,
    80,
    83,
    88,
    92,
    111,
    112,
    116,
    117,
    119,
    120,
    121
  ],
  "distribution": {
    "A": 0.7631054981871113,
    "B": 0.06263951936898783,
    "C": 0.10327510797008292,
    "D": 0.07097987447381807
  }
}