{
  "question_id": "gpqa_gpqa_diamond_0026",
  "method": "last_prefix_attn_oracle",
  "prefix_length": 94,
  "keep_m": 3,
  "kl_to_baseline": 0.30379844385311766,
  "token_kl": 0.962202765106169,
  "selected_indices": [
    28,
    57,
    74
  ],
  "distribution": {
    "A": 0.19379676774994264,
    "B": 0.6764172238124876,
    "C": 0.048999496426161825,
    "D": 0.08078651201140792
  }
}