{
  "question_id": "gpqa_gpqa_diamond_0031",
  "method": "last_prefix_attn_oracle",
  "prefix_length": 158,
  "keep_m": 20,
  "kl_to_baseline": 1.0041290685137583,
  "token_kl": 0.2943965195047905,
  "selected_indices": [
    0,
    40,
    47,
    49,
    67,
    68,
    72,
    90,
    92,
    121,
    125,
    127,
    136,
    138,
    140,
    146,
    148,
    150,
    151,
    152
  ],
  "distribution": {
    "A": 0.25607532860982496,
    "B": 0.06474598258127577,
    "C": 0.5421114426087346,
    "D": 0.13706724620016475
  }
}