{
  "question_id": "gpqa_gpqa_diamond_0031",
  "method": "last_prefix_attn_oracle",
  "prefix_length": 175,
  "keep_m": 20,
  "kl_to_baseline": 1.366168216127501,
  "token_kl": 0.014513363367752117,
  "selected_indices": [
    0,
    44,
    83,
    87,
    88,
    89,
    151,
    155,
    157,
    158,
    160,
    161,
    162,
    163,
    164,
    165,
    166,
    167,
    168,
    169
  ],
  "distribution": {
    "A": 0.2288709849703581,
    "B": 0.08419692001419729,
    "C": 0.4275872924444024,
    "D": 0.2593448025710421
  }
}