{
  "question_id": "gpqa_gpqa_diamond_0023",
  "method": "last_prefix_attn_oracle",
  "prefix_length": 96,
  "keep_m": 15,
  "kl_to_baseline": 0.06998832991056066,
  "token_kl": 0.21872258217424384,
  "selected_indices": [
    0,
    2,
    8,
    9,
    73,
    76,
    81,
    82,
    84,
    85,
    86,
    87,
    88,
    89,
    90
  ],
  "distribution": {
    "A": 0.5044789984452488,
    "B": 0.2102981341772775,
    "C": 0.23829900542582189,
    "D": 0.04692386195165183
  }
}