{
  "question_id": "gpqa_gpqa_diamond_0009",
  "method": "last_prefix_attn_oracle",
  "prefix_length": 43,
  "keep_m": 15,
  "kl_to_baseline": 0.25802051026028383,
  "token_kl": 0.17752183617697598,
  "selected_indices": [
    0,
    1,
    10,
    11,
    13,
    14,
    15,
    24,
    25,
    27,
    30,
    32,
    34,
    35,
    36
  ],
  "distribution": {
    "A": 0.3330253911787273,
    "B": 0.07430800886720292,
    "C": 0.1081175149391534,
    "D": 0.48454908501491634
  }
}