{
  "question_id": "gpqa_gpqa_diamond_0011",
  "method": "last_prefix_attn_oracle",
  "prefix_length": 35,
  "keep_m": 20,
  "kl_to_baseline": 0.06782126329339523,
  "token_kl": 0.0028109154690169834,
  "selected_indices": [
    0,
    3,
    6,
    8,
    9,
    10,
    11,
    15,
    16,
    19,
    20,
    21,
    22,
    23,
    24,
    25,
    26,
    27,
    28,
    29
  ],
  "distribution": {
    "A": 0.29337498577630794,
    "B": 0.17794092366608852,
    "C": 0.48369357934074647,
    "D": 0.04499051121685707
  }
}