{
  "question_id": "gpqa_gpqa_diamond_0020",
  "method": "last_prefix_attn_oracle",
  "prefix_length": 48,
  "keep_m": 10,
  "kl_to_baseline": 0.19425748223419909,
  "token_kl": 0.02926061553835168,
  "selected_indices": [
    0,
    15,
    32,
    36,
    37,
    38,
    39,
    40,
    41,
    42
  ],
  "distribution": {
    "A": 0.21052977090155775,
    "B": 0.5722792164808499,
    "C": 0.05323026217961574,
    "D": 0.16396075043797662
  }
}