{
  "question_id": "gpqa_gpqa_diamond_0023",
  "method": "last_prefix_attn_oracle",
  "prefix_length": 190,
  "keep_m": 3,
  "kl_to_baseline": 0.12853262973944626,
  "token_kl": 0.5044812575726247,
  "selected_indices": [
    150,
    172,
    182
  ],
  "distribution": {
    "A": 0.30489397824013215,
    "B": 0.2374516690071708,
    "C": 0.34549013979219634,
    "D": 0.11216421296050076
  }
}