{
  "question_id": "gpqa_gpqa_diamond_0023",
  "method": "last_prefix_attn_oracle",
  "prefix_length": 195,
  "keep_m": 15,
  "kl_to_baseline": 0.05568242919304309,
  "token_kl": 0.1423994879231622,
  "selected_indices": [
    0,
    82,
    87,
    105,
    117,
    167,
    169,
    170,
    172,
    173,
    174,
    182,
    185,
    188,
    189
  ],
  "distribution": {
    "A": 0.43573153445556084,
    "B": 0.20582500285132593,
    "C": 0.2994736120624461,
    "D": 0.058969850630667196
  }
}