{
  "question_id": "gpqa_gpqa_diamond_0023",
  "method": "last_prefix_attn_oracle",
  "prefix_length": 170,
  "keep_m": 20,
  "kl_to_baseline": 0.010863713461853018,
  "token_kl": 0.537080077044832,
  "selected_indices": [
    0,
    65,
    81,
    82,
    87,
    88,
    89,
    99,
    103,
    105,
    112,
    114,
    116,
    117,
    123,
    157,
    158,
    159,
    160,
    163
  ],
  "distribution": {
    "A": 0.4978439670772962,
    "B": 0.20753222923071737,
    "C": 0.2351648245142974,
    "D": 0.05945897917768908
  }
}