{
  "question_id": "gpqa_gpqa_diamond_0031",
  "method": "last_prefix_attn_oracle",
  "prefix_length": 162,
  "keep_m": 10,
  "kl_to_baseline": 1.46280685862053,
  "token_kl": 0.1092224486627707,
  "selected_indices": [
    0,
    67,
    78,
    81,
    92,
    94,
    97,
    125,
    151,
    155
  ],
  "distribution": {
    "A": 0.18182247617266384,
    "B": 0.05209301160046581,
    "C": 0.5600526546190364,
    "D": 0.20603185760783393
  }
}