{
  "question_id": "gpqa_gpqa_diamond_0001",
  "method": "last_prefix_attn_oracle",
  "prefix_length": 344,
  "keep_m": 15,
  "kl_to_baseline": 0.1548229636298335,
  "token_kl": 0.2081461541047358,
  "selected_indices": [
    318,
    319,
    320,
    321,
    322,
    325,
    326,
    327,
    328,
    330,
    334,
    335,
    336,
    337,
    338
  ],
  "distribution": {
    "A": 0.2776488531631464,
    "B": 0.10214130494355013,
    "C": 0.21623314426233592,
    "D": 0.4039766976309676
  }
}