{
  "question_id": "gpqa_gpqa_diamond_0011",
  "method": "last_prefix_attn_oracle",
  "prefix_length": 83,
  "keep_m": 5,
  "kl_to_baseline": 0.7596369645067697,
  "token_kl": 0.18517788492599052,
  "selected_indices": [
    0,
    9,
    68,
    69,
    70
  ],
  "distribution": {
    "A": 0.1476153441371168,
    "B": 0.18954185376516575,
    "C": 0.5838300115426212,
    "D": 0.0790127905550963
  }
}