{
  "question_id": "gpqa_gpqa_diamond_0023",
  "method": "last_prefix_attn_oracle",
  "prefix_length": 22,
  "keep_m": 10,
  "kl_to_baseline": 0.013106629566940059,
  "token_kl": 0.0026395985385747347,
  "selected_indices": [
    0,
    6,
    7,
    9,
    10,
    11,
    13,
    14,
    15,
    16
  ],
  "distribution": {
    "A": 0.46975000146471585,
    "B": 0.19582093435456374,
    "C": 0.28491777828840464,
    "D": 0.04951128589231569
  }
}