{
  "question_id": "gpqa_gpqa_diamond_0002",
  "method": "last_prefix_attn_oracle",
  "prefix_length": 69,
  "keep_m": 10,
  "kl_to_baseline": 1.9263033188793572,
  "token_kl": 0.5970122829043539,
  "selected_indices": [
    29,
    30,
    31,
    33,
    43,
    58,
    59,
    60,
    62,
    63
  ],
  "distribution": {
    "A": 0.2701400373797229,
    "B": 0.23839774625169233,
    "C": 0.3468666740605408,
    "D": 0.14459554230804392
  }
}