{
  "question_id": "gpqa_gpqa_diamond_0031",
  "method": "last_prefix_attn_oracle",
  "prefix_length": 181,
  "keep_m": 3,
  "kl_to_baseline": 1.4245225620179078,
  "token_kl": 0.07635670807104408,
  "selected_indices": [
    99,
    155,
    156
  ],
  "distribution": {
    "A": 0.16125639400740363,
    "B": 0.07617212694472407,
    "C": 0.49670463221146527,
    "D": 0.26586684683640704
  }
}