{
  "question_id": "gpqa_gpqa_diamond_0031",
  "method": "last_prefix_attn_oracle",
  "prefix_length": 213,
  "keep_m": 5,
  "kl_to_baseline": 1.418571863609051,
  "token_kl": 0.09614941059178521,
  "selected_indices": [
    0,
    24,
    26,
    34,
    74
  ],
  "distribution": {
    "A": 0.20730076314497942,
    "B": 0.04625505799346325,
    "C": 0.5635018974826901,
    "D": 0.1829422813788672
  }
}