{
  "question_id": "gpqa_gpqa_diamond_0031",
  "method": "last_prefix_attn_oracle",
  "prefix_length": 80,
  "keep_m": 3,
  "kl_to_baseline": 1.5674795724104982,
  "token_kl": 0.06797970137524041,
  "selected_indices": [
    0,
    41,
    74
  ],
  "distribution": {
    "A": 0.18621326564823665,
    "B": 0.06850403210538264,
    "C": 0.5061801362296185,
    "D": 0.23910256601676214
  }
}