{
  "question_id": "gpqa_gpqa_diamond_0002",
  "method": "last_prefix_attn_oracle",
  "prefix_length": 104,
  "keep_m": 3,
  "kl_to_baseline": 1.7242877742506777,
  "token_kl": 0.6280737760618511,
  "selected_indices": [
    87,
    94,
    98
  ],
  "distribution": {
    "A": 0.20055314209537167,
    "B": 0.33065623127838456,
    "C": 0.29180309992347,
    "D": 0.17698752670277376
  }
}