{
  "question_id": "gpqa_gpqa_diamond_0011",
  "method": "last_prefix_attn_oracle",
  "prefix_length": 83,
  "keep_m": 10,
  "kl_to_baseline": 0.13028412072436552,
  "token_kl": 0.131180081969863,
  "selected_indices": [
    0,
    9,
    10,
    25,
    68,
    69,
    70,
    71,
    74,
    75
  ],
  "distribution": {
    "A": 0.08987518783940253,
    "B": 0.5171959964471434,
    "C": 0.35546326339173545,
    "D": 0.03746555232171865
  }
}