{
  "question_id": "gpqa_gpqa_diamond_0031",
  "method": "last_prefix_attn_oracle",
  "prefix_length": 92,
  "keep_m": 3,
  "kl_to_baseline": 1.2393049833398426,
  "token_kl": 0.28712001982873064,
  "selected_indices": [
    0,
    49,
    50
  ],
  "distribution": {
    "A": 0.2097863357282722,
    "B": 0.07717607075301626,
    "C": 0.5032512577904393,
    "D": 0.2097863357282722
  }
}