{
  "question_id": "gpqa_gpqa_diamond_0009",
  "method": "last_prefix_attn_oracle",
  "prefix_length": 73,
  "keep_m": 20,
  "kl_to_baseline": 1.767655075351861,
  "token_kl": 0.35442356208660103,
  "selected_indices": [
    0,
    7,
    8,
    24,
    25,
    26,
    30,
    39,
    40,
    42,
    43,
    50,
    53,
    59,
    60,
    62,
    64,
    65,
    66,
    67
  ],
  "distribution": {
    "A": 0.6805037633331525,
    "B": 0.10435862584354566,
    "C": 0.06329670617958962,
    "D": 0.15184090464371205
  }
}