{
  "question_id": "gpqa_gpqa_diamond_0007",
  "method": "last_prefix_attn_oracle",
  "prefix_length": 200,
  "keep_m": 20,
  "kl_to_baseline": 0.0246824737216269,
  "token_kl": 0.2248701765216313,
  "selected_indices": [
    0,
    44,
    45,
    61,
    87,
    178,
    179,
    181,
    182,
    184,
    185,
    186,
    187,
    188,
    189,
    190,
    191,
    192,
    193,
    194
  ],
  "distribution": {
    "A": 0.9684149376593623,
    "B": 0.013813695647941196,
    "C": 0.01565296785460052,
    "D": 0.002118398838095955
  }
}