{
  "question_id": "gpqa_gpqa_diamond_0009",
  "method": "last_prefix_attn_oracle",
  "prefix_length": 115,
  "keep_m": 20,
  "kl_to_baseline": 1.8973266701965188,
  "token_kl": 0.04030196358957859,
  "selected_indices": [
    0,
    8,
    25,
    36,
    37,
    38,
    40,
    46,
    47,
    48,
    49,
    68,
    71,
    99,
    100,
    102,
    103,
    105,
    107,
    109
  ],
  "distribution": {
    "A": 0.6955814384811969,
    "B": 0.09413671099098328,
    "C": 0.07331374423554429,
    "D": 0.13696810629227554
  }
}