{
  "question_id": "gpqa_gpqa_diamond_0020",
  "method": "last_prefix_attn_oracle",
  "prefix_length": 35,
  "keep_m": 20,
  "kl_to_baseline": 0.013029513717143996,
  "token_kl": 0.0168542785268203,
  "selected_indices": [
    0,
    1,
    2,
    3,
    4,
    5,
    6,
    7,
    8,
    10,
    11,
    12,
    13,
    14,
    15,
    16,
    19,
    21,
    22,
    24
  ],
  "distribution": {
    "A": 0.8494869032590194,
    "B": 0.14761869128851648,
    "C": 0.0014472027262320926,
    "D": 0.0014472027262320926
  }
}