{
  "question_id": "gpqa_gpqa_diamond_0031",
  "method": "last_prefix_attn_oracle",
  "prefix_length": 181,
  "keep_m": 15,
  "kl_to_baseline": 1.1306172126935259,
  "token_kl": 0.04394308896743746,
  "selected_indices": [
    0,
    71,
    72,
    90,
    92,
    98,
    99,
    100,
    139,
    151,
    155,
    156,
    157,
    161,
    163
  ],
  "distribution": {
    "A": 0.22723108904586847,
    "B": 0.05070211533366954,
    "C": 0.5450990455333715,
    "D": 0.1769677500870905
  }
}