{
  "question_id": "gpqa_gpqa_diamond_0017",
  "method": "last_prefix_attn_oracle",
  "prefix_length": 104,
  "keep_m": 3,
  "kl_to_baseline": 0.15417507403554984,
  "token_kl": 0.2807406515519924,
  "selected_indices": [
    0,
    33,
    55
  ],
  "distribution": {
    "A": 0.8250436515890226,
    "B": 0.02823143875827472,
    "C": 0.08695895333243532,
    "D": 0.05976595632026728
  }
}