{
  "question_id": "gpqa_gpqa_diamond_0004",
  "method": "last_prefix_attn_oracle",
  "prefix_length": 55,
  "keep_m": 10,
  "kl_to_baseline": 0.12718020073947553,
  "token_kl": 0.1445388383842774,
  "selected_indices": [
    0,
    15,
    38,
    43,
    44,
    45,
    46,
    47,
    48,
    49
  ],
  "distribution": {
    "A": 0.0072754442604023185,
    "B": 0.1461312391653028,
    "C": 0.8409271948871012,
    "D": 0.0056661216871936836
  }
}