{
  "question_id": "gpqa_gpqa_diamond_0023",
  "method": "last_prefix_attn_oracle",
  "prefix_length": 304,
  "keep_m": 10,
  "kl_to_baseline": 0.20646227534742836,
  "token_kl": 0.22007209550241244,
  "selected_indices": [
    96,
    122,
    200,
    256,
    257,
    258,
    270,
    274,
    294,
    298
  ],
  "distribution": {
    "A": 0.3401211487333314,
    "B": 0.23376161901448833,
    "C": 0.3401211487333314,
    "D": 0.08599608351884894
  }
}