{
  "question_id": "gpqa_gpqa_diamond_0031",
  "method": "last_prefix_attn_oracle",
  "prefix_length": 121,
  "keep_m": 3,
  "kl_to_baseline": 1.5127878934475631,
  "token_kl": 0.3370207085822539,
  "selected_indices": [
    0,
    66,
    67
  ],
  "distribution": {
    "A": 0.1674226135058932,
    "B": 0.02265818681903399,
    "C": 0.14774993784156856,
    "D": 0.6621692618335042
  }
}