{
  "question_id": "gpqa_gpqa_diamond_0001",
  "method": "last_prefix_attn_oracle",
  "prefix_length": 214,
  "keep_m": 20,
  "kl_to_baseline": 0.1939902829959328,
  "token_kl": 0.34375572272735433,
  "selected_indices": [
    0,
    51,
    52,
    53,
    54,
    57,
    58,
    128,
    130,
    170,
    171,
    181,
    182,
    186,
    191,
    192,
    193,
    194,
    200,
    208
  ],
  "distribution": {
    "A": 0.4491084513898234,
    "B": 0.3086674236546421,
    "C": 0.11355239932189858,
    "D": 0.1286717256336359
  }
}