{
  "question_id": "gpqa_gpqa_diamond_0026",
  "method": "last_prefix_attn_oracle",
  "prefix_length": 104,
  "keep_m": 20,
  "kl_to_baseline": 0.04355562023329609,
  "token_kl": 0.29650224551982407,
  "selected_indices": [
    0,
    20,
    51,
    53,
    54,
    72,
    81,
    84,
    85,
    86,
    87,
    88,
    89,
    90,
    91,
    92,
    94,
    95,
    97,
    98
  ],
  "distribution": {
    "A": 0.015007059911850624,
    "B": 0.9284537609322533,
    "C": 0.010314191383588727,
    "D": 0.04622498777230743
  }
}