{
  "question_id": "gpqa_gpqa_diamond_0002",
  "method": "last_prefix_attn_oracle",
  "prefix_length": 76,
  "keep_m": 15,
  "kl_to_baseline": 1.0268968539752803,
  "token_kl": 0.05663127071112553,
  "selected_indices": [
    31,
    38,
    41,
    43,
    48,
    51,
    52,
    53,
    54,
    55,
    59,
    62,
    66,
    68,
    69
  ],
  "distribution": {
    "A": 0.34966087192663403,
    "B": 0.18715997780464583,
    "C": 0.11351827834208615,
    "D": 0.34966087192663403
  }
}