{
  "question_id": "gpqa_gpqa_diamond_0023",
  "method": "last_prefix_attn_oracle",
  "prefix_length": 301,
  "keep_m": 15,
  "kl_to_baseline": 0.08809742913402302,
  "token_kl": 0.32186841314734144,
  "selected_indices": [
    0,
    9,
    90,
    95,
    99,
    123,
    199,
    200,
    256,
    268,
    274,
    290,
    291,
    292,
    294
  ],
  "distribution": {
    "A": 0.4632357688350021,
    "B": 0.1931053981838856,
    "C": 0.28096669647398276,
    "D": 0.06269213650712956
  }
}