{
  "question_id": "gpqa_gpqa_diamond_0031",
  "method": "last_prefix_attn_oracle",
  "prefix_length": 284,
  "keep_m": 10,
  "kl_to_baseline": 1.9325794429923515,
  "token_kl": 0.11579878464465977,
  "selected_indices": [
    0,
    1,
    129,
    130,
    132,
    133,
    134,
    148,
    191,
    192
  ],
  "distribution": {
    "A": 0.12875320339785054,
    "B": 0.05367232040850578,
    "C": 0.5770318244391607,
    "D": 0.24054265175448297
  }
}