{
  "question_id": "gpqa_gpqa_diamond_0020",
  "method": "last_prefix_attn_oracle",
  "prefix_length": 60,
  "keep_m": 5,
  "kl_to_baseline": 0.2445978564558204,
  "token_kl": 0.10898219302947404,
  "selected_indices": [
    0,
    36,
    48,
    49,
    50
  ],
  "distribution": {
    "A": 0.345401338630578,
    "B": 0.44350412419453655,
    "C": 0.09895914035959147,
    "D": 0.11213539681529403
  }
}