{
  "question_id": "gpqa_gpqa_diamond_0020",
  "method": "last_prefix_attn_oracle",
  "prefix_length": 60,
  "keep_m": 20,
  "kl_to_baseline": 0.014484621471967708,
  "token_kl": 0.04218207068482757,
  "selected_indices": [
    0,
    1,
    2,
    8,
    15,
    33,
    34,
    35,
    36,
    37,
    38,
    41,
    47,
    48,
    49,
    50,
    51,
    52,
    53,
    54
  ],
  "distribution": {
    "A": 0.3441151507713052,
    "B": 0.6428917201600042,
    "C": 0.0038227731072549183,
    "D": 0.009170355961435658
  }
}