{
  "question_id": "gpqa_gpqa_diamond_0004",
  "method": "last_prefix_attn_oracle",
  "prefix_length": 53,
  "keep_m": 15,
  "kl_to_baseline": 0.027497129293730327,
  "token_kl": 0.19432059633365786,
  "selected_indices": [
    0,
    23,
    27,
    28,
    29,
    32,
    38,
    40,
    41,
    42,
    43,
    44,
    45,
    46,
    47
  ],
  "distribution": {
    "A": 0.0058605648428889665,
    "B": 0.21991607328829899,
    "C": 0.7675824718829947,
    "D": 0.006640889985817461
  }
}