{
  "question_id": "gpqa_gpqa_diamond_0011",
  "method": "last_prefix_attn_oracle",
  "prefix_length": 81,
  "keep_m": 3,
  "kl_to_baseline": 0.017925463324864624,
  "token_kl": 0.21662169249062868,
  "selected_indices": [
    0,
    71,
    74
  ],
  "distribution": {
    "A": 0.028858593096345492,
    "B": 0.8433716262042678,
    "C": 0.11413794981159253,
    "D": 0.013631830887794226
  }
}