{
  "question_id": "gpqa_gpqa_diamond_0009",
  "method": "last_prefix_attn_oracle",
  "prefix_length": 81,
  "keep_m": 20,
  "kl_to_baseline": 0.085690803829609,
  "token_kl": 0.3507375115753243,
  "selected_indices": [
    0,
    15,
    25,
    35,
    36,
    42,
    43,
    52,
    53,
    58,
    59,
    60,
    63,
    64,
    65,
    67,
    69,
    72,
    73,
    75
  ],
  "distribution": {
    "A": 0.12704727846689445,
    "B": 0.025017092433049917,
    "C": 0.01948333117702899,
    "D": 0.8284522979230267
  }
}