{
  "question_id": "gpqa_gpqa_diamond_0031",
  "method": "last_prefix_attn_oracle",
  "prefix_length": 63,
  "keep_m": 15,
  "kl_to_baseline": 0.0038087398049377634,
  "token_kl": 5.64274235440601e-05,
  "selected_indices": [
    0,
    1,
    2,
    7,
    8,
    9,
    25,
    46,
    47,
    48,
    50,
    54,
    55,
    56,
    57
  ],
  "distribution": {
    "A": 0.9692221278613565,
    "B": 0.0034955611094829968,
    "C": 0.0044883893101613686,
    "D": 0.022793921718999067
  }
}