{
  "question_id": "gpqa_gpqa_diamond_0026",
  "method": "last_prefix_attn_oracle",
  "prefix_length": 86,
  "keep_m": 15,
  "kl_to_baseline": 0.07997762613036657,
  "token_kl": 0.28690293205716083,
  "selected_indices": [
    0,
    2,
    4,
    14,
    22,
    23,
    24,
    25,
    38,
    51,
    52,
    53,
    64,
    73,
    80
  ],
  "distribution": {
    "A": 0.018774787481157237,
    "B": 0.9046200083033696,
    "C": 0.018774787481157237,
    "D": 0.05783041673431585
  }
}