{
  "question_id": "gpqa_gpqa_diamond_0017",
  "method": "last_prefix_attn_oracle",
  "prefix_length": 116,
  "keep_m": 15,
  "kl_to_baseline": 0.0011136746514348091,
  "token_kl": 0.23378414513827264,
  "selected_indices": [
    0,
    24,
    59,
    66,
    67,
    68,
    69,
    70,
    71,
    74,
    75,
    76,
    96,
    97,
    110
  ],
  "distribution": {
    "A": 0.9977439179886657,
    "B": 0.0011682382575266977,
    "C": 0.0007085723210392053,
    "D": 0.0003792714327684616
  }
}