{
  "question_id": "gpqa_gpqa_diamond_0001",
  "method": "last_prefix_attn_oracle",
  "prefix_length": 359,
  "keep_m": 20,
  "kl_to_baseline": 0.07212408138474125,
  "token_kl": 0.6628268204680168,
  "selected_indices": [
    323,
    324,
    325,
    328,
    329,
    330,
    331,
    332,
    333,
    334,
    336,
    337,
    345,
    346,
    348,
    349,
    350,
    351,
    352,
    353
  ],
  "distribution": {
    "A": 0.31513393745067125,
    "B": 0.13136736963492757,
    "C": 0.14885873168527614,
    "D": 0.40463996122912493
  }
}