{
  "question_id": "gpqa_gpqa_diamond_0009",
  "method": "last_prefix_attn_oracle",
  "prefix_length": 70,
  "keep_m": 3,
  "kl_to_baseline": 2.3765178784271916,
  "token_kl": 0.13040982478665714,
  "selected_indices": [
    0,
    31,
    59
  ],
  "distribution": {
    "A": 0.7676416877611354,
    "B": 0.11772165855863599,
    "C": 0.03372781987138666,
    "D": 0.080908833808842
  }
}