{
  "question_id": "gpqa_gpqa_diamond_0009",
  "method": "last_prefix_attn_oracle",
  "prefix_length": 87,
  "keep_m": 3,
  "kl_to_baseline": 2.523534177595914,
  "token_kl": 0.13185559564677912,
  "selected_indices": [
    0,
    75,
    81
  ],
  "distribution": {
    "A": 0.767124395005582,
    "B": 0.15105575421236525,
    "C": 0.02624955096117339,
    "D": 0.05557029982087931
  }
}