{
  "question_id": "gpqa_gpqa_diamond_0023",
  "method": "last_prefix_attn_oracle",
  "prefix_length": 167,
  "keep_m": 15,
  "kl_to_baseline": 0.055756562897855175,
  "token_kl": 0.20822724958957703,
  "selected_indices": [
    0,
    90,
    93,
    94,
    99,
    100,
    120,
    122,
    123,
    125,
    126,
    158,
    159,
    160,
    161
  ],
  "distribution": {
    "A": 0.35528362588948975,
    "B": 0.2766951660551827,
    "C": 0.31353669938649886,
    "D": 0.05448450866882867
  }
}