{
  "question_id": "gpqa_gpqa_diamond_0001",
  "method": "last_prefix_attn_oracle",
  "prefix_length": 312,
  "keep_m": 3,
  "kl_to_baseline": 0.23562034346910507,
  "token_kl": 0.7133113635071919,
  "selected_indices": [
    35,
    37,
    164
  ],
  "distribution": {
    "A": 0.1805471390738088,
    "B": 0.12408811300181143,
    "C": 0.20458671134712758,
    "D": 0.49077803657725216
  }
}