{
  "question_id": "gpqa_gpqa_diamond_0002",
  "method": "last_prefix_attn_oracle",
  "prefix_length": 89,
  "keep_m": 20,
  "kl_to_baseline": 0.002524059996063381,
  "token_kl": 0.1893443126104377,
  "selected_indices": [
    0,
    1,
    4,
    15,
    26,
    37,
    43,
    51,
    56,
    57,
    58,
    59,
    62,
    64,
    66,
    71,
    74,
    81,
    82,
    83
  ],
  "distribution": {
    "A": 0.0005520410329627031,
    "B": 0.0007088347173786661,
    "C": 0.0006255444425310999,
    "D": 0.9981135798071277
  }
}