{
  "question_id": "gpqa_gpqa_diamond_0009",
  "method": "last_prefix_attn_oracle",
  "prefix_length": 45,
  "keep_m": 3,
  "kl_to_baseline": 0.29599196357764773,
  "token_kl": 0.9233814994217994,
  "selected_indices": [
    6,
    18,
    25
  ],
  "distribution": {
    "A": 0.1901035244086497,
    "B": 0.01560464381904487,
    "C": 0.042417829846082944,
    "D": 0.7518740019262224
  }
}