{
  "question_id": "gpqa_gpqa_diamond_0023",
  "method": "last_prefix_attn_oracle",
  "prefix_length": 311,
  "keep_m": 5,
  "kl_to_baseline": 0.17185216561281974,
  "token_kl": 0.23686002967098302,
  "selected_indices": [
    168,
    169,
    233,
    234,
    250
  ],
  "distribution": {
    "A": 0.33767879625406966,
    "B": 0.2048125430629488,
    "C": 0.29800049176271115,
    "D": 0.15950816892027034
  }
}