{
  "question_id": "gpqa_gpqa_diamond_0023",
  "method": "last_prefix_attn_oracle",
  "prefix_length": 361,
  "keep_m": 3,
  "kl_to_baseline": 0.7246311064447223,
  "token_kl": 0.5624882120962837,
  "selected_indices": [
    188,
    339,
    352
  ],
  "distribution": {
    "A": 0.2270918441137067,
    "B": 0.2270918441137067,
    "C": 0.480753409106183,
    "D": 0.0650629026664035
  }
}