{
  "question_id": "gpqa_diels_alder_nm",
  "method": "last_prefix_attn_oracle",
  "prefix_length": 62,
  "keep_m": 20,
  "kl_to_baseline": 0.026212790945909177,
  "token_kl": 0.03881941777415118,
  "selected_indices": [
    0,
    2,
    8,
    32,
    33,
    34,
    35,
    40,
    45,
    46,
    47,
    48,
    49,
    50,
    51,
    52,
    53,
    54,
    55,
    56
  ],
  "distribution": {
    "A": 0.9149009549929797,
    "B": 0.08509904500702024
  }
}