{
  "question_id": "gpqa_gpqa_diamond_0001",
  "method": "last_prefix_attn_oracle",
  "prefix_length": 331,
  "keep_m": 15,
  "kl_to_baseline": 0.0488260077924896,
  "token_kl": 0.08865892654352796,
  "selected_indices": [
    0,
    233,
    239,
    240,
    241,
    303,
    317,
    318,
    319,
    320,
    321,
    322,
    323,
    324,
    325
  ],
  "distribution": {
    "A": 0.32985443026484285,
    "B": 0.08340025088048256,
    "C": 0.2568908885898317,
    "D": 0.32985443026484285
  }
}