{
  "question_id": "gpqa_gpqa_diamond_0001",
  "method": "last_prefix_attn_oracle",
  "prefix_length": 40,
  "keep_m": 20,
  "kl_to_baseline": 0.02291381032207194,
  "token_kl": 0.009584942457374818,
  "selected_indices": [
    0,
    6,
    7,
    17,
    19,
    20,
    21,
    22,
    23,
    24,
    25,
    26,
    27,
    28,
    29,
    30,
    31,
    32,
    33,
    34
  ],
  "distribution": {
    "A": 0.4329196469892127,
    "B": 0.12403355551742959,
    "C": 0.1804677584024301,
    "D": 0.26257903909092756
  }
}