{
  "question_id": "gpqa_gpqa_diamond_0001",
  "method": "last_prefix_attn_oracle",
  "prefix_length": 233,
  "keep_m": 15,
  "kl_to_baseline": 0.022490382829691378,
  "token_kl": 0.9036862179843638,
  "selected_indices": [
    68,
    83,
    98,
    130,
    131,
    181,
    182,
    213,
    214,
    216,
    217,
    218,
    219,
    226,
    227
  ],
  "distribution": {
    "A": 0.310313193127302,
    "B": 0.21327493070378706,
    "C": 0.16609868304160896,
    "D": 0.310313193127302
  }
}