{
  "question_id": "gpqa_gpqa_diamond_0020",
  "method": "last_prefix_attn_oracle",
  "prefix_length": 57,
  "keep_m": 10,
  "kl_to_baseline": 0.1223065200075058,
  "token_kl": 0.0629226472411757,
  "selected_indices": [
    0,
    15,
    36,
    37,
    41,
    47,
    48,
    49,
    50,
    51
  ],
  "distribution": {
    "A": 0.2932637982370256,
    "B": 0.5478888728608192,
    "C": 0.050961606690903626,
    "D": 0.10788572221125156
  }
}