{
  "question_id": "gpqa_gpqa_diamond_0001",
  "method": "last_prefix_attn_oracle",
  "prefix_length": 342,
  "keep_m": 5,
  "kl_to_baseline": 0.27787048371253964,
  "token_kl": 0.0639341392024282,
  "selected_indices": [
    319,
    320,
    321,
    326,
    330
  ],
  "distribution": {
    "A": 0.27020545849249483,
    "B": 0.11263840658288238,
    "C": 0.27020545849249483,
    "D": 0.3469506764321279
  }
}