{
  "question_id": "gpqa_gpqa_diamond_0002",
  "method": "last_prefix_attn_oracle",
  "prefix_length": 74,
  "keep_m": 20,
  "kl_to_baseline": 0.07975618259185617,
  "token_kl": 0.5667615738901023,
  "selected_indices": [
    31,
    34,
    35,
    36,
    37,
    38,
    39,
    40,
    43,
    51,
    55,
    57,
    58,
    59,
    62,
    63,
    64,
    66,
    67,
    68
  ],
  "distribution": {
    "A": 0.05185848482192998,
    "B": 0.01581594428215265,
    "C": 0.013111878341423355,
    "D": 0.919213692554494
  }
}