{
  "question_id": "gpqa_gpqa_diamond_0017",
  "method": "last_prefix_attn_oracle",
  "prefix_length": 126,
  "keep_m": 5,
  "kl_to_baseline": 0.20650974705321737,
  "token_kl": 0.7875511900074741,
  "selected_indices": [
    79,
    117,
    118,
    119,
    120
  ],
  "distribution": {
    "A": 0.8082846519174335,
    "B": 0.03134059567960382,
    "C": 0.0851925717289491,
    "D": 0.07518218067401355
  }
}