{
  "question_id": "gpqa_gpqa_diamond_0031",
  "method": "last_prefix_attn_oracle",
  "prefix_length": 121,
  "keep_m": 15,
  "kl_to_baseline": 0.053672985494702334,
  "token_kl": 0.20316772003696187,
  "selected_indices": [
    0,
    16,
    33,
    55,
    56,
    65,
    66,
    67,
    68,
    73,
    90,
    92,
    106,
    107,
    108
  ],
  "distribution": {
    "A": 0.8440797916040497,
    "B": 0.025488998447388323,
    "C": 0.0692862813051565,
    "D": 0.061144928643405566
  }
}