{
  "question_id": "gpqa_gpqa_diamond_0001",
  "method": "last_prefix_attn_oracle",
  "prefix_length": 188,
  "keep_m": 15,
  "kl_to_baseline": 0.03918391682396502,
  "token_kl": 0.13112502842581064,
  "selected_indices": [
    0,
    58,
    85,
    87,
    101,
    132,
    134,
    172,
    173,
    174,
    178,
    179,
    180,
    181,
    182
  ],
  "distribution": {
    "A": 0.31102182337281936,
    "B": 0.10097400236027866,
    "C": 0.1886442717153423,
    "D": 0.39935990255155973
  }
}