{
  "question_id": "gpqa_gpqa_diamond_0013",
  "method": "last_prefix_attn_oracle",
  "prefix_length": 26,
  "keep_m": 10,
  "kl_to_baseline": 0.013833130510794975,
  "token_kl": 0.09046667933189124,
  "selected_indices": [
    0,
    8,
    9,
    11,
    12,
    14,
    15,
    16,
    17,
    18
  ],
  "distribution": {
    "A": 0.02926851532572004,
    "B": 0.0008838325794927733,
    "C": 0.0006074486561315529,
    "D": 0.9692402034386557
  }
}