{
  "question_id": "gpqa_gpqa_diamond_0011",
  "method": "last_prefix_attn_oracle",
  "prefix_length": 55,
  "keep_m": 20,
  "kl_to_baseline": 0.014506546750963717,
  "token_kl": 0.016734833281546034,
  "selected_indices": [
    0,
    25,
    27,
    28,
    30,
    31,
    33,
    34,
    35,
    36,
    39,
    40,
    41,
    42,
    43,
    44,
    45,
    46,
    48,
    49
  ],
  "distribution": {
    "A": 0.17712784819168753,
    "B": 0.2577194984087015,
    "C": 0.48148338235486976,
    "D": 0.08366927104474121
  }
}