{
  "question_id": "gpqa_gpqa_diamond_0019",
  "method": "last_prefix_attn_oracle",
  "prefix_length": 21,
  "keep_m": 10,
  "kl_to_baseline": 0.00022457970158617667,
  "token_kl": 0.10826251247339218,
  "selected_indices": [
    0,
    1,
    5,
    6,
    8,
    9,
    10,
    12,
    14,
    15
  ],
  "distribution": {
    "A": 0.00042899875893093236,
    "B": 0.001922639049089354,
    "C": 0.0016967230056095465,
    "D": 0.9959516391863703
  }
}