{
  "question_id": "gpqa_gpqa_diamond_0001",
  "method": "last_prefix_attn_oracle",
  "prefix_length": 374,
  "keep_m": 5,
  "kl_to_baseline": 0.14302955701992295,
  "token_kl": 0.572072618847233,
  "selected_indices": [
    333,
    337,
    359,
    367,
    368
  ],
  "distribution": {
    "A": 0.3034682713334147,
    "B": 0.11163973807140021,
    "C": 0.14334826119604,
    "D": 0.44154372939914516
  }
}