{
  "question_id": "gpqa_gpqa_diamond_0020",
  "method": "last_prefix_attn_oracle",
  "prefix_length": 52,
  "keep_m": 10,
  "kl_to_baseline": 0.1733293030621616,
  "token_kl": 0.01799440392931544,
  "selected_indices": [
    0,
    38,
    39,
    40,
    41,
    42,
    43,
    44,
    45,
    46
  ],
  "distribution": {
    "A": 0.4527911738459983,
    "B": 0.3111985007666572,
    "C": 0.06943777131401549,
    "D": 0.16657255407332902
  }
}