{
  "question_id": "gpqa_gpqa_diamond_0002",
  "method": "last_prefix_attn_oracle",
  "prefix_length": 27,
  "keep_m": 20,
  "kl_to_baseline": 0.07710395086126978,
  "token_kl": 0.010818394681448426,
  "selected_indices": [
    0,
    1,
    3,
    4,
    5,
    6,
    7,
    8,
    9,
    10,
    11,
    12,
    14,
    15,
    16,
    17,
    18,
    19,
    20,
    21
  ],
  "distribution": {
    "A": 0.340314712898443,
    "B": 0.26503736489602775,
    "C": 0.16075326861560157,
    "D": 0.23389465358992767
  }
}