{
  "question_id": "gpqa_gpqa_diamond_0001",
  "method": "last_prefix_attn_oracle",
  "prefix_length": 426,
  "keep_m": 3,
  "kl_to_baseline": 0.9743052551097836,
  "token_kl": 0.017849016704652783,
  "selected_indices": [
    310,
    311,
    315
  ],
  "distribution": {
    "A": 0.2143913804610587,
    "B": 0.2429372611203101,
    "C": 0.18919972919771988,
    "D": 0.35347162922091135
  }
}