{
  "question_id": "gpqa_gpqa_diamond_0002",
  "method": "last_prefix_attn_oracle",
  "prefix_length": 22,
  "keep_m": 3,
  "kl_to_baseline": 0.1251641986749529,
  "token_kl": 0.06476878653350275,
  "selected_indices": [
    0,
    15,
    16
  ],
  "distribution": {
    "A": 0.2258599656616631,
    "B": 0.2258599656616631,
    "C": 0.3723801295859845,
    "D": 0.17589993909068938
  }
}