{
  "question_id": "gpqa_gpqa_diamond_0011",
  "method": "last_prefix_attn_oracle",
  "prefix_length": 114,
  "keep_m": 3,
  "kl_to_baseline": 0.3634508614827771,
  "token_kl": 0.6878341931109068,
  "selected_indices": [
    80,
    99,
    100
  ],
  "distribution": {
    "A": 0.04444473737587704,
    "B": 0.695232665960264,
    "C": 0.22570900039212308,
    "D": 0.03461359627173598
  }
}