{
  "question_id": "gpqa_gpqa_diamond_0002",
  "method": "last_prefix_attn_oracle",
  "prefix_length": 87,
  "keep_m": 15,
  "kl_to_baseline": 0.0019872439472641114,
  "token_kl": 0.12968360143741992,
  "selected_indices": [
    0,
    15,
    16,
    17,
    23,
    57,
    58,
    59,
    60,
    62,
    67,
    71,
    72,
    74,
    81
  ],
  "distribution": {
    "A": 0.003581348341972572,
    "B": 0.0019169576295483563,
    "C": 0.0014929281030069638,
    "D": 0.993008765925472
  }
}