{
  "question_id": "gpqa_gpqa_diamond_0023",
  "method": "last_prefix_attn_oracle",
  "prefix_length": 254,
  "keep_m": 10,
  "kl_to_baseline": 0.6379680079264787,
  "token_kl": 0.8607895215837864,
  "selected_indices": [
    0,
    234,
    235,
    238,
    240,
    241,
    242,
    243,
    244,
    247
  ],
  "distribution": {
    "A": 0.8246313155587233,
    "B": 0.05271691314556976,
    "C": 0.11160170600494013,
    "D": 0.011050065290766822
  }
}