{
  "question_id": "gpqa_gpqa_diamond_0023",
  "method": "last_prefix_attn_oracle",
  "prefix_length": 102,
  "keep_m": 15,
  "kl_to_baseline": 0.21210361108196263,
  "token_kl": 0.12479568463715385,
  "selected_indices": [
    0,
    7,
    10,
    82,
    83,
    84,
    86,
    87,
    88,
    89,
    90,
    91,
    92,
    93,
    94
  ],
  "distribution": {
    "A": 0.5120516638183038,
    "B": 0.18837327993638486,
    "C": 0.27408150505091106,
    "D": 0.025493551194400374
  }
}