{
  "question_id": "gpqa_gpqa_diamond_0031",
  "method": "last_prefix_attn_oracle",
  "prefix_length": 205,
  "keep_m": 20,
  "kl_to_baseline": 0.09111226708895291,
  "token_kl": 0.7215986340261425,
  "selected_indices": [
    0,
    16,
    20,
    33,
    67,
    71,
    120,
    121,
    125,
    127,
    136,
    151,
    155,
    156,
    157,
    187,
    193,
    194,
    196,
    199
  ],
  "distribution": {
    "A": 0.8383320035255725,
    "B": 0.019715679295659858,
    "C": 0.08835954441364927,
    "D": 0.05359277276511842
  }
}