{
  "question_id": "gpqa_gpqa_diamond_0011",
  "method": "last_prefix_attn_oracle",
  "prefix_length": 113,
  "keep_m": 10,
  "kl_to_baseline": 0.010831023147017964,
  "token_kl": 0.3473861057363544,
  "selected_indices": [
    0,
    75,
    90,
    97,
    98,
    99,
    100,
    101,
    102,
    103
  ],
  "distribution": {
    "A": 0.006665160476477323,
    "B": 0.9891976475312719,
    "C": 0.0024519755114044616,
    "D": 0.001685216480846298
  }
}