{
  "question_id": "gpqa_gpqa_diamond_0009",
  "method": "last_prefix_attn_oracle",
  "prefix_length": 25,
  "keep_m": 15,
  "kl_to_baseline": 0.034375000402514795,
  "token_kl": 0.033911604782806914,
  "selected_indices": [
    0,
    1,
    5,
    7,
    8,
    10,
    11,
    12,
    13,
    14,
    15,
    16,
    17,
    18,
    19
  ],
  "distribution": {
    "A": 0.7208245517565739,
    "B": 0.05916887528553083,
    "C": 0.05916887528553083,
    "D": 0.16083769767236447
  }
}