{
  "question_id": "gpqa_gpqa_diamond_0009",
  "method": "last_prefix_attn_oracle",
  "prefix_length": 70,
  "keep_m": 15,
  "kl_to_baseline": 2.2395185036916074,
  "token_kl": 0.11767983497303132,
  "selected_indices": [
    0,
    20,
    21,
    23,
    26,
    27,
    28,
    30,
    31,
    36,
    37,
    46,
    47,
    59,
    64
  ],
  "distribution": {
    "A": 0.7782784422861093,
    "B": 0.07239116530063848,
    "C": 0.05637829622358875,
    "D": 0.09295209618966348
  }
}