{
  "question_id": "gpqa_gpqa_diamond_0001",
  "method": "last_prefix_attn_oracle",
  "prefix_length": 374,
  "keep_m": 10,
  "kl_to_baseline": 0.1584019935753959,
  "token_kl": 0.5897510879380855,
  "selected_indices": [
    240,
    241,
    303,
    333,
    337,
    350,
    359,
    363,
    367,
    368
  ],
  "distribution": {
    "A": 0.29346230650324867,
    "B": 0.08407836853375808,
    "C": 0.13862177808236664,
    "D": 0.48383754688062663
  }
}