{
  "question_id": "gpqa_gpqa_diamond_0001",
  "method": "last_prefix_attn_oracle",
  "prefix_length": 265,
  "keep_m": 10,
  "kl_to_baseline": 0.08204863711037053,
  "token_kl": 0.14335705076167352,
  "selected_indices": [
    114,
    115,
    120,
    126,
    252,
    253,
    254,
    257,
    258,
    259
  ],
  "distribution": {
    "A": 0.23569204817717074,
    "B": 0.16198861780845475,
    "C": 0.16198861780845475,
    "D": 0.4403307162059198
  }
}