{
  "question_id": "gpqa_gpqa_diamond_0023",
  "method": "last_prefix_attn_oracle",
  "prefix_length": 369,
  "keep_m": 3,
  "kl_to_baseline": 0.8619988747428676,
  "token_kl": 0.2570328046843413,
  "selected_indices": [
    352,
    357,
    358
  ],
  "distribution": {
    "A": 0.22123155639344122,
    "B": 0.28406694138256594,
    "C": 0.41331496088848524,
    "D": 0.08138654133550759
  }
}