{
  "question_id": "gpqa_gpqa_diamond_0023",
  "method": "last_prefix_attn_oracle",
  "prefix_length": 283,
  "keep_m": 10,
  "kl_to_baseline": 0.13014823562669117,
  "token_kl": 0.17305102431046393,
  "selected_indices": [
    0,
    41,
    56,
    72,
    75,
    131,
    132,
    133,
    134,
    135
  ],
  "distribution": {
    "A": 0.5441027540267155,
    "B": 0.13757072860421832,
    "C": 0.29123723474054797,
    "D": 0.027089282628518164
  }
}