{
  "question_id": "gpqa_gpqa_diamond_0023",
  "method": "last_prefix_attn_oracle",
  "prefix_length": 337,
  "keep_m": 10,
  "kl_to_baseline": 0.12319323118842673,
  "token_kl": 0.6649723945565772,
  "selected_indices": [
    0,
    268,
    274,
    300,
    302,
    321,
    322,
    323,
    328,
    329
  ],
  "distribution": {
    "A": 0.53280768018394,
    "B": 0.17297733830944712,
    "C": 0.22210729890032424,
    "D": 0.07210768260628875
  }
}