{
  "question_id": "gpqa_gpqa_diamond_0004",
  "method": "last_prefix_attn_oracle",
  "prefix_length": 55,
  "keep_m": 15,
  "kl_to_baseline": 0.08779093984559952,
  "token_kl": 0.1578517360097008,
  "selected_indices": [
    0,
    15,
    23,
    32,
    33,
    34,
    38,
    42,
    43,
    44,
    45,
    46,
    47,
    48,
    49
  ],
  "distribution": {
    "A": 0.0033140550177114376,
    "B": 0.18094131621486992,
    "C": 0.8109227071690761,
    "D": 0.004821921598342513
  }
}