{
  "question_id": "gpqa_gpqa_diamond_0004",
  "method": "last_prefix_attn_oracle",
  "prefix_length": 45,
  "keep_m": 10,
  "kl_to_baseline": 0.0490532987603713,
  "token_kl": 0.18727868616354085,
  "selected_indices": [
    0,
    23,
    27,
    32,
    33,
    34,
    36,
    37,
    38,
    39
  ],
  "distribution": {
    "A": 0.003916238832265414,
    "B": 0.14695574297065514,
    "C": 0.8456719495578238,
    "D": 0.003456068639255741
  }
}