{
  "question_id": "gpqa_gpqa_diamond_0031",
  "method": "last_prefix_attn_oracle",
  "prefix_length": 174,
  "keep_m": 20,
  "kl_to_baseline": 0.5358703716223367,
  "token_kl": 0.011558863029050908,
  "selected_indices": [
    0,
    44,
    52,
    53,
    86,
    87,
    88,
    105,
    143,
    151,
    155,
    157,
    161,
    162,
    163,
    164,
    165,
    166,
    167,
    168
  ],
  "distribution": {
    "A": 0.5438618756862516,
    "B": 0.07360370537471687,
    "C": 0.22671537343800158,
    "D": 0.15581904550103
  }
}