{
  "question_id": "gpqa_gpqa_diamond_0031",
  "method": "last_prefix_attn_oracle",
  "prefix_length": 78,
  "keep_m": 10,
  "kl_to_baseline": 1.7788556705595442,
  "token_kl": 0.2643189435147324,
  "selected_indices": [
    0,
    36,
    38,
    39,
    40,
    41,
    42,
    67,
    68,
    72
  ],
  "distribution": {
    "A": 0.15048696257266186,
    "B": 0.04311523664198753,
    "C": 0.5252511413127209,
    "D": 0.28114665947262973
  }
}