{
  "question_id": "gpqa_gpqa_diamond_0009",
  "method": "last_prefix_attn_oracle",
  "prefix_length": 47,
  "keep_m": 15,
  "kl_to_baseline": 0.12532442096225105,
  "token_kl": 0.1555437328946834,
  "selected_indices": [
    0,
    21,
    23,
    25,
    26,
    27,
    28,
    31,
    35,
    36,
    37,
    38,
    39,
    40,
    41
  ],
  "distribution": {
    "A": 0.5167798444726742,
    "B": 0.0544681916300634,
    "C": 0.11530916258570657,
    "D": 0.3134428013115558
  }
}