{
  "question_id": "gpqa_gpqa_diamond_0002",
  "method": "last_prefix_attn_oracle",
  "prefix_length": 70,
  "keep_m": 5,
  "kl_to_baseline": 1.2917001525376142,
  "token_kl": 0.3959384235318705,
  "selected_indices": [
    31,
    43,
    59,
    62,
    64
  ],
  "distribution": {
    "A": 0.24103391156692497,
    "B": 0.21271168037566057,
    "C": 0.2731272040287072,
    "D": 0.2731272040287072
  }
}