{
  "question_id": "gpqa_gpqa_diamond_0023",
  "method": "last_prefix_attn_oracle",
  "prefix_length": 284,
  "keep_m": 5,
  "kl_to_baseline": 0.03321229689447315,
  "token_kl": 0.5610266355780358,
  "selected_indices": [
    0,
    80,
    84,
    132,
    133
  ],
  "distribution": {
    "A": 0.38440463617056286,
    "B": 0.29937464951003195,
    "C": 0.2641972009049521,
    "D": 0.05202351341445312
  }
}