{
  "question_id": "gpqa_gpqa_diamond_0011",
  "method": "last_prefix_attn_oracle",
  "prefix_length": 107,
  "keep_m": 10,
  "kl_to_baseline": 1.1979108548332582,
  "token_kl": 0.07002591403968854,
  "selected_indices": [
    0,
    60,
    61,
    62,
    65,
    66,
    67,
    99,
    100,
    101
  ],
  "distribution": {
    "A": 0.16147110652731575,
    "B": 0.3016677420117654,
    "C": 0.4389239746943771,
    "D": 0.09793717676654172
  }
}