{
  "question_id": "gpqa_gpqa_diamond_0007",
  "method": "last_prefix_attn_oracle",
  "prefix_length": 216,
  "keep_m": 3,
  "kl_to_baseline": 0.53692113034652,
  "token_kl": 0.07696529766206685,
  "selected_indices": [
    203,
    204,
    210
  ],
  "distribution": {
    "A": 0.5800731361949417,
    "B": 0.010624408191809674,
    "C": 0.3986780474214389,
    "D": 0.010624408191809674
  }
}