{
  "question_id": "gpqa_gpqa_diamond_0001",
  "method": "last_prefix_attn_oracle",
  "prefix_length": 342,
  "keep_m": 20,
  "kl_to_baseline": 0.16620694484570087,
  "token_kl": 0.03974472191559585,
  "selected_indices": [
    317,
    318,
    319,
    320,
    321,
    322,
    323,
    324,
    325,
    326,
    327,
    328,
    329,
    330,
    331,
    332,
    333,
    334,
    335,
    336
  ],
  "distribution": {
    "A": 0.3363159573449514,
    "B": 0.12372372644509935,
    "C": 0.15886440940282884,
    "D": 0.3810959068071204
  }
}