{
  "question_id": "gpqa_gpqa_diamond_0023",
  "method": "last_prefix_attn_oracle",
  "prefix_length": 136,
  "keep_m": 3,
  "kl_to_baseline": 0.24653054705241223,
  "token_kl": 0.6565829566265055,
  "selected_indices": [
    66,
    82,
    105
  ],
  "distribution": {
    "A": 0.3527809287490976,
    "B": 0.1888300238764981,
    "C": 0.3113280769119955,
    "D": 0.1470609704624088
  }
}