{
  "question_id": "gpqa_gpqa_diamond_0031",
  "method": "last_prefix_attn_oracle",
  "prefix_length": 169,
  "keep_m": 5,
  "kl_to_baseline": 1.6726629168416016,
  "token_kl": 0.10436813560877363,
  "selected_indices": [
    0,
    83,
    161,
    162,
    163
  ],
  "distribution": {
    "A": 0.1627127383678893,
    "B": 0.06782876074345906,
    "C": 0.5011905481276477,
    "D": 0.26826795276100396
  }
}