{
  "question_id": "gpqa_gpqa_diamond_0031",
  "method": "last_prefix_attn_oracle",
  "prefix_length": 173,
  "keep_m": 5,
  "kl_to_baseline": 1.4515554532440897,
  "token_kl": 0.008201274181704738,
  "selected_indices": [
    0,
    163,
    165,
    166,
    167
  ],
  "distribution": {
    "A": 0.19404838338329447,
    "B": 0.08089140101250963,
    "C": 0.36253010780209793,
    "D": 0.36253010780209793
  }
}