{
  "question_id": "gpqa_gpqa_diamond_0002",
  "method": "last_prefix_attn_oracle",
  "prefix_length": 35,
  "keep_m": 20,
  "kl_to_baseline": 0.21267749873318995,
  "token_kl": 0.0275746163527886,
  "selected_indices": [
    0,
    1,
    5,
    9,
    10,
    11,
    14,
    15,
    18,
    19,
    20,
    21,
    22,
    23,
    24,
    25,
    26,
    27,
    28,
    29
  ],
  "distribution": {
    "A": 0.2801288226217134,
    "B": 0.24721281828833164,
    "C": 0.2801288226217134,
    "D": 0.19252953646824159
  }
}