{
  "question_id": "gpqa_gpqa_diamond_0031",
  "method": "last_prefix_attn_oracle",
  "prefix_length": 220,
  "keep_m": 5,
  "kl_to_baseline": 1.6630543802299005,
  "token_kl": 0.6495298718861725,
  "selected_indices": [
    0,
    75,
    158,
    211,
    212
  ],
  "distribution": {
    "A": 0.159489967939003,
    "B": 0.05177881161030142,
    "C": 0.556674686381714,
    "D": 0.23205653406898155
  }
}