{
  "question_id": "gpqa_gpqa_diamond_0031",
  "method": "last_prefix_attn_oracle",
  "prefix_length": 127,
  "keep_m": 3,
  "kl_to_baseline": 1.1743006718076547,
  "token_kl": 0.7344424864782123,
  "selected_indices": [
    77,
    78,
    121
  ],
  "distribution": {
    "A": 0.21160985348794845,
    "B": 0.06869965286256405,
    "C": 0.4479780633493925,
    "D": 0.2717124303000949
  }
}