{
  "question_id": "gpqa_gpqa_diamond_0031",
  "method": "last_prefix_attn_oracle",
  "prefix_length": 126,
  "keep_m": 5,
  "kl_to_baseline": 1.1858307151814063,
  "token_kl": 0.3154033676280139,
  "selected_indices": [
    73,
    75,
    76,
    119,
    120
  ],
  "distribution": {
    "A": 0.20582500140442672,
    "B": 0.05896985724587799,
    "C": 0.43573153139247517,
    "D": 0.2994736099572201
  }
}