{
  "question_id": "gpqa_gpqa_diamond_0001",
  "method": "last_prefix_attn_oracle",
  "prefix_length": 29,
  "keep_m": 3,
  "kl_to_baseline": 0.039066607744988754,
  "token_kl": 0.13423476620490332,
  "selected_indices": [
    6,
    20,
    23
  ],
  "distribution": {
    "A": 0.32007463279396847,
    "B": 0.11774887704539971,
    "C": 0.151192550912733,
    "D": 0.4109839392478988
  }
}