{
  "question_id": "medmcqa_0001",
  "method": "last_prefix_attn_oracle",
  "prefix_length": 83,
  "keep_m": 20,
  "kl_to_baseline": 0.0929878745826811,
  "token_kl": 0.1938535447639551,
  "selected_indices": [
    0,
    9,
    29,
    30,
    31,
    40,
    41,
    46,
    47,
    48,
    49,
    54,
    55,
    61,
    62,
    63,
    66,
    71,
    76,
    77
  ],
  "distribution": {
    "A": 0.8851436535065784,
    "B": 0.018370569630408066,
    "C": 0.0031923263281069957,
    "D": 0.09329345053490656
  }
}