{
  "question_id": "medmcqa_0001",
  "method": "last_prefix_attn_oracle",
  "prefix_length": 38,
  "keep_m": 10,
  "kl_to_baseline": 0.4481953755369161,
  "token_kl": 0.20627815629412224,
  "selected_indices": [
    2,
    9,
    10,
    19,
    24,
    28,
    29,
    30,
    31,
    32
  ],
  "distribution": {
    "A": 0.6190893616457323,
    "B": 0.05758427731694301,
    "C": 0.06525153476266511,
    "D": 0.25807482627465966
  }
}