{
  "question_id": "medmcqa_0001",
  "method": "last_prefix_attn_oracle",
  "prefix_length": 91,
  "keep_m": 20,
  "kl_to_baseline": 0.8521749550966481,
  "token_kl": 0.5314876494313285,
  "selected_indices": [
    30,
    31,
    37,
    40,
    41,
    48,
    49,
    54,
    55,
    61,
    63,
    66,
    67,
    76,
    77,
    78,
    81,
    82,
    83,
    84
  ],
  "distribution": {
    "A": 0.40166802306584876,
    "B": 0.009446324232768763,
    "C": 0.004462127613906892,
    "D": 0.5844235250874755
  }
}