{
  "question_id": "medmcqa_0001",
  "method": "last_prefix_attn_oracle",
  "prefix_length": 84,
  "keep_m": 5,
  "kl_to_baseline": 0.07195194839659903,
  "token_kl": 0.5777961232632399,
  "selected_indices": [
    30,
    41,
    48,
    55,
    63
  ],
  "distribution": {
    "A": 0.9158674607158669,
    "B": 0.05166970681568597,
    "C": 0.0048060313871257695,
    "D": 0.027656801081321482
  }
}