{
  "question_id": "medmcqa_0001",
  "method": "last_prefix_attn_oracle",
  "prefix_length": 50,
  "keep_m": 20,
  "kl_to_baseline": 0.05159742190703755,
  "token_kl": 0.08744088914962264,
  "selected_indices": [
    0,
    9,
    10,
    19,
    23,
    24,
    28,
    29,
    30,
    31,
    32,
    35,
    36,
    37,
    38,
    39,
    40,
    41,
    43,
    44
  ],
  "distribution": {
    "A": 0.9350735157027587,
    "B": 0.028236776637437087,
    "C": 0.011770839738292946,
    "D": 0.0249188679215113
  }
}