{
  "question_id": "medmcqa_0001",
  "method": "last_prefix_attn_oracle",
  "prefix_length": 53,
  "keep_m": 5,
  "kl_to_baseline": 0.09684263229599063,
  "token_kl": 0.2671212102648279,
  "selected_indices": [
    0,
    22,
    26,
    34,
    43
  ],
  "distribution": {
    "A": 0.8883973421350455,
    "B": 0.01118326961094043,
    "C": 0.006782995894867944,
    "D": 0.09363639235914605
  }
}