{
  "question_id": "medmcqa_0001",
  "method": "last_prefix_attn_oracle",
  "prefix_length": 54,
  "keep_m": 3,
  "kl_to_baseline": 1.451766088226513,
  "token_kl": 0.3202465312351532,
  "selected_indices": [
    45,
    46,
    48
  ],
  "distribution": {
    "A": 0.22170165218287902,
    "B": 0.002790811600370021,
    "C": 0.001692712801106099,
    "D": 0.7738148234156449
  }
}