{
  "question_id": "medmcqa_0001",
  "method": "last_prefix_attn_oracle",
  "prefix_length": 52,
  "keep_m": 20,
  "kl_to_baseline": 0.09140574296986134,
  "token_kl": 0.03884901083718285,
  "selected_indices": [
    0,
    5,
    6,
    13,
    20,
    21,
    22,
    25,
    26,
    32,
    33,
    34,
    38,
    39,
    41,
    42,
    43,
    44,
    45,
    46
  ],
  "distribution": {
    "A": 0.8985200548150393,
    "B": 0.05069103049332123,
    "C": 0.011310700448744514,
    "D": 0.03947821424289503
  }
}