{
  "question_id": "medmcqa_0001",
  "method": "last_prefix_attn_oracle",
  "prefix_length": 29,
  "keep_m": 15,
  "kl_to_baseline": 0.005796783160529752,
  "token_kl": 0.07809348177861362,
  "selected_indices": [
    0,
    1,
    2,
    3,
    8,
    9,
    10,
    13,
    14,
    15,
    18,
    19,
    20,
    22,
    23
  ],
  "distribution": {
    "A": 0.981779490879676,
    "B": 0.005837875575511571,
    "C": 0.0014760461008707473,
    "D": 0.010906587443941802
  }
}