{
  "question_id": "medmcqa_0001",
  "method": "last_prefix_attn_oracle",
  "prefix_length": 25,
  "keep_m": 5,
  "kl_to_baseline": 3.0531195338570494,
  "token_kl": 0.08366718988497147,
  "selected_indices": [
    9,
    10,
    14,
    15,
    19
  ],
  "distribution": {
    "A": 0.046745904407205975,
    "B": 0.007168718329658702,
    "C": 0.007168718329658702,
    "D": 0.9389166589334765
  }
}