{
  "question_id": "medmcqa_0001",
  "method": "last_prefix_attn_oracle",
  "prefix_length": 18,
  "keep_m": 3,
  "kl_to_baseline": 0.09237447584767436,
  "token_kl": 0.2930615177591877,
  "selected_indices": [
    0,
    9,
    10
  ],
  "distribution": {
    "A": 0.9059267224853321,
    "B": 0.05110888530960524,
    "C": 0.0351265889242491,
    "D": 0.007837803280813462
  }
}