{
  "question_id": "starfish",
  "method": "last_prefix_attn_oracle",
  "prefix_length": 89,
  "keep_m": 3,
  "kl_to_baseline": 0.13750458846618616,
  "token_kl": 0.6452486711647719,
  "selected_indices": [
    74,
    82,
    83
  ],
  "distribution": {
    "A": 0.004263307046024369,
    "B": 0.8124424424162308,
    "C": 0.18128040688513786,
    "D": 0.0020138436526070096
  }
}