{
  "question_id": "starfish",
  "method": "last_prefix_attn_oracle",
  "prefix_length": 45,
  "keep_m": 10,
  "kl_to_baseline": 0.09105070864594644,
  "token_kl": 0.17441809302086445,
  "selected_indices": [
    0,
    14,
    16,
    17,
    18,
    24,
    33,
    36,
    38,
    39
  ],
  "distribution": {
    "A": 0.37480846975763354,
    "B": 0.1770469847975482,
    "C": 0.29190112974904,
    "D": 0.15624341569577824
  }
}