{
  "question_id": "starfish",
  "method": "last_prefix_attn_oracle",
  "prefix_length": 60,
  "keep_m": 15,
  "kl_to_baseline": 0.11709261067441158,
  "token_kl": 0.18553422717567258,
  "selected_indices": [
    0,
    16,
    24,
    30,
    40,
    41,
    42,
    44,
    45,
    49,
    50,
    51,
    52,
    53,
    54
  ],
  "distribution": {
    "A": 0.33863640659411287,
    "B": 0.18125900674210246,
    "C": 0.29884557992168226,
    "D": 0.18125900674210246
  }
}