{
  "question_id": "starfish",
  "method": "last_prefix_attn_oracle",
  "prefix_length": 40,
  "keep_m": 5,
  "kl_to_baseline": 0.02652848297772981,
  "token_kl": 0.25056237085448135,
  "selected_indices": [
    3,
    29,
    31,
    32,
    33
  ],
  "distribution": {
    "A": 0.6034309437228907,
    "B": 0.17288587025528018,
    "C": 0.11882260508090113,
    "D": 0.10486058094092786
  }
}