{
  "question_id": "starfish",
  "method": "last_prefix_attn_oracle",
  "prefix_length": 39,
  "keep_m": 20,
  "kl_to_baseline": 0.01701973692063308,
  "token_kl": 0.0745107434268525,
  "selected_indices": [
    0,
    1,
    2,
    4,
    14,
    16,
    17,
    18,
    19,
    20,
    21,
    23,
    24,
    26,
    27,
    28,
    29,
    31,
    32,
    33
  ],
  "distribution": {
    "A": 0.3956423451134087,
    "B": 0.14554870217483604,
    "C": 0.2719207420321636,
    "D": 0.1868882106795917
  }
}