{
  "question_id": "starfish",
  "method": "last_prefix_attn_oracle",
  "prefix_length": 23,
  "keep_m": 3,
  "kl_to_baseline": 0.13459718712224097,
  "token_kl": 0.3243304580141604,
  "selected_indices": [
    0,
    3,
    8
  ],
  "distribution": {
    "A": 0.4658923420760485,
    "B": 0.13348038286916541,
    "C": 0.15125308936296253,
    "D": 0.2493741856918236
  }
}