{
  "question_id": "starfish",
  "method": "last_prefix_attn_oracle",
  "prefix_length": 16,
  "keep_m": 10,
  "kl_to_baseline": 0.03231102646058942,
  "token_kl": 0.041013111225593604,
  "selected_indices": [
    0,
    1,
    2,
    3,
    4,
    6,
    7,
    8,
    9,
    10
  ],
  "distribution": {
    "A": 0.3533992459382818,
    "B": 0.21434747778089325,
    "C": 0.07885403034254315,
    "D": 0.3533992459382818
  }
}