{
  "question_id": "starfish",
  "method": "last_prefix_attn_oracle",
  "prefix_length": 50,
  "keep_m": 3,
  "kl_to_baseline": 0.027451721804686274,
  "token_kl": 0.7572191045426362,
  "selected_indices": [
    0,
    39,
    44
  ],
  "distribution": {
    "A": 0.4124578860335623,
    "B": 0.17193800690766997,
    "C": 0.19483130977652013,
    "D": 0.22077279728224747
  }
}