{
  "question_id": "starfish",
  "method": "last_prefix_attn_oracle",
  "prefix_length": 45,
  "keep_m": 3,
  "kl_to_baseline": 0.0904845182904683,
  "token_kl": 0.6119008213114785,
  "selected_indices": [
    14,
    38,
    39
  ],
  "distribution": {
    "A": 0.4087009733881603,
    "B": 0.15035268569626095,
    "C": 0.2478896710143163,
    "D": 0.19305666990126247
  }
}