{
  "question_id": "starfish",
  "method": "last_prefix_attn_oracle",
  "prefix_length": 88,
  "keep_m": 3,
  "kl_to_baseline": 0.462755336240387,
  "token_kl": 0.4622333330097745,
  "selected_indices": [
    79,
    80,
    81
  ],
  "distribution": {
    "A": 0.1965468699948674,
    "B": 0.6054069805602924,
    "C": 0.09284217849916136,
    "D": 0.10520397094567886
  }
}