{
  "question_id": "starfish",
  "method": "last_prefix_attn_oracle",
  "prefix_length": 81,
  "keep_m": 15,
  "kl_to_baseline": 0.014964980396707144,
  "token_kl": 0.1430399262229939,
  "selected_indices": [
    0,
    18,
    45,
    52,
    53,
    55,
    58,
    64,
    65,
    70,
    71,
    72,
    73,
    74,
    75
  ],
  "distribution": {
    "A": 0.03205325855076502,
    "B": 0.936733468167185,
    "C": 0.022029860952255852,
    "D": 0.009183412329794081
  }
}