{
  "question_id": "starfish",
  "method": "last_prefix_attn_oracle",
  "prefix_length": 82,
  "keep_m": 15,
  "kl_to_baseline": 0.010625560760799024,
  "token_kl": 0.24423976711545287,
  "selected_indices": [
    0,
    24,
    42,
    55,
    59,
    60,
    64,
    65,
    67,
    70,
    71,
    72,
    73,
    74,
    75
  ],
  "distribution": {
    "A": 0.013684244203304474,
    "B": 0.9593398041022021,
    "C": 0.01757091736520484,
    "D": 0.009405034329288674
  }
}