{
  "question_id": "starfish",
  "method": "last_prefix_attn_oracle",
  "prefix_length": 66,
  "keep_m": 10,
  "kl_to_baseline": 0.03720734127798725,
  "token_kl": 0.17633048145480434,
  "selected_indices": [
    0,
    17,
    41,
    45,
    53,
    54,
    55,
    56,
    59,
    60
  ],
  "distribution": {
    "A": 0.2666584551115272,
    "B": 0.18327149729711636,
    "C": 0.3423962339378881,
    "D": 0.20767381365346843
  }
}