{
  "question_id": "starfish",
  "method": "last_prefix_attn_oracle",
  "prefix_length": 53,
  "keep_m": 5,
  "kl_to_baseline": 0.0627115419593199,
  "token_kl": 0.1491066687663641,
  "selected_indices": [
    0,
    16,
    36,
    45,
    46
  ],
  "distribution": {
    "A": 0.44229883850970647,
    "B": 0.16271263984329942,
    "C": 0.26826779032141695,
    "D": 0.12672073132557707
  }
}