{
  "question_id": "starfish",
  "method": "last_prefix_attn_oracle",
  "prefix_length": 92,
  "keep_m": 20,
  "kl_to_baseline": 2.8781572214996927,
  "token_kl": 0.19047675119139565,
  "selected_indices": [
    0,
    14,
    18,
    38,
    44,
    45,
    51,
    52,
    58,
    64,
    70,
    71,
    75,
    76,
    79,
    80,
    83,
    84,
    85,
    86
  ],
  "distribution": {
    "A": 0.04997019894922839,
    "B": 0.04997019894922839,
    "C": 0.8857429038158986,
    "D": 0.014316698285644695
  }
}