{
  "question_id": "starfish",
  "method": "last_prefix_attn_oracle",
  "prefix_length": 61,
  "keep_m": 5,
  "kl_to_baseline": 0.17022513107378895,
  "token_kl": 0.26217903850695684,
  "selected_indices": [
    0,
    4,
    53,
    54,
    55
  ],
  "distribution": {
    "A": 0.4431036796103751,
    "B": 0.14385468573225604,
    "C": 0.34508949266238104,
    "D": 0.06795214199498782
  }
}