{
  "question_id": "waffle",
  "method": "last_prefix_attn_oracle",
  "prefix_length": 256,
  "keep_m": 10,
  "kl_to_baseline": 1.3500627195188726,
  "token_kl": 0.8531945261568445,
  "selected_indices": [
    104,
    133,
    185,
    186,
    191,
    192,
    198,
    232,
    234,
    249
  ],
  "distribution": {
    "A": 0.8870143638353266,
    "B": 0.06425510500212218,
    "C": 0.034393279293073634,
    "D": 0.014337251869477697
  }
}