{
  "question_id": "waffle",
  "method": "last_prefix_attn_oracle",
  "prefix_length": 241,
  "keep_m": 20,
  "kl_to_baseline": 0.3328215160454774,
  "token_kl": 0.4759728079682119,
  "selected_indices": [
    0,
    14,
    30,
    84,
    109,
    115,
    153,
    172,
    173,
    188,
    198,
    199,
    203,
    204,
    217,
    218,
    229,
    230,
    234,
    235
  ],
  "distribution": {
    "A": 0.0019236858411145724,
    "B": 0.0013221286543600391,
    "C": 0.9964938430605009,
    "D": 0.0002603424440245214
  }
}