{
  "question_id": "waffle",
  "method": "last_prefix_attn_oracle",
  "prefix_length": 91,
  "keep_m": 10,
  "kl_to_baseline": 0.05627260021375053,
  "token_kl": 0.35824107965438073,
  "selected_indices": [
    0,
    33,
    36,
    60,
    69,
    70,
    74,
    76,
    78,
    85
  ],
  "distribution": {
    "A": 0.6327065860704831,
    "B": 0.20540976652503623,
    "C": 0.10994792506194316,
    "D": 0.0519357223425375
  }
}