{
  "question_id": "waffle",
  "method": "last_prefix_attn_oracle",
  "prefix_length": 246,
  "keep_m": 3,
  "kl_to_baseline": 1.498642042640447,
  "token_kl": 0.3694271838696643,
  "selected_indices": [
    0,
    20,
    27
  ],
  "distribution": {
    "A": 0.7284590443541159,
    "B": 0.14344208646650788,
    "C": 0.08700202333508762,
    "D": 0.04109684584428866
  }
}