{
  "question_id": "waffle",
  "method": "last_prefix_attn_oracle",
  "prefix_length": 16,
  "keep_m": 5,
  "kl_to_baseline": 0.025093543319562067,
  "token_kl": 0.02383892388507997,
  "selected_indices": [
    0,
    1,
    5,
    6,
    7
  ],
  "distribution": {
    "A": 0.4969022209959377,
    "B": 0.30138641394930815,
    "C": 0.14236486140021118,
    "D": 0.05934650365454295
  }
}