{
  "question_id": "waffle",
  "method": "last_prefix_attn_oracle",
  "prefix_length": 124,
  "keep_m": 5,
  "kl_to_baseline": 0.020857852467090626,
  "token_kl": 0.23532689332634238,
  "selected_indices": [
    6,
    110,
    111,
    112,
    116
  ],
  "distribution": {
    "A": 0.8246558659878825,
    "B": 0.09849108613244185,
    "C": 0.05973786344772376,
    "D": 0.01711518443195187
  }
}