{
  "question_id": "waffle",
  "method": "last_prefix_attn_oracle",
  "prefix_length": 76,
  "keep_m": 3,
  "kl_to_baseline": 0.0545279616033072,
  "token_kl": 0.4299708490910979,
  "selected_indices": [
    0,
    50,
    64
  ],
  "distribution": {
    "A": 0.42434601659115667,
    "B": 0.2916484503171552,
    "C": 0.20044685307898227,
    "D": 0.08355868001270579
  }
}