{
  "question_id": "waffle",
  "method": "last_prefix_attn_oracle",
  "prefix_length": 284,
  "keep_m": 10,
  "kl_to_baseline": 0.724453238832829,
  "token_kl": 0.40059734912769196,
  "selected_indices": [
    0,
    75,
    253,
    263,
    272,
    273,
    275,
    276,
    277,
    278
  ],
  "distribution": {
    "A": 0.4820192779702722,
    "B": 0.2580063273000602,
    "C": 0.13810083531756834,
    "D": 0.12187355941209936
  }
}