{
  "question_id": "waffle",
  "method": "last_prefix_attn_oracle",
  "prefix_length": 272,
  "keep_m": 15,
  "kl_to_baseline": 0.3867344140420348,
  "token_kl": 0.3434156344252058,
  "selected_indices": [
    0,
    15,
    168,
    182,
    196,
    197,
    216,
    217,
    260,
    261,
    262,
    263,
    264,
    265,
    266
  ],
  "distribution": {
    "A": 0.5847717345723118,
    "B": 0.24376914085449117,
    "C": 0.10161809639189798,
    "D": 0.06984102818129906
  }
}