{
  "question_id": "waffle",
  "method": "last_prefix_attn_oracle",
  "prefix_length": 62,
  "keep_m": 5,
  "kl_to_baseline": 0.05424291446037367,
  "token_kl": 0.2501307317830802,
  "selected_indices": [
    0,
    15,
    17,
    20,
    46
  ],
  "distribution": {
    "A": 0.47617857641384276,
    "B": 0.2548800098493797,
    "C": 0.17517629814761607,
    "D": 0.09376511558916154
  }
}