{
  "question_id": "waffle",
  "method": "last_prefix_attn_oracle",
  "prefix_length": 197,
  "keep_m": 5,
  "kl_to_baseline": 0.26186605357358894,
  "token_kl": 0.3178201139679651,
  "selected_indices": [
    15,
    25,
    46,
    168,
    182
  ],
  "distribution": {
    "A": 0.5881915749168811,
    "B": 0.21638357498470628,
    "C": 0.11582178145435994,
    "D": 0.07960306864405264
  }
}