{
  "question_id": "waffle",
  "method": "last_prefix_attn_oracle",
  "prefix_length": 136,
  "keep_m": 15,
  "kl_to_baseline": 0.04053873576252838,
  "token_kl": 0.15328953467219575,
  "selected_indices": [
    0,
    56,
    64,
    65,
    66,
    81,
    101,
    105,
    109,
    111,
    114,
    117,
    121,
    127,
    130
  ],
  "distribution": {
    "A": 0.6091268493727091,
    "B": 0.2539218335349929,
    "C": 0.07274982333531016,
    "D": 0.06420149375698773
  }
}