{
  "question_id": "waffle",
  "method": "last_prefix_attn_oracle",
  "prefix_length": 162,
  "keep_m": 10,
  "kl_to_baseline": 0.3902402552255269,
  "token_kl": 0.3288919795306343,
  "selected_indices": [
    0,
    127,
    137,
    140,
    141,
    147,
    151,
    152,
    153,
    154
  ],
  "distribution": {
    "A": 0.321979100740478,
    "B": 0.41342934899303657,
    "C": 0.1723429934156081,
    "D": 0.09224855685087732
  }
}