{
  "question_id": "waffle",
  "method": "last_prefix_attn_oracle",
  "prefix_length": 159,
  "keep_m": 5,
  "kl_to_baseline": 0.12157379762870499,
  "token_kl": 0.597583508023413,
  "selected_indices": [
    141,
    147,
    151,
    152,
    153
  ],
  "distribution": {
    "A": 0.5242370685094152,
    "B": 0.28060386544766314,
    "C": 0.13254788060731618,
    "D": 0.06261118543560552
  }
}