{
  "question_id": "waffle",
  "method": "last_prefix_attn_oracle",
  "prefix_length": 162,
  "keep_m": 15,
  "kl_to_baseline": 0.17482060366464003,
  "token_kl": 0.22729287855833522,
  "selected_indices": [
    0,
    121,
    127,
    135,
    137,
    138,
    140,
    141,
    147,
    148,
    151,
    152,
    153,
    154,
    155
  ],
  "distribution": {
    "A": 0.47343782189047545,
    "B": 0.2871545373283976,
    "C": 0.11970382039056347,
    "D": 0.11970382039056347
  }
}