{
  "question_id": "waffle",
  "method": "last_prefix_attn_oracle",
  "prefix_length": 293,
  "keep_m": 3,
  "kl_to_baseline": 0.2821074830734004,
  "token_kl": 0.8596553352524402,
  "selected_indices": [
    0,
    241,
    287
  ],
  "distribution": {
    "A": 0.5837308513544646,
    "B": 0.1672416790199555,
    "C": 0.14759026371815787,
    "D": 0.10143720590742211
  }
}