{
  "question_id": "waffle",
  "method": "last_prefix_attn_oracle",
  "prefix_length": 254,
  "keep_m": 20,
  "kl_to_baseline": 0.7923844174037814,
  "token_kl": 0.331289635189377,
  "selected_indices": [
    0,
    24,
    58,
    82,
    121,
    161,
    230,
    234,
    235,
    236,
    239,
    240,
    241,
    242,
    243,
    244,
    245,
    246,
    247,
    248
  ],
  "distribution": {
    "A": 0.5717196655609329,
    "B": 0.23832821447565183,
    "C": 0.11257827709278487,
    "D": 0.07737384287063034
  }
}