{
  "question_id": "waffle",
  "method": "last_prefix_attn_oracle",
  "prefix_length": 209,
  "keep_m": 20,
  "kl_to_baseline": 1.073006883410716,
  "token_kl": 0.620373900438921,
  "selected_indices": [
    28,
    54,
    55,
    69,
    70,
    125,
    128,
    129,
    130,
    138,
    139,
    163,
    164,
    169,
    183,
    186,
    192,
    198,
    199,
    203
  ],
  "distribution": {
    "A": 0.5257224213109671,
    "B": 0.17067707105106486,
    "C": 0.17067707105106486,
    "D": 0.13292343658690312
  }
}