{
  "question_id": "waffle",
  "method": "last_prefix_attn_oracle",
  "prefix_length": 191,
  "keep_m": 10,
  "kl_to_baseline": 0.30386710282526613,
  "token_kl": 0.8258968311938522,
  "selected_indices": [
    0,
    85,
    174,
    175,
    176,
    177,
    178,
    180,
    183,
    184
  ],
  "distribution": {
    "A": 0.5483660243727604,
    "B": 0.22859296844310306,
    "C": 0.17802838282810562,
    "D": 0.04501262435603089
  }
}