{
  "question_id": "waffle",
  "method": "last_prefix_attn_oracle",
  "prefix_length": 215,
  "keep_m": 20,
  "kl_to_baseline": 0.7066284056930676,
  "token_kl": 0.28706928737566423,
  "selected_indices": [
    0,
    80,
    93,
    100,
    137,
    149,
    150,
    151,
    160,
    177,
    195,
    197,
    198,
    199,
    204,
    205,
    206,
    207,
    208,
    209
  ],
  "distribution": {
    "A": 0.6492887697661053,
    "B": 0.15421960042432767,
    "C": 0.13609835214067498,
    "D": 0.060393277668892104
  }
}