{
  "question_id": "waffle",
  "method": "last_prefix_attn_oracle",
  "prefix_length": 194,
  "keep_m": 15,
  "kl_to_baseline": 2.0209905562221824,
  "token_kl": 0.4047657043748062,
  "selected_indices": [
    0,
    58,
    83,
    108,
    169,
    170,
    171,
    172,
    173,
    174,
    183,
    184,
    186,
    187,
    188
  ],
  "distribution": {
    "A": 0.009625843704878175,
    "B": 0.006615739177680342,
    "C": 0.9818629761082601,
    "D": 0.0018954410091813073
  }
}