{
  "question_id": "waffle",
  "method": "last_prefix_attn_oracle",
  "prefix_length": 25,
  "keep_m": 5,
  "kl_to_baseline": 0.08936264872919336,
  "token_kl": 0.048720878640355715,
  "selected_indices": [
    0,
    13,
    14,
    15,
    17
  ],
  "distribution": {
    "A": 0.6327066137734058,
    "B": 0.205409751032107,
    "C": 0.10994791676917573,
    "D": 0.05193571842531154
  }
}