{
  "question_id": "waffle",
  "method": "last_prefix_attn_oracle",
  "prefix_length": 297,
  "keep_m": 3,
  "kl_to_baseline": 0.45088742971374157,
  "token_kl": 0.26354633198858346,
  "selected_indices": [
    0,
    289,
    290
  ],
  "distribution": {
    "A": 0.538583667435727,
    "B": 0.22451506199097437,
    "C": 0.15430679503348718,
    "D": 0.08259447553981139
  }
}