{
  "question_id": "waffle",
  "method": "last_prefix_attn_oracle",
  "prefix_length": 221,
  "keep_m": 15,
  "kl_to_baseline": 0.7626698507279934,
  "token_kl": 0.21876219307820546,
  "selected_indices": [
    0,
    87,
    127,
    137,
    162,
    205,
    206,
    207,
    209,
    210,
    211,
    212,
    213,
    214,
    215
  ],
  "distribution": {
    "A": 0.5150773463569714,
    "B": 0.2757010362088033,
    "C": 0.13023194806107807,
    "D": 0.0789896693731471
  }
}