{
  "question_id": "waffle",
  "method": "last_prefix_attn_oracle",
  "prefix_length": 232,
  "keep_m": 20,
  "kl_to_baseline": 0.7970882364306346,
  "token_kl": 0.2730890409757616,
  "selected_indices": [
    0,
    59,
    60,
    61,
    62,
    63,
    104,
    105,
    132,
    133,
    166,
    167,
    185,
    186,
    191,
    199,
    216,
    217,
    220,
    226
  ],
  "distribution": {
    "A": 0.7003099737199144,
    "B": 0.17706610124733754,
    "C": 0.06513897837727656,
    "D": 0.0574849466554715
  }
}