{
  "question_id": "waffle",
  "method": "last_prefix_attn_oracle",
  "prefix_length": 86,
  "keep_m": 10,
  "kl_to_baseline": 0.017113125399168042,
  "token_kl": 0.28732359208458547,
  "selected_indices": [
    0,
    24,
    42,
    58,
    64,
    72,
    73,
    75,
    79,
    80
  ],
  "distribution": {
    "A": 0.6875888083731476,
    "B": 0.1738496763889339,
    "C": 0.0821207821205412,
    "D": 0.05644073311737733
  }
}