{
  "question_id": "waffle",
  "method": "last_prefix_attn_oracle",
  "prefix_length": 198,
  "keep_m": 15,
  "kl_to_baseline": 0.9639020985744283,
  "token_kl": 0.4698852676561536,
  "selected_indices": [
    0,
    27,
    28,
    41,
    94,
    124,
    169,
    177,
    180,
    182,
    183,
    186,
    187,
    191,
    192
  ],
  "distribution": {
    "A": 0.7182101186256679,
    "B": 0.16025433878916803,
    "C": 0.08577796630665632,
    "D": 0.0357575762785078
  }
}