{
  "question_id": "waffle",
  "method": "last_prefix_attn_oracle",
  "prefix_length": 271,
  "keep_m": 15,
  "kl_to_baseline": 0.7179828319838295,
  "token_kl": 0.2761560418593619,
  "selected_indices": [
    0,
    100,
    110,
    150,
    154,
    156,
    197,
    214,
    215,
    217,
    258,
    259,
    260,
    264,
    265
  ],
  "distribution": {
    "A": 0.806472101866372,
    "B": 0.12367650244307725,
    "C": 0.04549804260479778,
    "D": 0.024353353085753083
  }
}