{
  "question_id": "waffle",
  "method": "last_prefix_attn_oracle",
  "prefix_length": 106,
  "keep_m": 15,
  "kl_to_baseline": 0.0829863287795384,
  "token_kl": 0.2859487550342501,
  "selected_indices": [
    0,
    42,
    56,
    63,
    64,
    65,
    75,
    81,
    82,
    83,
    84,
    85,
    86,
    95,
    98
  ],
  "distribution": {
    "A": 0.8716628133918973,
    "B": 0.09187257913488643,
    "C": 0.015965064177599762,
    "D": 0.020499543295616502
  }
}