{
  "question_id": "waffle",
  "method": "last_prefix_attn_oracle",
  "prefix_length": 273,
  "keep_m": 20,
  "kl_to_baseline": 0.2751677966493092,
  "token_kl": 0.8591349118664487,
  "selected_indices": [
    157,
    158,
    169,
    183,
    186,
    192,
    197,
    198,
    199,
    216,
    217,
    218,
    228,
    229,
    234,
    235,
    257,
    262,
    266,
    267
  ],
  "distribution": {
    "A": 0.5364815817433871,
    "B": 0.1537045465966226,
    "C": 0.17417006920530084,
    "D": 0.13564380245468943
  }
}