{
  "question_id": "waffle",
  "method": "last_prefix_attn_oracle",
  "prefix_length": 101,
  "keep_m": 15,
  "kl_to_baseline": 0.10165933680101956,
  "token_kl": 0.10032383145167709,
  "selected_indices": [
    0,
    27,
    40,
    57,
    70,
    79,
    80,
    81,
    82,
    85,
    91,
    92,
    93,
    94,
    95
  ],
  "distribution": {
    "A": 0.6667769296946888,
    "B": 0.21647078185433757,
    "C": 0.062019909987993664,
    "D": 0.05473237846297981
  }
}