{
  "question_id": "waffle",
  "method": "last_prefix_attn_oracle",
  "prefix_length": 225,
  "keep_m": 5,
  "kl_to_baseline": 0.45033554198609016,
  "token_kl": 0.6796870650081897,
  "selected_indices": [
    208,
    215,
    217,
    218,
    219
  ],
  "distribution": {
    "A": 0.38812073416459414,
    "B": 0.26675121946780656,
    "C": 0.16179279312295816,
    "D": 0.1833352532446411
  }
}