{
  "question_id": "waffle",
  "method": "last_prefix_attn_oracle",
  "prefix_length": 302,
  "keep_m": 20,
  "kl_to_baseline": 1.2168266845763065,
  "token_kl": 0.1826824508631546,
  "selected_indices": [
    0,
    80,
    100,
    150,
    177,
    217,
    228,
    266,
    267,
    270,
    272,
    273,
    278,
    279,
    282,
    292,
    293,
    294,
    295,
    296
  ],
  "distribution": {
    "A": 0.575187002447216,
    "B": 0.2115994604170478,
    "C": 0.11326102945667654,
    "D": 0.09995250767905967
  }
}