{
  "question_id": "waffle",
  "method": "last_prefix_attn_oracle",
  "prefix_length": 159,
  "keep_m": 15,
  "kl_to_baseline": 0.18246043200167755,
  "token_kl": 0.576699008575823,
  "selected_indices": [
    0,
    30,
    50,
    57,
    84,
    108,
    109,
    115,
    130,
    136,
    141,
    147,
    151,
    152,
    153
  ],
  "distribution": {
    "A": 0.4761785466791669,
    "B": 0.25488002431762047,
    "C": 0.1751763080914828,
    "D": 0.09376512091172982
  }
}