{
  "question_id": "waffle",
  "method": "last_prefix_attn_oracle",
  "prefix_length": 218,
  "keep_m": 10,
  "kl_to_baseline": 0.9688084546025101,
  "token_kl": 0.7401411122140208,
  "selected_indices": [
    28,
    130,
    158,
    169,
    192,
    198,
    199,
    203,
    204,
    212
  ],
  "distribution": {
    "A": 0.5011174548129378,
    "B": 0.2682288447189737,
    "C": 0.14357255459427623,
    "D": 0.0870811458738123
  }
}