{
  "question_id": "waffle",
  "method": "last_prefix_attn_oracle",
  "prefix_length": 288,
  "keep_m": 15,
  "kl_to_baseline": 0.6951195105287472,
  "token_kl": 0.39202314239614755,
  "selected_indices": [
    0,
    153,
    188,
    199,
    204,
    235,
    240,
    257,
    262,
    268,
    273,
    275,
    276,
    277,
    282
  ],
  "distribution": {
    "A": 0.2859523012893567,
    "B": 0.17343883794737924,
    "C": 0.17343883794737924,
    "D": 0.36717002281588484
  }
}