{
  "question_id": "waffle",
  "method": "last_prefix_attn_oracle",
  "prefix_length": 125,
  "keep_m": 15,
  "kl_to_baseline": 0.35104146108051393,
  "token_kl": 0.27320536502501996,
  "selected_indices": [
    0,
    7,
    15,
    17,
    25,
    61,
    104,
    110,
    111,
    112,
    113,
    114,
    116,
    117,
    119
  ],
  "distribution": {
    "A": 0.3575234844587316,
    "B": 0.3575234844587316,
    "C": 0.1688821358777268,
    "D": 0.11607089520480995
  }
}