{
  "question_id": "waffle",
  "method": "last_prefix_attn_oracle",
  "prefix_length": 232,
  "keep_m": 3,
  "kl_to_baseline": 0.4731469725545231,
  "token_kl": 0.33609513079362807,
  "selected_indices": [
    59,
    60,
    104
  ],
  "distribution": {
    "A": 0.7805117726140022,
    "B": 0.04989644232174944,
    "C": 0.11969534274249903,
    "D": 0.04989644232174944
  }
}