{
  "question_id": "waffle",
  "method": "last_prefix_attn_oracle",
  "prefix_length": 279,
  "keep_m": 15,
  "kl_to_baseline": 0.07725347380289742,
  "token_kl": 0.24813485445269945,
  "selected_indices": [
    0,
    93,
    150,
    177,
    215,
    246,
    247,
    254,
    258,
    265,
    266,
    267,
    269,
    270,
    272
  ],
  "distribution": {
    "A": 0.5443896363877081,
    "B": 0.06501806241666669,
    "C": 0.3741531605741875,
    "D": 0.01643914062143778
  }
}