{
  "question_id": "waffle",
  "method": "last_prefix_attn_oracle",
  "prefix_length": 228,
  "keep_m": 20,
  "kl_to_baseline": 1.09135347413775,
  "token_kl": 0.27182874409331087,
  "selected_indices": [
    0,
    40,
    51,
    68,
    79,
    80,
    93,
    100,
    118,
    150,
    177,
    206,
    214,
    215,
    217,
    218,
    219,
    220,
    221,
    222
  ],
  "distribution": {
    "A": 0.6565702974162271,
    "B": 0.21315716705038362,
    "C": 0.06920199196850217,
    "D": 0.061070543564887225
  }
}