{
  "question_id": "waffle",
  "method": "last_prefix_attn_oracle",
  "prefix_length": 271,
  "keep_m": 20,
  "kl_to_baseline": 0.5313231413375985,
  "token_kl": 0.22283656551247788,
  "selected_indices": [
    0,
    100,
    110,
    150,
    154,
    156,
    195,
    197,
    214,
    215,
    216,
    217,
    258,
    259,
    260,
    261,
    262,
    263,
    264,
    265
  ],
  "distribution": {
    "A": 0.6720327406977633,
    "B": 0.1925406038570095,
    "C": 0.08026285542587405,
    "D": 0.055163800019353046
  }
}