{
  "question_id": "waffle",
  "method": "last_prefix_attn_oracle",
  "prefix_length": 293,
  "keep_m": 10,
  "kl_to_baseline": 0.2625745496936029,
  "token_kl": 0.8286675506175711,
  "selected_indices": [
    0,
    1,
    16,
    31,
    48,
    232,
    241,
    258,
    279,
    287
  ],
  "distribution": {
    "A": 0.5208125159995776,
    "B": 0.21710695729342935,
    "C": 0.19159621734101745,
    "D": 0.0704843093659757
  }
}