{
  "question_id": "waffle",
  "method": "last_prefix_attn_oracle",
  "prefix_length": 160,
  "keep_m": 5,
  "kl_to_baseline": 0.33214783535634,
  "token_kl": 0.7999900358352123,
  "selected_indices": [
    150,
    151,
    152,
    153,
    154
  ],
  "distribution": {
    "A": 0.40848355183330054,
    "B": 0.19295396723090177,
    "C": 0.0804351708962343,
    "D": 0.3181273100395633
  }
}