{
  "question_id": "waffle",
  "method": "last_prefix_attn_oracle",
  "prefix_length": 250,
  "keep_m": 10,
  "kl_to_baseline": 1.2615096699087684,
  "token_kl": 0.4555297351798106,
  "selected_indices": [
    55,
    70,
    129,
    130,
    138,
    139,
    164,
    208,
    217,
    244
  ],
  "distribution": {
    "A": 0.4329196469892127,
    "B": 0.26257903909092756,
    "C": 0.12403355551742959,
    "D": 0.1804677584024301
  }
}