{
  "question_id": "waffle",
  "method": "last_prefix_attn_oracle",
  "prefix_length": 290,
  "keep_m": 15,
  "kl_to_baseline": 0.39805786359611084,
  "token_kl": 0.43994389812760337,
  "selected_indices": [
    0,
    105,
    187,
    189,
    235,
    254,
    256,
    273,
    275,
    276,
    277,
    278,
    282,
    283,
    284
  ],
  "distribution": {
    "A": 0.6437934517794743,
    "B": 0.18444991761903473,
    "C": 0.11187451688093156,
    "D": 0.059882113720559314
  }
}