{
  "question_id": "waffle",
  "method": "last_prefix_attn_oracle",
  "prefix_length": 222,
  "keep_m": 10,
  "kl_to_baseline": 0.9768650213013296,
  "token_kl": 0.48470640074277144,
  "selected_indices": [
    0,
    162,
    206,
    207,
    209,
    211,
    212,
    213,
    214,
    215
  ],
  "distribution": {
    "A": 0.29902338301410947,
    "B": 0.4350764809881977,
    "C": 0.12465149137436185,
    "D": 0.14124864462333098
  }
}