{
  "question_id": "waffle",
  "method": "last_prefix_attn_oracle",
  "prefix_length": 190,
  "keep_m": 15,
  "kl_to_baseline": 1.0549673203713004,
  "token_kl": 0.21315624703226294,
  "selected_indices": [
    0,
    82,
    103,
    105,
    131,
    161,
    170,
    173,
    174,
    175,
    176,
    178,
    182,
    183,
    184
  ],
  "distribution": {
    "A": 0.7568440548674163,
    "B": 0.1688747351699536,
    "C": 0.048383427462439635,
    "D": 0.025897782500190383
  }
}