{
  "question_id": "waffle",
  "method": "last_prefix_attn_oracle",
  "prefix_length": 250,
  "keep_m": 5,
  "kl_to_baseline": 1.333099521219077,
  "token_kl": 0.4186321225616897,
  "selected_indices": [
    70,
    129,
    130,
    139,
    208
  ],
  "distribution": {
    "A": 0.5501667453606544,
    "B": 0.20239504689807325,
    "C": 0.1083342619278307,
    "D": 0.13910394581344174
  }
}