{
  "question_id": "waffle",
  "method": "last_prefix_attn_oracle",
  "prefix_length": 125,
  "keep_m": 10,
  "kl_to_baseline": 0.09756246717428406,
  "token_kl": 0.3232894894096174,
  "selected_indices": [
    0,
    7,
    15,
    17,
    104,
    111,
    112,
    113,
    117,
    119
  ],
  "distribution": {
    "A": 0.5658897519223933,
    "B": 0.23589794490173896,
    "C": 0.11143029903192427,
    "D": 0.08678200414394342
  }
}