{
  "question_id": "waffle",
  "method": "last_prefix_attn_oracle",
  "prefix_length": 111,
  "keep_m": 5,
  "kl_to_baseline": 0.09904582170618459,
  "token_kl": 0.26808852792606996,
  "selected_indices": [
    0,
    6,
    48,
    74,
    105
  ],
  "distribution": {
    "A": 0.43589456091525647,
    "B": 0.20590201109809794,
    "C": 0.23331754535915822,
    "D": 0.12488588262748732
  }
}