{
  "question_id": "waffle",
  "method": "last_prefix_attn_oracle",
  "prefix_length": 97,
  "keep_m": 15,
  "kl_to_baseline": 0.008174185210560288,
  "token_kl": 0.12142290293953606,
  "selected_indices": [
    0,
    44,
    71,
    74,
    75,
    76,
    77,
    79,
    85,
    86,
    87,
    88,
    89,
    90,
    91
  ],
  "distribution": {
    "A": 0.508906861659202,
    "B": 0.3086676145344417,
    "C": 0.11355246954265256,
    "D": 0.06887305426370378
  }
}