{
  "question_id": "waffle",
  "method": "last_prefix_attn_oracle",
  "prefix_length": 183,
  "keep_m": 5,
  "kl_to_baseline": 0.31246534262736875,
  "token_kl": 0.6550214663819103,
  "selected_indices": [
    0,
    15,
    168,
    176,
    177
  ],
  "distribution": {
    "A": 0.36779178791187,
    "B": 0.28643653243299644,
    "C": 0.2527793526591913,
    "D": 0.09299232699594225
  }
}