{
  "question_id": "waffle",
  "method": "last_prefix_attn_oracle",
  "prefix_length": 72,
  "keep_m": 15,
  "kl_to_baseline": 0.1493339178403094,
  "token_kl": 0.2890679935749479,
  "selected_indices": [
    0,
    42,
    44,
    52,
    53,
    54,
    56,
    57,
    58,
    59,
    60,
    63,
    64,
    65,
    66
  ],
  "distribution": {
    "A": 0.6670183781859707,
    "B": 0.1686486521087568,
    "C": 0.10229059041715853,
    "D": 0.062042379288113944
  }
}