{
  "question_id": "waffle",
  "method": "last_prefix_attn_oracle",
  "prefix_length": 191,
  "keep_m": 5,
  "kl_to_baseline": 0.41711071382260323,
  "token_kl": 0.6888787797773325,
  "selected_indices": [
    0,
    174,
    175,
    176,
    177
  ],
  "distribution": {
    "A": 0.4750690561418262,
    "B": 0.2881439652054781,
    "C": 0.15423235043501043,
    "D": 0.0825546282176852
  }
}