{
  "question_id": "waffle",
  "method": "last_prefix_attn_oracle",
  "prefix_length": 227,
  "keep_m": 20,
  "kl_to_baseline": 0.4933113444485795,
  "token_kl": 0.27842158921350174,
  "selected_indices": [
    0,
    19,
    38,
    48,
    55,
    67,
    78,
    136,
    175,
    201,
    206,
    208,
    214,
    215,
    216,
    217,
    218,
    219,
    220,
    221
  ],
  "distribution": {
    "A": 0.5666417294989838,
    "B": 0.20845584279250579,
    "C": 0.12643485984989153,
    "D": 0.09846756785861885
  }
}