{
  "question_id": "waffle",
  "method": "last_prefix_attn_oracle",
  "prefix_length": 251,
  "keep_m": 20,
  "kl_to_baseline": 1.233764965102617,
  "token_kl": 0.091745121905778,
  "selected_indices": [
    0,
    27,
    54,
    71,
    118,
    119,
    138,
    140,
    165,
    175,
    176,
    178,
    228,
    234,
    240,
    241,
    242,
    243,
    244,
    245
  ],
  "distribution": {
    "A": 0.46564298106317037,
    "B": 0.3200314286289847,
    "C": 0.1334089636024638,
    "D": 0.08091662670538106
  }
}