{
  "question_id": "waffle",
  "method": "last_prefix_attn_oracle",
  "prefix_length": 66,
  "keep_m": 10,
  "kl_to_baseline": 0.04792268591390807,
  "token_kl": 0.4398532979014899,
  "selected_indices": [
    0,
    32,
    39,
    42,
    46,
    47,
    49,
    50,
    56,
    57
  ],
  "distribution": {
    "A": 0.37491963634251846,
    "B": 0.3308653980693004,
    "C": 0.156289747507279,
    "D": 0.1379252180809022
  }
}