{
  "question_id": "waffle",
  "method": "last_prefix_attn_oracle",
  "prefix_length": 86,
  "keep_m": 20,
  "kl_to_baseline": 0.1396428209214151,
  "token_kl": 0.17205194807514926,
  "selected_indices": [
    0,
    13,
    14,
    24,
    29,
    30,
    42,
    50,
    57,
    58,
    63,
    64,
    71,
    72,
    73,
    74,
    75,
    78,
    79,
    80
  ],
  "distribution": {
    "A": 0.4605489517301098,
    "B": 0.27933707617261194,
    "C": 0.16942650109317248,
    "D": 0.09068747100410576
  }
}