{
  "question_id": "waffle",
  "method": "last_prefix_attn_oracle",
  "prefix_length": 194,
  "keep_m": 20,
  "kl_to_baseline": 1.1048596911789839,
  "token_kl": 0.4123330083071352,
  "selected_indices": [
    0,
    58,
    82,
    83,
    103,
    106,
    108,
    109,
    165,
    169,
    170,
    171,
    172,
    173,
    174,
    183,
    184,
    186,
    187,
    188
  ],
  "distribution": {
    "A": 0.046368581044367516,
    "B": 0.019329300343781643,
    "C": 0.9313378743984946,
    "D": 0.002964244213356298
  }
}