{
  "question_id": "waffle",
  "method": "last_prefix_attn_oracle",
  "prefix_length": 223,
  "keep_m": 15,
  "kl_to_baseline": 0.5636148702434419,
  "token_kl": 0.2684091758054889,
  "selected_indices": [
    0,
    54,
    69,
    70,
    128,
    129,
    138,
    139,
    163,
    164,
    207,
    208,
    212,
    215,
    217
  ],
  "distribution": {
    "A": 0.5501667438835763,
    "B": 0.20239503429100208,
    "C": 0.13910395373121942,
    "D": 0.10833426809420216
  }
}