{
  "question_id": "waffle",
  "method": "last_prefix_attn_oracle",
  "prefix_length": 226,
  "keep_m": 3,
  "kl_to_baseline": 0.6846138584062168,
  "token_kl": 0.9051280721871728,
  "selected_indices": [
    206,
    219,
    220
  ],
  "distribution": {
    "A": 0.6989690218633721,
    "B": 0.17672705023485044,
    "C": 0.07367078631048235,
    "D": 0.050633141591295235
  }
}