{
  "question_id": "waffle",
  "method": "last_prefix_attn_oracle",
  "prefix_length": 259,
  "keep_m": 3,
  "kl_to_baseline": 0.3808578890499696,
  "token_kl": 0.31715249464803463,
  "selected_indices": [
    241,
    242,
    253
  ],
  "distribution": {
    "A": 0.44238634968545487,
    "B": 0.23679234948993813,
    "C": 0.2089685149805994,
    "D": 0.11185278584400764
  }
}