{
  "question_id": "waffle",
  "method": "last_prefix_attn_oracle",
  "prefix_length": 260,
  "keep_m": 5,
  "kl_to_baseline": 0.33099475193951994,
  "token_kl": 0.5254139443211232,
  "selected_indices": [
    122,
    123,
    125,
    241,
    254
  ],
  "distribution": {
    "A": 0.46331121047594853,
    "B": 0.1931368354268456,
    "C": 0.1931368354268456,
    "D": 0.1504151186703604
  }
}