{
  "question_id": "waffle",
  "method": "last_prefix_attn_oracle",
  "prefix_length": 162,
  "keep_m": 20,
  "kl_to_baseline": 0.2429188368619774,
  "token_kl": 0.14189001912948182,
  "selected_indices": [
    0,
    121,
    127,
    131,
    135,
    137,
    138,
    140,
    141,
    143,
    144,
    147,
    148,
    149,
    150,
    151,
    152,
    153,
    154,
    155
  ],
  "distribution": {
    "A": 0.4167500479242407,
    "B": 0.3245652636684442,
    "C": 0.15331377473854146,
    "D": 0.10537091366877373
  }
}