{
  "question_id": "waffle",
  "method": "last_prefix_attn_oracle",
  "prefix_length": 85,
  "keep_m": 15,
  "kl_to_baseline": 0.06904642312478977,
  "token_kl": 0.47662203121573793,
  "selected_indices": [
    0,
    4,
    10,
    14,
    28,
    30,
    34,
    50,
    56,
    57,
    64,
    66,
    72,
    75,
    78
  ],
  "distribution": {
    "A": 0.49651939955449936,
    "B": 0.23453917111622094,
    "C": 0.18265929012623108,
    "D": 0.08628213920304866
  }
}