{
  "question_id": "waffle",
  "method": "last_prefix_attn_oracle",
  "prefix_length": 85,
  "keep_m": 10,
  "kl_to_baseline": 0.20733691137657867,
  "token_kl": 0.6485822340887526,
  "selected_indices": [
    0,
    4,
    14,
    30,
    34,
    50,
    57,
    66,
    72,
    75
  ],
  "distribution": {
    "A": 0.3646363956912232,
    "B": 0.25061068541556036,
    "C": 0.25061068541556036,
    "D": 0.1341422334776561
  }
}