{
  "question_id": "waffle",
  "method": "last_prefix_attn_oracle",
  "prefix_length": 128,
  "keep_m": 10,
  "kl_to_baseline": 0.08189388581319049,
  "token_kl": 0.2970692947470147,
  "selected_indices": [
    0,
    53,
    68,
    87,
    88,
    117,
    118,
    119,
    121,
    122
  ],
  "distribution": {
    "A": 0.559124258671558,
    "B": 0.2641115986225593,
    "C": 0.12475748538025686,
    "D": 0.05200665732562586
  }
}