{
  "question_id": "waffle",
  "method": "last_prefix_attn_oracle",
  "prefix_length": 286,
  "keep_m": 10,
  "kl_to_baseline": 0.5313073470682913,
  "token_kl": 0.8680272059687297,
  "selected_indices": [
    0,
    147,
    211,
    221,
    222,
    269,
    277,
    278,
    279,
    280
  ],
  "distribution": {
    "A": 0.6117450502038212,
    "B": 0.22504842720837767,
    "C": 0.10630536243279452,
    "D": 0.0569011601550066
  }
}