{
  "question_id": "waffle",
  "method": "last_prefix_attn_oracle",
  "prefix_length": 258,
  "keep_m": 10,
  "kl_to_baseline": 0.48464173592544146,
  "token_kl": 0.9445913262341743,
  "selected_indices": [
    30,
    50,
    84,
    109,
    153,
    199,
    234,
    235,
    239,
    240
  ],
  "distribution": {
    "A": 0.27005607679342275,
    "B": 0.23832365129434321,
    "C": 0.30601362565976303,
    "D": 0.18560664625247092
  }
}