{
  "question_id": "waffle",
  "method": "last_prefix_attn_oracle",
  "prefix_length": 246,
  "keep_m": 20,
  "kl_to_baseline": 1.2257768349573994,
  "token_kl": 0.2882246443803071,
  "selected_indices": [
    0,
    15,
    20,
    23,
    25,
    27,
    28,
    39,
    41,
    46,
    47,
    61,
    63,
    64,
    65,
    93,
    94,
    100,
    228,
    240
  ],
  "distribution": {
    "A": 0.51507733146936,
    "B": 0.2757010446731014,
    "C": 0.13023195205932941,
    "D": 0.07898967179820911
  }
}