{
  "question_id": "waffle",
  "method": "last_prefix_attn_oracle",
  "prefix_length": 233,
  "keep_m": 10,
  "kl_to_baseline": 1.5298694538091149,
  "token_kl": 0.25173920710723446,
  "selected_indices": [
    61,
    62,
    104,
    105,
    125,
    169,
    186,
    192,
    198,
    217
  ],
  "distribution": {
    "A": 0.868204976117777,
    "B": 0.038146266680893395,
    "C": 0.038146266680893395,
    "D": 0.05550249052043625
  }
}