{
  "question_id": "waffle",
  "method": "last_prefix_attn_oracle",
  "prefix_length": 197,
  "keep_m": 15,
  "kl_to_baseline": 0.19222726271230312,
  "token_kl": 0.14508765228828974,
  "selected_indices": [
    0,
    15,
    17,
    25,
    41,
    46,
    94,
    98,
    124,
    168,
    182,
    183,
    186,
    190,
    191
  ],
  "distribution": {
    "A": 0.5127221787687647,
    "B": 0.24219280809886362,
    "C": 0.16645652040662834,
    "D": 0.07862849272574339
  }
}