{
  "question_id": "waffle",
  "method": "last_prefix_attn_oracle",
  "prefix_length": 303,
  "keep_m": 15,
  "kl_to_baseline": 0.21270100816055296,
  "token_kl": 0.37473766149749466,
  "selected_indices": [
    0,
    183,
    198,
    199,
    235,
    236,
    257,
    262,
    268,
    273,
    274,
    275,
    276,
    282,
    287
  ],
  "distribution": {
    "A": 0.034394562172088666,
    "B": 0.044163492024808584,
    "C": 0.8870473836310141,
    "D": 0.034394562172088666
  }
}