{
  "question_id": "waffle",
  "method": "last_prefix_attn_oracle",
  "prefix_length": 228,
  "keep_m": 15,
  "kl_to_baseline": 1.0094167010116983,
  "token_kl": 0.17930260727961517,
  "selected_indices": [
    0,
    40,
    79,
    80,
    93,
    100,
    150,
    177,
    214,
    215,
    217,
    218,
    220,
    221,
    222
  ],
  "distribution": {
    "A": 0.6594021680882453,
    "B": 0.2140765408512941,
    "C": 0.07875435821628951,
    "D": 0.04776693284417113
  }
}