{
  "question_id": "waffle",
  "method": "last_prefix_attn_oracle",
  "prefix_length": 150,
  "keep_m": 15,
  "kl_to_baseline": 0.03666548932954644,
  "token_kl": 0.2873015302970349,
  "selected_indices": [
    0,
    33,
    37,
    69,
    77,
    89,
    92,
    136,
    137,
    138,
    140,
    141,
    142,
    143,
    144
  ],
  "distribution": {
    "A": 0.549988260683431,
    "B": 0.25979605874705886,
    "C": 0.13905880952855423,
    "D": 0.051156871040955954
  }
}