{
  "question_id": "waffle",
  "method": "last_prefix_attn_oracle",
  "prefix_length": 209,
  "keep_m": 5,
  "kl_to_baseline": 1.2005329466536199,
  "token_kl": 0.8973960963157932,
  "selected_indices": [
    70,
    129,
    130,
    139,
    164
  ],
  "distribution": {
    "A": 0.5113041678545609,
    "B": 0.24152298717157206,
    "C": 0.1464910967449395,
    "D": 0.10068174822892761
  }
}