{
  "question_id": "waffle",
  "method": "last_prefix_attn_oracle",
  "prefix_length": 196,
  "keep_m": 5,
  "kl_to_baseline": 0.4930825134843173,
  "token_kl": 0.5324089478078249,
  "selected_indices": [
    0,
    93,
    150,
    176,
    177
  ],
  "distribution": {
    "A": 0.7748805123412809,
    "B": 0.10486866423624915,
    "C": 0.08167179782684307,
    "D": 0.03857902559562696
  }
}