{
  "question_id": "waffle",
  "method": "last_prefix_attn_oracle",
  "prefix_length": 280,
  "keep_m": 3,
  "kl_to_baseline": 0.5425240263976069,
  "token_kl": 0.44665409051421623,
  "selected_indices": [
    198,
    270,
    272
  ],
  "distribution": {
    "A": 0.38453152591357326,
    "B": 0.29947345349713306,
    "C": 0.20582489387108635,
    "D": 0.11017012671820724
  }
}