{
  "question_id": "waffle",
  "method": "last_prefix_attn_oracle",
  "prefix_length": 224,
  "keep_m": 10,
  "kl_to_baseline": 1.3585273356103131,
  "token_kl": 0.6878451187305721,
  "selected_indices": [
    55,
    70,
    129,
    130,
    139,
    164,
    198,
    208,
    217,
    218
  ],
  "distribution": {
    "A": 0.3755160900125997,
    "B": 0.2580881826791655,
    "C": 0.07394350235050993,
    "D": 0.2924522249577248
  }
}