{
  "question_id": "waffle",
  "method": "last_prefix_attn_oracle",
  "prefix_length": 298,
  "keep_m": 15,
  "kl_to_baseline": 0.6865803472477822,
  "token_kl": 0.5903279398710097,
  "selected_indices": [
    0,
    15,
    25,
    60,
    61,
    104,
    133,
    186,
    196,
    232,
    281,
    289,
    290,
    291,
    292
  ],
  "distribution": {
    "A": 0.4535223403041225,
    "B": 0.24275301573646024,
    "C": 0.18905623874850028,
    "D": 0.11466840521091701
  }
}