{
  "question_id": "waffle",
  "method": "last_prefix_attn_oracle",
  "prefix_length": 247,
  "keep_m": 5,
  "kl_to_baseline": 0.8248280732607988,
  "token_kl": 0.4595801550225673,
  "selected_indices": [
    0,
    27,
    28,
    29,
    95
  ],
  "distribution": {
    "A": 0.5438619052592313,
    "B": 0.22671535873927592,
    "C": 0.15581903539875347,
    "D": 0.07360370060273934
  }
}