{
  "question_id": "waffle",
  "method": "last_prefix_attn_oracle",
  "prefix_length": 205,
  "keep_m": 20,
  "kl_to_baseline": 0.20612317569722996,
  "token_kl": 1.0545678087001802,
  "selected_indices": [
    0,
    4,
    14,
    30,
    50,
    84,
    109,
    115,
    153,
    158,
    170,
    172,
    173,
    174,
    183,
    187,
    188,
    192,
    198,
    199
  ],
  "distribution": {
    "A": 0.0008028776103955262,
    "B": 0.0011681800301146677,
    "C": 0.9976942531772657,
    "D": 0.00033468918222413367
  }
}