{
  "question_id": "bigbench_logical_deduction_0009",
  "method": "baseline",
  "prefix_length": 53,
  "keep_m": 48,
  "kl_to_baseline": 0.0,
  "token_kl": 0.0,
  "distribution": {
    "A": 0.6456921756062504,
    "B": 0.005586333230270595,
    "C": 0.26916454441383164,
    "D": 0.01949821884831003,
    "E": 0.060058727901337414
  }
}