{
  "question_id": "bigbench_logical_deduction_0001",
  "method": "baseline",
  "prefix_length": 121,
  "keep_m": 116,
  "kl_to_baseline": 0.0,
  "token_kl": 0.0,
  "distribution": {
    "A": 0.9986689643356303,
    "B": 4.533949610753288e-05,
    "C": 0.0009106681231465752,
    "D": 4.0011964879644086e-05,
    "E": 0.0003350160802358083
  }
}