{
  "question_id": "bigbench_logical_deduction_0009",
  "method": "baseline",
  "prefix_length": 19,
  "keep_m": 14,
  "kl_to_baseline": 0.0,
  "token_kl": 0.0,
  "distribution": {
    "A": 0.35122944965322506,
    "B": 0.07836989269238766,
    "C": 0.30995890141546323,
    "D": 0.1464142352069503,
    "E": 0.11402752103197374
  }
}