{
  "question_id": "bigbench_logical_deduction_0001",
  "method": "baseline",
  "prefix_length": 116,
  "keep_m": 111,
  "kl_to_baseline": 0.0,
  "token_kl": 0.0,
  "distribution": {
    "A": 0.9958696028468665,
    "B": 9.571462828587119e-05,
    "C": 0.0031696346861440957,
    "D": 0.000157806743572072,
    "E": 0.0007072410951313502
  }
}