{
  "question_id": "bigbench_logical_deduction_0001",
  "method": "baseline",
  "prefix_length": 79,
  "keep_m": 74,
  "kl_to_baseline": 0.0,
  "token_kl": 0.0,
  "distribution": {
    "A": 0.9978481645796636,
    "B": 2.7477189121924096e-05,
    "C": 0.0019262996735204148,
    "D": 1.888477749481036e-05,
    "E": 0.00017917378019916921
  }
}