{
  "question_id": "bigbench_logical_deduction_0001",
  "method": "baseline",
  "prefix_length": 76,
  "keep_m": 71,
  "kl_to_baseline": 0.0,
  "token_kl": 0.0,
  "distribution": {
    "A": 0.9960646085347113,
    "B": 7.455726085717879e-05,
    "C": 0.003592370005292197,
    "D": 6.579655177165197e-05,
    "E": 0.00020266764736774994
  }
}