{
  "question_id": "dilemma_45012",
  "method": "baseline",
  "prefix_length": 27,
  "keep_m": 22,
  "kl_to_baseline": 0.0,
  "distribution": {
    "A": 0.005911067633124354,
    "B": 0.9940889323668757
  }
}