{
  "question_id": "dilemma_33806",
  "method": "baseline",
  "prefix_length": 19,
  "keep_m": 14,
  "kl_to_baseline": 0.0,
  "token_kl": 0.0,
  "distribution": {
    "A": 0.8519528000888387,
    "B": 0.14804719991116141
  }
}