{
  "question_id": "dilemma_45012",
  "method": "baseline",
  "prefix_length": 35,
  "keep_m": 30,
  "kl_to_baseline": 0.0,
  "distribution": {
    "A": 0.0031726831885716517,
    "B": 0.9968273168114283
  }
}