{
  "question_id": "dilemma_14224",
  "method": "baseline",
  "prefix_length": 18,
  "keep_m": 13,
  "kl_to_baseline": 0.0,
  "token_kl": 0.0,
  "distribution": {
    "A": 0.7772998560157665,
    "B": 0.22270014398423357
  }
}