{
  "question_id": "dilemma_19599",
  "method": "baseline",
  "prefix_length": 37,
  "keep_m": 32,
  "kl_to_baseline": 0.0,
  "token_kl": 0.0,
  "distribution": {
    "A": 0.8519528019683106,
    "B": 0.1480471980316895
  }
}