{
  "question_id": "dilemma_32747",
  "method": "baseline",
  "prefix_length": 42,
  "keep_m": 37,
  "kl_to_baseline": 0.0,
  "token_kl": 0.0,
  "distribution": {
    "A": 0.0006263341656149502,
    "B": 0.999373665834385
  }
}