{
  "question_id": "dilemma_15721",
  "method": "baseline",
  "prefix_length": 29,
  "keep_m": 24,
  "kl_to_baseline": 0.0,
  "token_kl": 0.0,
  "distribution": {
    "A": 0.02931222788947056,
    "B": 0.9706877721105294
  }
}