{
  "question_id": "dilemma_32747",
  "method": "baseline",
  "prefix_length": 22,
  "keep_m": 17,
  "kl_to_baseline": 0.0,
  "token_kl": 0.0,
  "distribution": {
    "A": 0.0007096704277481722,
    "B": 0.9992903295722518
  }
}