{
  "question_id": "dilemma_32747",
  "method": "baseline",
  "prefix_length": 28,
  "keep_m": 23,
  "kl_to_baseline": 0.0,
  "token_kl": 0.0,
  "distribution": {
    "A": 0.00029595705619007875,
    "B": 0.99970404294381
  }
}