{
  "question_id": "dilemma_32747",
  "method": "baseline",
  "prefix_length": 25,
  "keep_m": 20,
  "kl_to_baseline": 0.0,
  "token_kl": 0.0,
  "distribution": {
    "A": 0.00048785720080760184,
    "B": 0.9995121427991924
  }
}