{
  "question_id": "dilemma_3081",
  "method": "baseline",
  "prefix_length": 53,
  "keep_m": 48,
  "kl_to_baseline": 0.0,
  "token_kl": 0.0,
  "distribution": {
    "A": 0.20181322946142374,
    "B": 0.7981867705385763
  }
}