{
  "question_id": "dilemma_0545",
  "method": "baseline",
  "prefix_length": 19,
  "keep_m": 14,
  "kl_to_baseline": 0.0,
  "token_kl": 0.0,
  "distribution": {
    "A": 0.9914225152357187,
    "B": 0.00857748476428141
  }
}