{
  "question_id": "gpqa_gpqa_diamond_0023",
  "method": "baseline",
  "prefix_length": 361,
  "keep_m": 356,
  "kl_to_baseline": 0.0,
  "distribution": {
    "A": 0.0004303250439687913,
    "B": 0.0004303250439687913,
    "C": 0.9990305467018807,
    "D": 0.00010880321018172894
  }
}