{
  "question_id": "gpqa_gpqa_diamond_0001",
  "method": "baseline",
  "prefix_length": 332,
  "keep_m": 327,
  "kl_to_baseline": 0.0,
  "distribution": {
    "A": 0.5057615653588341,
    "B": 0.0995903570887035,
    "C": 0.08788818165807465,
    "D": 0.3067598958943878
  }
}