{
  "question_id": "gpqa_gpqa_diamond_0023",
  "method": "baseline",
  "prefix_length": 253,
  "keep_m": 248,
  "kl_to_baseline": 0.0,
  "distribution": {
    "A": 0.4525807351207664,
    "B": 0.1886637193100267,
    "C": 0.3110538870358396,
    "D": 0.047701658533367296
  }
}