{
  "question_id": "gpqa_gpqa_diamond_0020",
  "method": "baseline",
  "prefix_length": 60,
  "keep_m": 55,
  "kl_to_baseline": 0.0,
  "distribution": {
    "A": 0.265277038261442,
    "B": 0.7210977096327384,
    "C": 0.0033393450912866376,
    "D": 0.010285907014532823
  }
}