{
  "question_id": "gpqa_gpqa_diamond_0009",
  "method": "baseline",
  "prefix_length": 120,
  "keep_m": 115,
  "kl_to_baseline": 0.0,
  "distribution": {
    "A": 0.0021761335028446715,
    "B": 0.0005502127152764138,
    "C": 0.0024658823124153336,
    "D": 0.9948077714694636
  }
}