{
  "question_id": "gpqa_gpqa_diamond_0017",
  "method": "baseline",
  "prefix_length": 102,
  "keep_m": 97,
  "kl_to_baseline": 0.0,
  "distribution": {
    "A": 0.7329585121091436,
    "B": 0.011847172003045928,
    "C": 0.2379567823358735,
    "D": 0.01723753355193694
  }
}