{
  "question_id": "gpqa_gpqa_diamond_0023",
  "method": "baseline",
  "prefix_length": 333,
  "keep_m": 328,
  "kl_to_baseline": 0.0,
  "distribution": {
    "A": 0.4706646783063024,
    "B": 0.3665540200289991,
    "C": 0.1190026670225365,
    "D": 0.043778634642161966
  }
}