{
  "question_id": "gpqa_gpqa_diamond_0023",
  "method": "baseline",
  "prefix_length": 306,
  "keep_m": 301,
  "kl_to_baseline": 0.0,
  "distribution": {
    "A": 0.47860931522410083,
    "B": 0.32894305108301336,
    "C": 0.1760705274240889,
    "D": 0.016377106268796876
  }
}