{
  "question_id": "gpqa_gpqa_diamond_0023",
  "method": "baseline",
  "prefix_length": 171,
  "keep_m": 166,
  "kl_to_baseline": 0.0,
  "distribution": {
    "A": 0.5139684516252118,
    "B": 0.21425392679552152,
    "C": 0.24278150571183826,
    "D": 0.02899611586742839
  }
}