{
  "question_id": "gpqa_gpqa_diamond_0023",
  "method": "baseline",
  "prefix_length": 30,
  "keep_m": 25,
  "kl_to_baseline": 0.0,
  "distribution": {
    "A": 0.15175604093454953,
    "B": 0.41251566384342264,
    "C": 0.36404381730815044,
    "D": 0.07168447791387747
  }
}