{
  "question_id": "gpqa_gpqa_diamond_0001",
  "method": "baseline",
  "prefix_length": 316,
  "keep_m": 311,
  "kl_to_baseline": 0.0,
  "distribution": {
    "A": 0.4181874395315596,
    "B": 0.15384257072951799,
    "C": 0.1743264710379771,
    "D": 0.2536435187009452
  }
}