{
  "question_id": "gpqa_gpqa_diamond_0004",
  "method": "baseline",
  "prefix_length": 54,
  "keep_m": 49,
  "kl_to_baseline": 0.0,
  "distribution": {
    "A": 0.005669140508827441,
    "B": 0.29077150685313313,
    "C": 0.6975245839795658,
    "D": 0.006034768658473585
  }
}