{
  "question_id": "gpqa_gpqa_diamond_0031",
  "method": "baseline",
  "prefix_length": 201,
  "keep_m": 196,
  "kl_to_baseline": 0.0,
  "distribution": {
    "A": 0.9738237031259892,
    "B": 0.0030994666771640474,
    "C": 0.012258628508319512,
    "D": 0.010818201688527188
  }
}