{
  "question_id": "gpqa_gpqa_diamond_0031",
  "method": "baseline",
  "prefix_length": 74,
  "keep_m": 69,
  "kl_to_baseline": 0.0,
  "distribution": {
    "A": 0.9792253667238937,
    "B": 0.00166822793992233,
    "C": 0.005138503808384578,
    "D": 0.013967901527799401
  }
}