{
  "question_id": "gpqa_gpqa_diamond_0023",
  "method": "baseline",
  "prefix_length": 308,
  "keep_m": 303,
  "kl_to_baseline": 0.0,
  "distribution": {
    "A": 0.436843273800057,
    "B": 0.38551283604346465,
    "C": 0.16070564028746198,
    "D": 0.0169382498690164
  }
}