{
  "question_id": "gpqa_gpqa_diamond_0031",
  "method": "baseline",
  "prefix_length": 91,
  "keep_m": 86,
  "kl_to_baseline": 0.0,
  "distribution": {
    "A": 0.9432790819226183,
    "B": 0.0034019956145305624,
    "C": 0.011874131434492816,
    "D": 0.041444791028358276
  }
}