{
  "question_id": "gpqa_gpqa_diamond_0007",
  "method": "baseline",
  "prefix_length": 200,
  "keep_m": 195,
  "kl_to_baseline": 0.0,
  "distribution": {
    "A": 0.9978597637048965,
    "B": 0.0002606994050470694,
    "C": 0.0015002214939169674,
    "D": 0.00037931539613955895
  }
}