{
  "question_id": "gpqa_gpqa_diamond_0009",
  "method": "baseline",
  "prefix_length": 129,
  "keep_m": 124,
  "kl_to_baseline": 0.0,
  "distribution": {
    "A": 0.007549251376389375,
    "B": 0.0005468659354961348,
    "C": 0.0031469961758224343,
    "D": 0.9887568865122921
  }
}