{
  "question_id": "gpqa_gpqa_diamond_0031",
  "method": "baseline",
  "prefix_length": 214,
  "keep_m": 209,
  "kl_to_baseline": 0.0,
  "distribution": {
    "A": 0.9782443875091283,
    "B": 0.0024248255493807616,
    "C": 0.008463472779354683,
    "D": 0.010867314162136254
  }
}