{
  "question_id": "gpqa_gpqa_diamond_0001",
  "method": "baseline",
  "prefix_length": 239,
  "keep_m": 234,
  "kl_to_baseline": 0.0,
  "distribution": {
    "A": 0.3786604407238381,
    "B": 0.084490564780585,
    "C": 0.202682328425472,
    "D": 0.3341666660701049
  }
}