{
  "question_id": "gpqa_gpqa_diamond_0011",
  "method": "baseline",
  "prefix_length": 55,
  "keep_m": 50,
  "kl_to_baseline": 0.0,
  "distribution": {
    "A": 0.18054714963677354,
    "B": 0.20458672331653474,
    "C": 0.49077800678506794,
    "D": 0.12408812026162382
  }
}