{
  "question_id": "gpqa_gpqa_diamond_0023",
  "method": "baseline",
  "prefix_length": 302,
  "keep_m": 297,
  "kl_to_baseline": 0.0,
  "distribution": {
    "A": 0.5107689962058486,
    "B": 0.3097970562294929,
    "C": 0.16582241486837632,
    "D": 0.013611532696282243
  }
}