{
  "question_id": "gpqa_gpqa_diamond_0001",
  "method": "baseline",
  "prefix_length": 371,
  "keep_m": 366,
  "kl_to_baseline": 0.0,
  "distribution": {
    "A": 0.5425782233707942,
    "B": 0.09428596312536054,
    "C": 0.10683999326141813,
    "D": 0.25629582024242714
  }
}