{
  "question_id": "gpqa_gpqa_diamond_0002",
  "method": "baseline",
  "prefix_length": 35,
  "keep_m": 30,
  "kl_to_baseline": 0.0,
  "distribution": {
    "A": 0.5229506525454042,
    "B": 0.1498278704754249,
    "C": 0.08019707998263417,
    "D": 0.24702439699653672
  }
}