{
  "question_id": "gpqa_gpqa_diamond_0009",
  "method": "baseline",
  "prefix_length": 126,
  "keep_m": 121,
  "kl_to_baseline": 0.0,
  "distribution": {
    "A": 0.017838366215560824,
    "B": 0.0007837631123631293,
    "C": 0.007436137368383555,
    "D": 0.9739417333036926
  }
}