{
  "question_id": "gpqa_gpqa_diamond_0031",
  "method": "baseline",
  "prefix_length": 73,
  "keep_m": 68,
  "kl_to_baseline": 0.0,
  "distribution": {
    "A": 0.9749163323611744,
    "B": 0.0018820315256937693,
    "C": 0.007443579079074127,
    "D": 0.015758057034057686
  }
}