{
  "question_id": "gpqa_gpqa_diamond_0011",
  "method": "baseline",
  "prefix_length": 108,
  "keep_m": 103,
  "kl_to_baseline": 0.0,
  "distribution": {
    "A": 1.0129902457657297e-05,
    "B": 0.9999815456858363,
    "C": 5.422146060243675e-06,
    "D": 2.9022656458446447e-06
  }
}