{
  "question_id": "gpqa_gpqa_diamond_0031",
  "method": "baseline",
  "prefix_length": 76,
  "keep_m": 71,
  "kl_to_baseline": 0.0,
  "distribution": {
    "A": 0.9531346789265723,
    "B": 0.0026771596215101018,
    "C": 0.015405989922036518,
    "D": 0.02878217152988103
  }
}