{
  "question_id": "gpqa_gpqa_diamond_0031",
  "method": "baseline",
  "prefix_length": 79,
  "keep_m": 74,
  "kl_to_baseline": 0.0,
  "distribution": {
    "A": 0.9690829757334783,
    "B": 0.002402116105937801,
    "C": 0.010765537497664478,
    "D": 0.01774937066291925
  }
}