{
  "question_id": "gpqa_gpqa_diamond_0001",
  "method": "baseline",
  "prefix_length": 343,
  "keep_m": 338,
  "kl_to_baseline": 0.0,
  "distribution": {
    "A": 0.508906872726306,
    "B": 0.06887304755116588,
    "C": 0.11355245847554855,
    "D": 0.30866762124697955
  }
}