{
  "question_id": "gpqa_gpqa_diamond_0031",
  "method": "baseline",
  "prefix_length": 64,
  "keep_m": 59,
  "kl_to_baseline": 0.0,
  "distribution": {
    "A": 0.9783386927686225,
    "B": 0.0018886382188193162,
    "C": 0.005817415263117797,
    "D": 0.013955253749440389
  }
}