{
  "question_id": "gpqa_gpqa_diamond_0023",
  "method": "baseline",
  "prefix_length": 299,
  "keep_m": 294,
  "kl_to_baseline": 0.0,
  "distribution": {
    "A": 0.43146696040832183,
    "B": 0.3807682561279343,
    "C": 0.17986218854036004,
    "D": 0.007902594923383818
  }
}