{
  "question_id": "gpqa_gpqa_diamond_0004",
  "method": "baseline",
  "prefix_length": 52,
  "keep_m": 47,
  "kl_to_baseline": 0.0,
  "distribution": {
    "A": 0.004590752406759045,
    "B": 0.2211948381440068,
    "C": 0.7720458915603658,
    "D": 0.0021685178888682867
  }
}