{
  "question_id": "gpqa_gpqa_diamond_0031",
  "method": "baseline",
  "prefix_length": 75,
  "keep_m": 70,
  "kl_to_baseline": 0.0,
  "distribution": {
    "A": 0.9552016509594233,
    "B": 0.003903690272504234,
    "C": 0.01543939453027298,
    "D": 0.025455264237799483
  }
}