{
  "question_id": "gpqa_gpqa_diamond_0011",
  "method": "baseline",
  "prefix_length": 77,
  "keep_m": 72,
  "kl_to_baseline": 0.0,
  "distribution": {
    "A": 0.13154220608585043,
    "B": 0.5202594553520048,
    "C": 0.24575316545554435,
    "D": 0.10244517310660044
  }
}