{
  "question_id": "gpqa_gpqa_diamond_0031",
  "method": "baseline",
  "prefix_length": 156,
  "keep_m": 151,
  "kl_to_baseline": 0.0,
  "distribution": {
    "A": 0.9240079115673973,
    "B": 0.0037762096483376145,
    "C": 0.03161780874093402,
    "D": 0.04059807004333112
  }
}