{
  "question_id": "gpqa_gpqa_diamond_0009",
  "method": "baseline",
  "prefix_length": 82,
  "keep_m": 77,
  "kl_to_baseline": 0.0,
  "distribution": {
    "A": 0.05956406563896778,
    "B": 0.003807803321075152,
    "C": 0.004889316246008488,
    "D": 0.9317388147939486
  }
}