{
  "question_id": "gpqa_gpqa_diamond_0023",
  "method": "baseline",
  "prefix_length": 369,
  "keep_m": 364,
  "kl_to_baseline": 0.0,
  "distribution": {
    "A": 0.002180661605830294,
    "B": 0.0008022205729368686,
    "C": 0.9968777128552301,
    "D": 0.00013940496600283142
  }
}