{
  "question_id": "gpqa_gpqa_diamond_0031",
  "method": "baseline",
  "prefix_length": 114,
  "keep_m": 109,
  "kl_to_baseline": 0.0,
  "distribution": {
    "A": 0.9690829719386014,
    "B": 0.002402116400782976,
    "C": 0.010765538819068872,
    "D": 0.01774937284154679
  }
}