{
  "question_id": "gpqa_gpqa_diamond_0009",
  "method": "baseline",
  "prefix_length": 92,
  "keep_m": 87,
  "kl_to_baseline": 0.0,
  "distribution": {
    "A": 0.046917765449793064,
    "B": 0.0043640319882182164,
    "C": 0.006349629075976705,
    "D": 0.9423685734860121
  }
}