{
  "question_id": "gpqa_gpqa_diamond_0002",
  "method": "baseline",
  "prefix_length": 66,
  "keep_m": 61,
  "kl_to_baseline": 0.0,
  "distribution": {
    "A": 0.00015842623652941273,
    "B": 3.5349671528520884e-05,
    "C": 2.7530351867729014e-05,
    "D": 0.9997786937400744
  }
}