{
  "question_id": "gpqa_gpqa_diamond_0009",
  "method": "baseline",
  "prefix_length": 50,
  "keep_m": 45,
  "kl_to_baseline": 0.0,
  "distribution": {
    "A": 0.5574089697218085,
    "B": 0.04575491996697468,
    "C": 0.05875048017610892,
    "D": 0.33808563013510784
  }
}