{
  "question_id": "gpqa_gpqa_diamond_0002",
  "method": "baseline",
  "prefix_length": 68,
  "keep_m": 63,
  "kl_to_baseline": 0.0,
  "distribution": {
    "A": 0.0005527137047677128,
    "B": 6.601226983919891e-05,
    "C": 5.1410407443089e-05,
    "D": 0.9993298636179501
  }
}