{
  "question_id": "gpqa_gpqa_diamond_0020",
  "method": "baseline",
  "prefix_length": 41,
  "keep_m": 36,
  "kl_to_baseline": 0.0,
  "distribution": {
    "A": 0.5217079932262368,
    "B": 0.4604056880757791,
    "C": 0.002132101453018536,
    "D": 0.01575421724496551
  }
}