{
  "question_id": "gpqa_gpqa_diamond_0011",
  "method": "baseline",
  "prefix_length": 115,
  "keep_m": 110,
  "kl_to_baseline": 0.0,
  "distribution": {
    "A": 3.28874482818155e-06,
    "B": 0.9999951577621146,
    "C": 1.5534930573329595e-06,
    "D": 0.0
  }
}