{
  "question_id": "gpqa_gpqa_diamond_0009",
  "method": "baseline",
  "prefix_length": 71,
  "keep_m": 66,
  "kl_to_baseline": 0.0,
  "distribution": {
    "A": 0.007558611371283628,
    "B": 0.0005475439712521162,
    "C": 0.0019111162439605128,
    "D": 0.9899827284135039
  }
}