{
  "question_id": "gpqa_gpqa_diamond_0001",
  "method": "baseline",
  "prefix_length": 43,
  "keep_m": 38,
  "kl_to_baseline": 0.0,
  "distribution": {
    "A": 0.28273626402701846,
    "B": 0.07148692271593543,
    "C": 0.36304054923002765,
    "D": 0.28273626402701846
  }
}