{
  "question_id": "gpqa_gpqa_diamond_0023",
  "method": "baseline",
  "prefix_length": 312,
  "keep_m": 307,
  "kl_to_baseline": 0.0,
  "distribution": {
    "A": 0.4666517672746162,
    "B": 0.3207247565767036,
    "C": 0.19452942138235452,
    "D": 0.018094054766325626
  }
}