{
  "question_id": "gpqa_gpqa_diamond_0031",
  "method": "baseline",
  "prefix_length": 128,
  "keep_m": 123,
  "kl_to_baseline": 0.0,
  "distribution": {
    "A": 0.934632902399746,
    "B": 0.004904503607612755,
    "C": 0.019397688055949207,
    "D": 0.041064905936691945
  }
}