{
  "question_id": "gpqa_gpqa_diamond_0023",
  "method": "baseline",
  "prefix_length": 287,
  "keep_m": 282,
  "kl_to_baseline": 0.0,
  "distribution": {
    "A": 0.4319476802887333,
    "B": 0.33640119165474236,
    "C": 0.20403763670246688,
    "D": 0.02761349135405744
  }
}