{
  "question_id": "gpqa_gpqa_diamond_0001",
  "method": "baseline",
  "prefix_length": 40,
  "keep_m": 35,
  "kl_to_baseline": 0.0,
  "distribution": {
    "A": 0.40195572752936476,
    "B": 0.069849440191972,
    "C": 0.21515139691875781,
    "D": 0.31304343535990553
  }
}