{
  "question_id": "gpqa_gpqa_diamond_0031",
  "method": "baseline",
  "prefix_length": 172,
  "keep_m": 167,
  "kl_to_baseline": 0.0,
  "distribution": {
    "A": 0.9691995193161134,
    "B": 0.0024024050422432144,
    "C": 0.009501696261603165,
    "D": 0.0188963793800402
  }
}