{
  "question_id": "medmcqa_0001",
  "method": "baseline",
  "prefix_length": 35,
  "keep_m": 30,
  "kl_to_baseline": 0.0,
  "distribution": {
    "A": 0.9923927449855281,
    "B": 0.0021708501617510763,
    "C": 0.00022880603279175365,
    "D": 0.005207598819929135
  }
}