{
  "question_id": "medmcqa_0001",
  "method": "baseline",
  "prefix_length": 30,
  "keep_m": 25,
  "kl_to_baseline": 0.0,
  "distribution": {
    "A": 0.9957208848380564,
    "B": 0.0019221931515784431,
    "C": 0.00017879181415830434,
    "D": 0.0021781301962067604
  }
}