{
  "question_id": "medmcqa_0001",
  "method": "baseline",
  "prefix_length": 72,
  "keep_m": 67,
  "kl_to_baseline": 0.0,
  "distribution": {
    "A": 0.9899830392493009,
    "B": 0.0013134898886542827,
    "C": 0.00013844088174775184,
    "D": 0.008565029980297118
  }
}