{
  "question_id": "medmcqa_0001",
  "method": "baseline",
  "prefix_length": 26,
  "keep_m": 21,
  "kl_to_baseline": 0.0,
  "distribution": {
    "A": 0.9985417155372193,
    "B": 0.0007091388040795175,
    "C": 4.000685462173248e-05,
    "D": 0.0007091388040795175
  }
}