{
  "question_id": "medmcqa_0001",
  "method": "baseline",
  "prefix_length": 85,
  "keep_m": 80,
  "kl_to_baseline": 0.0,
  "distribution": {
    "A": 0.9871740619268886,
    "B": 0.002446959572165152,
    "C": 0.0007010656551482746,
    "D": 0.009677912845798086
  }
}