{
  "question_id": "medmcqa_0001",
  "method": "baseline",
  "prefix_length": 50,
  "keep_m": 45,
  "kl_to_baseline": 0.0,
  "distribution": {
    "A": 0.9957765581445152,
    "B": 0.0019223009360424613,
    "C": 0.00012288858743684651,
    "D": 0.002178252332005427
  }
}