{
  "question_id": "starfish",
  "method": "baseline",
  "prefix_length": 32,
  "keep_m": 27,
  "kl_to_baseline": 0.0,
  "distribution": {
    "A": 0.2662129000749814,
    "B": 0.3418241299464301,
    "C": 0.2662129000749814,
    "D": 0.12575006990360718
  }
}