{
  "question_id": "starfish",
  "method": "baseline",
  "prefix_length": 23,
  "keep_m": 18,
  "kl_to_baseline": 0.0,
  "distribution": {
    "A": 0.4406300675040227,
    "B": 0.2672556455324371,
    "C": 0.024858641431103102,
    "D": 0.2672556455324371
  }
}