{
  "question_id": "starfish",
  "method": "baseline",
  "prefix_length": 59,
  "keep_m": 54,
  "kl_to_baseline": 0.0,
  "distribution": {
    "A": 0.2913322218000714,
    "B": 0.3301226564612724,
    "C": 0.25709978336165135,
    "D": 0.12144533837700493
  }
}