{
  "question_id": "starfish",
  "method": "baseline",
  "prefix_length": 45,
  "keep_m": 40,
  "kl_to_baseline": 0.0,
  "distribution": {
    "A": 0.45881237098763145,
    "B": 0.2782837700594456,
    "C": 0.13145192947646145,
    "D": 0.13145192947646145
  }
}