{
  "question_id": "starfish",
  "method": "baseline",
  "prefix_length": 68,
  "keep_m": 63,
  "kl_to_baseline": 0.0,
  "distribution": {
    "A": 0.24363722216737665,
    "B": 0.27607714140846157,
    "C": 0.31283638571410965,
    "D": 0.16744925071005218
  }
}