{
  "question_id": "starfish",
  "method": "baseline",
  "prefix_length": 58,
  "keep_m": 53,
  "kl_to_baseline": 0.0,
  "distribution": {
    "A": 0.4258861963820494,
    "B": 0.25831303565410857,
    "C": 0.17753577997701897,
    "D": 0.13826498798682305
  }
}