{
  "question_id": "waffle",
  "method": "baseline",
  "prefix_length": 185,
  "keep_m": 180,
  "kl_to_baseline": 0.0,
  "distribution": {
    "A": 0.32962194144919715,
    "B": 0.04460947880702925,
    "C": 0.6158148595934232,
    "D": 0.009953720150350424
  }
}