{
  "question_id": "waffle",
  "method": "baseline",
  "prefix_length": 80,
  "keep_m": 75,
  "kl_to_baseline": 0.0,
  "distribution": {
    "A": 0.47453433283669777,
    "B": 0.41877507889843324,
    "C": 0.056675040537058526,
    "D": 0.050015547727810535
  }
}