{
  "question_id": "waffle",
  "method": "baseline",
  "prefix_length": 88,
  "keep_m": 83,
  "kl_to_baseline": 0.0,
  "distribution": {
    "A": 0.6829342339189861,
    "B": 0.22171629730060397,
    "C": 0.07198074297219849,
    "D": 0.02336872580821143
  }
}