{
  "question_id": "waffle",
  "method": "baseline",
  "prefix_length": 182,
  "keep_m": 177,
  "kl_to_baseline": 0.0,
  "distribution": {
    "A": 0.5355027536887793,
    "B": 0.038791687056222976,
    "C": 0.41704996390971494,
    "D": 0.008655595345282806
  }
}