{
  "question_id": "waffle",
  "method": "baseline",
  "prefix_length": 179,
  "keep_m": 174,
  "kl_to_baseline": 0.0,
  "distribution": {
    "A": 0.15848994202074954,
    "B": 0.031208516265976108,
    "C": 0.8048783147724984,
    "D": 0.005423226940776029
  }
}