{
  "question_id": "waffle",
  "method": "baseline",
  "prefix_length": 63,
  "keep_m": 58,
  "kl_to_baseline": 0.0,
  "distribution": {
    "A": 0.5049239793751029,
    "B": 0.34702883762898223,
    "C": 0.08774262057896677,
    "D": 0.060304562416947996
  }
}