{
  "question_id": "waffle",
  "method": "baseline",
  "prefix_length": 66,
  "keep_m": 61,
  "kl_to_baseline": 0.0,
  "distribution": {
    "A": 0.3871617668453321,
    "B": 0.43871175718740735,
    "C": 0.07623666299641096,
    "D": 0.09788981297084952
  }
}