{
  "question_id": "waffle",
  "method": "baseline",
  "prefix_length": 266,
  "keep_m": 261,
  "kl_to_baseline": 0.0,
  "distribution": {
    "A": 0.48660712975787096,
    "B": 0.02138002388649961,
    "C": 0.48660712975787096,
    "D": 0.005405716597758386
  }
}