{
  "question_id": "waffle",
  "method": "baseline",
  "prefix_length": 288,
  "keep_m": 283,
  "kl_to_baseline": 0.0,
  "distribution": {
    "A": 0.5181238689703767,
    "B": 0.02276477539654079,
    "C": 0.45724270952150414,
    "D": 0.001868646111578412
  }
}