{
  "question_id": "waffle",
  "method": "baseline",
  "prefix_length": 114,
  "keep_m": 109,
  "kl_to_baseline": 0.0,
  "distribution": {
    "A": 0.6530614911621518,
    "B": 0.24024791073921223,
    "C": 0.07799707699917381,
    "D": 0.028693521099462018
  }
}