{
  "question_id": "waffle",
  "method": "baseline",
  "prefix_length": 72,
  "keep_m": 67,
  "kl_to_baseline": 0.0,
  "distribution": {
    "A": 0.44267727095944637,
    "B": 0.39066132046631313,
    "C": 0.09877465036325113,
    "D": 0.06788675821098931
  }
}