{
  "question_id": "waffle",
  "method": "baseline",
  "prefix_length": 221,
  "keep_m": 216,
  "kl_to_baseline": 0.0,
  "distribution": {
    "A": 0.33607518209917214,
    "B": 0.03125986139933521,
    "C": 0.6278711003500763,
    "D": 0.004793856151416346
  }
}