{
  "question_id": "waffle",
  "method": "baseline",
  "prefix_length": 223,
  "keep_m": 218,
  "kl_to_baseline": 0.0,
  "distribution": {
    "A": 0.38629597881759853,
    "B": 0.0461364726297355,
    "C": 0.5620573326811404,
    "D": 0.005510215871525577
  }
}