{
  "question_id": "waffle",
  "method": "baseline",
  "prefix_length": 113,
  "keep_m": 108,
  "kl_to_baseline": 0.0,
  "distribution": {
    "A": 0.6132810551666957,
    "B": 0.2896934751575403,
    "C": 0.07324598116610485,
    "D": 0.023779488509659153
  }
}