{
  "question_id": "bigbench_logical_deduction_0009",
  "method": "next_sentence_attn_oracle",
  "prefix_length": 68,
  "keep_m": 15,
  "kl_to_baseline": 0.00982117400657394,
  "token_kl": 0.0010119040717937661,
  "selected_indices": [
    0,
    3,
    43,
    50,
    51,
    52,
    53,
    54,
    56,
    57,
    58,
    59,
    60,
    61,
    62
  ],
  "distribution": {
    "A": 0.9894016760230723,
    "B": 0.0019099948994030396,
    "C": 0.000514068153265693,
    "D": 0.0075541763675259915,
    "E": 0.0006200845567330598
  }
}