{
  "question_id": "bigbench_logical_deduction_0001",
  "method": "next_sentence_attn_oracle",
  "prefix_length": 79,
  "keep_m": 5,
  "kl_to_baseline": 0.15338896467816093,
  "token_kl": 0.024208192742371213,
  "selected_indices": [
    35,
    63,
    64,
    65,
    66
  ],
  "distribution": {
    "A": 0.8481360289567182,
    "B": 0.001275121117916948,
    "C": 0.10129539286631592,
    "D": 0.0014449015222404318,
    "E": 0.047848555536808425
  }
}