{
  "question_id": "bigbench_logical_deduction_0009",
  "method": "next_sentence_attn_oracle",
  "prefix_length": 19,
  "keep_m": 5,
  "kl_to_baseline": 0.12965760723259215,
  "token_kl": 0.03380316643208301,
  "selected_indices": [
    0,
    6,
    8,
    10,
    13
  ],
  "distribution": {
    "A": 0.5790375824228067,
    "B": 0.037016638615319605,
    "C": 0.24137877607853195,
    "D": 0.10062165609865868,
    "E": 0.04194534678468316
  }
}