{
  "question_id": "bigbench_logical_deduction_0001",
  "method": "next_sentence_attn_oracle",
  "prefix_length": 111,
  "keep_m": 20,
  "kl_to_baseline": 0.07731152246108898,
  "token_kl": 0.19023913613878474,
  "selected_indices": [
    0,
    17,
    60,
    70,
    73,
    76,
    84,
    85,
    86,
    88,
    91,
    92,
    97,
    98,
    100,
    101,
    102,
    103,
    104,
    105
  ],
  "distribution": {
    "A": 0.9097403554935751,
    "B": 0.0012070258988313603,
    "C": 0.06590136540617361,
    "D": 0.0017562123200214467,
    "E": 0.02139504088139846
  }
}