{
  "question_id": "bigbench_logical_deduction_0009",
  "method": "next_sentence_attn_oracle",
  "prefix_length": 34,
  "keep_m": 20,
  "kl_to_baseline": 0.4149466178047273,
  "token_kl": 0.02102188533582038,
  "selected_indices": [
    0,
    1,
    5,
    6,
    8,
    10,
    13,
    15,
    16,
    17,
    19,
    20,
    21,
    22,
    23,
    24,
    25,
    26,
    27,
    28
  ],
  "distribution": {
    "A": 0.2672646993245195,
    "B": 0.031920216353239696,
    "C": 0.16210423439919944,
    "D": 0.3028505805989497,
    "E": 0.23586026932409165
  }
}