{
  "question_id": "bigbench_logical_deduction_0009",
  "method": "next_sentence_attn_oracle",
  "prefix_length": 36,
  "keep_m": 5,
  "kl_to_baseline": 1.099626628762787,
  "token_kl": 0.1607052344117471,
  "selected_indices": [
    25,
    27,
    28,
    29,
    30
  ],
  "distribution": {
    "A": 0.17122460606727666,
    "B": 0.01804694070540165,
    "C": 0.46543679074212235,
    "D": 0.2823016500903692,
    "E": 0.06299001239483008
  }
}