{
  "question_id": "bigbench_logical_deduction_0009",
  "method": "next_sentence_attn_oracle",
  "prefix_length": 59,
  "keep_m": 10,
  "kl_to_baseline": 0.01802866293017549,
  "token_kl": 0.05547143418783667,
  "selected_indices": [
    0,
    10,
    15,
    23,
    39,
    43,
    45,
    48,
    52,
    53
  ],
  "distribution": {
    "A": 0.9813522414708714,
    "B": 0.002432528950251073,
    "C": 0.005835333600617018,
    "D": 0.004544562377643414,
    "E": 0.005835333600617018
  }
}