{
  "question_id": "bigbench_logical_deduction_0009",
  "method": "next_sentence_attn_oracle",
  "prefix_length": 55,
  "keep_m": 3,
  "kl_to_baseline": 0.04461751464838129,
  "token_kl": 0.45318114699872214,
  "selected_indices": [
    26,
    41,
    42
  ],
  "distribution": {
    "A": 0.20801614986211373,
    "B": 0.019348515926993336,
    "C": 0.34296065092681244,
    "D": 0.34296065092681244,
    "E": 0.086714032357268
  }
}