{
  "question_id": "bigbench_logical_deduction_0000",
  "method": "next_sentence_attn_oracle",
  "prefix_length": 86,
  "keep_m": 10,
  "kl_to_baseline": 0.030171753791656965,
  "token_kl": 0.004732559878368926,
  "selected_indices": [
    0,
    12,
    17,
    22,
    67,
    70,
    71,
    78,
    79,
    80
  ],
  "distribution": {
    "A": 0.0007605875344424367,
    "B": 0.0014209645864954234,
    "C": 0.0470558732800965,
    "D": 0.9451425506388231,
    "E": 0.005620023960142512
  }
}