{
  "question_id": "bigbench_logical_deduction_0009",
  "method": "next_sentence_attn_oracle",
  "prefix_length": 72,
  "keep_m": 10,
  "kl_to_baseline": 0.0021596732685298992,
  "token_kl": 0.48883430380746323,
  "selected_indices": [
    50,
    51,
    52,
    53,
    56,
    57,
    60,
    61,
    64,
    65
  ],
  "distribution": {
    "A": 0.9977142058969256,
    "B": 0.0005518201860900719,
    "C": 0.0005518201860900719,
    "D": 0.0008028936331740729,
    "E": 0.00037926009772014564
  }
}