{
  "question_id": "bigbench_logical_deduction_0009",
  "method": "next_sentence_attn_oracle",
  "prefix_length": 29,
  "keep_m": 5,
  "kl_to_baseline": 1.0485550057691724,
  "token_kl": 0.5195086522040044,
  "selected_indices": [
    8,
    20,
    21,
    22,
    23
  ],
  "distribution": {
    "A": 0.2424365482535568,
    "B": 0.013677332496621722,
    "C": 0.3997102939007571,
    "D": 0.27471659962037887,
    "E": 0.06945922572868551
  }
}