{
  "question_id": "bigbench_logical_deduction_0001",
  "method": "next_sentence_attn_oracle",
  "prefix_length": 75,
  "keep_m": 3,
  "kl_to_baseline": 0.24020102601089374,
  "token_kl": 0.33730707078095234,
  "selected_indices": [
    55,
    59,
    61
  ],
  "distribution": {
    "A": 0.7653129722110438,
    "B": 0.004015994501239413,
    "C": 0.19350142832476136,
    "D": 0.003544102708140549,
    "E": 0.03362550225481496
  }
}