{
  "question_id": "bigbench_logical_deduction_0001",
  "method": "next_sentence_attn_oracle",
  "prefix_length": 97,
  "keep_m": 3,
  "kl_to_baseline": 0.2278885783699135,
  "token_kl": 0.0029193059138114446,
  "selected_indices": [
    66,
    68,
    81
  ],
  "distribution": {
    "A": 0.7853258694450603,
    "B": 0.0009195218643861022,
    "C": 0.19856148132309337,
    "D": 0.0024995195748315244,
    "E": 0.012693607792628675
  }
}