{
  "question_id": "bigbench_logical_deduction_0009",
  "method": "next_sentence_attn_oracle",
  "prefix_length": 63,
  "keep_m": 10,
  "kl_to_baseline": 0.0816271079363354,
  "token_kl": 0.13333212421509472,
  "selected_indices": [
    0,
    26,
    41,
    42,
    43,
    47,
    54,
    55,
    56,
    57
  ],
  "distribution": {
    "A": 0.9198767312792043,
    "B": 0.0216334287968967,
    "C": 0.02777787242531987,
    "D": 0.024513886375734827,
    "E": 0.006198081122844276
  }
}