{
  "question_id": "bigbench_logical_deduction_0009",
  "method": "next_sentence_attn_oracle",
  "prefix_length": 65,
  "keep_m": 5,
  "kl_to_baseline": 0.0020095367290531934,
  "token_kl": 0.001551752010066832,
  "selected_indices": [
    53,
    54,
    56,
    57,
    58
  ],
  "distribution": {
    "A": 0.9969069101374797,
    "B": 0.00017900480724076118,
    "C": 0.0006247881683046052,
    "D": 0.0021807249831474625,
    "E": 0.00010857190382747166
  }
}