{
  "question_id": "bigbench_logical_deduction_0009",
  "method": "next_sentence_attn_oracle",
  "prefix_length": 50,
  "keep_m": 20,
  "kl_to_baseline": 0.35407895932393574,
  "token_kl": 0.27458394417792703,
  "selected_indices": [
    0,
    2,
    3,
    4,
    5,
    7,
    9,
    11,
    13,
    17,
    20,
    21,
    25,
    28,
    32,
    37,
    41,
    42,
    43,
    44
  ],
  "distribution": {
    "A": 0.1726475598881829,
    "B": 0.018196918934712508,
    "C": 0.5317919228921658,
    "D": 0.1726475598881829,
    "E": 0.10471603839675596
  }
}