{
  "question_id": "bigbench_logical_deduction_0009",
  "method": "next_sentence_attn_oracle",
  "prefix_length": 29,
  "keep_m": 15,
  "kl_to_baseline": 0.21657559960655293,
  "token_kl": 0.03547095994877887,
  "selected_indices": [
    0,
    1,
    6,
    8,
    13,
    14,
    15,
    16,
    17,
    18,
    19,
    20,
    21,
    22,
    23
  ],
  "distribution": {
    "A": 0.28153631054161427,
    "B": 0.017998012039422483,
    "C": 0.24845492201806937,
    "D": 0.13298832062852198,
    "E": 0.31902243477237185
  }
}