{
  "question_id": "bigbench_logical_deduction_0009",
  "method": "next_sentence_attn_oracle",
  "prefix_length": 50,
  "keep_m": 3,
  "kl_to_baseline": 0.1837665579260404,
  "token_kl": 0.2904292942508534,
  "selected_indices": [
    0,
    13,
    43
  ],
  "distribution": {
    "A": 0.31275684639714413,
    "B": 0.01212690040863592,
    "C": 0.5156488652120642,
    "D": 0.1303764661994795,
    "E": 0.02909092178267621
  }
}