{
  "question_id": "bigbench_logical_deduction_0009",
  "method": "next_sentence_attn_oracle",
  "prefix_length": 68,
  "keep_m": 20,
  "kl_to_baseline": 0.08753137959682526,
  "token_kl": 0.0011977759807975438,
  "selected_indices": [
    0,
    3,
    4,
    13,
    22,
    43,
    49,
    50,
    51,
    52,
    53,
    54,
    55,
    56,
    57,
    58,
    59,
    60,
    61,
    62
  ],
  "distribution": {
    "A": 0.9150555575786034,
    "B": 0.007916780244491689,
    "C": 0.01479049268765088,
    "D": 0.05849754729635545,
    "E": 0.003739622192898707
  }
}