{
  "question_id": "bigbench_logical_deduction_0009",
  "method": "next_sentence_attn_oracle",
  "prefix_length": 67,
  "keep_m": 15,
  "kl_to_baseline": 0.06615018187755013,
  "token_kl": 0.2569099712018456,
  "selected_indices": [
    0,
    22,
    25,
    26,
    38,
    44,
    47,
    54,
    55,
    56,
    57,
    58,
    59,
    60,
    61
  ],
  "distribution": {
    "A": 0.9346359611843817,
    "B": 0.011765330073648854,
    "C": 0.00337082350274385,
    "D": 0.04106503696477428,
    "E": 0.009162848274451277
  }
}