{
  "question_id": "bookworm_nm",
  "method": "next_sentence_attn_oracle",
  "prefix_length": 35,
  "keep_m": 10,
  "kl_to_baseline": 0.00040999383925113386,
  "token_kl": 0.03978408019482397,
  "selected_indices": [
    0,
    5,
    12,
    13,
    16,
    17,
    18,
    20,
    22,
    28
  ],
  "distribution": {
    "A": 0.0600866476493228,
    "B": 0.9399133523506772
  }
}