{
  "question_id": "bookworm_nm",
  "method": "next_sentence_attn_oracle",
  "prefix_length": 78,
  "keep_m": 15,
  "kl_to_baseline": 0.03160827339143732,
  "token_kl": 0.47559313611038334,
  "selected_indices": [
    0,
    13,
    20,
    27,
    28,
    36,
    44,
    45,
    58,
    63,
    67,
    69,
    70,
    71,
    72
  ],
  "distribution": {
    "A": 0.0474258782264522,
    "B": 0.9525741217735477
  }
}