{
  "question_id": "bookworm_nm",
  "method": "next_sentence_attn_oracle",
  "prefix_length": 68,
  "keep_m": 15,
  "kl_to_baseline": 0.03789902899321776,
  "token_kl": 0.07129201078939112,
  "selected_indices": [
    0,
    3,
    6,
    40,
    48,
    50,
    51,
    53,
    54,
    55,
    56,
    58,
    59,
    61,
    62
  ],
  "distribution": {
    "A": 0.08509904152653235,
    "B": 0.9149009584734678
  }
}