{
  "question_id": "bookworm_nm",
  "method": "next_sentence_attn_oracle",
  "prefix_length": 88,
  "keep_m": 15,
  "kl_to_baseline": 0.00479175244455524,
  "token_kl": 0.0172701368360386,
  "selected_indices": [
    0,
    48,
    50,
    51,
    54,
    55,
    66,
    68,
    69,
    72,
    77,
    78,
    79,
    81,
    82
  ],
  "distribution": {
    "A": 0.03732688948593843,
    "B": 0.9626731105140616
  }
}