{
  "question_id": "bookworm_nm",
  "method": "next_sentence_attn_oracle",
  "prefix_length": 76,
  "keep_m": 3,
  "kl_to_baseline": 0.07049052897600744,
  "token_kl": 0.16812613705003263,
  "selected_indices": [
    0,
    65,
    70
  ],
  "distribution": {
    "A": 0.08509905138791504,
    "B": 0.914900948612085
  }
}