{
  "question_id": "bookworm_nm",
  "method": "next_sentence_attn_oracle",
  "prefix_length": 45,
  "keep_m": 3,
  "kl_to_baseline": 0.2555124087043248,
  "token_kl": 1.2963598452146337,
  "selected_indices": [
    13,
    28,
    36
  ],
  "distribution": {
    "A": 0.32082130082460697,
    "B": 0.679178699175393
  }
}