{
  "question_id": "dilemma_25447",
  "method": "next_sentence_attn_oracle",
  "prefix_length": 27,
  "keep_m": 20,
  "kl_to_baseline": 0.009112732148976212,
  "token_kl": 0.019135308226152673,
  "selected_indices": [
    0,
    1,
    3,
    4,
    5,
    6,
    8,
    9,
    10,
    11,
    12,
    13,
    14,
    15,
    16,
    17,
    18,
    19,
    20,
    21
  ],
  "distribution": {
    "A": 0.8933094060543487,
    "B": 0.10669059394565118
  }
}