{
  "question_id": "dilemma_3081",
  "method": "next_sentence_attn_oracle",
  "prefix_length": 29,
  "keep_m": 10,
  "kl_to_baseline": 0.0902381846134532,
  "token_kl": 0.08022661667559486,
  "selected_indices": [
    0,
    8,
    10,
    13,
    14,
    17,
    18,
    20,
    21,
    23
  ],
  "distribution": {
    "A": 0.37754066879814546,
    "B": 0.6224593312018546
  }
}