{
  "question_id": "dilemma_32747",
  "method": "next_sentence_attn_oracle",
  "prefix_length": 34,
  "keep_m": 10,
  "kl_to_baseline": 0.0007756538571513783,
  "token_kl": 0.2774541095793298,
  "selected_indices": [
    0,
    13,
    15,
    18,
    19,
    20,
    23,
    25,
    26,
    28
  ],
  "distribution": {
    "A": 0.002182716292202795,
    "B": 0.9978172837077972
  }
}