{
  "question_id": "dilemma_32747",
  "method": "next_sentence_attn_oracle",
  "prefix_length": 16,
  "keep_m": 5,
  "kl_to_baseline": 2.685180181916303e-05,
  "token_kl": 0.036972555233274,
  "selected_indices": [
    0,
    1,
    7,
    9,
    10
  ],
  "distribution": {
    "A": 0.003172682313782965,
    "B": 0.996827317686217
  }
}