{
  "question_id": "dilemma_24577",
  "method": "next_sentence_attn_oracle",
  "prefix_length": 32,
  "keep_m": 5,
  "kl_to_baseline": 0.0076267074397727945,
  "token_kl": 0.051653202971620744,
  "selected_indices": [
    0,
    5,
    19,
    20,
    23
  ],
  "distribution": {
    "A": 0.04742587418734382,
    "B": 0.9525741258126562
  }
}