{
  "question_id": "dilemma_12903",
  "method": "next_sentence_attn_oracle",
  "prefix_length": 29,
  "keep_m": 20,
  "kl_to_baseline": 0.02113700930522512,
  "token_kl": 0.019441072623980548,
  "selected_indices": [
    0,
    1,
    2,
    3,
    4,
    5,
    7,
    8,
    9,
    11,
    12,
    13,
    14,
    15,
    16,
    17,
    18,
    19,
    21,
    23
  ],
  "distribution": {
    "A": 0.8354835432479661,
    "B": 0.16451645675203383
  }
}