{
  "question_id": "dilemma_32747",
  "method": "next_sentence_attn_oracle",
  "prefix_length": 29,
  "keep_m": 20,
  "kl_to_baseline": 0.00040287838097626644,
  "token_kl": 0.04191733852322085,
  "selected_indices": [
    0,
    1,
    3,
    5,
    6,
    7,
    8,
    11,
    12,
    13,
    14,
    15,
    16,
    17,
    18,
    19,
    20,
    21,
    22,
    23
  ],
  "distribution": {
    "A": 0.0009110513165767899,
    "B": 0.9990889486834231
  }
}