{
  "question_id": "dilemma_25447",
  "method": "next_sentence_attn_oracle",
  "prefix_length": 27,
  "keep_m": 10,
  "kl_to_baseline": 0.031184591183177443,
  "token_kl": 0.09610603895936273,
  "selected_indices": [
    0,
    6,
    8,
    9,
    12,
    13,
    17,
    18,
    19,
    21
  ],
  "distribution": {
    "A": 0.8519528057272543,
    "B": 0.14804719427274565
  }
}