{
  "question_id": "dilemma_19599",
  "method": "next_sentence_attn_oracle",
  "prefix_length": 24,
  "keep_m": 10,
  "kl_to_baseline": 0.0453386777824224,
  "token_kl": 0.11148012441978637,
  "selected_indices": [
    0,
    2,
    7,
    8,
    9,
    12,
    13,
    15,
    16,
    18
  ],
  "distribution": {
    "A": 0.8670357477770336,
    "B": 0.13296425222296632
  }
}