{
  "question_id": "dilemma_12903",
  "method": "next_sentence_attn_oracle",
  "prefix_length": 32,
  "keep_m": 15,
  "kl_to_baseline": 0.022622305017089284,
  "token_kl": 0.020171967845806306,
  "selected_indices": [
    0,
    1,
    2,
    3,
    5,
    9,
    10,
    16,
    20,
    21,
    22,
    23,
    24,
    25,
    26
  ],
  "distribution": {
    "A": 0.18242551713899047,
    "B": 0.8175744828610095
  }
}