{
  "question_id": "dilemma_37184",
  "method": "next_sentence_attn_oracle",
  "prefix_length": 35,
  "keep_m": 10,
  "kl_to_baseline": 0.0011685527503363068,
  "token_kl": 0.07293980446685065,
  "selected_indices": [
    0,
    4,
    12,
    14,
    17,
    18,
    19,
    21,
    24,
    27
  ],
  "distribution": {
    "A": 0.9669140222071801,
    "B": 0.033085977792819805
  }
}