{
  "question_id": "dilemma_32747",
  "method": "next_sentence_attn_oracle",
  "prefix_length": 15,
  "keep_m": 5,
  "kl_to_baseline": 3.737246731109155e-05,
  "token_kl": 0.022688346204797958,
  "selected_indices": [
    0,
    3,
    7,
    8,
    9
  ],
  "distribution": {
    "A": 0.00522012463683949,
    "B": 0.9947798753631605
  }
}