{
  "question_id": "dilemma_15721",
  "method": "next_sentence_attn_oracle",
  "prefix_length": 16,
  "keep_m": 10,
  "kl_to_baseline": 9.21309530580788e-05,
  "token_kl": 0.0061545600744596675,
  "selected_indices": [
    0,
    1,
    2,
    3,
    4,
    5,
    6,
    7,
    9,
    10
  ],
  "distribution": {
    "A": 0.010986941729916327,
    "B": 0.9890130582700837
  }
}