{
  "question_id": "dilemma_45012",
  "method": "next_sentence_attn_oracle",
  "prefix_length": 35,
  "keep_m": 15,
  "kl_to_baseline": 0.006226705819239165,
  "token_kl": 0.0563139815434925,
  "selected_indices": [
    0,
    1,
    6,
    7,
    9,
    10,
    11,
    15,
    16,
    17,
    20,
    23,
    24,
    27,
    28
  ],
  "distribution": {
    "A": 0.014063627224035471,
    "B": 0.9859363727759646
  }
}