{
  "question_id": "dilemma_3081",
  "method": "next_sentence_attn_oracle",
  "prefix_length": 43,
  "keep_m": 3,
  "kl_to_baseline": 0.11093936238430478,
  "token_kl": 0.13272779420161396,
  "selected_indices": [
    0,
    34,
    36
  ],
  "distribution": {
    "A": 0.3208213138121609,
    "B": 0.6791786861878392
  }
}