{
  "question_id": "dilemma_2081",
  "method": "next_sentence_attn_oracle",
  "prefix_length": 29,
  "keep_m": 3,
  "kl_to_baseline": 0.13786865298710207,
  "token_kl": 0.5568923267353151,
  "selected_indices": [
    13,
    22,
    23
  ],
  "distribution": {
    "A": 0.3486451217982255,
    "B": 0.6513548782017746
  }
}