{
  "question_id": "dilemma_32747",
  "method": "next_sentence_attn_oracle",
  "prefix_length": 32,
  "keep_m": 20,
  "kl_to_baseline": 0.005494482453184064,
  "token_kl": 0.021074301292616775,
  "selected_indices": [
    0,
    3,
    5,
    6,
    7,
    8,
    11,
    12,
    13,
    15,
    16,
    17,
    18,
    19,
    20,
    21,
    22,
    23,
    25,
    26
  ],
  "distribution": {
    "A": 0.006692852224496884,
    "B": 0.993307147775503
  }
}