{
  "question_id": "dilemma_19599",
  "method": "next_sentence_attn_oracle",
  "prefix_length": 23,
  "keep_m": 3,
  "kl_to_baseline": 0.3420769751226472,
  "token_kl": 0.740738362022365,
  "selected_indices": [
    0,
    15,
    17
  ],
  "distribution": {
    "A": 0.8519528038477825,
    "B": 0.1480471961522176
  }
}