{
  "question_id": "dilemma_23322",
  "method": "next_sentence_attn_oracle",
  "prefix_length": 35,
  "keep_m": 3,
  "kl_to_baseline": 0.005133968852222368,
  "token_kl": 0.286365178279443,
  "selected_indices": [
    0,
    16,
    20
  ],
  "distribution": {
    "A": 0.005220125848318164,
    "B": 0.9947798741516819
  }
}