{
  "question_id": "dilemma_25447",
  "method": "next_sentence_attn_oracle",
  "prefix_length": 27,
  "keep_m": 5,
  "kl_to_baseline": 0.6255469826291482,
  "token_kl": 0.1667166193300579,
  "selected_indices": [
    0,
    9,
    12,
    19,
    21
  ],
  "distribution": {
    "A": 0.4073334000459302,
    "B": 0.5926665999540697
  }
}