{
  "question_id": "dilemma_32747",
  "method": "next_sentence_attn_oracle",
  "prefix_length": 32,
  "keep_m": 15,
  "kl_to_baseline": 0.006348231838654748,
  "token_kl": 0.05813839295075872,
  "selected_indices": [
    0,
    5,
    6,
    7,
    8,
    11,
    12,
    13,
    17,
    19,
    20,
    21,
    22,
    23,
    26
  ],
  "distribution": {
    "A": 0.007577240623549478,
    "B": 0.9924227593764505
  }
}