{
  "question_id": "dilemma_37184",
  "method": "next_sentence_attn_oracle",
  "prefix_length": 36,
  "keep_m": 5,
  "kl_to_baseline": 0.003563985658411154,
  "token_kl": 0.21640654396264433,
  "selected_indices": [
    12,
    13,
    14,
    18,
    27
  ],
  "distribution": {
    "A": 0.9579122735862822,
    "B": 0.04208772641371775
  }
}