{
  "question_id": "dilemma_23322",
  "method": "next_sentence_attn_oracle",
  "prefix_length": 17,
  "keep_m": 5,
  "kl_to_baseline": 0.006117108314819975,
  "token_kl": 0.03506196665803856,
  "selected_indices": [
    1,
    7,
    9,
    10,
    11
  ],
  "distribution": {
    "A": 0.03732688814730781,
    "B": 0.9626731118526922
  }
}