{
  "question_id": "dilemma_3081",
  "method": "next_sentence_attn_oracle",
  "prefix_length": 36,
  "keep_m": 20,
  "kl_to_baseline": 0.005284177881398136,
  "token_kl": 0.07438408733802812,
  "selected_indices": [
    0,
    1,
    4,
    5,
    6,
    8,
    10,
    11,
    13,
    15,
    16,
    17,
    18,
    20,
    21,
    24,
    27,
    28,
    29,
    30
  ],
  "distribution": {
    "A": 0.24508501313237172,
    "B": 0.7549149868676283
  }
}