{
  "question_id": "dilemma_2081",
  "method": "next_sentence_attn_oracle",
  "prefix_length": 33,
  "keep_m": 20,
  "kl_to_baseline": 0.054242916733236654,
  "token_kl": 0.031605476339821664,
  "selected_indices": [
    0,
    2,
    7,
    8,
    11,
    12,
    13,
    14,
    15,
    16,
    17,
    18,
    19,
    20,
    21,
    22,
    23,
    24,
    25,
    27
  ],
  "distribution": {
    "A": 0.2689414213699951,
    "B": 0.7310585786300049
  }
}