{
  "question_id": "dilemma_45012",
  "method": "next_sentence_attn_oracle",
  "prefix_length": 32,
  "keep_m": 15,
  "kl_to_baseline": 0.0026746852201020074,
  "token_kl": 0.14735105201033705,
  "selected_indices": [
    0,
    1,
    4,
    6,
    7,
    15,
    16,
    17,
    19,
    20,
    22,
    23,
    24,
    25,
    26
  ],
  "distribution": {
    "A": 0.006692851685837586,
    "B": 0.9933071483141626
  }
}