{
  "question_id": "dilemma_3081",
  "method": "next_sentence_attn_oracle",
  "prefix_length": 41,
  "keep_m": 3,
  "kl_to_baseline": 0.2077974057369532,
  "token_kl": 0.19102665865297563,
  "selected_indices": [
    23,
    26,
    33
  ],
  "distribution": {
    "A": 0.5621765008857981,
    "B": 0.4378234991142019
  }
}