{
  "question_id": "dilemma_3081",
  "method": "next_sentence_attn_oracle",
  "prefix_length": 40,
  "keep_m": 20,
  "kl_to_baseline": 0.06317446390259382,
  "token_kl": 0.04930306132083071,
  "selected_indices": [
    0,
    2,
    3,
    6,
    7,
    10,
    11,
    13,
    15,
    21,
    22,
    23,
    24,
    25,
    27,
    28,
    30,
    31,
    33,
    34
  ],
  "distribution": {
    "A": 0.32082130082460697,
    "B": 0.679178699175393
  }
}