{
  "question_id": "gpqa_gpqa_diamond_0020",
  "method": "next_sentence_attn_oracle",
  "prefix_length": 54,
  "keep_m": 15,
  "kl_to_baseline": 0.16823439212134889,
  "token_kl": 0.04782788580864839,
  "selected_indices": [
    0,
    7,
    15,
    34,
    36,
    37,
    38,
    39,
    40,
    41,
    42,
    43,
    44,
    45,
    48
  ],
  "distribution": {
    "A": 0.44513233933213103,
    "B": 0.26998642752698987,
    "C": 0.09932245608250315,
    "D": 0.18555877705837595
  }
}