{
  "question_id": "gpqa_gpqa_diamond_0031",
  "method": "next_sentence_attn_oracle",
  "prefix_length": 284,
  "keep_m": 5,
  "kl_to_baseline": 2.103070689764946,
  "token_kl": 0.10724249000407633,
  "selected_indices": [
    0,
    1,
    130,
    132,
    192
  ],
  "distribution": {
    "A": 0.10823117416320177,
    "B": 0.03981602386848771,
    "C": 0.6228274044668032,
    "D": 0.22912539750150743
  }
}