{
  "question_id": "gpqa_gpqa_diamond_0002",
  "method": "next_sentence_attn_oracle",
  "prefix_length": 28,
  "keep_m": 5,
  "kl_to_baseline": 0.24410286981235801,
  "token_kl": 0.0596891361000604,
  "selected_indices": [
    10,
    19,
    20,
    21,
    22
  ],
  "distribution": {
    "A": 0.29807472944906316,
    "B": 0.26305002547753953,
    "C": 0.29807472944906316,
    "D": 0.14080051562433415
  }
}