{
  "question_id": "gpqa_gpqa_diamond_0003",
  "method": "next_sentence_attn_oracle",
  "prefix_length": 29,
  "keep_m": 10,
  "kl_to_baseline": 0.019739956457321572,
  "token_kl": 0.14379101864505983,
  "selected_indices": [
    0,
    3,
    5,
    7,
    8,
    17,
    18,
    19,
    22,
    23
  ],
  "distribution": {
    "A": 0.05313322876317118,
    "B": 0.002060198854833629,
    "C": 0.9418090007358061,
    "D": 0.0029975716461891804
  }
}