{
  "question_id": "gpqa_gpqa_diamond_0011",
  "method": "next_sentence_attn_oracle",
  "prefix_length": 83,
  "keep_m": 3,
  "kl_to_baseline": 0.475572890965996,
  "token_kl": 0.2559164813568158,
  "selected_indices": [
    26,
    69,
    70
  ],
  "distribution": {
    "A": 0.084078415368215,
    "B": 0.2934625049550007,
    "C": 0.5482601385401136,
    "D": 0.07419894113667079
  }
}