{
  "question_id": "gpqa_gpqa_diamond_0009",
  "method": "next_sentence_attn_oracle",
  "prefix_length": 47,
  "keep_m": 5,
  "kl_to_baseline": 0.19043357800208696,
  "token_kl": 0.2822700709553492,
  "selected_indices": [
    0,
    36,
    37,
    38,
    39
  ],
  "distribution": {
    "A": 0.45100245813912665,
    "B": 0.02883162082930346,
    "C": 0.06916346289244325,
    "D": 0.45100245813912665
  }
}