{
  "question_id": "gpqa_gpqa_diamond_0001",
  "method": "next_sentence_attn_oracle",
  "prefix_length": 335,
  "keep_m": 20,
  "kl_to_baseline": 0.2146379292307992,
  "token_kl": 0.07792637729490752,
  "selected_indices": [
    0,
    238,
    239,
    240,
    241,
    302,
    303,
    317,
    318,
    319,
    320,
    321,
    322,
    323,
    324,
    325,
    326,
    327,
    328,
    329
  ],
  "distribution": {
    "A": 0.21858874784335952,
    "B": 0.07096536786438723,
    "C": 0.24769350147651742,
    "D": 0.46275238281573583
  }
}