{
  "question_id": "gpqa_gpqa_diamond_0004",
  "method": "next_sentence_attn_oracle",
  "prefix_length": 89,
  "keep_m": 3,
  "kl_to_baseline": 0.07808805096441589,
  "token_kl": 0.3706253715224204,
  "selected_indices": [
    20,
    22,
    83
  ],
  "distribution": {
    "A": 0.0005784697822839897,
    "B": 0.07576457182900843,
    "C": 0.9230014662497666,
    "D": 0.0006554921389410067
  }
}