{
  "question_id": "gpqa_gpqa_diamond_0001",
  "method": "next_sentence_attn_oracle",
  "prefix_length": 393,
  "keep_m": 5,
  "kl_to_baseline": 0.055016934577266474,
  "token_kl": 0.5659841465005693,
  "selected_indices": [
    345,
    376,
    378,
    379,
    385
  ],
  "distribution": {
    "A": 0.27232271121017115,
    "B": 0.11352099539939912,
    "C": 0.16517207368503806,
    "D": 0.44898421970539165
  }
}