{
  "question_id": "gpqa_gpqa_diamond_0023",
  "method": "next_sentence_attn_oracle",
  "prefix_length": 191,
  "keep_m": 20,
  "kl_to_baseline": 0.06479886393058538,
  "token_kl": 0.21707050510347212,
  "selected_indices": [
    0,
    9,
    91,
    94,
    97,
    99,
    118,
    168,
    169,
    173,
    174,
    177,
    178,
    179,
    180,
    181,
    182,
    183,
    184,
    185
  ],
  "distribution": {
    "A": 0.43697991624421495,
    "B": 0.1251968495978452,
    "C": 0.38563342257719563,
    "D": 0.052189811580744205
  }
}