{
  "question_id": "gpqa_gpqa_diamond_0023",
  "method": "next_sentence_attn_oracle",
  "prefix_length": 320,
  "keep_m": 3,
  "kl_to_baseline": 0.17302186290109425,
  "token_kl": 0.3495457581316512,
  "selected_indices": [
    307,
    308,
    312
  ],
  "distribution": {
    "A": 0.3320117333870983,
    "B": 0.22818810478975934,
    "C": 0.3320117333870983,
    "D": 0.10778842843604404
  }
}