{
  "question_id": "gpqa_gpqa_diamond_0031",
  "method": "next_sentence_attn_oracle",
  "prefix_length": 209,
  "keep_m": 10,
  "kl_to_baseline": 1.3692797169726079,
  "token_kl": 0.29952277592960647,
  "selected_indices": [
    0,
    2,
    4,
    7,
    21,
    72,
    188,
    196,
    200,
    201
  ],
  "distribution": {
    "A": 0.2150883727462656,
    "B": 0.07912659036837108,
    "C": 0.515970214154823,
    "D": 0.1898148227305403
  }
}