{
  "question_id": "gpqa_gpqa_diamond_0023",
  "method": "next_sentence_attn_oracle",
  "prefix_length": 317,
  "keep_m": 10,
  "kl_to_baseline": 0.04637438426646205,
  "token_kl": 0.27779119052347356,
  "selected_indices": [
    0,
    258,
    288,
    290,
    303,
    304,
    305,
    307,
    308,
    311
  ],
  "distribution": {
    "A": 0.545099048828039,
    "B": 0.22723109041929015,
    "C": 0.1769677511567124,
    "D": 0.050702109595958555
  }
}