{
  "question_id": "gpqa_gpqa_diamond_0011",
  "method": "next_sentence_attn_oracle",
  "prefix_length": 39,
  "keep_m": 20,
  "kl_to_baseline": 0.02259398508961577,
  "token_kl": 0.0005593461646432683,
  "selected_indices": [
    0,
    5,
    9,
    10,
    15,
    16,
    18,
    21,
    22,
    23,
    24,
    25,
    26,
    27,
    28,
    29,
    30,
    31,
    32,
    33
  ],
  "distribution": {
    "A": 0.19319629917386025,
    "B": 0.2189200875470955,
    "C": 0.5251619580677487,
    "D": 0.06272165521129563
  }
}