{
  "question_id": "gpqa_gpqa_diamond_0031",
  "method": "next_sentence_attn_oracle",
  "prefix_length": 181,
  "keep_m": 10,
  "kl_to_baseline": 0.018188363563394705,
  "token_kl": 0.083163857970038,
  "selected_indices": [
    0,
    91,
    92,
    99,
    100,
    101,
    105,
    155,
    157,
    175
  ],
  "distribution": {
    "A": 0.8594344301068151,
    "B": 0.017836992808519327,
    "C": 0.042788721367025814,
    "D": 0.07993985571763974
  }
}