{
  "question_id": "gpqa_gpqa_diamond_0017",
  "method": "next_sentence_attn_oracle",
  "prefix_length": 99,
  "keep_m": 3,
  "kl_to_baseline": 0.376353818226707,
  "token_kl": 0.05961777888535227,
  "selected_indices": [
    0,
    76,
    92
  ],
  "distribution": {
    "A": 0.8241587429991141,
    "B": 0.04649585253976918,
    "C": 0.07665870108165401,
    "D": 0.05268670337946271
  }
}