{
  "question_id": "gpqa_gpqa_diamond_0002",
  "method": "next_sentence_attn_oracle",
  "prefix_length": 77,
  "keep_m": 3,
  "kl_to_baseline": 2.0257036941399478,
  "token_kl": 0.18521299511021497,
  "selected_indices": [
    51,
    52,
    53
  ],
  "distribution": {
    "A": 0.40252654473636107,
    "B": 0.19014006499063535,
    "C": 0.27665216213632127,
    "D": 0.13068122813668234
  }
}