{
  "question_id": "gpqa_gpqa_diamond_0023",
  "method": "next_sentence_attn_oracle",
  "prefix_length": 16,
  "keep_m": 10,
  "kl_to_baseline": 7.549672677939349e-16,
  "token_kl": 0.004615290415144881,
  "selected_indices": [
    0,
    1,
    3,
    4,
    5,
    6,
    7,
    8,
    9,
    10
  ],
  "distribution": {
    "A": 0.45336670994866185,
    "B": 0.27498080967690797,
    "C": 0.24266971281007546,
    "D": 0.028982767564354625
  }
}