{
  "question_id": "gpqa_gpqa_diamond_0023",
  "method": "next_sentence_attn_oracle",
  "prefix_length": 336,
  "keep_m": 10,
  "kl_to_baseline": 0.13045555794093283,
  "token_kl": 0.5057667546020711,
  "selected_indices": [
    0,
    268,
    274,
    300,
    302,
    321,
    322,
    323,
    328,
    329
  ],
  "distribution": {
    "A": 0.5838300060434918,
    "B": 0.14761534274671914,
    "C": 0.18954185197985984,
    "D": 0.07901279922992926
  }
}