{
  "question_id": "gpqa_gpqa_diamond_0023",
  "method": "next_sentence_attn_oracle",
  "prefix_length": 268,
  "keep_m": 3,
  "kl_to_baseline": 0.07170670957040406,
  "token_kl": 0.3017727297501281,
  "selected_indices": [
    123,
    203,
    259
  ],
  "distribution": {
    "A": 0.3542800494789495,
    "B": 0.24349287969641714,
    "C": 0.31265104631269014,
    "D": 0.08957602451194317
  }
}