{
  "question_id": "gpqa_gpqa_diamond_0001",
  "method": "next_sentence_attn_oracle",
  "prefix_length": 368,
  "keep_m": 20,
  "kl_to_baseline": 0.1987672935639344,
  "token_kl": 0.14103784343617032,
  "selected_indices": [
    0,
    52,
    233,
    241,
    301,
    303,
    304,
    305,
    306,
    307,
    310,
    311,
    317,
    332,
    333,
    338,
    350,
    351,
    359,
    362
  ],
  "distribution": {
    "A": 0.19159609608621875,
    "B": 0.1316819426982631,
    "C": 0.21710681989374178,
    "D": 0.45961514132177633
  }
}