{
  "question_id": "gpqa_gpqa_diamond_0031",
  "method": "next_sentence_attn_oracle",
  "prefix_length": 73,
  "keep_m": 20,
  "kl_to_baseline": 1.8451025839537956,
  "token_kl": 0.2050310693511803,
  "selected_indices": [
    0,
    16,
    21,
    24,
    25,
    26,
    27,
    28,
    31,
    32,
    33,
    34,
    35,
    36,
    37,
    38,
    49,
    56,
    66,
    67
  ],
  "distribution": {
    "A": 0.13564390132551193,
    "B": 0.08227218495695812,
    "C": 0.6079137175595951,
    "D": 0.17417019615793478
  }
}