{
  "question_id": "gpqa_gpqa_diamond_0023",
  "method": "next_sentence_attn_oracle",
  "prefix_length": 257,
  "keep_m": 15,
  "kl_to_baseline": 0.027386750074686134,
  "token_kl": 0.24997532837216024,
  "selected_indices": [
    0,
    10,
    91,
    94,
    96,
    98,
    120,
    122,
    166,
    179,
    184,
    200,
    201,
    203,
    205
  ],
  "distribution": {
    "A": 0.39390450250499903,
    "B": 0.2389151577681337,
    "C": 0.3067731350062454,
    "D": 0.060407204720621784
  }
}