{
  "question_id": "gpqa_gpqa_diamond_0001",
  "method": "next_sentence_attn_oracle",
  "prefix_length": 319,
  "keep_m": 15,
  "kl_to_baseline": 0.0773981549916142,
  "token_kl": 0.03641268021118728,
  "selected_indices": [
    0,
    17,
    193,
    233,
    238,
    239,
    240,
    241,
    302,
    303,
    304,
    307,
    309,
    310,
    311
  ],
  "distribution": {
    "A": 0.295015491477082,
    "B": 0.06582686170672199,
    "C": 0.260350257442997,
    "D": 0.3788073893731991
  }
}