{
  "question_id": "gpqa_gpqa_diamond_0031",
  "method": "next_sentence_attn_oracle",
  "prefix_length": 193,
  "keep_m": 3,
  "kl_to_baseline": 0.05940096667904109,
  "token_kl": 0.29959274824602766,
  "selected_indices": [
    0,
    186,
    187
  ],
  "distribution": {
    "A": 0.8604546191928417,
    "B": 0.013907952337217934,
    "C": 0.07063040991752075,
    "D": 0.05500701855241949
  }
}