{
  "question_id": "gpqa_gpqa_diamond_0001",
  "method": "next_sentence_attn_oracle",
  "prefix_length": 417,
  "keep_m": 10,
  "kl_to_baseline": 0.5771747840762904,
  "token_kl": 0.19763273485082036,
  "selected_indices": [
    329,
    356,
    359,
    360,
    363,
    364,
    365,
    405,
    407,
    408
  ],
  "distribution": {
    "A": 0.185642706860964,
    "B": 0.09936738046853175,
    "C": 0.21036074610263966,
    "D": 0.5046291665678646
  }
}