{
  "question_id": "gpqa_gpqa_diamond_0001",
  "method": "next_sentence_attn_oracle",
  "prefix_length": 391,
  "keep_m": 20,
  "kl_to_baseline": 0.10883914216669696,
  "token_kl": 0.05697736691243469,
  "selected_indices": [
    0,
    321,
    341,
    342,
    344,
    345,
    347,
    353,
    354,
    374,
    375,
    376,
    377,
    378,
    379,
    380,
    381,
    383,
    384,
    385
  ],
  "distribution": {
    "A": 0.19034772595000135,
    "B": 0.1018857835616064,
    "C": 0.19034772595000135,
    "D": 0.5174187645383909
  }
}