{
  "question_id": "gpqa_gpqa_diamond_0009",
  "method": "next_sentence_attn_oracle",
  "prefix_length": 86,
  "keep_m": 10,
  "kl_to_baseline": 2.0832852464438365,
  "token_kl": 0.09918814905520003,
  "selected_indices": [
    0,
    26,
    28,
    29,
    73,
    74,
    75,
    76,
    78,
    79
  ],
  "distribution": {
    "A": 0.7295142111208348,
    "B": 0.09872900356011106,
    "C": 0.0598821676620851,
    "D": 0.11187461765696904
  }
}