{
  "question_id": "gpqa_gpqa_diamond_0009",
  "method": "next_sentence_attn_oracle",
  "prefix_length": 110,
  "keep_m": 3,
  "kl_to_baseline": 1.7112879161204617,
  "token_kl": 0.1496426880880031,
  "selected_indices": [
    41,
    56,
    104
  ],
  "distribution": {
    "A": 0.7034605126654521,
    "B": 0.06543202416550094,
    "C": 0.07414419696416859,
    "D": 0.15696326620487833
  }
}