{
  "question_id": "gpqa_gpqa_diamond_0023",
  "method": "next_sentence_attn_oracle",
  "prefix_length": 243,
  "keep_m": 10,
  "kl_to_baseline": 0.11739228786827917,
  "token_kl": 0.2672523428832348,
  "selected_indices": [
    0,
    228,
    229,
    230,
    231,
    232,
    233,
    234,
    235,
    236
  ],
  "distribution": {
    "A": 0.4666735108870285,
    "B": 0.19453847387422338,
    "C": 0.28305180929992224,
    "D": 0.05573620593882577
  }
}