{
  "question_id": "gpqa_gpqa_diamond_0031",
  "method": "next_sentence_attn_oracle",
  "prefix_length": 159,
  "keep_m": 5,
  "kl_to_baseline": 1.488567093364877,
  "token_kl": 0.13501791171449326,
  "selected_indices": [
    39,
    77,
    78,
    126,
    151
  ],
  "distribution": {
    "A": 0.1571011722927151,
    "B": 0.0654895197827612,
    "C": 0.48390567788079564,
    "D": 0.29350363004372804
  }
}