{
  "question_id": "gpqa_gpqa_diamond_0026",
  "method": "next_sentence_attn_oracle",
  "prefix_length": 39,
  "keep_m": 20,
  "kl_to_baseline": 0.0009550385662766115,
  "token_kl": 0.12474426996786021,
  "selected_indices": [
    0,
    1,
    3,
    4,
    5,
    6,
    9,
    12,
    18,
    19,
    22,
    23,
    25,
    26,
    27,
    28,
    29,
    31,
    32,
    33
  ],
  "distribution": {
    "A": 0.0007088148216867537,
    "B": 0.998085571094291,
    "C": 0.0002954778372515561,
    "D": 0.0009101362467707811
  }
}