{
  "question_id": "gpqa_gpqa_diamond_0023",
  "method": "next_sentence_attn_oracle",
  "prefix_length": 312,
  "keep_m": 3,
  "kl_to_baseline": 0.09570478028579107,
  "token_kl": 0.23270759947058825,
  "selected_indices": [
    0,
    270,
    290
  ],
  "distribution": {
    "A": 0.43194757319299487,
    "B": 0.18006253775646217,
    "C": 0.3364011082484974,
    "D": 0.05158878080204551
  }
}