{
  "question_id": "gpqa_gpqa_diamond_0023",
  "method": "next_sentence_attn_oracle",
  "prefix_length": 315,
  "keep_m": 10,
  "kl_to_baseline": 0.11792221747212098,
  "token_kl": 0.2602614812087642,
  "selected_indices": [
    0,
    223,
    272,
    288,
    290,
    294,
    301,
    307,
    308,
    309
  ],
  "distribution": {
    "A": 0.46323576537301625,
    "B": 0.1931053967407152,
    "C": 0.2809666943741822,
    "D": 0.06269214351208623
  }
}