{
  "question_id": "gpqa_gpqa_diamond_0004",
  "method": "next_sentence_attn_oracle",
  "prefix_length": 45,
  "keep_m": 5,
  "kl_to_baseline": 0.050823066747951146,
  "token_kl": 0.8255478623615387,
  "selected_indices": [
    0,
    23,
    27,
    34,
    37
  ],
  "distribution": {
    "A": 0.007280294045599929,
    "B": 0.14622859743275243,
    "C": 0.8414874404776611,
    "D": 0.0050036680439865845
  }
}