{
  "question_id": "gpqa_gpqa_diamond_0001",
  "method": "next_sentence_attn_oracle",
  "prefix_length": 327,
  "keep_m": 3,
  "kl_to_baseline": 0.2285120121564875,
  "token_kl": 0.5098728719251227,
  "selected_indices": [
    237,
    240,
    318
  ],
  "distribution": {
    "A": 0.19982454778091688,
    "B": 0.09439043278830389,
    "C": 0.22643087720272406,
    "D": 0.47935414222805517
  }
}