{
  "question_id": "gpqa_gpqa_diamond_0002",
  "method": "next_sentence_attn_oracle",
  "prefix_length": 90,
  "keep_m": 3,
  "kl_to_baseline": 2.3346419962366323,
  "token_kl": 0.13314667150827908,
  "selected_indices": [
    6,
    83,
    84
  ],
  "distribution": {
    "A": 0.3790504805688875,
    "B": 0.22990573804383807,
    "C": 0.29520481109064195,
    "D": 0.09583897029663242
  }
}