{
  "question_id": "gpqa_gpqa_diamond_0031",
  "method": "next_sentence_attn_oracle",
  "prefix_length": 74,
  "keep_m": 3,
  "kl_to_baseline": 1.4108657347350657,
  "token_kl": 0.20053036338073835,
  "selected_indices": [
    24,
    26,
    36
  ],
  "distribution": {
    "A": 0.21635629360282704,
    "B": 0.048275614440719504,
    "C": 0.5190117983536264,
    "D": 0.21635629360282704
  }
}