{
  "question_id": "gpqa_gpqa_diamond_0009",
  "method": "next_sentence_attn_oracle",
  "prefix_length": 53,
  "keep_m": 3,
  "kl_to_baseline": 0.05752221536625017,
  "token_kl": 1.3267291780145267,
  "selected_indices": [
    0,
    42,
    43
  ],
  "distribution": {
    "A": 0.7478626895455825,
    "B": 0.08931946353028855,
    "C": 0.03285879432925558,
    "D": 0.1299590525948734
  }
}