{
  "question_id": "gpqa_gpqa_diamond_0017",
  "method": "next_sentence_attn_oracle",
  "prefix_length": 121,
  "keep_m": 15,
  "kl_to_baseline": 0.19287990094434504,
  "token_kl": 0.11690682959431542,
  "selected_indices": [
    0,
    68,
    73,
    80,
    82,
    83,
    85,
    86,
    87,
    88,
    92,
    111,
    112,
    114,
    115
  ],
  "distribution": {
    "A": 0.8070846914905476,
    "B": 0.0662495438159811,
    "C": 0.0750705680914619,
    "D": 0.051595196602009424
  }
}