{
  "question_id": "gpqa_gpqa_diamond_0007",
  "method": "next_sentence_attn_oracle",
  "prefix_length": 201,
  "keep_m": 10,
  "kl_to_baseline": 0.017752076061319674,
  "token_kl": 0.37825588041769354,
  "selected_indices": [
    0,
    61,
    62,
    85,
    87,
    175,
    177,
    190,
    194,
    195
  ],
  "distribution": {
    "A": 0.9773192117003625,
    "B": 0.003994080463825891,
    "C": 0.01790022676077928,
    "D": 0.0007864810750323005
  }
}