{
  "question_id": "gpqa_gpqa_diamond_0031",
  "method": "next_sentence_attn_oracle",
  "prefix_length": 84,
  "keep_m": 3,
  "kl_to_baseline": 1.5819777221112865,
  "token_kl": 0.05172577719275692,
  "selected_indices": [
    0,
    43,
    78
  ],
  "distribution": {
    "A": 0.19397636953487882,
    "B": 0.0916279489904079,
    "C": 0.46532509275511513,
    "D": 0.2490705887195981
  }
}