{
  "question_id": "gpqa_gpqa_diamond_0009",
  "method": "next_sentence_attn_oracle",
  "prefix_length": 81,
  "keep_m": 10,
  "kl_to_baseline": 0.013190413495882115,
  "token_kl": 0.38014020981135793,
  "selected_indices": [
    0,
    42,
    43,
    53,
    54,
    55,
    58,
    62,
    63,
    75
  ],
  "distribution": {
    "A": 0.02529297828876792,
    "B": 0.01738359280656302,
    "C": 0.008211427808289675,
    "D": 0.9491120010963793
  }
}