{
  "question_id": "gpqa_gpqa_diamond_0009",
  "method": "next_sentence_attn_oracle",
  "prefix_length": 90,
  "keep_m": 20,
  "kl_to_baseline": 0.07561858301877414,
  "token_kl": 0.14249032928514951,
  "selected_indices": [
    0,
    1,
    3,
    10,
    11,
    14,
    43,
    53,
    54,
    55,
    57,
    58,
    59,
    63,
    78,
    79,
    80,
    81,
    82,
    83
  ],
  "distribution": {
    "A": 0.1370999739317844,
    "B": 0.03927980018086325,
    "C": 0.03466430199375365,
    "D": 0.7889559238935987
  }
}