{
  "question_id": "gpqa_gpqa_diamond_0031",
  "method": "next_sentence_attn_oracle",
  "prefix_length": 91,
  "keep_m": 5,
  "kl_to_baseline": 1.852792086248688,
  "token_kl": 0.11380588746812825,
  "selected_indices": [
    0,
    47,
    49,
    50,
    71
  ],
  "distribution": {
    "A": 0.11536973159624844,
    "B": 0.054496802404776,
    "C": 0.5858957714085216,
    "D": 0.24423769459045397
  }
}