{
  "question_id": "gpqa_gpqa_diamond_0023",
  "method": "next_sentence_attn_oracle",
  "prefix_length": 374,
  "keep_m": 5,
  "kl_to_baseline": 0.0025173250111737307,
  "token_kl": 0.2863062133101005,
  "selected_indices": [
    349,
    350,
    351,
    352,
    355
  ],
  "distribution": {
    "A": 4.000998771684141e-05,
    "B": 0.0009106226889097648,
    "C": 0.9986192196229654,
    "D": 0.000430147700408059
  }
}