{
  "question_id": "gpqa_gpqa_diamond_0009",
  "method": "next_sentence_attn_oracle",
  "prefix_length": 74,
  "keep_m": 20,
  "kl_to_baseline": 2.203824918630392,
  "token_kl": 0.06771777773975507,
  "selected_indices": [
    0,
    14,
    21,
    23,
    25,
    27,
    28,
    30,
    32,
    34,
    35,
    36,
    42,
    59,
    62,
    64,
    65,
    66,
    67,
    68
  ],
  "distribution": {
    "A": 0.7663488830376032,
    "B": 0.10371404932579469,
    "C": 0.026223018310807464,
    "D": 0.10371404932579469
  }
}