{
  "question_id": "gpqa_gpqa_diamond_0031",
  "method": "next_sentence_attn_oracle",
  "prefix_length": 129,
  "keep_m": 5,
  "kl_to_baseline": 0.5928122459747147,
  "token_kl": 0.12768452987153686,
  "selected_indices": [
    0,
    47,
    119,
    120,
    121
  ],
  "distribution": {
    "A": 0.4298150026575089,
    "B": 0.051334087692454025,
    "C": 0.3793104085296412,
    "D": 0.1395405011203959
  }
}