{
  "question_id": "gpqa_gpqa_diamond_0002",
  "method": "next_sentence_attn_oracle",
  "prefix_length": 94,
  "keep_m": 5,
  "kl_to_baseline": 0.5315446211353846,
  "token_kl": 0.12070359127432158,
  "selected_indices": [
    83,
    84,
    86,
    87,
    88
  ],
  "distribution": {
    "A": 0.1653454320053828,
    "B": 0.12877115192307184,
    "C": 0.12877115192307184,
    "D": 0.5771122641484735
  }
}