{
  "question_id": "gpqa_gpqa_diamond_0031",
  "method": "next_sentence_attn_oracle",
  "prefix_length": 126,
  "keep_m": 15,
  "kl_to_baseline": 0.8443106964292222,
  "token_kl": 0.058473346244641955,
  "selected_indices": [
    0,
    38,
    39,
    67,
    68,
    72,
    74,
    76,
    77,
    78,
    79,
    90,
    117,
    119,
    120
  ],
  "distribution": {
    "A": 0.30834767374688365,
    "B": 0.07796249190364206,
    "C": 0.4486432180192098,
    "D": 0.16504661633026446
  }
}