{
  "question_id": "gpqa_gpqa_diamond_0020",
  "method": "next_sentence_attn_oracle",
  "prefix_length": 60,
  "keep_m": 3,
  "kl_to_baseline": 0.4087066044024,
  "token_kl": 0.3811475845273193,
  "selected_indices": [
    0,
    36,
    49
  ],
  "distribution": {
    "A": 0.2903869178267122,
    "B": 0.3728641831631131,
    "C": 0.1371690836867204,
    "D": 0.19957981532345434
  }
}