{
  "question_id": "gpqa_gpqa_diamond_0004",
  "method": "next_sentence_attn_oracle",
  "prefix_length": 56,
  "keep_m": 3,
  "kl_to_baseline": 0.0975082720986549,
  "token_kl": 0.01355443710713127,
  "selected_indices": [
    0,
    46,
    50
  ],
  "distribution": {
    "A": 0.002995173510448286,
    "B": 0.1635309521931623,
    "C": 0.8304787007859412,
    "D": 0.002995173510448286
  }
}