{
  "question_id": "gpqa_gpqa_diamond_0001",
  "method": "next_sentence_attn_oracle",
  "prefix_length": 431,
  "keep_m": 10,
  "kl_to_baseline": 0.2938635155903685,
  "token_kl": 0.20609657490291367,
  "selected_indices": [
    329,
    330,
    331,
    355,
    360,
    361,
    379,
    400,
    415,
    416
  ],
  "distribution": {
    "A": 0.3015985483963712,
    "B": 0.07625606416226745,
    "C": 0.23488518566429287,
    "D": 0.3872602017770685
  }
}