{
  "question_id": "gpqa_gpqa_diamond_0001",
  "method": "next_sentence_attn_oracle",
  "prefix_length": 408,
  "keep_m": 15,
  "kl_to_baseline": 0.056398880366367574,
  "token_kl": 0.14628456643634752,
  "selected_indices": [
    355,
    356,
    360,
    362,
    363,
    364,
    365,
    366,
    367,
    368,
    371,
    372,
    382,
    390,
    402
  ],
  "distribution": {
    "A": 0.4612836906017623,
    "B": 0.21789499975276092,
    "C": 0.10292630989271592,
    "D": 0.21789499975276092
  }
}