{
  "question_id": "gpqa_gpqa_diamond_0001",
  "method": "next_sentence_attn_oracle",
  "prefix_length": 414,
  "keep_m": 15,
  "kl_to_baseline": 0.004022263451791262,
  "token_kl": 0.36287335005782806,
  "selected_indices": [
    0,
    233,
    240,
    241,
    333,
    337,
    338,
    350,
    359,
    373,
    374,
    399,
    402,
    406,
    407
  ],
  "distribution": {
    "A": 0.720157890349101,
    "B": 0.052168059493729234,
    "C": 0.06698511432922657,
    "D": 0.16068893582794305
  }
}