{
  "question_id": "gpqa_gpqa_diamond_0020",
  "method": "next_sentence_attn_oracle",
  "prefix_length": 72,
  "keep_m": 3,
  "kl_to_baseline": 0.6965258410691971,
  "token_kl": 0.19661397791186466,
  "selected_indices": [
    63,
    64,
    66
  ],
  "distribution": {
    "A": 0.07493925379866279,
    "B": 0.48866528990686947,
    "C": 0.14000495796233908,
    "D": 0.29639049833212866
  }
}