{
  "question_id": "gpqa_gpqa_diamond_0001",
  "method": "next_sentence_attn_oracle",
  "prefix_length": 175,
  "keep_m": 20,
  "kl_to_baseline": 0.04246543866844133,
  "token_kl": 0.05441065105490194,
  "selected_indices": [
    0,
    23,
    35,
    59,
    60,
    61,
    63,
    64,
    66,
    69,
    70,
    97,
    116,
    128,
    129,
    139,
    148,
    155,
    164,
    168
  ],
  "distribution": {
    "A": 0.23054817140000738,
    "B": 0.20345804715704893,
    "C": 0.23054817140000738,
    "D": 0.33544561004293627
  }
}