{
  "question_id": "gpqa_gpqa_diamond_0002",
  "method": "next_sentence_attn_oracle",
  "prefix_length": 48,
  "keep_m": 15,
  "kl_to_baseline": 0.49538593051141466,
  "token_kl": 0.04958306327939865,
  "selected_indices": [
    15,
    26,
    29,
    30,
    31,
    32,
    34,
    35,
    36,
    37,
    38,
    39,
    40,
    41,
    42
  ],
  "distribution": {
    "A": 0.19908253815691523,
    "B": 0.28966338381871215,
    "C": 0.2556270390121863,
    "D": 0.2556270390121863
  }
}