{
  "question_id": "gpqa_gpqa_diamond_0011",
  "method": "next_sentence_attn_oracle",
  "prefix_length": 71,
  "keep_m": 3,
  "kl_to_baseline": 0.10571764688013403,
  "token_kl": 0.12140925775049806,
  "selected_indices": [
    0,
    25,
    28
  ],
  "distribution": {
    "A": 0.06868392979642843,
    "B": 0.3952487026464576,
    "C": 0.44787545598050343,
    "D": 0.0881919115766106
  }
}