{
  "question_id": "gpqa_gpqa_diamond_0003",
  "method": "next_sentence_attn_oracle",
  "prefix_length": 36,
  "keep_m": 15,
  "kl_to_baseline": 0.025927739037029277,
  "token_kl": 0.14413361406603464,
  "selected_indices": [
    0,
    1,
    5,
    8,
    9,
    10,
    16,
    17,
    18,
    19,
    23,
    24,
    28,
    29,
    30
  ],
  "distribution": {
    "A": 0.053176194647426976,
    "B": 0.0016057819387081931,
    "C": 0.9425705365754105,
    "D": 0.0026474868384542874
  }
}