{
  "question_id": "gpqa_gpqa_diamond_0011",
  "method": "next_sentence_attn_oracle",
  "prefix_length": 104,
  "keep_m": 10,
  "kl_to_baseline": 0.7452815936834578,
  "token_kl": 0.04509260105361669,
  "selected_indices": [
    0,
    45,
    48,
    49,
    53,
    57,
    58,
    59,
    60,
    98
  ],
  "distribution": {
    "A": 0.10588285647279162,
    "B": 0.47453409715915346,
    "C": 0.3695675264616308,
    "D": 0.05001551990642421
  }
}