{
  "question_id": "gpqa_gpqa_diamond_0019",
  "method": "next_sentence_attn_oracle",
  "prefix_length": 22,
  "keep_m": 15,
  "kl_to_baseline": 0.0005796764711410499,
  "token_kl": 0.008595606233439008,
  "selected_indices": [
    0,
    1,
    3,
    4,
    5,
    6,
    8,
    9,
    10,
    11,
    12,
    13,
    14,
    15,
    16
  ],
  "distribution": {
    "A": 0.0002604532760017011,
    "B": 0.0014988058337399926,
    "C": 0.0013226915058512656,
    "D": 0.996918049384407
  }
}