{
  "question_id": "gpqa_gpqa_diamond_0026",
  "method": "next_sentence_attn_oracle",
  "prefix_length": 90,
  "keep_m": 5,
  "kl_to_baseline": 0.02849310883420294,
  "token_kl": 0.6137025322360872,
  "selected_indices": [
    0,
    54,
    55,
    72,
    84
  ],
  "distribution": {
    "A": 0.0072686080375203395,
    "B": 0.951999587679441,
    "C": 0.0119839086798417,
    "D": 0.028747895603196873
  }
}