{
  "question_id": "gpqa_gpqa_diamond_0023",
  "method": "next_sentence_attn_oracle",
  "prefix_length": 71,
  "keep_m": 3,
  "kl_to_baseline": 0.11151649582345655,
  "token_kl": 0.16499286117719997,
  "selected_indices": [
    3,
    7,
    11
  ],
  "distribution": {
    "A": 0.24251823014314858,
    "B": 0.2748091573272134,
    "C": 0.35286194274668226,
    "D": 0.12981066978295575
  }
}