{
  "question_id": "gpqa_gpqa_diamond_0001",
  "method": "next_sentence_attn_oracle",
  "prefix_length": 43,
  "keep_m": 15,
  "kl_to_baseline": 0.019695188238990028,
  "token_kl": 0.039071864244032,
  "selected_indices": [
    0,
    6,
    7,
    11,
    16,
    17,
    27,
    28,
    29,
    31,
    32,
    34,
    35,
    36,
    37
  ],
  "distribution": {
    "A": 0.23395762727926803,
    "B": 0.12522849379041448,
    "C": 0.34040633907578005,
    "D": 0.30040753985453744
  }
}