{
  "question_id": "gpqa_gpqa_diamond_0031",
  "method": "next_sentence_attn_oracle",
  "prefix_length": 105,
  "keep_m": 15,
  "kl_to_baseline": 0.0047518359363346065,
  "token_kl": 0.01630875965781612,
  "selected_indices": [
    0,
    55,
    58,
    65,
    67,
    90,
    91,
    92,
    93,
    94,
    95,
    96,
    97,
    98,
    99
  ],
  "distribution": {
    "A": 0.9596449154755172,
    "B": 0.0057062565934693455,
    "C": 0.012080145303170791,
    "D": 0.022568682627842677
  }
}