{
  "question_id": "gpqa_gpqa_diamond_0011",
  "method": "next_sentence_attn_oracle",
  "prefix_length": 73,
  "keep_m": 10,
  "kl_to_baseline": 0.11415487508231466,
  "token_kl": 0.1583025361491753,
  "selected_indices": [
    0,
    8,
    21,
    22,
    24,
    25,
    26,
    28,
    53,
    67
  ],
  "distribution": {
    "A": 0.13862176662687914,
    "B": 0.48383756457497545,
    "C": 0.2934623172354137,
    "D": 0.08407835156273172
  }
}