{
  "question_id": "gpqa_gpqa_diamond_0009",
  "method": "next_sentence_attn_oracle",
  "prefix_length": 118,
  "keep_m": 20,
  "kl_to_baseline": 1.8470766323311092,
  "token_kl": 0.037160997047532146,
  "selected_indices": [
    0,
    25,
    39,
    40,
    41,
    42,
    51,
    53,
    72,
    78,
    99,
    101,
    103,
    106,
    107,
    108,
    109,
    110,
    111,
    112
  ],
  "distribution": {
    "A": 0.7673920488419473,
    "B": 0.04329329688155682,
    "C": 0.03820620040064922,
    "D": 0.15110845387584657
  }
}