{
  "question_id": "gpqa_gpqa_diamond_0023",
  "method": "next_sentence_attn_oracle",
  "prefix_length": 373,
  "keep_m": 20,
  "kl_to_baseline": 0.00532242144535434,
  "token_kl": 0.5333518177675459,
  "selected_indices": [
    0,
    56,
    65,
    290,
    301,
    328,
    332,
    337,
    339,
    350,
    351,
    352,
    355,
    356,
    357,
    358,
    360,
    363,
    366,
    367
  ],
  "distribution": {
    "A": 0.0019111162915354935,
    "B": 0.007558611559446327,
    "C": 0.9899827281641357,
    "D": 0.0005475439848825764
  }
}