{
  "question_id": "gpqa_gpqa_diamond_0031",
  "method": "next_sentence_attn_oracle",
  "prefix_length": 83,
  "keep_m": 3,
  "kl_to_baseline": 1.5838832391719018,
  "token_kl": 0.07623296857423488,
  "selected_indices": [
    0,
    43,
    75
  ],
  "distribution": {
    "A": 0.18621326003005442,
    "B": 0.0685040300385689,
    "C": 0.5061801511285032,
    "D": 0.23910255880287343
  }
}