{
  "question_id": "gpqa_gpqa_diamond_0023",
  "method": "next_sentence_attn_oracle",
  "prefix_length": 112,
  "keep_m": 15,
  "kl_to_baseline": 0.019525760289463148,
  "token_kl": 0.046338929459786654,
  "selected_indices": [
    0,
    5,
    81,
    82,
    86,
    87,
    88,
    89,
    99,
    101,
    102,
    103,
    104,
    105,
    106
  ],
  "distribution": {
    "A": 0.5321685175679839,
    "B": 0.17276982227888124,
    "C": 0.25137860812088464,
    "D": 0.043683052032250216
  }
}