{
  "question_id": "gpqa_gpqa_diamond_0023",
  "method": "next_sentence_attn_oracle",
  "prefix_length": 37,
  "keep_m": 10,
  "kl_to_baseline": 0.20534992901457866,
  "token_kl": 0.14457375408743192,
  "selected_indices": [
    14,
    16,
    23,
    24,
    25,
    27,
    28,
    29,
    30,
    31
  ],
  "distribution": {
    "A": 0.310257405166023,
    "B": 0.310257405166023,
    "C": 0.310257405166023,
    "D": 0.06922778450193098
  }
}