{
  "question_id": "gpqa_gpqa_diamond_0009",
  "method": "next_sentence_attn_oracle",
  "prefix_length": 116,
  "keep_m": 5,
  "kl_to_baseline": 0.17549175980208365,
  "token_kl": 0.132526618299669,
  "selected_indices": [
    39,
    40,
    50,
    109,
    110
  ],
  "distribution": {
    "A": 0.11039042045869103,
    "B": 0.04601757362556968,
    "C": 0.027911069289491455,
    "D": 0.8156809366262479
  }
}