{
  "question_id": "gpqa_gpqa_diamond_0023",
  "method": "next_sentence_attn_oracle",
  "prefix_length": 347,
  "keep_m": 5,
  "kl_to_baseline": 0.11345091237510867,
  "token_kl": 0.06107760511518489,
  "selected_indices": [
    331,
    338,
    339,
    340,
    341
  ],
  "distribution": {
    "A": 0.36144170843296086,
    "B": 0.24841501111386655,
    "C": 0.31897118815697245,
    "D": 0.07117209229620021
  }
}