{
  "question_id": "gpqa_gpqa_diamond_0001",
  "method": "next_sentence_attn_oracle",
  "prefix_length": 281,
  "keep_m": 15,
  "kl_to_baseline": 0.10279705441314621,
  "token_kl": 0.0955527867659219,
  "selected_indices": [
    19,
    20,
    21,
    24,
    33,
    40,
    47,
    105,
    118,
    261,
    267,
    268,
    269,
    271,
    274
  ],
  "distribution": {
    "A": 0.3110218159693476,
    "B": 0.10097399995672326,
    "C": 0.18864426722490962,
    "D": 0.39935991684901956
  }
}