{
  "question_id": "gpqa_gpqa_diamond_0011",
  "method": "next_sentence_attn_oracle",
  "prefix_length": 89,
  "keep_m": 10,
  "kl_to_baseline": 0.37857723829651024,
  "token_kl": 0.041245552490658796,
  "selected_indices": [
    0,
    1,
    10,
    71,
    72,
    74,
    75,
    76,
    77,
    78
  ],
  "distribution": {
    "A": 0.008493459960249583,
    "B": 0.981710565808898,
    "C": 0.008493459960249583,
    "D": 0.0013025142706028024
  }
}