{
  "question_id": "gpqa_gpqa_diamond_0031",
  "method": "next_sentence_attn_oracle",
  "prefix_length": 142,
  "keep_m": 5,
  "kl_to_baseline": 1.3898178908659513,
  "token_kl": 0.02888859850575669,
  "selected_indices": [
    0,
    51,
    82,
    100,
    136
  ],
  "distribution": {
    "A": 0.17437149256668227,
    "B": 0.06414768724166138,
    "C": 0.47399083139323794,
    "D": 0.28748998879841836
  }
}