{
  "question_id": "gpqa_gpqa_diamond_0011",
  "method": "next_sentence_attn_oracle",
  "prefix_length": 109,
  "keep_m": 20,
  "kl_to_baseline": 0.11911176170728596,
  "token_kl": 0.01624275360257444,
  "selected_indices": [
    0,
    48,
    52,
    53,
    55,
    57,
    58,
    60,
    61,
    62,
    64,
    66,
    67,
    97,
    98,
    99,
    100,
    101,
    102,
    103
  ],
  "distribution": {
    "A": 0.04150579957782451,
    "B": 0.8874331249451118,
    "C": 0.06428543995517041,
    "D": 0.006775635521893254
  }
}