{
  "question_id": "gpqa_gpqa_diamond_0001",
  "method": "next_sentence_attn_oracle",
  "prefix_length": 300,
  "keep_m": 5,
  "kl_to_baseline": 0.13266998871908722,
  "token_kl": 0.3157261577648183,
  "selected_indices": [
    58,
    172,
    214,
    244,
    248
  ],
  "distribution": {
    "A": 0.23331755142106078,
    "B": 0.12488588587218993,
    "C": 0.20590201644770817,
    "D": 0.4358945462590411
  }
}