{
  "question_id": "gpqa_gpqa_diamond_0001",
  "method": "next_sentence_attn_oracle",
  "prefix_length": 328,
  "keep_m": 10,
  "kl_to_baseline": 0.1461980828582567,
  "token_kl": 0.08579052264694423,
  "selected_indices": [
    0,
    239,
    240,
    241,
    317,
    318,
    319,
    320,
    321,
    322
  ],
  "distribution": {
    "A": 0.20765252848353385,
    "B": 0.08656245241499493,
    "C": 0.20765252848353385,
    "D": 0.4981324906179374
  }
}