{
  "question_id": "gpqa_gpqa_diamond_0023",
  "method": "next_sentence_attn_oracle",
  "prefix_length": 68,
  "keep_m": 20,
  "kl_to_baseline": 0.14645124299549225,
  "token_kl": 0.20313421713586438,
  "selected_indices": [
    0,
    1,
    2,
    4,
    5,
    6,
    7,
    8,
    12,
    14,
    23,
    28,
    30,
    39,
    42,
    54,
    56,
    57,
    59,
    60
  ],
  "distribution": {
    "A": 0.3833677145646458,
    "B": 0.298567094103226,
    "C": 0.23252428668694625,
    "D": 0.08554090464518203
  }
}