{
  "question_id": "gpqa_gpqa_diamond_0001",
  "method": "next_sentence_attn_oracle",
  "prefix_length": 337,
  "keep_m": 3,
  "kl_to_baseline": 0.07940437707434644,
  "token_kl": 0.4558457648181837,
  "selected_indices": [
    318,
    325,
    327
  ],
  "distribution": {
    "A": 0.2776488531631464,
    "B": 0.10214130494355013,
    "C": 0.21623314426233592,
    "D": 0.4039766976309676
  }
}