{
  "question_id": "gpqa_gpqa_diamond_0011",
  "method": "next_sentence_attn_oracle",
  "prefix_length": 126,
  "keep_m": 20,
  "kl_to_baseline": 0.49873938884510727,
  "token_kl": 0.03203811229449091,
  "selected_indices": [
    0,
    78,
    86,
    87,
    88,
    98,
    99,
    100,
    101,
    102,
    110,
    111,
    112,
    113,
    114,
    115,
    116,
    117,
    118,
    120
  ],
  "distribution": {
    "A": 0.11948582113462308,
    "B": 0.6067991410592541,
    "C": 0.2529515154811448,
    "D": 0.020763522324977992
  }
}