{
  "question_id": "gpqa_gpqa_diamond_0023",
  "method": "next_sentence_attn_oracle",
  "prefix_length": 159,
  "keep_m": 15,
  "kl_to_baseline": 0.09000548533916855,
  "token_kl": 0.30628595476949544,
  "selected_indices": [
    0,
    117,
    130,
    133,
    137,
    140,
    143,
    144,
    145,
    146,
    147,
    150,
    151,
    152,
    153
  ],
  "distribution": {
    "A": 0.4910186877681641,
    "B": 0.1594104285029936,
    "C": 0.29781788862325614,
    "D": 0.051752995105586085
  }
}