{
  "question_id": "gpqa_gpqa_diamond_0023",
  "method": "next_sentence_attn_oracle",
  "prefix_length": 291,
  "keep_m": 5,
  "kl_to_baseline": 0.14101673180524446,
  "token_kl": 0.5085245095071502,
  "selected_indices": [
    0,
    255,
    280,
    283,
    285
  ],
  "distribution": {
    "A": 0.3028329887541307,
    "B": 0.267249174575956,
    "C": 0.3431547327443468,
    "D": 0.08676310392556645
  }
}