{
  "question_id": "gpqa_gpqa_diamond_0011",
  "method": "next_sentence_attn_oracle",
  "prefix_length": 119,
  "keep_m": 3,
  "kl_to_baseline": 1.5678514311809033,
  "token_kl": 0.09746317308315318,
  "selected_indices": [
    0,
    64,
    105
  ],
  "distribution": {
    "A": 0.12643486412016305,
    "B": 0.20845584983299328,
    "C": 0.566641714862534,
    "D": 0.09846757118430967
  }
}