{
  "question_id": "gpqa_gpqa_diamond_0001",
  "method": "next_sentence_attn_oracle",
  "prefix_length": 370,
  "keep_m": 20,
  "kl_to_baseline": 0.08456783788308084,
  "token_kl": 0.29705573288749304,
  "selected_indices": [
    0,
    323,
    329,
    331,
    336,
    345,
    346,
    350,
    351,
    353,
    354,
    355,
    356,
    358,
    359,
    360,
    361,
    362,
    363,
    364
  ],
  "distribution": {
    "A": 0.3348234931078958,
    "B": 0.1395752142114317,
    "C": 0.23012059710039975,
    "D": 0.2954806955802727
  }
}