{
  "question_id": "gpqa_gpqa_diamond_0023",
  "method": "next_sentence_attn_oracle",
  "prefix_length": 16,
  "keep_m": 3,
  "kl_to_baseline": 0.03927049288976589,
  "token_kl": 0.041012516057109434,
  "selected_indices": [
    0,
    5,
    9
  ],
  "distribution": {
    "A": 0.5120515437012361,
    "B": 0.16623879707725814,
    "C": 0.2740814407568778,
    "D": 0.047628218464627954
  }
}