{
  "question_id": "gpqa_gpqa_diamond_0023",
  "method": "next_sentence_attn_oracle",
  "prefix_length": 328,
  "keep_m": 10,
  "kl_to_baseline": 0.21440364031984782,
  "token_kl": 0.684219363550537,
  "selected_indices": [
    0,
    56,
    68,
    290,
    292,
    298,
    300,
    301,
    319,
    321
  ],
  "distribution": {
    "A": 0.5729374070139258,
    "B": 0.12783960776220873,
    "C": 0.23883583040146747,
    "D": 0.06038715482239801
  }
}