{
  "question_id": "gpqa_gpqa_diamond_0017",
  "method": "next_sentence_attn_oracle",
  "prefix_length": 104,
  "keep_m": 5,
  "kl_to_baseline": 0.24613942005312536,
  "token_kl": 0.13130266543342592,
  "selected_indices": [
    0,
    4,
    55,
    92,
    98
  ],
  "distribution": {
    "A": 0.8594742367373976,
    "B": 0.0427907051353872,
    "C": 0.05494435299182784,
    "D": 0.0427907051353872
  }
}