{
  "question_id": "gpqa_gpqa_diamond_0023",
  "method": "next_sentence_attn_oracle",
  "prefix_length": 321,
  "keep_m": 20,
  "kl_to_baseline": 0.07578343842498857,
  "token_kl": 0.4234232847466411,
  "selected_indices": [
    0,
    99,
    105,
    123,
    259,
    268,
    279,
    290,
    292,
    294,
    298,
    299,
    300,
    301,
    302,
    305,
    308,
    309,
    313,
    315
  ],
  "distribution": {
    "A": 0.5384504311591904,
    "B": 0.22445952085095336,
    "C": 0.19808483190658874,
    "D": 0.039005216083267576
  }
}