{
  "question_id": "gpqa_gpqa_diamond_0001",
  "method": "next_sentence_attn_oracle",
  "prefix_length": 430,
  "keep_m": 20,
  "kl_to_baseline": 0.30853482504964336,
  "token_kl": 0.10108745363572208,
  "selected_indices": [
    319,
    339,
    344,
    345,
    354,
    376,
    377,
    378,
    389,
    391,
    392,
    393,
    394,
    396,
    397,
    398,
    399,
    401,
    421,
    422
  ],
  "distribution": {
    "A": 0.418417386503472,
    "B": 0.13584023691398445,
    "C": 0.11987858832294888,
    "D": 0.32586378825959467
  }
}