{
  "question_id": "gpqa_gpqa_diamond_0023",
  "method": "next_sentence_attn_oracle",
  "prefix_length": 166,
  "keep_m": 20,
  "kl_to_baseline": 0.03895435098919578,
  "token_kl": 0.305218810472137,
  "selected_indices": [
    0,
    10,
    90,
    91,
    92,
    93,
    94,
    95,
    99,
    100,
    105,
    120,
    122,
    123,
    124,
    125,
    126,
    158,
    159,
    160
  ],
  "distribution": {
    "A": 0.396720449250724,
    "B": 0.24062310146327903,
    "C": 0.30896617812108357,
    "D": 0.05369027116491334
  }
}