{
  "question_id": "gpqa_gpqa_diamond_0001",
  "method": "next_sentence_attn_oracle",
  "prefix_length": 172,
  "keep_m": 3,
  "kl_to_baseline": 0.01031766126446769,
  "token_kl": 0.39660477411056105,
  "selected_indices": [
    0,
    58,
    97
  ],
  "distribution": {
    "A": 0.29884557992168226,
    "B": 0.18125900674210246,
    "C": 0.18125900674210246,
    "D": 0.33863640659411287
  }
}