{
  "question_id": "gpqa_gpqa_diamond_0001",
  "method": "next_sentence_attn_oracle",
  "prefix_length": 281,
  "keep_m": 20,
  "kl_to_baseline": 0.10759072963864558,
  "token_kl": 0.0830217971025778,
  "selected_indices": [
    19,
    20,
    21,
    22,
    23,
    24,
    25,
    33,
    40,
    47,
    91,
    105,
    118,
    135,
    261,
    267,
    268,
    269,
    271,
    274
  ],
  "distribution": {
    "A": 0.3068957535280983,
    "B": 0.11290063830580549,
    "C": 0.1861416838504032,
    "D": 0.3940619243156931
  }
}