{
  "question_id": "gpqa_gpqa_diamond_0001",
  "method": "next_sentence_attn_oracle",
  "prefix_length": 408,
  "keep_m": 10,
  "kl_to_baseline": 0.17876975873353607,
  "token_kl": 0.126788692991122,
  "selected_indices": [
    360,
    362,
    363,
    364,
    365,
    366,
    367,
    371,
    382,
    390
  ],
  "distribution": {
    "A": 0.32412054172282395,
    "B": 0.3672766904603997,
    "C": 0.13511354364186864,
    "D": 0.17348922417490772
  }
}