{
  "question_id": "gpqa_gpqa_diamond_0020",
  "method": "next_sentence_attn_oracle",
  "prefix_length": 61,
  "keep_m": 5,
  "kl_to_baseline": 0.11674350993233396,
  "token_kl": 0.22464212282782078,
  "selected_indices": [
    0,
    3,
    35,
    36,
    49
  ],
  "distribution": {
    "A": 0.22587042100873614,
    "B": 0.6139794610144416,
    "C": 0.03925039376750034,
    "D": 0.12089972420932185
  }
}