{
  "question_id": "gpqa_gpqa_diamond_0011",
  "method": "next_sentence_attn_oracle",
  "prefix_length": 112,
  "keep_m": 10,
  "kl_to_baseline": 0.04125452105574667,
  "token_kl": 0.5556305237234889,
  "selected_indices": [
    0,
    75,
    90,
    97,
    98,
    99,
    100,
    101,
    102,
    103
  ],
  "distribution": {
    "A": 0.02897513351080124,
    "B": 0.95952454168742,
    "C": 0.0073260610452595505,
    "D": 0.004174263756519165
  }
}