{
  "question_id": "gpqa_gpqa_diamond_0023",
  "method": "next_sentence_attn_oracle",
  "prefix_length": 303,
  "keep_m": 15,
  "kl_to_baseline": 0.07745858534926488,
  "token_kl": 0.19939243669327428,
  "selected_indices": [
    0,
    96,
    122,
    200,
    256,
    257,
    258,
    270,
    272,
    274,
    278,
    290,
    292,
    293,
    294
  ],
  "distribution": {
    "A": 0.5062982497071644,
    "B": 0.14505686853695754,
    "C": 0.3070853931025217,
    "D": 0.041559488653356326
  }
}