{
  "question_id": "gpqa_gpqa_diamond_0009",
  "method": "next_sentence_attn_oracle",
  "prefix_length": 17,
  "keep_m": 3,
  "kl_to_baseline": 0.0046174757082062395,
  "token_kl": 0.08483415461168826,
  "selected_indices": [
    0,
    4,
    10
  ],
  "distribution": {
    "A": 0.8183649007957826,
    "B": 0.11075363738831036,
    "C": 0.024712476847474817,
    "D": 0.04616898496843222
  }
}