{
  "question_id": "gpqa_gpqa_diamond_0023",
  "method": "next_sentence_attn_oracle",
  "prefix_length": 322,
  "keep_m": 10,
  "kl_to_baseline": 0.18261887200093807,
  "token_kl": 0.6565149149072709,
  "selected_indices": [
    0,
    268,
    298,
    299,
    300,
    301,
    302,
    305,
    307,
    316
  ],
  "distribution": {
    "A": 0.5222530143427966,
    "B": 0.14962799378390487,
    "C": 0.279541894505474,
    "D": 0.048577097367824534
  }
}