{
  "question_id": "gpqa_gpqa_diamond_0031",
  "method": "next_sentence_attn_oracle",
  "prefix_length": 148,
  "keep_m": 3,
  "kl_to_baseline": 1.6144105493427525,
  "token_kl": 0.3891443702073994,
  "selected_indices": [
    129,
    133,
    134
  ],
  "distribution": {
    "A": 0.1062543907930033,
    "B": 0.06444654574504427,
    "C": 0.6928657250490643,
    "D": 0.1364333384128882
  }
}