{
  "question_id": "gpqa_gpqa_diamond_0002",
  "method": "next_sentence_attn_oracle",
  "prefix_length": 50,
  "keep_m": 5,
  "kl_to_baseline": 0.14934169607877854,
  "token_kl": 0.12786663476333993,
  "selected_indices": [
    31,
    37,
    38,
    40,
    43
  ],
  "distribution": {
    "A": 0.5269642158686294,
    "B": 0.150977775620031,
    "C": 0.17108023289130855,
    "D": 0.150977775620031
  }
}