{
  "question_id": "gpqa_gpqa_diamond_0031",
  "method": "next_sentence_attn_oracle",
  "prefix_length": 211,
  "keep_m": 5,
  "kl_to_baseline": 1.3499667355152478,
  "token_kl": 0.46446320482013814,
  "selected_indices": [
    0,
    22,
    28,
    29,
    188
  ],
  "distribution": {
    "A": 0.2034507907024319,
    "B": 0.04006183124309101,
    "C": 0.5530365873520452,
    "D": 0.2034507907024319
  }
}