{
  "question_id": "gpqa_gpqa_diamond_0004",
  "method": "next_sentence_attn_oracle",
  "prefix_length": 34,
  "keep_m": 15,
  "kl_to_baseline": 0.006557537545750871,
  "token_kl": 0.10476500313459558,
  "selected_indices": [
    0,
    1,
    2,
    3,
    4,
    8,
    10,
    15,
    20,
    22,
    23,
    24,
    25,
    26,
    27
  ],
  "distribution": {
    "A": 0.000498877009204182,
    "B": 0.20126132593228613,
    "C": 0.7960039854189165,
    "D": 0.0022358116395933244
  }
}