{
  "question_id": "gpqa_gpqa_diamond_0009",
  "method": "next_sentence_attn_oracle",
  "prefix_length": 117,
  "keep_m": 15,
  "kl_to_baseline": 0.6025939397320086,
  "token_kl": 0.020426277820042665,
  "selected_indices": [
    0,
    25,
    40,
    43,
    72,
    99,
    100,
    102,
    103,
    104,
    105,
    107,
    109,
    110,
    111
  ],
  "distribution": {
    "A": 0.3227396626031998,
    "B": 0.06355121519392722,
    "C": 0.08160137557039472,
    "D": 0.5321077466324782
  }
}