{
  "question_id": "gpqa_gpqa_diamond_0031",
  "method": "next_sentence_attn_oracle",
  "prefix_length": 149,
  "keep_m": 10,
  "kl_to_baseline": 0.013526609500336023,
  "token_kl": 0.1193747591513151,
  "selected_indices": [
    0,
    58,
    65,
    117,
    118,
    128,
    129,
    134,
    136,
    138
  ],
  "distribution": {
    "A": 0.8524380044373909,
    "B": 0.013778379535236722,
    "C": 0.07928908084050357,
    "D": 0.05449453518686879
  }
}