{
  "question_id": "gpqa_gpqa_diamond_0031",
  "method": "next_sentence_attn_oracle",
  "prefix_length": 137,
  "keep_m": 20,
  "kl_to_baseline": 0.45908124097535197,
  "token_kl": 0.10037735734316809,
  "selected_indices": [
    0,
    1,
    8,
    10,
    20,
    40,
    46,
    47,
    48,
    50,
    69,
    72,
    90,
    91,
    121,
    125,
    128,
    129,
    130,
    131
  ],
  "distribution": {
    "A": 0.43458193767506514,
    "B": 0.04580460469987838,
    "C": 0.3384527533700292,
    "D": 0.1811607042550273
  }
}