{
  "question_id": "gpqa_gpqa_diamond_0023",
  "method": "next_sentence_attn_oracle",
  "prefix_length": 175,
  "keep_m": 3,
  "kl_to_baseline": 0.1182873409198984,
  "token_kl": 0.4835251796242261,
  "selected_indices": [
    0,
    136,
    137
  ],
  "distribution": {
    "A": 0.23395762727926803,
    "B": 0.30040753985453744,
    "C": 0.34040633907578005,
    "D": 0.12522849379041448
  }
}