{
  "question_id": "gpqa_gpqa_diamond_0009",
  "method": "next_sentence_attn_oracle",
  "prefix_length": 35,
  "keep_m": 15,
  "kl_to_baseline": 0.11120252149966697,
  "token_kl": 0.2154536403861409,
  "selected_indices": [
    0,
    7,
    8,
    14,
    15,
    19,
    20,
    21,
    23,
    24,
    25,
    26,
    27,
    28,
    29
  ],
  "distribution": {
    "A": 0.6799643480910808,
    "B": 0.043468667765743235,
    "C": 0.05581487424076946,
    "D": 0.2207521099024066
  }
}