{
  "question_id": "gpqa_gpqa_diamond_0001",
  "method": "next_sentence_attn_oracle",
  "prefix_length": 371,
  "keep_m": 20,
  "kl_to_baseline": 0.2365155110611994,
  "token_kl": 0.08021983807232203,
  "selected_indices": [
    0,
    2,
    170,
    241,
    243,
    301,
    333,
    345,
    350,
    351,
    354,
    355,
    356,
    359,
    360,
    361,
    362,
    363,
    364,
    365
  ],
  "distribution": {
    "A": 0.23389464910773808,
    "B": 0.16075328469832478,
    "C": 0.2650373598170415,
    "D": 0.34031470637689565
  }
}