{
  "question_id": "gpqa_gpqa_diamond_0004",
  "method": "next_sentence_attn_oracle",
  "prefix_length": 78,
  "keep_m": 5,
  "kl_to_baseline": 0.0004542434761743467,
  "token_kl": 0.16008023213960818,
  "selected_indices": [
    0,
    33,
    61,
    65,
    71
  ],
  "distribution": {
    "A": 0.00043012370124720107,
    "B": 0.0009105718826858297,
    "C": 0.9985633308457241,
    "D": 9.597357034292335e-05
  }
}