{
  "question_id": "gpqa_gpqa_diamond_0004",
  "method": "next_sentence_attn_oracle",
  "prefix_length": 51,
  "keep_m": 10,
  "kl_to_baseline": 0.0356309455482067,
  "token_kl": 0.10489639738064477,
  "selected_indices": [
    0,
    23,
    27,
    28,
    29,
    40,
    42,
    43,
    44,
    45
  ],
  "distribution": {
    "A": 0.005566768693688961,
    "B": 0.16268480865531912,
    "C": 0.826181653957303,
    "D": 0.005566768693688961
  }
}