{
  "question_id": "gpqa_gpqa_diamond_0031",
  "method": "next_sentence_attn_oracle",
  "prefix_length": 208,
  "keep_m": 15,
  "kl_to_baseline": 1.2582973399401618,
  "token_kl": 0.1083228919839745,
  "selected_indices": [
    0,
    2,
    4,
    5,
    6,
    7,
    21,
    22,
    24,
    29,
    33,
    195,
    196,
    197,
    202
  ],
  "distribution": {
    "A": 0.24104281746662623,
    "B": 0.06094516853989905,
    "C": 0.5102876789967286,
    "D": 0.1877243349967462
  }
}