{
  "question_id": "gpqa_gpqa_diamond_0031",
  "method": "next_sentence_attn_oracle",
  "prefix_length": 124,
  "keep_m": 10,
  "kl_to_baseline": 1.0661345292916313,
  "token_kl": 0.06521500212865966,
  "selected_indices": [
    0,
    24,
    26,
    33,
    36,
    72,
    73,
    74,
    75,
    77
  ],
  "distribution": {
    "A": 0.2704232584067353,
    "B": 0.06033958495615507,
    "C": 0.5052171593140324,
    "D": 0.16401999732307712
  }
}