{
  "question_id": "gpqa_gpqa_diamond_0031",
  "method": "next_sentence_attn_oracle",
  "prefix_length": 72,
  "keep_m": 20,
  "kl_to_baseline": 1.3659215290997968,
  "token_kl": 0.08411952825056662,
  "selected_indices": [
    0,
    2,
    7,
    13,
    16,
    21,
    24,
    25,
    26,
    33,
    34,
    35,
    37,
    38,
    40,
    46,
    47,
    48,
    49,
    66
  ],
  "distribution": {
    "A": 0.200375246877087,
    "B": 0.044709766255284736,
    "C": 0.6171992115369135,
    "D": 0.13771577533071488
  }
}