{
  "question_id": "gpqa_gpqa_diamond_0023",
  "method": "next_sentence_attn_oracle",
  "prefix_length": 180,
  "keep_m": 3,
  "kl_to_baseline": 0.047632743451205314,
  "token_kl": 0.23547106971413087,
  "selected_indices": [
    0,
    166,
    173
  ],
  "distribution": {
    "A": 0.39825183742136655,
    "B": 0.21316886011432715,
    "C": 0.3101588613302943,
    "D": 0.07842044113401203
  }
}