{
  "question_id": "gpqa_gpqa_diamond_0026",
  "method": "next_sentence_attn_oracle",
  "prefix_length": 96,
  "keep_m": 5,
  "kl_to_baseline": 0.3005798515126588,
  "token_kl": 0.06420618793690183,
  "selected_indices": [
    0,
    37,
    62,
    78,
    87
  ],
  "distribution": {
    "A": 0.006112590556225372,
    "B": 0.7065194692167138,
    "C": 0.22937329575377458,
    "D": 0.05799464447328615
  }
}