{
  "question_id": "gpqa_gpqa_diamond_0020",
  "method": "next_sentence_attn_oracle",
  "prefix_length": 58,
  "keep_m": 5,
  "kl_to_baseline": 0.3155355101558781,
  "token_kl": 0.1819504575287697,
  "selected_indices": [
    0,
    37,
    47,
    48,
    49
  ],
  "distribution": {
    "A": 0.4918490166580674,
    "B": 0.2983215085526276,
    "C": 0.08547055339577939,
    "D": 0.12435892139352556
  }
}