{
  "question_id": "gpqa_gpqa_diamond_0002",
  "method": "next_sentence_attn_oracle",
  "prefix_length": 63,
  "keep_m": 15,
  "kl_to_baseline": 0.03862327733067551,
  "token_kl": 0.0825156337056949,
  "selected_indices": [
    10,
    11,
    14,
    15,
    25,
    26,
    27,
    28,
    31,
    33,
    34,
    35,
    37,
    51,
    57
  ],
  "distribution": {
    "A": 0.019937355700869585,
    "B": 0.007334543273672173,
    "C": 0.012092617506173863,
    "D": 0.9606354835192843
  }
}