{
  "question_id": "gpqa_gpqa_diamond_0020",
  "method": "next_sentence_attn_oracle",
  "prefix_length": 34,
  "keep_m": 20,
  "kl_to_baseline": 0.013562730175957258,
  "token_kl": 0.010809867151889899,
  "selected_indices": [
    0,
    1,
    2,
    3,
    4,
    5,
    6,
    7,
    8,
    10,
    11,
    12,
    13,
    14,
    15,
    16,
    19,
    21,
    22,
    24
  ],
  "distribution": {
    "A": 0.5951881561677016,
    "B": 0.3185812627079078,
    "C": 0.04311529056219527,
    "D": 0.04311529056219527
  }
}