{
  "question_id": "gpqa_gpqa_diamond_0031",
  "method": "next_sentence_attn_oracle",
  "prefix_length": 168,
  "keep_m": 3,
  "kl_to_baseline": 2.022673533298295,
  "token_kl": 0.03971347877366907,
  "selected_indices": [
    83,
    161,
    162
  ],
  "distribution": {
    "A": 0.12229289867040298,
    "B": 0.07417439250872974,
    "C": 0.4268441067380499,
    "D": 0.37668860208281746
  }
}