{
  "question_id": "gpqa_gpqa_diamond_0001",
  "method": "next_sentence_attn_oracle",
  "prefix_length": 417,
  "keep_m": 5,
  "kl_to_baseline": 0.7425266349805129,
  "token_kl": 0.22798285710241187,
  "selected_indices": [
    329,
    360,
    364,
    365,
    408
  ],
  "distribution": {
    "A": 0.14251919178947578,
    "B": 0.08644226972250302,
    "C": 0.20736420047201212,
    "D": 0.5636743380160091
  }
}