{
  "question_id": "gpqa_gpqa_diamond_0031",
  "method": "next_sentence_attn_oracle",
  "prefix_length": 113,
  "keep_m": 15,
  "kl_to_baseline": 0.002050118908668128,
  "token_kl": 0.0019579888721934415,
  "selected_indices": [
    0,
    2,
    55,
    56,
    57,
    58,
    59,
    60,
    61,
    62,
    63,
    64,
    65,
    106,
    107
  ],
  "distribution": {
    "A": 0.9810169334877931,
    "B": 0.0027554746880416206,
    "C": 0.009617551671870435,
    "D": 0.0066100401522947395
  }
}