{
  "question_id": "gpqa_gpqa_diamond_0002",
  "method": "next_sentence_attn_oracle",
  "prefix_length": 43,
  "keep_m": 20,
  "kl_to_baseline": 0.2742284855064042,
  "token_kl": 0.05363762000417821,
  "selected_indices": [
    0,
    1,
    4,
    8,
    11,
    14,
    15,
    16,
    20,
    22,
    26,
    27,
    29,
    31,
    32,
    33,
    34,
    35,
    36,
    37
  ],
  "distribution": {
    "A": 0.3460058095032025,
    "B": 0.18520356387055378,
    "C": 0.16344157146339197,
    "D": 0.30534905516285177
  }
}