{
  "question_id": "gpqa_gpqa_diamond_0020",
  "method": "next_sentence_attn_oracle",
  "prefix_length": 57,
  "keep_m": 5,
  "kl_to_baseline": 0.18563399323109134,
  "token_kl": 0.10973404913324704,
  "selected_indices": [
    0,
    36,
    48,
    49,
    50
  ],
  "distribution": {
    "A": 0.34611314921428016,
    "B": 0.34611314921428016,
    "C": 0.16349227515268594,
    "D": 0.14428142641875377
  }
}