{
  "question_id": "gpqa_gpqa_diamond_0031",
  "method": "next_sentence_attn_oracle",
  "prefix_length": 171,
  "keep_m": 20,
  "kl_to_baseline": 1.04841748519798,
  "token_kl": 0.0255851976215409,
  "selected_indices": [
    0,
    43,
    52,
    84,
    85,
    86,
    87,
    88,
    92,
    103,
    143,
    151,
    155,
    157,
    160,
    161,
    162,
    163,
    164,
    165
  ],
  "distribution": {
    "A": 0.3075020883464198,
    "B": 0.09983131169951041,
    "C": 0.4474128985212084,
    "D": 0.14525370143286126
  }
}