{
  "question_id": "gpqa_gpqa_diamond_0031",
  "method": "next_sentence_attn_oracle",
  "prefix_length": 102,
  "keep_m": 3,
  "kl_to_baseline": 1.6422472954557308,
  "token_kl": 0.028550053472036655,
  "selected_indices": [
    0,
    94,
    95
  ],
  "distribution": {
    "A": 0.1450568729144442,
    "B": 0.041559489907527246,
    "C": 0.5062982348083676,
    "D": 0.307085402369661
  }
}