{
  "question_id": "gpqa_gpqa_diamond_0001",
  "method": "next_sentence_attn_oracle",
  "prefix_length": 52,
  "keep_m": 3,
  "kl_to_baseline": 0.23921340435541766,
  "token_kl": 0.1341462820045292,
  "selected_indices": [
    0,
    16,
    17
  ],
  "distribution": {
    "A": 0.17737357944937482,
    "B": 0.546349055407923,
    "C": 0.13813868257135115,
    "D": 0.13813868257135115
  }
}