{
  "question_id": "gpqa_gpqa_diamond_0023",
  "method": "next_sentence_attn_oracle",
  "prefix_length": 302,
  "keep_m": 20,
  "kl_to_baseline": 0.10466966607000082,
  "token_kl": 0.22816006861566912,
  "selected_indices": [
    0,
    9,
    90,
    96,
    122,
    200,
    201,
    256,
    257,
    258,
    266,
    268,
    274,
    275,
    276,
    290,
    291,
    292,
    293,
    294
  ],
  "distribution": {
    "A": 0.37185500533395194,
    "B": 0.25557195843078495,
    "C": 0.2896009693431032,
    "D": 0.08297206689215993
  }
}