{
  "question_id": "gpqa_gpqa_diamond_0023",
  "method": "next_sentence_attn_oracle",
  "prefix_length": 291,
  "keep_m": 10,
  "kl_to_baseline": 0.06042629401432266,
  "token_kl": 0.5465967014492129,
  "selected_indices": [
    0,
    1,
    2,
    70,
    110,
    255,
    280,
    283,
    284,
    285
  ],
  "distribution": {
    "A": 0.3672229772788218,
    "B": 0.3240731400064535,
    "C": 0.252388415209435,
    "D": 0.05631546750528964
  }
}