{
  "question_id": "gpqa_gpqa_diamond_0007",
  "method": "next_sentence_attn_oracle",
  "prefix_length": 204,
  "keep_m": 5,
  "kl_to_baseline": 0.012932794737770615,
  "token_kl": 0.40881702150410926,
  "selected_indices": [
    0,
    59,
    87,
    116,
    177
  ],
  "distribution": {
    "A": 0.9825957898381817,
    "B": 0.006620678452109987,
    "C": 0.009633030306767753,
    "D": 0.0011505014029405413
  }
}