{
  "question_id": "gpqa_gpqa_diamond_0017",
  "method": "next_sentence_attn_oracle",
  "prefix_length": 103,
  "keep_m": 15,
  "kl_to_baseline": 0.3941085554119801,
  "token_kl": 0.3104927580008817,
  "selected_indices": [
    0,
    1,
    3,
    13,
    15,
    16,
    33,
    41,
    44,
    45,
    55,
    56,
    63,
    76,
    92
  ],
  "distribution": {
    "A": 0.9430087228975067,
    "B": 0.02217743931986848,
    "C": 0.015242316275582956,
    "D": 0.01957152150704175
  }
}