{
  "question_id": "gpqa_gpqa_diamond_0031",
  "method": "next_sentence_attn_oracle",
  "prefix_length": 71,
  "keep_m": 10,
  "kl_to_baseline": 0.1930782308114562,
  "token_kl": 0.06644357367016504,
  "selected_indices": [
    0,
    16,
    19,
    20,
    47,
    48,
    49,
    50,
    55,
    58
  ],
  "distribution": {
    "A": 0.7142583183349267,
    "B": 0.035560824547870906,
    "C": 0.10953505093376989,
    "D": 0.1406458061834325
  }
}