{
  "question_id": "gpqa_gpqa_diamond_0031",
  "method": "next_sentence_attn_oracle",
  "prefix_length": 82,
  "keep_m": 5,
  "kl_to_baseline": 1.416450303681854,
  "token_kl": 0.06567364743265612,
  "selected_indices": [
    0,
    42,
    74,
    75,
    76
  ],
  "distribution": {
    "A": 0.21654265171215376,
    "B": 0.07966158020524845,
    "C": 0.45842079727198215,
    "D": 0.2453749708106156
  }
}