{
  "question_id": "gpqa_gpqa_diamond_0020",
  "method": "next_sentence_attn_oracle",
  "prefix_length": 59,
  "keep_m": 3,
  "kl_to_baseline": 0.3638628185571002,
  "token_kl": 0.35185500079882276,
  "selected_indices": [
    36,
    48,
    49
  ],
  "distribution": {
    "A": 0.1356437841405956,
    "B": 0.5364816052401276,
    "C": 0.15370454416704643,
    "D": 0.17417006645223035
  }
}