{
  "question_id": "gpqa_gpqa_diamond_0009",
  "method": "next_sentence_attn_oracle",
  "prefix_length": 44,
  "keep_m": 15,
  "kl_to_baseline": 0.14323109667947775,
  "token_kl": 0.09190958353578178,
  "selected_indices": [
    0,
    5,
    6,
    12,
    18,
    19,
    25,
    26,
    28,
    29,
    31,
    32,
    33,
    34,
    36
  ],
  "distribution": {
    "A": 0.27372550896982034,
    "B": 0.03269185002658423,
    "C": 0.114105768506687,
    "D": 0.5794768724969084
  }
}