{
  "question_id": "gpqa_gpqa_diamond_0004",
  "method": "next_sentence_attn_oracle",
  "prefix_length": 55,
  "keep_m": 3,
  "kl_to_baseline": 0.37073483450798805,
  "token_kl": 0.5171883162408231,
  "selected_indices": [
    45,
    48,
    49
  ],
  "distribution": {
    "A": 0.0008485162598248475,
    "B": 0.06740597946713102,
    "C": 0.9305109203998351,
    "D": 0.0012345838732091003
  }
}