{
  "question_id": "gpqa_gpqa_diamond_0020",
  "method": "next_sentence_attn_oracle",
  "prefix_length": 75,
  "keep_m": 20,
  "kl_to_baseline": 0.0013892459435431116,
  "token_kl": 0.04347617592023752,
  "selected_indices": [
    0,
    3,
    8,
    15,
    34,
    35,
    36,
    49,
    57,
    59,
    60,
    61,
    62,
    63,
    64,
    65,
    66,
    67,
    68,
    69
  ],
  "distribution": {
    "A": 0.006685770924177181,
    "B": 0.9922564920142545,
    "C": 0.00025923559494246505,
    "D": 0.0007985014666258099
  }
}