{
  "question_id": "gpqa_gpqa_diamond_0001",
  "method": "next_sentence_attn_oracle",
  "prefix_length": 427,
  "keep_m": 10,
  "kl_to_baseline": 0.03001985107822498,
  "token_kl": 0.029410081806921645,
  "selected_indices": [
    0,
    238,
    302,
    317,
    352,
    369,
    412,
    419,
    420,
    421
  ],
  "distribution": {
    "A": 0.881390268513254,
    "B": 0.04972463338189631,
    "C": 0.038725583415759365,
    "D": 0.030159514689090405
  }
}