{
  "question_id": "gpqa_gpqa_diamond_0023",
  "method": "next_sentence_attn_oracle",
  "prefix_length": 191,
  "keep_m": 5,
  "kl_to_baseline": 0.05116330641983087,
  "token_kl": 0.2314043847645003,
  "selected_indices": [
    0,
    118,
    169,
    183,
    185
  ],
  "distribution": {
    "A": 0.4544130937437521,
    "B": 0.1301915155936252,
    "C": 0.3538972732455338,
    "D": 0.061498117417088806
  }
}