{
  "question_id": "gpqa_gpqa_diamond_0031",
  "method": "next_sentence_attn_oracle",
  "prefix_length": 160,
  "keep_m": 10,
  "kl_to_baseline": 1.3359700589286434,
  "token_kl": 0.04335567548340023,
  "selected_indices": [
    0,
    41,
    75,
    78,
    79,
    80,
    92,
    125,
    140,
    151
  ],
  "distribution": {
    "A": 0.217106964033047,
    "B": 0.0704843115540092,
    "C": 0.5208125011242347,
    "D": 0.19159622328870912
  }
}