{
  "question_id": "gpqa_gpqa_diamond_0001",
  "method": "next_sentence_attn_oracle",
  "prefix_length": 329,
  "keep_m": 5,
  "kl_to_baseline": 0.14383006585104302,
  "token_kl": 0.2864110049789749,
  "selected_indices": [
    318,
    320,
    321,
    322,
    323
  ],
  "distribution": {
    "A": 0.24596716003703337,
    "B": 0.10253436710762465,
    "C": 0.24596716003703337,
    "D": 0.4055313128183086
  }
}