{
  "question_id": "gpqa_gpqa_diamond_0001",
  "method": "next_sentence_attn_oracle",
  "prefix_length": 213,
  "keep_m": 3,
  "kl_to_baseline": 0.1613542003365923,
  "token_kl": 0.19567132722243957,
  "selected_indices": [
    52,
    57,
    182
  ],
  "distribution": {
    "A": 0.19600010223289316,
    "B": 0.36617639865290497,
    "C": 0.1526450331010526,
    "D": 0.2851784660131493
  }
}