{
  "question_id": "gpqa_gpqa_diamond_0002",
  "method": "next_sentence_attn_oracle",
  "prefix_length": 70,
  "keep_m": 15,
  "kl_to_baseline": 2.1553456151732857,
  "token_kl": 0.016046159794711724,
  "selected_indices": [
    31,
    32,
    33,
    35,
    36,
    37,
    40,
    43,
    51,
    58,
    59,
    60,
    62,
    63,
    64
  ],
  "distribution": {
    "A": 0.4550475164778193,
    "B": 0.21494922669198757,
    "C": 0.21494922669198757,
    "D": 0.11505403013820553
  }
}