{
  "question_id": "gpqa_gpqa_diamond_0023",
  "method": "next_sentence_attn_oracle",
  "prefix_length": 262,
  "keep_m": 15,
  "kl_to_baseline": 0.11349959587499017,
  "token_kl": 0.8582503105306981,
  "selected_indices": [
    0,
    56,
    65,
    169,
    192,
    197,
    198,
    199,
    206,
    214,
    223,
    225,
    234,
    247,
    254
  ],
  "distribution": {
    "A": 0.3285617523520496,
    "B": 0.22581696981233818,
    "C": 0.37230924141465066,
    "D": 0.07331203642096157
  }
}