{
  "question_id": "gpqa_gpqa_diamond_0023",
  "method": "next_sentence_attn_oracle",
  "prefix_length": 99,
  "keep_m": 15,
  "kl_to_baseline": 0.35022208521470743,
  "token_kl": 0.19006402969830663,
  "selected_indices": [
    0,
    9,
    10,
    14,
    65,
    68,
    81,
    82,
    87,
    88,
    89,
    90,
    91,
    92,
    93
  ],
  "distribution": {
    "A": 0.5397398699373145,
    "B": 0.09379272563643751,
    "C": 0.32736877938629033,
    "D": 0.03909862503995755
  }
}