{
  "question_id": "gpqa_gpqa_diamond_0001",
  "method": "next_sentence_attn_oracle",
  "prefix_length": 384,
  "keep_m": 3,
  "kl_to_baseline": 0.7632550166259956,
  "token_kl": 0.1134393089327849,
  "selected_indices": [
    323,
    357,
    372
  ],
  "distribution": {
    "A": 0.062431192765848874,
    "B": 0.03786643253491691,
    "C": 0.03786643253491691,
    "D": 0.8618359421643174
  }
}