{
  "question_id": "gpqa_gpqa_diamond_0009",
  "method": "next_sentence_attn_oracle",
  "prefix_length": 96,
  "keep_m": 3,
  "kl_to_baseline": 1.4586633782277063,
  "token_kl": 0.22235984471552336,
  "selected_indices": [
    0,
    9,
    23
  ],
  "distribution": {
    "A": 0.6764172068241222,
    "B": 0.0807865220205661,
    "C": 0.048999502497023145,
    "D": 0.19379676865828846
  }
}