{
  "question_id": "gpqa_gpqa_diamond_0004",
  "method": "next_sentence_attn_oracle",
  "prefix_length": 122,
  "keep_m": 10,
  "kl_to_baseline": 0.002512221473179354,
  "token_kl": 2.05591393969576,
  "selected_indices": [
    0,
    66,
    71,
    72,
    99,
    109,
    110,
    111,
    112,
    116
  ],
  "distribution": {
    "A": 0.0003788220162300149,
    "B": 0.0027991371294335977,
    "C": 0.9965616805440116,
    "D": 0.00026036031032486895
  }
}