{
  "question_id": "gpqa_gpqa_diamond_0031",
  "method": "next_sentence_attn_oracle",
  "prefix_length": 218,
  "keep_m": 10,
  "kl_to_baseline": 1.6750764000957705,
  "token_kl": 0.3421599299804343,
  "selected_indices": [
    0,
    25,
    38,
    40,
    157,
    201,
    204,
    210,
    211,
    212
  ],
  "distribution": {
    "A": 0.15839793005283492,
    "B": 0.05827134199055012,
    "C": 0.5528630996364458,
    "D": 0.2304676283201692
  }
}