{
  "question_id": "gpqa_gpqa_diamond_0001",
  "method": "next_sentence_attn_oracle",
  "prefix_length": 415,
  "keep_m": 10,
  "kl_to_baseline": 0.1226958720743558,
  "token_kl": 0.1627562365801258,
  "selected_indices": [
    329,
    330,
    331,
    355,
    356,
    364,
    380,
    400,
    407,
    408
  ],
  "distribution": {
    "A": 0.48181994717286025,
    "B": 0.06520723513303461,
    "C": 0.12182315343262429,
    "D": 0.33114966426148074
  }
}