{
  "question_id": "gpqa_gpqa_diamond_0031",
  "method": "next_sentence_attn_oracle",
  "prefix_length": 268,
  "keep_m": 3,
  "kl_to_baseline": 1.3104859832024012,
  "token_kl": 0.9282989781660339,
  "selected_indices": [
    163,
    166,
    221
  ],
  "distribution": {
    "A": 0.22723108904586847,
    "B": 0.05070211533366954,
    "C": 0.5450990455333715,
    "D": 0.1769677500870905
  }
}