{
  "question_id": "gpqa_gpqa_diamond_0001",
  "method": "next_sentence_attn_oracle",
  "prefix_length": 383,
  "keep_m": 10,
  "kl_to_baseline": 0.07926561469467769,
  "token_kl": 0.3285881817645868,
  "selected_indices": [
    0,
    147,
    148,
    150,
    151,
    160,
    161,
    310,
    313,
    316
  ],
  "distribution": {
    "A": 0.36617639865290497,
    "B": 0.1526450331010526,
    "C": 0.19600010223289316,
    "D": 0.2851784660131493
  }
}