{
  "question_id": "gpqa_gpqa_diamond_0023",
  "method": "next_sentence_attn_oracle",
  "prefix_length": 183,
  "keep_m": 10,
  "kl_to_baseline": 0.046885435488708035,
  "token_kl": 0.2116970470067033,
  "selected_indices": [
    0,
    47,
    94,
    99,
    105,
    123,
    169,
    173,
    176,
    177
  ],
  "distribution": {
    "A": 0.4123811341645335,
    "B": 0.19479504315004087,
    "C": 0.3211627310684217,
    "D": 0.07166109161700403
  }
}