{
  "question_id": "gpqa_gpqa_diamond_0009",
  "method": "next_sentence_attn_oracle",
  "prefix_length": 117,
  "keep_m": 10,
  "kl_to_baseline": 1.350709976658828,
  "token_kl": 0.017401480371287442,
  "selected_indices": [
    0,
    25,
    40,
    72,
    99,
    102,
    105,
    109,
    110,
    111
  ],
  "distribution": {
    "A": 0.6012392372063693,
    "B": 0.09220301779192455,
    "C": 0.05592395720883167,
    "D": 0.25063378779287454
  }
}