{
  "question_id": "gpqa_gpqa_diamond_0023",
  "method": "next_sentence_attn_oracle",
  "prefix_length": 94,
  "keep_m": 20,
  "kl_to_baseline": 0.05526073917263125,
  "token_kl": 0.11931340303331171,
  "selected_indices": [
    0,
    2,
    4,
    6,
    8,
    9,
    10,
    11,
    12,
    69,
    73,
    76,
    81,
    82,
    83,
    84,
    85,
    86,
    87,
    88
  ],
  "distribution": {
    "A": 0.49784409255212675,
    "B": 0.2351648978013268,
    "C": 0.2351648978013268,
    "D": 0.03182611184521959
  }
}