{
  "question_id": "gpqa_gpqa_diamond_0001",
  "method": "next_sentence_attn_oracle",
  "prefix_length": 280,
  "keep_m": 20,
  "kl_to_baseline": 0.2289254394227061,
  "token_kl": 0.20553232706214214,
  "selected_indices": [
    23,
    24,
    35,
    77,
    116,
    127,
    128,
    148,
    164,
    175,
    233,
    254,
    255,
    259,
    265,
    266,
    267,
    268,
    271,
    274
  ],
  "distribution": {
    "A": 0.2426543773980996,
    "B": 0.1146218117590575,
    "C": 0.2426543773980996,
    "D": 0.40006943344474327
  }
}