{
  "question_id": "gpqa_gpqa_diamond_0009",
  "method": "next_sentence_attn_oracle",
  "prefix_length": 129,
  "keep_m": 10,
  "kl_to_baseline": 0.8249298069602932,
  "token_kl": 0.24125975004052724,
  "selected_indices": [
    23,
    27,
    32,
    74,
    82,
    85,
    87,
    91,
    94,
    107
  ],
  "distribution": {
    "A": 0.5297915362915694,
    "B": 0.04348793752744671,
    "C": 0.01411846285250709,
    "D": 0.4126020633284769
  }
}