{
  "question_id": "gpqa_gpqa_diamond_0023",
  "method": "next_sentence_attn_oracle",
  "prefix_length": 56,
  "keep_m": 20,
  "kl_to_baseline": 0.2490585996466944,
  "token_kl": 0.128257565248607,
  "selected_indices": [
    0,
    7,
    11,
    14,
    23,
    25,
    28,
    30,
    31,
    36,
    39,
    40,
    41,
    42,
    43,
    44,
    45,
    47,
    48,
    49
  ],
  "distribution": {
    "A": 0.459575282695378,
    "B": 0.24599292232754683,
    "C": 0.24599292232754683,
    "D": 0.04843887264952849
  }
}