{
  "question_id": "gpqa_gpqa_diamond_0002",
  "method": "next_sentence_attn_oracle",
  "prefix_length": 104,
  "keep_m": 15,
  "kl_to_baseline": 0.0040213456961807025,
  "token_kl": 0.4681322511205605,
  "selected_indices": [
    15,
    43,
    57,
    62,
    64,
    66,
    69,
    71,
    81,
    82,
    87,
    88,
    89,
    94,
    98
  ],
  "distribution": {
    "A": 0.002791145313269148,
    "B": 0.0021737461556400944,
    "C": 0.001318443689828187,
    "D": 0.9937166648412626
  }
}