{
  "question_id": "gpqa_gpqa_diamond_0017",
  "method": "next_sentence_attn_oracle",
  "prefix_length": 126,
  "keep_m": 10,
  "kl_to_baseline": 0.2244766211502751,
  "token_kl": 0.6867907619314199,
  "selected_indices": [
    0,
    73,
    80,
    83,
    88,
    92,
    112,
    116,
    117,
    120
  ],
  "distribution": {
    "A": 0.7936986702394994,
    "B": 0.057495342257547155,
    "C": 0.08365522936526619,
    "D": 0.0651507581376873
  }
}