{
  "question_id": "gpqa_gpqa_diamond_0023",
  "method": "next_sentence_attn_oracle",
  "prefix_length": 370,
  "keep_m": 15,
  "kl_to_baseline": 2.3947188286896233,
  "token_kl": 0.2874797757477943,
  "selected_indices": [
    0,
    3,
    71,
    85,
    195,
    261,
    290,
    313,
    314,
    318,
    326,
    328,
    339,
    352,
    358
  ],
  "distribution": {
    "A": 0.750761398004326,
    "B": 0.13046276483348743,
    "C": 0.08966565955148377,
    "D": 0.029110177610702986
  }
}