{
  "question_id": "gpqa_gpqa_diamond_0001",
  "method": "next_sentence_attn_oracle",
  "prefix_length": 328,
  "keep_m": 5,
  "kl_to_baseline": 0.25009076992155,
  "token_kl": 0.34752137315604553,
  "selected_indices": [
    239,
    318,
    319,
    320,
    322
  ],
  "distribution": {
    "A": 0.1628068481127493,
    "B": 0.0598932851627657,
    "C": 0.20904813098759076,
    "D": 0.5682517357368942
  }
}