{
  "question_id": "gpqa_gpqa_diamond_0001",
  "method": "next_sentence_attn_oracle",
  "prefix_length": 293,
  "keep_m": 10,
  "kl_to_baseline": 0.2791858705601309,
  "token_kl": 0.2030290300870057,
  "selected_indices": [
    253,
    254,
    255,
    256,
    274,
    275,
    283,
    284,
    285,
    286
  ],
  "distribution": {
    "A": 0.20002012525703528,
    "B": 0.20002012525703528,
    "C": 0.17651714099391644,
    "D": 0.423442608492013
  }
}