{
  "question_id": "gpqa_gpqa_diamond_0023",
  "method": "next_sentence_attn_oracle",
  "prefix_length": 37,
  "keep_m": 5,
  "kl_to_baseline": 0.2395488087591769,
  "token_kl": 0.13358339120303447,
  "selected_indices": [
    24,
    27,
    28,
    29,
    30
  ],
  "distribution": {
    "A": 0.32473767839383877,
    "B": 0.32473767839383877,
    "C": 0.2865799953350752,
    "D": 0.0639446478772472
  }
}