{
  "question_id": "gpqa_gpqa_diamond_0001",
  "method": "next_sentence_attn_oracle",
  "prefix_length": 364,
  "keep_m": 20,
  "kl_to_baseline": 0.04505508798142928,
  "token_kl": 0.15117978626307665,
  "selected_indices": [
    0,
    309,
    310,
    316,
    323,
    328,
    329,
    330,
    332,
    333,
    336,
    345,
    350,
    351,
    353,
    354,
    355,
    356,
    357,
    358
  ],
  "distribution": {
    "A": 0.38754811993034344,
    "B": 0.11103439537419163,
    "C": 0.235059816851742,
    "D": 0.26635766784372295
  }
}