{
  "question_id": "gpqa_gpqa_diamond_0023",
  "method": "next_sentence_attn_oracle",
  "prefix_length": 324,
  "keep_m": 15,
  "kl_to_baseline": 0.11495037525143144,
  "token_kl": 0.16955881734168662,
  "selected_indices": [
    0,
    235,
    260,
    290,
    295,
    296,
    297,
    299,
    307,
    308,
    311,
    312,
    315,
    317,
    318
  ],
  "distribution": {
    "A": 0.4391497869331852,
    "B": 0.2350599422876669,
    "C": 0.2663578099812472,
    "D": 0.05943246079790074
  }
}