{
  "question_id": "gpqa_gpqa_diamond_0031",
  "method": "next_sentence_attn_oracle",
  "prefix_length": 171,
  "keep_m": 10,
  "kl_to_baseline": 1.4507683884788685,
  "token_kl": 0.13001423222920905,
  "selected_indices": [
    0,
    86,
    87,
    155,
    157,
    161,
    162,
    163,
    164,
    165
  ],
  "distribution": {
    "A": 0.20206568449909626,
    "B": 0.08423351938943094,
    "C": 0.4847303783034324,
    "D": 0.2289704178080403
  }
}