{
  "question_id": "gpqa_gpqa_diamond_0023",
  "method": "next_sentence_attn_oracle",
  "prefix_length": 95,
  "keep_m": 10,
  "kl_to_baseline": 0.1526737734450784,
  "token_kl": 0.16368907045470305,
  "selected_indices": [
    0,
    2,
    8,
    9,
    76,
    81,
    82,
    84,
    86,
    87
  ],
  "distribution": {
    "A": 0.5709837827067912,
    "B": 0.11243337316722178,
    "C": 0.26971364110823154,
    "D": 0.04686920301775549
  }
}