{
  "question_id": "gpqa_gpqa_diamond_0011",
  "method": "next_sentence_attn_oracle",
  "prefix_length": 77,
  "keep_m": 20,
  "kl_to_baseline": 0.020981277747732993,
  "token_kl": 0.0509501965475182,
  "selected_indices": [
    0,
    1,
    2,
    3,
    8,
    9,
    10,
    13,
    14,
    15,
    16,
    17,
    18,
    21,
    24,
    25,
    53,
    67,
    68,
    71
  ],
  "distribution": {
    "A": 0.14343749772406414,
    "B": 0.5673063422565113,
    "C": 0.23648845351366576,
    "D": 0.052767706505758745
  }
}