{
  "question_id": "gpqa_gpqa_diamond_0023",
  "method": "next_sentence_attn_oracle",
  "prefix_length": 168,
  "keep_m": 10,
  "kl_to_baseline": 0.006403846260043994,
  "token_kl": 0.27825590935474875,
  "selected_indices": [
    0,
    87,
    88,
    89,
    111,
    112,
    113,
    114,
    115,
    116
  ],
  "distribution": {
    "A": 0.5717722871463861,
    "B": 0.18562727272495308,
    "C": 0.21034325693529446,
    "D": 0.03225718319336635
  }
}