{
  "question_id": "gpqa_gpqa_diamond_0011",
  "method": "next_sentence_attn_oracle",
  "prefix_length": 122,
  "keep_m": 20,
  "kl_to_baseline": 1.596671870539753,
  "token_kl": 0.05196558041453503,
  "selected_indices": [
    0,
    10,
    29,
    43,
    45,
    48,
    49,
    53,
    86,
    98,
    99,
    101,
    102,
    104,
    111,
    112,
    113,
    114,
    115,
    116
  ],
  "distribution": {
    "A": 0.2945403740706731,
    "B": 0.2024344412698561,
    "C": 0.42855371553126287,
    "D": 0.07447146912820783
  }
}