{
  "question_id": "gpqa_gpqa_diamond_0011",
  "method": "next_sentence_attn_oracle",
  "prefix_length": 123,
  "keep_m": 10,
  "kl_to_baseline": 1.7825766014013604,
  "token_kl": 0.013689742523299022,
  "selected_indices": [
    0,
    45,
    46,
    48,
    49,
    50,
    105,
    113,
    116,
    117
  ],
  "distribution": {
    "A": 0.19050454668378988,
    "B": 0.168119672376727,
    "C": 0.5867953144909013,
    "D": 0.054580466448581826
  }
}