{
  "question_id": "gpqa_gpqa_diamond_0009",
  "method": "next_sentence_attn_oracle",
  "prefix_length": 55,
  "keep_m": 5,
  "kl_to_baseline": 0.12751931172338415,
  "token_kl": 0.18862425905432026,
  "selected_indices": [
    0,
    12,
    13,
    14,
    43
  ],
  "distribution": {
    "A": 0.7826930019460869,
    "B": 0.09347934846401053,
    "C": 0.030348301125891975,
    "D": 0.09347934846401053
  }
}