{
  "question_id": "gpqa_gpqa_diamond_0004",
  "method": "next_sentence_attn_oracle",
  "prefix_length": 31,
  "keep_m": 10,
  "kl_to_baseline": 0.04335824159927188,
  "token_kl": 0.014947113293229123,
  "selected_indices": [
    0,
    10,
    15,
    18,
    19,
    20,
    22,
    23,
    24,
    25
  ],
  "distribution": {
    "A": 0.0048785233703712285,
    "B": 0.22081882877965228,
    "C": 0.7707334439060315,
    "D": 0.0035692039439450362
  }
}