{
  "question_id": "gpqa_gpqa_diamond_0011",
  "method": "next_sentence_attn_oracle",
  "prefix_length": 113,
  "keep_m": 5,
  "kl_to_baseline": 0.3541351784549025,
  "token_kl": 0.19742673337920486,
  "selected_indices": [
    0,
    80,
    99,
    100,
    101
  ],
  "distribution": {
    "A": 0.030832812579521748,
    "B": 0.7017516634035984,
    "C": 0.22782540899680437,
    "D": 0.03959011502007545
  }
}