{
  "question_id": "gpqa_gpqa_diamond_0009",
  "method": "next_sentence_attn_oracle",
  "prefix_length": 28,
  "keep_m": 3,
  "kl_to_baseline": 0.7809334025740559,
  "token_kl": 0.18907064054868628,
  "selected_indices": [
    0,
    18,
    19
  ],
  "distribution": {
    "A": 0.23404222672803968,
    "B": 0.019211353568733398,
    "C": 0.11055370665632547,
    "D": 0.6361927130469015
  }
}