{
  "question_id": "gpqa_gpqa_diamond_0011",
  "method": "next_sentence_attn_oracle",
  "prefix_length": 119,
  "keep_m": 10,
  "kl_to_baseline": 0.6728261749889594,
  "token_kl": 0.03297097113714564,
  "selected_indices": [
    0,
    48,
    50,
    64,
    104,
    105,
    109,
    110,
    112,
    113
  ],
  "distribution": {
    "A": 0.07823925582843588,
    "B": 0.5101839745477912,
    "C": 0.3506439759176631,
    "D": 0.06093279370610985
  }
}