{
  "question_id": "gpqa_gpqa_diamond_0011",
  "method": "next_sentence_attn_oracle",
  "prefix_length": 117,
  "keep_m": 15,
  "kl_to_baseline": 0.006164365713542155,
  "token_kl": 0.05413538095249876,
  "selected_indices": [
    0,
    25,
    42,
    45,
    82,
    86,
    87,
    97,
    98,
    99,
    100,
    101,
    102,
    110,
    111
  ],
  "distribution": {
    "A": 0.0024634422977587063,
    "B": 0.9938237669049602,
    "C": 0.0031631225228658296,
    "D": 0.000549668274415316
  }
}