{
  "question_id": "gpqa_gpqa_diamond_0011",
  "method": "next_sentence_attn_oracle",
  "prefix_length": 111,
  "keep_m": 3,
  "kl_to_baseline": 0.03597268015704442,
  "token_kl": 0.3896049410039659,
  "selected_indices": [
    99,
    100,
    101
  ],
  "distribution": {
    "A": 0.007364359870358915,
    "B": 0.9645406470458365,
    "C": 0.02570413548137765,
    "D": 0.0023908576024268386
  }
}