{
  "question_id": "gpqa_gpqa_diamond_0017",
  "method": "next_sentence_attn_oracle",
  "prefix_length": 120,
  "keep_m": 5,
  "kl_to_baseline": 0.14672616629851823,
  "token_kl": 0.07383407373360815,
  "selected_indices": [
    0,
    85,
    88,
    112,
    114
  ],
  "distribution": {
    "A": 0.855250259149223,
    "B": 0.04824991361692566,
    "C": 0.04824991361692566,
    "D": 0.04824991361692566
  }
}