{
  "question_id": "gpqa_gpqa_diamond_0023",
  "method": "next_sentence_attn_oracle",
  "prefix_length": 297,
  "keep_m": 5,
  "kl_to_baseline": 0.061263264669385045,
  "token_kl": 0.44841865087208627,
  "selected_indices": [
    0,
    255,
    289,
    290,
    291
  ],
  "distribution": {
    "A": 0.31508230195904435,
    "B": 0.31508230195904435,
    "C": 0.31508230195904435,
    "D": 0.054753094122867045
  }
}