{
  "question_id": "gpqa_gpqa_diamond_0007",
  "method": "next_sentence_attn_oracle",
  "prefix_length": 204,
  "keep_m": 15,
  "kl_to_baseline": 0.03484661673069676,
  "token_kl": 0.1408135014292125,
  "selected_indices": [
    0,
    56,
    59,
    63,
    86,
    87,
    116,
    132,
    135,
    155,
    173,
    176,
    177,
    194,
    198
  ],
  "distribution": {
    "A": 0.9601086794870858,
    "B": 0.015518714798019858,
    "C": 0.019926419484156483,
    "D": 0.004446186230737906
  }
}