{
  "question_id": "gpqa_gpqa_diamond_0031",
  "method": "next_sentence_attn_oracle",
  "prefix_length": 142,
  "keep_m": 20,
  "kl_to_baseline": 0.002457600426101554,
  "token_kl": 0.00711473970671473,
  "selected_indices": [
    0,
    42,
    44,
    51,
    52,
    82,
    85,
    89,
    91,
    93,
    100,
    101,
    103,
    105,
    106,
    121,
    128,
    134,
    135,
    136
  ],
  "distribution": {
    "A": 0.9242515593345658,
    "B": 0.007996343735610029,
    "C": 0.021736315870621057,
    "D": 0.04601578105920312
  }
}