{
  "question_id": "gpqa_gpqa_diamond_0009",
  "method": "next_sentence_attn_oracle",
  "prefix_length": 75,
  "keep_m": 5,
  "kl_to_baseline": 2.7436363671316344,
  "token_kl": 0.25924496707006983,
  "selected_indices": [
    0,
    28,
    29,
    67,
    69
  ],
  "distribution": {
    "A": 0.8022146090140648,
    "B": 0.10856793162073704,
    "C": 0.031105233194530277,
    "D": 0.05811222617066776
  }
}