{
  "question_id": "gpqa_gpqa_diamond_0031",
  "method": "next_sentence_attn_oracle",
  "prefix_length": 67,
  "keep_m": 3,
  "kl_to_baseline": 0.2043913554186774,
  "token_kl": 0.512844519977078,
  "selected_indices": [
    0,
    16,
    33
  ],
  "distribution": {
    "A": 0.7169482629493316,
    "B": 0.013131363138014279,
    "C": 0.10994758364751026,
    "D": 0.159972790265144
  }
}