{
  "question_id": "gpqa_gpqa_diamond_0009",
  "method": "next_sentence_attn_oracle",
  "prefix_length": 107,
  "keep_m": 10,
  "kl_to_baseline": 2.344637155983862,
  "token_kl": 0.8280317096282257,
  "selected_indices": [
    32,
    35,
    79,
    82,
    87,
    90,
    91,
    94,
    98,
    99
  ],
  "distribution": {
    "A": 0.7025154530913892,
    "B": 0.201274053177527,
    "C": 0.03086637575178402,
    "D": 0.06534411797929983
  }
}