{
  "question_id": "gpqa_gpqa_diamond_0001",
  "method": "next_sentence_attn_oracle",
  "prefix_length": 364,
  "keep_m": 15,
  "kl_to_baseline": 0.09185803006291905,
  "token_kl": 0.16601587202464618,
  "selected_indices": [
    0,
    309,
    316,
    323,
    328,
    329,
    330,
    332,
    333,
    350,
    351,
    355,
    356,
    357,
    358
  ],
  "distribution": {
    "A": 0.30489397824013215,
    "B": 0.11216421296050076,
    "C": 0.2374516690071708,
    "D": 0.34549013979219634
  }
}