{
  "question_id": "gpqa_gpqa_diamond_0020",
  "method": "next_sentence_attn_oracle",
  "prefix_length": 48,
  "keep_m": 5,
  "kl_to_baseline": 0.24688581814518934,
  "token_kl": 0.12710871425522197,
  "selected_indices": [
    36,
    38,
    39,
    41,
    42
  ],
  "distribution": {
    "A": 0.0709873220738582,
    "B": 0.7631855446814867,
    "C": 0.04878882539144446,
    "D": 0.11703830785321075
  }
}