{
  "question_id": "gpqa_gpqa_diamond_0002",
  "method": "next_sentence_attn_oracle",
  "prefix_length": 79,
  "keep_m": 3,
  "kl_to_baseline": 1.4966520659240308,
  "token_kl": 0.09339145860790138,
  "selected_indices": [
    45,
    46,
    55
  ],
  "distribution": {
    "A": 0.17238429028054963,
    "B": 0.28421364612008754,
    "C": 0.32205625344145955,
    "D": 0.2213458101579033
  }
}