{
  "question_id": "gpqa_gpqa_diamond_0023",
  "method": "next_sentence_attn_oracle",
  "prefix_length": 294,
  "keep_m": 20,
  "kl_to_baseline": 0.14029717835781114,
  "token_kl": 0.6518687463948881,
  "selected_indices": [
    99,
    105,
    123,
    163,
    169,
    171,
    182,
    214,
    223,
    254,
    259,
    262,
    271,
    272,
    279,
    282,
    284,
    286,
    287,
    288
  ],
  "distribution": {
    "A": 0.3454901351726419,
    "B": 0.23745166583220054,
    "C": 0.30489397416338965,
    "D": 0.11216422483176795
  }
}