{
  "question_id": "gpqa_gpqa_diamond_0031",
  "method": "next_sentence_attn_oracle",
  "prefix_length": 136,
  "keep_m": 10,
  "kl_to_baseline": 0.752526478912336,
  "token_kl": 0.1880870204302255,
  "selected_indices": [
    0,
    49,
    67,
    120,
    121,
    125,
    127,
    128,
    129,
    130
  ],
  "distribution": {
    "A": 0.3160529587323568,
    "B": 0.054921768978102435,
    "C": 0.45985431411080596,
    "D": 0.16917095817873476
  }
}