{
  "question_id": "gpqa_gpqa_diamond_0031",
  "method": "next_sentence_attn_oracle",
  "prefix_length": 180,
  "keep_m": 20,
  "kl_to_baseline": 1.0505093992902887,
  "token_kl": 0.2530125566979477,
  "selected_indices": [
    0,
    49,
    71,
    72,
    90,
    92,
    98,
    99,
    100,
    136,
    138,
    139,
    151,
    154,
    155,
    156,
    157,
    161,
    163,
    166
  ],
  "distribution": {
    "A": 0.23453915723391192,
    "B": 0.08628213409603257,
    "C": 0.4965194293553776,
    "D": 0.18265927931467793
  }
}