{
  "question_id": "gpqa_gpqa_diamond_0031",
  "method": "next_sentence_attn_oracle",
  "prefix_length": 16,
  "keep_m": 3,
  "kl_to_baseline": 0.007213179151762519,
  "token_kl": 0.07897728589582853,
  "selected_indices": [
    0,
    3,
    9
  ],
  "distribution": {
    "A": 0.14962799291743287,
    "B": 0.04857710287736384,
    "C": 0.5222530113185121,
    "D": 0.2795418928866912
  }
}