{
  "question_id": "gpqa_gpqa_diamond_0031",
  "method": "next_sentence_attn_oracle",
  "prefix_length": 177,
  "keep_m": 10,
  "kl_to_baseline": 1.3791436645676387,
  "token_kl": 0.07848989460982023,
  "selected_indices": [
    0,
    90,
    91,
    92,
    136,
    155,
    156,
    157,
    161,
    163
  ],
  "distribution": {
    "A": 0.16125638923326246,
    "B": 0.07617212468957947,
    "C": 0.4967046471119792,
    "D": 0.26586683896517893
  }
}