{
  "question_id": "gpqa_gpqa_diamond_0031",
  "method": "next_sentence_attn_oracle",
  "prefix_length": 180,
  "keep_m": 5,
  "kl_to_baseline": 1.4504762017824915,
  "token_kl": 0.4328817562594683,
  "selected_indices": [
    0,
    98,
    99,
    155,
    156
  ],
  "distribution": {
    "A": 0.14759165360223778,
    "B": 0.06152534747392625,
    "C": 0.5151454887307183,
    "D": 0.27573751019311765
  }
}