{
  "question_id": "gpqa_gpqa_diamond_0023",
  "method": "next_sentence_attn_oracle",
  "prefix_length": 173,
  "keep_m": 15,
  "kl_to_baseline": 0.05384490478740973,
  "token_kl": 0.43343136800958826,
  "selected_indices": [
    0,
    14,
    60,
    68,
    81,
    82,
    105,
    116,
    123,
    135,
    137,
    157,
    158,
    163,
    167
  ],
  "distribution": {
    "A": 0.43820911677525093,
    "B": 0.16120812499551063,
    "C": 0.3412776032935941,
    "D": 0.05930515493564447
  }
}