{
  "question_id": "gpqa_gpqa_diamond_0011",
  "method": "next_sentence_attn_oracle",
  "prefix_length": 46,
  "keep_m": 10,
  "kl_to_baseline": 0.003991821453462367,
  "token_kl": 0.021148730535951947,
  "selected_indices": [
    0,
    24,
    25,
    26,
    27,
    34,
    35,
    37,
    39,
    40
  ],
  "distribution": {
    "A": 0.2270918358450114,
    "B": 0.2270918358450114,
    "C": 0.4807534202564919,
    "D": 0.06506290805348522
  }
}