{
  "question_id": "gpqa_gpqa_diamond_0001",
  "method": "next_sentence_attn_oracle",
  "prefix_length": 425,
  "keep_m": 3,
  "kl_to_baseline": 1.0107118479130917,
  "token_kl": 0.09676365582884312,
  "selected_indices": [
    310,
    311,
    315
  ],
  "distribution": {
    "A": 0.2181933985318337,
    "B": 0.14996198351389517,
    "C": 0.1699291896376032,
    "D": 0.4619154283166679
  }
}