{
  "question_id": "gpqa_gpqa_diamond_0011",
  "method": "next_sentence_attn_oracle",
  "prefix_length": 127,
  "keep_m": 15,
  "kl_to_baseline": 0.011032719882553853,
  "token_kl": 0.08050206651881395,
  "selected_indices": [
    0,
    87,
    88,
    89,
    90,
    96,
    97,
    99,
    112,
    113,
    114,
    115,
    116,
    117,
    121
  ],
  "distribution": {
    "A": 0.006663651828137663,
    "B": 0.9889736926578497,
    "C": 0.0035667957966821462,
    "D": 0.0007958597173304337
  }
}