{
  "question_id": "gpqa_gpqa_diamond_0001",
  "method": "next_sentence_attn_oracle",
  "prefix_length": 405,
  "keep_m": 15,
  "kl_to_baseline": 0.1353990664304403,
  "token_kl": 0.18249370716225322,
  "selected_indices": [
    357,
    363,
    364,
    365,
    366,
    367,
    370,
    371,
    372,
    384,
    385,
    388,
    390,
    398,
    399
  ],
  "distribution": {
    "A": 0.3285617523520496,
    "B": 0.37230924141465066,
    "C": 0.07331203642096157,
    "D": 0.22581696981233818
  }
}