{
  "question_id": "gpqa_gpqa_diamond_0023",
  "method": "next_sentence_attn_oracle",
  "prefix_length": 280,
  "keep_m": 5,
  "kl_to_baseline": 0.04574693081837869,
  "token_kl": 0.3156624787055173,
  "selected_indices": [
    84,
    104,
    162,
    255,
    270
  ],
  "distribution": {
    "A": 0.546998602263051,
    "B": 0.15671774210639292,
    "C": 0.20122954012209124,
    "D": 0.09505411550846485
  }
}