{
  "question_id": "gpqa_gpqa_diamond_0020",
  "method": "next_sentence_attn_oracle",
  "prefix_length": 41,
  "keep_m": 15,
  "kl_to_baseline": 0.012222600501945806,
  "token_kl": 0.049421948654165375,
  "selected_indices": [
    0,
    3,
    4,
    5,
    6,
    7,
    8,
    15,
    16,
    21,
    24,
    30,
    33,
    34,
    35
  ],
  "distribution": {
    "A": 0.5734555396052372,
    "B": 0.39412984423397124,
    "C": 0.007218738181180963,
    "D": 0.02519587797961059
  }
}