{
  "question_id": "gpqa_gpqa_diamond_0001",
  "method": "next_sentence_attn_oracle",
  "prefix_length": 430,
  "keep_m": 10,
  "kl_to_baseline": 0.486848664013366,
  "token_kl": 0.12173236580583602,
  "selected_indices": [
    344,
    345,
    354,
    376,
    377,
    391,
    394,
    396,
    401,
    421
  ],
  "distribution": {
    "A": 0.31795590872230906,
    "B": 0.10322515797246537,
    "C": 0.21852768719308396,
    "D": 0.3602912461121415
  }
}