{
  "question_id": "gpqa_gpqa_diamond_0023",
  "method": "next_sentence_attn_oracle",
  "prefix_length": 96,
  "keep_m": 20,
  "kl_to_baseline": 0.07071294164427429,
  "token_kl": 0.12142579082160897,
  "selected_indices": [
    0,
    2,
    6,
    7,
    8,
    9,
    10,
    11,
    14,
    70,
    73,
    81,
    82,
    83,
    84,
    86,
    87,
    88,
    89,
    90
  ],
  "distribution": {
    "A": 0.5409296210774887,
    "B": 0.22549301434629218,
    "C": 0.19899688671506657,
    "D": 0.034580477861152564
  }
}