{
  "question_id": "gpqa_gpqa_diamond_0031",
  "method": "next_sentence_attn_oracle",
  "prefix_length": 170,
  "keep_m": 20,
  "kl_to_baseline": 0.9913503188350967,
  "token_kl": 0.003205638882963194,
  "selected_indices": [
    0,
    43,
    52,
    82,
    83,
    85,
    86,
    87,
    88,
    103,
    104,
    143,
    151,
    155,
    157,
    160,
    161,
    162,
    163,
    164
  ],
  "distribution": {
    "A": 0.326335441791527,
    "B": 0.10594560636409635,
    "C": 0.36978650104694816,
    "D": 0.19793245079742855
  }
}