{
  "question_id": "gpqa_gpqa_diamond_0011",
  "method": "next_sentence_attn_oracle",
  "prefix_length": 76,
  "keep_m": 3,
  "kl_to_baseline": 0.126283695943414,
  "token_kl": 0.5915616363124669,
  "selected_indices": [
    0,
    8,
    14
  ],
  "distribution": {
    "A": 0.05214717264641655,
    "B": 0.8157190862849066,
    "C": 0.11039556535876785,
    "D": 0.021738175709909074
  }
}