{
  "question_id": "gpqa_gpqa_diamond_0001",
  "method": "next_sentence_attn_oracle",
  "prefix_length": 294,
  "keep_m": 20,
  "kl_to_baseline": 0.10182937100467593,
  "token_kl": 0.33309022033409025,
  "selected_indices": [
    96,
    128,
    233,
    253,
    254,
    256,
    258,
    259,
    265,
    266,
    267,
    268,
    274,
    276,
    277,
    278,
    280,
    284,
    285,
    286
  ],
  "distribution": {
    "A": 0.24445116243953505,
    "B": 0.13084527841051324,
    "C": 0.16800866313268284,
    "D": 0.45669489601726887
  }
}