{
  "question_id": "gpqa_gpqa_diamond_0009",
  "method": "next_sentence_attn_oracle",
  "prefix_length": 125,
  "keep_m": 5,
  "kl_to_baseline": 0.052272818532798734,
  "token_kl": 0.47207550083842575,
  "selected_indices": [
    52,
    53,
    57,
    58,
    104
  ],
  "distribution": {
    "A": 0.07428597083415003,
    "B": 0.01462777844865612,
    "C": 0.006097765267516549,
    "D": 0.9049884854496774
  }
}