{
  "question_id": "gpqa_gpqa_diamond_0002",
  "method": "next_sentence_attn_oracle",
  "prefix_length": 38,
  "keep_m": 15,
  "kl_to_baseline": 0.26687176862718764,
  "token_kl": 0.013959488708131906,
  "selected_indices": [
    0,
    13,
    14,
    15,
    20,
    21,
    22,
    25,
    26,
    27,
    28,
    29,
    30,
    31,
    32
  ],
  "distribution": {
    "A": 0.21976465161262626,
    "B": 0.24902597501361748,
    "C": 0.2821833983601388,
    "D": 0.24902597501361748
  }
}