{
  "question_id": "gpqa_gpqa_diamond_0023",
  "method": "next_sentence_attn_oracle",
  "prefix_length": 304,
  "keep_m": 10,
  "kl_to_baseline": 0.1093001584901335,
  "token_kl": 0.2533395407635987,
  "selected_indices": [
    0,
    96,
    200,
    201,
    256,
    268,
    274,
    275,
    276,
    298
  ],
  "distribution": {
    "A": 0.44149035760515204,
    "B": 0.2085452907206111,
    "C": 0.303431607557546,
    "D": 0.04653274411669081
  }
}