{
  "question_id": "gpqa_gpqa_diamond_0009",
  "method": "next_sentence_attn_oracle",
  "prefix_length": 50,
  "keep_m": 3,
  "kl_to_baseline": 0.2906329446108517,
  "token_kl": 0.03560281953876161,
  "selected_indices": [
    39,
    40,
    44
  ],
  "distribution": {
    "A": 0.796793975997976,
    "B": 0.09516346681438725,
    "C": 0.02406109248472808,
    "D": 0.08398146470290868
  }
}