{
  "question_id": "gpqa_gpqa_diamond_0009",
  "method": "next_sentence_attn_oracle",
  "prefix_length": 125,
  "keep_m": 15,
  "kl_to_baseline": 0.19501490465740684,
  "token_kl": 0.32816887060450073,
  "selected_indices": [
    0,
    42,
    52,
    53,
    54,
    55,
    57,
    58,
    90,
    99,
    101,
    103,
    104,
    111,
    119
  ],
  "distribution": {
    "A": 0.19401125653264997,
    "B": 0.012402724680158184,
    "C": 0.026256568353937304,
    "D": 0.7673294504332545
  }
}