{
  "question_id": "gpqa_gpqa_diamond_0023",
  "method": "next_sentence_attn_oracle",
  "prefix_length": 253,
  "keep_m": 20,
  "kl_to_baseline": 0.055116905244263825,
  "token_kl": 0.11460939100588513,
  "selected_indices": [
    0,
    116,
    219,
    223,
    225,
    226,
    227,
    230,
    234,
    235,
    236,
    237,
    238,
    239,
    240,
    241,
    242,
    243,
    244,
    247
  ],
  "distribution": {
    "A": 0.5709375653258718,
    "B": 0.09320299543083731,
    "C": 0.30560085681148047,
    "D": 0.030258582431810323
  }
}