{
  "question_id": "gpqa_gpqa_diamond_0001",
  "method": "next_sentence_attn_oracle",
  "prefix_length": 311,
  "keep_m": 15,
  "kl_to_baseline": 0.6832060356628383,
  "token_kl": 0.4344693091927187,
  "selected_indices": [
    35,
    37,
    38,
    45,
    94,
    164,
    175,
    233,
    254,
    266,
    278,
    296,
    299,
    303,
    304
  ],
  "distribution": {
    "A": 0.045804598303171504,
    "B": 0.33845274645111795,
    "C": 0.181160700551601,
    "D": 0.4345819546941095
  }
}