{
  "question_id": "gpqa_gpqa_diamond_0023",
  "method": "next_sentence_attn_oracle",
  "prefix_length": 374,
  "keep_m": 15,
  "kl_to_baseline": 0.000769256907632922,
  "token_kl": 0.09285019991982515,
  "selected_indices": [
    0,
    60,
    339,
    349,
    350,
    351,
    352,
    353,
    354,
    355,
    356,
    357,
    358,
    367,
    368
  ],
  "distribution": {
    "A": 0.00033480698026093275,
    "B": 0.001324187294301344,
    "C": 0.9980455396023938,
    "D": 0.0002954661230439749
  }
}