{
  "question_id": "gpqa_gpqa_diamond_0002",
  "method": "next_sentence_attn_oracle",
  "prefix_length": 50,
  "keep_m": 20,
  "kl_to_baseline": 0.06272689667963928,
  "token_kl": 0.017647879080270126,
  "selected_indices": [
    0,
    1,
    15,
    26,
    29,
    30,
    31,
    32,
    33,
    34,
    35,
    36,
    37,
    38,
    39,
    40,
    41,
    42,
    43,
    44
  ],
  "distribution": {
    "A": 0.38822591501510517,
    "B": 0.18338493716041138,
    "C": 0.1260385012021069,
    "D": 0.3023506466223766
  }
}