{
  "question_id": "gpqa_gpqa_diamond_0017",
  "method": "next_sentence_attn_oracle",
  "prefix_length": 102,
  "keep_m": 10,
  "kl_to_baseline": 0.27575607091504156,
  "token_kl": 0.08249064392204297,
  "selected_indices": [
    0,
    11,
    15,
    33,
    41,
    44,
    55,
    63,
    76,
    92
  ],
  "distribution": {
    "A": 0.9215442575413179,
    "B": 0.02782822279757389,
    "C": 0.03573214537333412,
    "D": 0.014895374287774132
  }
}