{
  "question_id": "gpqa_gpqa_diamond_0001",
  "method": "next_sentence_attn_oracle",
  "prefix_length": 360,
  "keep_m": 15,
  "kl_to_baseline": 0.10974139254224276,
  "token_kl": 0.11065322302089152,
  "selected_indices": [
    0,
    323,
    328,
    329,
    330,
    331,
    332,
    334,
    336,
    344,
    345,
    350,
    351,
    353,
    354
  ],
  "distribution": {
    "A": 0.31795590480973496,
    "B": 0.10322516900763702,
    "C": 0.21852768450401375,
    "D": 0.36029124167861426
  }
}