{
  "question_id": "gpqa_gpqa_diamond_0031",
  "method": "next_sentence_attn_oracle",
  "prefix_length": 182,
  "keep_m": 15,
  "kl_to_baseline": 0.023979056990389734,
  "token_kl": 0.04948239730496368,
  "selected_indices": [
    0,
    92,
    100,
    101,
    102,
    103,
    104,
    105,
    142,
    155,
    161,
    163,
    167,
    175,
    176
  ],
  "distribution": {
    "A": 0.8605712054017157,
    "B": 0.02023869610595722,
    "C": 0.04855010807068888,
    "D": 0.07063999042163817
  }
}