{
  "question_id": "gpqa_gpqa_diamond_0023",
  "method": "next_sentence_attn_oracle",
  "prefix_length": 319,
  "keep_m": 3,
  "kl_to_baseline": 0.220584856371497,
  "token_kl": 0.5869789383921343,
  "selected_indices": [
    110,
    298,
    313
  ],
  "distribution": {
    "A": 0.2337616142216584,
    "B": 0.34012114175980496,
    "C": 0.34012114175980496,
    "D": 0.08599610225873161
  }
}