{
  "question_id": "gpqa_gpqa_diamond_0001",
  "method": "next_sentence_attn_oracle",
  "prefix_length": 427,
  "keep_m": 3,
  "kl_to_baseline": 1.0559332287864096,
  "token_kl": 0.045736222947464815,
  "selected_indices": [
    317,
    420,
    421
  ],
  "distribution": {
    "A": 0.21049339146019963,
    "B": 0.21049339146019963,
    "C": 0.1857597659781529,
    "D": 0.39325345110144777
  }
}