{
  "question_id": "gpqa_gpqa_diamond_0031",
  "method": "next_sentence_attn_oracle",
  "prefix_length": 85,
  "keep_m": 20,
  "kl_to_baseline": 1.3754101776256036,
  "token_kl": 0.011932199855748836,
  "selected_indices": [
    0,
    16,
    33,
    41,
    42,
    43,
    44,
    45,
    51,
    52,
    67,
    68,
    70,
    71,
    74,
    75,
    76,
    77,
    78,
    79
  ],
  "distribution": {
    "A": 0.2368193902342806,
    "B": 0.052841548469228526,
    "C": 0.5013466829427656,
    "D": 0.20899237835372522
  }
}