{
  "question_id": "gpqa_gpqa_diamond_0001",
  "method": "next_sentence_attn_oracle",
  "prefix_length": 367,
  "keep_m": 15,
  "kl_to_baseline": 0.2085136399232025,
  "token_kl": 0.16820612415047695,
  "selected_indices": [
    0,
    2,
    233,
    240,
    241,
    301,
    303,
    307,
    317,
    333,
    337,
    350,
    351,
    352,
    359
  ],
  "distribution": {
    "A": 0.23816715644219838,
    "B": 0.09928284185558209,
    "C": 0.2698787448938019,
    "D": 0.3926712568084175
  }
}