{
  "question_id": "gpqa_gpqa_diamond_0020",
  "method": "next_sentence_attn_oracle",
  "prefix_length": 69,
  "keep_m": 15,
  "kl_to_baseline": 0.0011053042366850178,
  "token_kl": 0.17204074611077874,
  "selected_indices": [
    0,
    2,
    4,
    8,
    15,
    33,
    34,
    35,
    36,
    49,
    59,
    60,
    61,
    62,
    63
  ],
  "distribution": {
    "A": 0.0035925695502228958,
    "B": 0.9961200806067653,
    "C": 0.00010848625190969084,
    "D": 0.00017886359110203968
  }
}