{
  "question_id": "gpqa_gpqa_diamond_0002",
  "method": "next_sentence_attn_oracle",
  "prefix_length": 95,
  "keep_m": 5,
  "kl_to_baseline": 1.2594151915374823,
  "token_kl": 0.4526479610107773,
  "selected_indices": [
    7,
    18,
    83,
    87,
    89
  ],
  "distribution": {
    "A": 0.31483005318115603,
    "B": 0.21637932019260017,
    "C": 0.19095407985333004,
    "D": 0.2778365467729137
  }
}