{
  "question_id": "gpqa_gpqa_diamond_0004",
  "method": "next_sentence_attn_oracle",
  "prefix_length": 119,
  "keep_m": 15,
  "kl_to_baseline": 0.001746314541985417,
  "token_kl": 0.3481859685807585,
  "selected_indices": [
    0,
    1,
    33,
    35,
    37,
    61,
    62,
    64,
    65,
    71,
    99,
    108,
    110,
    111,
    112
  ],
  "distribution": {
    "A": 0.00042942505179855485,
    "B": 0.0024711705522238634,
    "C": 0.996941427747897,
    "D": 0.00015797664808067007
  }
}