{
  "question_id": "gpqa_gpqa_diamond_0031",
  "method": "next_sentence_attn_oracle",
  "prefix_length": 210,
  "keep_m": 3,
  "kl_to_baseline": 1.8226104649698518,
  "token_kl": 0.6152181590776651,
  "selected_indices": [
    23,
    200,
    204
  ],
  "distribution": {
    "A": 0.14759165251974254,
    "B": 0.0615253543570685,
    "C": 0.5151454849524387,
    "D": 0.2757375081707503
  }
}