{
  "question_id": "gpqa_gpqa_diamond_0031",
  "method": "next_sentence_attn_oracle",
  "prefix_length": 81,
  "keep_m": 10,
  "kl_to_baseline": 1.74149303225361,
  "token_kl": 0.1499213038898374,
  "selected_indices": [
    0,
    16,
    33,
    41,
    42,
    49,
    67,
    68,
    72,
    73
  ],
  "distribution": {
    "A": 0.1583979248331149,
    "B": 0.05827134007032244,
    "C": 0.5528631143710413,
    "D": 0.23046762072552138
  }
}