{
  "question_id": "gpqa_gpqa_diamond_0001",
  "method": "next_sentence_attn_oracle",
  "prefix_length": 16,
  "keep_m": 5,
  "kl_to_baseline": 0.1599821399632745,
  "token_kl": 0.26363229004500444,
  "selected_indices": [
    4,
    7,
    8,
    9,
    10
  ],
  "distribution": {
    "A": 0.2641970714423969,
    "B": 0.09719267100136059,
    "C": 0.2993745028097379,
    "D": 0.3392357547465047
  }
}