{
  "question_id": "gpqa_gpqa_diamond_0009",
  "method": "next_sentence_attn_oracle",
  "prefix_length": 84,
  "keep_m": 10,
  "kl_to_baseline": 2.3552094767130205,
  "token_kl": 0.08400332581227704,
  "selected_indices": [
    0,
    20,
    23,
    26,
    66,
    69,
    73,
    74,
    75,
    76
  ],
  "distribution": {
    "A": 0.7445456172088634,
    "B": 0.1293826356929356,
    "C": 0.04759721171600546,
    "D": 0.07847453538219554
  }
}