{
  "question_id": "gpqa_gpqa_diamond_0031",
  "method": "next_sentence_attn_oracle",
  "prefix_length": 100,
  "keep_m": 3,
  "kl_to_baseline": 1.6096369458063629,
  "token_kl": 0.16223523784535163,
  "selected_indices": [
    92,
    93,
    94
  ],
  "distribution": {
    "A": 0.16120812385581337,
    "B": 0.05930516158609904,
    "C": 0.4382091136772326,
    "D": 0.341277600880855
  }
}