{
  "question_id": "gpqa_gpqa_diamond_0001",
  "method": "next_sentence_attn_oracle",
  "prefix_length": 311,
  "keep_m": 3,
  "kl_to_baseline": 0.849291200756817,
  "token_kl": 0.543683996870642,
  "selected_indices": [
    35,
    37,
    164
  ],
  "distribution": {
    "A": 0.040141437655071735,
    "B": 0.5541354870738728,
    "C": 0.10911574054600316,
    "D": 0.29660733472505224
  }
}