{
  "question_id": "gpqa_gpqa_diamond_0009",
  "method": "next_sentence_attn_oracle",
  "prefix_length": 119,
  "keep_m": 5,
  "kl_to_baseline": 0.40438700282683293,
  "token_kl": 0.15522211431455238,
  "selected_indices": [
    0,
    41,
    42,
    110,
    111
  ],
  "distribution": {
    "A": 0.26345049529801706,
    "B": 0.05878375120702971,
    "C": 0.045780831471909374,
    "D": 0.6319849220230439
  }
}