{
  "question_id": "gpqa_gpqa_diamond_0002",
  "method": "next_sentence_attn_oracle",
  "prefix_length": 47,
  "keep_m": 15,
  "kl_to_baseline": 0.5423046164034591,
  "token_kl": 0.05502532310088221,
  "selected_indices": [
    0,
    1,
    15,
    26,
    27,
    29,
    31,
    33,
    35,
    36,
    37,
    38,
    39,
    40,
    41
  ],
  "distribution": {
    "A": 0.2850848988430959,
    "B": 0.19593579452006862,
    "C": 0.19593579452006862,
    "D": 0.32304351211676674
  }
}