{
  "question_id": "gpqa_gpqa_diamond_0031",
  "method": "next_sentence_attn_oracle",
  "prefix_length": 165,
  "keep_m": 15,
  "kl_to_baseline": 1.1587104568670155,
  "token_kl": 0.01316017739212117,
  "selected_indices": [
    0,
    42,
    43,
    80,
    81,
    82,
    83,
    84,
    85,
    94,
    97,
    155,
    157,
    158,
    159
  ],
  "distribution": {
    "A": 0.2619362423010542,
    "B": 0.07504598094460647,
    "C": 0.4318598542490108,
    "D": 0.23115792250532846
  }
}