{
  "question_id": "gpqa_gpqa_diamond_0011",
  "method": "next_sentence_attn_oracle",
  "prefix_length": 81,
  "keep_m": 15,
  "kl_to_baseline": 0.005197954052568052,
  "token_kl": 0.0745155345486832,
  "selected_indices": [
    0,
    10,
    22,
    25,
    26,
    28,
    67,
    68,
    69,
    70,
    71,
    72,
    73,
    74,
    75
  ],
  "distribution": {
    "A": 0.07045892739588938,
    "B": 0.7575048575100033,
    "C": 0.14916155046760907,
    "D": 0.02287466462649831
  }
}