{
  "question_id": "gpqa_gpqa_diamond_0031",
  "method": "next_sentence_attn_oracle",
  "prefix_length": 284,
  "keep_m": 15,
  "kl_to_baseline": 1.8981286696462807,
  "token_kl": 0.10841060504369061,
  "selected_indices": [
    0,
    1,
    2,
    129,
    130,
    131,
    132,
    133,
    134,
    135,
    148,
    191,
    192,
    207,
    256
  ],
  "distribution": {
    "A": 0.1333637571376697,
    "B": 0.04906178444832989,
    "C": 0.5976948214923352,
    "D": 0.21987963692166526
  }
}