{
  "question_id": "gpqa_gpqa_diamond_0003",
  "method": "next_sentence_attn_oracle",
  "prefix_length": 29,
  "keep_m": 20,
  "kl_to_baseline": 7.606863938393602e-05,
  "token_kl": 0.013275409365819293,
  "selected_indices": [
    0,
    1,
    2,
    3,
    4,
    5,
    6,
    7,
    8,
    9,
    10,
    14,
    16,
    17,
    18,
    19,
    20,
    21,
    22,
    23
  ],
  "distribution": {
    "A": 0.01797268339830419,
    "B": 0.00042267700051183216,
    "C": 0.981275458422199,
    "D": 0.00032918117898488746
  }
}