{
  "question_id": "gpqa_gpqa_diamond_0001",
  "method": "next_sentence_attn_oracle",
  "prefix_length": 363,
  "keep_m": 10,
  "kl_to_baseline": 0.09316455561971775,
  "token_kl": 0.23349514520702552,
  "selected_indices": [
    0,
    303,
    329,
    332,
    333,
    350,
    351,
    355,
    356,
    357
  ],
  "distribution": {
    "A": 0.2913322218000714,
    "B": 0.12144533837700493,
    "C": 0.25709978336165135,
    "D": 0.3301226564612724
  }
}