{
  "question_id": "gpqa_gpqa_diamond_0023",
  "method": "next_sentence_attn_oracle",
  "prefix_length": 339,
  "keep_m": 3,
  "kl_to_baseline": 0.10958278189389187,
  "token_kl": 0.6307693104748976,
  "selected_indices": [
    0,
    14,
    332
  ],
  "distribution": {
    "A": 0.3435930871752334,
    "B": 0.23614784508222983,
    "C": 0.3435930871752334,
    "D": 0.07666598056730324
  }
}