{
  "question_id": "gpqa_gpqa_diamond_0031",
  "method": "next_sentence_attn_oracle",
  "prefix_length": 101,
  "keep_m": 3,
  "kl_to_baseline": 1.419404007394951,
  "token_kl": 0.11349454613360924,
  "selected_indices": [
    0,
    92,
    94
  ],
  "distribution": {
    "A": 0.16917095464944476,
    "B": 0.0549217612851252,
    "C": 0.4598543319266549,
    "D": 0.31605295213877505
  }
}