{
  "question_id": "gpqa_gpqa_diamond_0023",
  "method": "next_sentence_attn_oracle",
  "prefix_length": 307,
  "keep_m": 20,
  "kl_to_baseline": 0.08485402024286463,
  "token_kl": 0.16588031660053418,
  "selected_indices": [
    0,
    255,
    257,
    258,
    260,
    269,
    270,
    272,
    278,
    290,
    291,
    292,
    293,
    295,
    296,
    297,
    298,
    299,
    300,
    301
  ],
  "distribution": {
    "A": 0.5279257047133327,
    "B": 0.1512532377707703,
    "C": 0.28257825001377634,
    "D": 0.03824280750212077
  }
}