{
  "question_id": "gpqa_gpqa_diamond_0031",
  "method": "next_sentence_attn_oracle",
  "prefix_length": 115,
  "keep_m": 10,
  "kl_to_baseline": 0.06387465663908434,
  "token_kl": 0.010644211337731262,
  "selected_indices": [
    0,
    56,
    57,
    59,
    63,
    64,
    65,
    107,
    108,
    109
  ],
  "distribution": {
    "A": 0.8971689136307609,
    "B": 0.012797427430608452,
    "C": 0.05061480734406478,
    "D": 0.03941885159456594
  }
}