{
  "question_id": "gpqa_gpqa_diamond_0023",
  "method": "next_sentence_attn_oracle",
  "prefix_length": 307,
  "keep_m": 10,
  "kl_to_baseline": 0.05395867894496668,
  "token_kl": 0.23222585086054146,
  "selected_indices": [
    0,
    270,
    272,
    290,
    291,
    295,
    297,
    299,
    300,
    301
  ],
  "distribution": {
    "A": 0.3907615691375885,
    "B": 0.23700885819253617,
    "C": 0.3043253978993571,
    "D": 0.06790417477051819
  }
}