{
  "question_id": "gpqa_gpqa_diamond_0031",
  "method": "next_sentence_attn_oracle",
  "prefix_length": 97,
  "keep_m": 15,
  "kl_to_baseline": 1.3737619770219516,
  "token_kl": 0.2569539168708995,
  "selected_indices": [
    0,
    13,
    16,
    33,
    49,
    51,
    67,
    68,
    71,
    73,
    78,
    81,
    82,
    90,
    91
  ],
  "distribution": {
    "A": 0.1842939872120904,
    "B": 0.04659681723595006,
    "C": 0.5009630263926114,
    "D": 0.26814616915934814
  }
}