{
  "question_id": "gpqa_gpqa_diamond_0009",
  "method": "next_sentence_attn_oracle",
  "prefix_length": 76,
  "keep_m": 10,
  "kl_to_baseline": 2.6961719160475988,
  "token_kl": 0.1591869261152153,
  "selected_indices": [
    0,
    26,
    28,
    29,
    65,
    66,
    67,
    68,
    69,
    70
  ],
  "distribution": {
    "A": 0.8213019641801877,
    "B": 0.09809054165696712,
    "C": 0.028103410711335382,
    "D": 0.05250408345150974
  }
}