{
  "question_id": "gpqa_gpqa_diamond_0001",
  "method": "next_sentence_attn_oracle",
  "prefix_length": 294,
  "keep_m": 15,
  "kl_to_baseline": 0.1218853117839962,
  "token_kl": 0.4047241822065469,
  "selected_indices": [
    128,
    253,
    254,
    256,
    259,
    265,
    266,
    267,
    274,
    276,
    278,
    280,
    284,
    285,
    286
  ],
  "distribution": {
    "A": 0.22594542506792864,
    "B": 0.17596647397430426,
    "C": 0.17596647397430426,
    "D": 0.4221216269834628
  }
}