{
  "question_id": "gpqa_gpqa_diamond_0020",
  "method": "next_sentence_attn_oracle",
  "prefix_length": 76,
  "keep_m": 3,
  "kl_to_baseline": 0.0037203051134312368,
  "token_kl": 0.5178218539791005,
  "selected_indices": [
    62,
    63,
    66
  ],
  "distribution": {
    "A": 0.002470616441364774,
    "B": 0.9967177135834673,
    "C": 0.0002604009329407695,
    "D": 0.0005512690422270658
  }
}