{
  "question_id": "gpqa_gpqa_diamond_0002",
  "method": "next_sentence_attn_oracle",
  "prefix_length": 88,
  "keep_m": 5,
  "kl_to_baseline": 0.00048352546366424,
  "token_kl": 0.5370844943411491,
  "selected_indices": [
    15,
    57,
    59,
    81,
    82
  ],
  "distribution": {
    "A": 0.0013238077579122908,
    "B": 0.00048700165819919353,
    "C": 0.0004297774549143501,
    "D": 0.9977594131289741
  }
}