{
  "question_id": "gpqa_gpqa_diamond_0026",
  "method": "next_sentence_attn_oracle",
  "prefix_length": 90,
  "keep_m": 10,
  "kl_to_baseline": 0.021318268772371734,
  "token_kl": 0.4712281302883007,
  "selected_indices": [
    0,
    26,
    30,
    40,
    43,
    51,
    54,
    55,
    72,
    84
  ],
  "distribution": {
    "A": 0.009424494748533834,
    "B": 0.9613245813477257,
    "C": 0.015538364957509388,
    "D": 0.013712558946231053
  }
}