{
  "question_id": "gpqa_gpqa_diamond_0023",
  "method": "next_sentence_attn_oracle",
  "prefix_length": 180,
  "keep_m": 5,
  "kl_to_baseline": 0.08598374528834155,
  "token_kl": 0.21510259885822988,
  "selected_indices": [
    0,
    105,
    166,
    173,
    174
  ],
  "distribution": {
    "A": 0.3405309327033026,
    "B": 0.2065424512650925,
    "C": 0.38587209961415087,
    "D": 0.06705451641745398
  }
}