{
  "question_id": "gpqa_gpqa_diamond_0023",
  "method": "next_sentence_attn_oracle",
  "prefix_length": 95,
  "keep_m": 20,
  "kl_to_baseline": 0.03425383075061754,
  "token_kl": 0.08900494039297713,
  "selected_indices": [
    0,
    2,
    8,
    9,
    10,
    12,
    14,
    68,
    69,
    73,
    76,
    80,
    81,
    82,
    84,
    85,
    86,
    87,
    88,
    89
  ],
  "distribution": {
    "A": 0.5072759829068381,
    "B": 0.2114640781647034,
    "C": 0.23962019305153612,
    "D": 0.04163974587692238
  }
}