{
  "question_id": "gpqa_gpqa_diamond_0020",
  "method": "next_sentence_attn_oracle",
  "prefix_length": 46,
  "keep_m": 10,
  "kl_to_baseline": 0.21036473996814387,
  "token_kl": 0.019665176298106865,
  "selected_indices": [
    0,
    15,
    29,
    31,
    32,
    36,
    37,
    38,
    39,
    40
  ],
  "distribution": {
    "A": 0.3815746693525033,
    "B": 0.3815746693525033,
    "C": 0.0964771851684167,
    "D": 0.1403734761265768
  }
}