{
  "question_id": "gpqa_gpqa_diamond_0023",
  "method": "next_sentence_attn_oracle",
  "prefix_length": 373,
  "keep_m": 15,
  "kl_to_baseline": 0.004824917007045489,
  "token_kl": 0.46968803846408613,
  "selected_indices": [
    0,
    56,
    290,
    328,
    337,
    339,
    350,
    351,
    352,
    355,
    356,
    357,
    358,
    363,
    367
  ],
  "distribution": {
    "A": 0.0021664116089013486,
    "B": 0.006673017539429554,
    "C": 0.9903635925596391,
    "D": 0.0007969782920299533
  }
}