{
  "question_id": "gpqa_gpqa_diamond_0031",
  "method": "next_sentence_attn_oracle",
  "prefix_length": 69,
  "keep_m": 3,
  "kl_to_baseline": 0.890022346908601,
  "token_kl": 0.3204867966343942,
  "selected_indices": [
    12,
    14,
    15
  ],
  "distribution": {
    "A": 0.32850485463396734,
    "B": 0.018532973497395265,
    "C": 0.03923430520186803,
    "D": 0.6137278666667694
  }
}