{
  "question_id": "gpqa_gpqa_diamond_0026",
  "method": "next_sentence_attn_oracle",
  "prefix_length": 94,
  "keep_m": 15,
  "kl_to_baseline": 0.008161731270836579,
  "token_kl": 0.06927951284568167,
  "selected_indices": [
    0,
    29,
    31,
    32,
    39,
    58,
    62,
    75,
    77,
    78,
    79,
    82,
    86,
    87,
    88
  ],
  "distribution": {
    "A": 0.009617496378623384,
    "B": 0.98101111800483,
    "C": 0.005833306423310303,
    "D": 0.0035380791932363405
  }
}