{
  "question_id": "gpqa_gpqa_diamond_0002",
  "method": "next_sentence_attn_oracle",
  "prefix_length": 76,
  "keep_m": 10,
  "kl_to_baseline": 0.009388347933647456,
  "token_kl": 0.060234717278228544,
  "selected_indices": [
    43,
    48,
    51,
    55,
    56,
    57,
    58,
    59,
    62,
    69
  ],
  "distribution": {
    "A": 0.012360922442371232,
    "B": 0.0035414635733561346,
    "C": 0.0021480062374959565,
    "D": 0.9819496077467768
  }
}