{
  "question_id": "gpqa_gpqa_diamond_0023",
  "method": "next_sentence_attn_oracle",
  "prefix_length": 283,
  "keep_m": 10,
  "kl_to_baseline": 0.02015000343321711,
  "token_kl": 0.10970165183226156,
  "selected_indices": [
    0,
    2,
    72,
    76,
    80,
    84,
    104,
    132,
    133,
    162
  ],
  "distribution": {
    "A": 0.5228250377800101,
    "B": 0.24696506078283417,
    "C": 0.19233658272894835,
    "D": 0.037873318708207274
  }
}