{
  "question_id": "gpqa_gpqa_diamond_0031",
  "method": "next_sentence_attn_oracle",
  "prefix_length": 178,
  "keep_m": 5,
  "kl_to_baseline": 1.2197182044918646,
  "token_kl": 0.5827667904691063,
  "selected_indices": [
    92,
    94,
    97,
    161,
    163
  ],
  "distribution": {
    "A": 0.19929684435171235,
    "B": 0.08307928505200815,
    "C": 0.5417450227610091,
    "D": 0.17587884783527039
  }
}