{
  "question_id": "gpqa_gpqa_diamond_0023",
  "method": "next_sentence_attn_oracle",
  "prefix_length": 20,
  "keep_m": 5,
  "kl_to_baseline": 0.007583528281368143,
  "token_kl": 0.055736116009731405,
  "selected_indices": [
    0,
    5,
    7,
    13,
    14
  ],
  "distribution": {
    "A": 0.5013466531406594,
    "B": 0.20899239084419274,
    "C": 0.23681940438783455,
    "D": 0.052841551627313285
  }
}