{
  "question_id": "gpqa_gpqa_diamond_0023",
  "method": "next_sentence_attn_oracle",
  "prefix_length": 367,
  "keep_m": 20,
  "kl_to_baseline": 0.0033858364155855887,
  "token_kl": 0.23932527510286586,
  "selected_indices": [
    0,
    290,
    301,
    328,
    332,
    337,
    338,
    339,
    346,
    349,
    350,
    351,
    352,
    355,
    356,
    357,
    358,
    359,
    360,
    361
  ],
  "distribution": {
    "A": 0.0024609115723896392,
    "B": 0.0045975880967151165,
    "C": 0.9928026651341191,
    "D": 0.00013883519677615884
  }
}