{
  "question_id": "gpqa_gpqa_diamond_0002",
  "method": "next_sentence_attn_oracle",
  "prefix_length": 48,
  "keep_m": 10,
  "kl_to_baseline": 0.5516119592023108,
  "token_kl": 0.06360318337705473,
  "selected_indices": [
    31,
    34,
    35,
    36,
    37,
    38,
    39,
    40,
    41,
    42
  ],
  "distribution": {
    "A": 0.19095407985333004,
    "B": 0.31483005318115603,
    "C": 0.2778365467729137,
    "D": 0.21637932019260017
  }
}