{
  "question_id": "gpqa_gpqa_diamond_0002",
  "method": "next_sentence_attn_oracle",
  "prefix_length": 52,
  "keep_m": 10,
  "kl_to_baseline": 0.2820189739560368,
  "token_kl": 0.16261863985776928,
  "selected_indices": [
    15,
    26,
    31,
    36,
    37,
    40,
    41,
    43,
    45,
    46
  ],
  "distribution": {
    "A": 0.36385828438381157,
    "B": 0.194759305077748,
    "C": 0.2206912052692202,
    "D": 0.2206912052692202
  }
}