{
  "question_id": "gpqa_gpqa_diamond_0023",
  "method": "next_sentence_attn_oracle",
  "prefix_length": 33,
  "keep_m": 10,
  "kl_to_baseline": 0.06307724733251177,
  "token_kl": 0.26802007941210965,
  "selected_indices": [
    14,
    15,
    16,
    17,
    18,
    19,
    22,
    23,
    24,
    25
  ],
  "distribution": {
    "A": 0.21096603549127071,
    "B": 0.3941364664544326,
    "C": 0.30695377041583766,
    "D": 0.087943727638459
  }
}