{
  "question_id": "gpqa_gpqa_diamond_0001",
  "method": "next_sentence_attn_oracle",
  "prefix_length": 217,
  "keep_m": 3,
  "kl_to_baseline": 1.3660553104956135,
  "token_kl": 1.311039572509084,
  "selected_indices": [
    69,
    182,
    186
  ],
  "distribution": {
    "A": 0.06371941355690752,
    "B": 0.8796194632904745,
    "C": 0.026562203428062602,
    "D": 0.030098919724555483
  }
}