{
  "question_id": "gpqa_gpqa_diamond_0009",
  "method": "next_sentence_attn_oracle",
  "prefix_length": 48,
  "keep_m": 15,
  "kl_to_baseline": 0.3019003960344292,
  "token_kl": 0.034617196892883915,
  "selected_indices": [
    0,
    21,
    22,
    24,
    25,
    26,
    27,
    35,
    36,
    37,
    38,
    39,
    40,
    41,
    42
  ],
  "distribution": {
    "A": 0.3699093028042765,
    "B": 0.056727428867180414,
    "C": 0.1542011390648596,
    "D": 0.4191621292636835
  }
}