{
  "question_id": "gpqa_gpqa_diamond_0002",
  "method": "next_sentence_attn_oracle",
  "prefix_length": 99,
  "keep_m": 3,
  "kl_to_baseline": 1.8666551491794903,
  "token_kl": 0.1759786618409781,
  "selected_indices": [
    10,
    25,
    63
  ],
  "distribution": {
    "A": 0.2237557445209824,
    "B": 0.2535484757687672,
    "C": 0.3689108554330873,
    "D": 0.153784924277163
  }
}