{
  "question_id": "gpqa_gpqa_diamond_0002",
  "method": "next_sentence_attn_oracle",
  "prefix_length": 65,
  "keep_m": 3,
  "kl_to_baseline": 1.532971227648917,
  "token_kl": 0.6491614317432319,
  "selected_indices": [
    12,
    13,
    14
  ],
  "distribution": {
    "A": 0.35466124439244334,
    "B": 0.21511291853585218,
    "C": 0.21511291853585218,
    "D": 0.21511291853585218
  }
}