{
  "question_id": "gpqa_gpqa_diamond_0023",
  "method": "next_sentence_attn_oracle",
  "prefix_length": 332,
  "keep_m": 15,
  "kl_to_baseline": 0.2823192164357914,
  "token_kl": 0.37761134360270915,
  "selected_indices": [
    56,
    116,
    169,
    223,
    234,
    244,
    252,
    290,
    292,
    301,
    309,
    310,
    321,
    323,
    325
  ],
  "distribution": {
    "A": 0.4065060801491625,
    "B": 0.13197321764902925,
    "C": 0.4065060801491625,
    "D": 0.055014622052645706
  }
}