{
  "question_id": "gpqa_gpqa_diamond_0023",
  "method": "next_sentence_attn_oracle",
  "prefix_length": 315,
  "keep_m": 20,
  "kl_to_baseline": 0.1948775615758992,
  "token_kl": 0.13248396562684736,
  "selected_indices": [
    0,
    56,
    99,
    223,
    270,
    272,
    287,
    288,
    290,
    292,
    294,
    297,
    299,
    300,
    301,
    305,
    306,
    307,
    308,
    309
  ],
  "distribution": {
    "A": 0.387932840448484,
    "B": 0.18324649853768044,
    "C": 0.387932840448484,
    "D": 0.04088782056535165
  }
}