{
  "question_id": "gpqa_gpqa_diamond_0009",
  "method": "next_sentence_attn_oracle",
  "prefix_length": 37,
  "keep_m": 3,
  "kl_to_baseline": 0.34285573490049703,
  "token_kl": 0.08228821206723239,
  "selected_indices": [
    0,
    21,
    25
  ],
  "distribution": {
    "A": 0.5681516046072713,
    "B": 0.059882731420607044,
    "C": 0.06785602447467712,
    "D": 0.3041096394974446
  }
}