{
  "question_id": "gpqa_gpqa_diamond_0001",
  "method": "next_sentence_attn_oracle",
  "prefix_length": 246,
  "keep_m": 20,
  "kl_to_baseline": 0.02499313068818003,
  "token_kl": 0.4806750221694121,
  "selected_indices": [
    0,
    1,
    2,
    52,
    68,
    69,
    84,
    99,
    131,
    181,
    182,
    214,
    216,
    217,
    218,
    219,
    232,
    233,
    238,
    240
  ],
  "distribution": {
    "A": 0.4209626922472216,
    "B": 0.19884869576939673,
    "C": 0.15486351997793374,
    "D": 0.2253250920054479
  }
}