{
  "question_id": "gpqa_gpqa_diamond_0001",
  "method": "next_sentence_attn_oracle",
  "prefix_length": 337,
  "keep_m": 15,
  "kl_to_baseline": 0.1490523823182472,
  "token_kl": 0.16069349966687002,
  "selected_indices": [
    0,
    233,
    240,
    241,
    303,
    304,
    318,
    319,
    322,
    324,
    325,
    326,
    327,
    328,
    330
  ],
  "distribution": {
    "A": 0.22887097684011834,
    "B": 0.08419692706030485,
    "C": 0.2593447933582735,
    "D": 0.4275873027413034
  }
}