{
  "question_id": "gpqa_gpqa_diamond_0002",
  "method": "next_sentence_attn_oracle",
  "prefix_length": 53,
  "keep_m": 20,
  "kl_to_baseline": 0.3608597423176728,
  "token_kl": 0.027295519747706467,
  "selected_indices": [
    0,
    14,
    15,
    26,
    27,
    30,
    31,
    32,
    35,
    36,
    37,
    38,
    40,
    41,
    42,
    43,
    44,
    45,
    46,
    47
  ],
  "distribution": {
    "A": 0.32479161563275305,
    "B": 0.19699607289886575,
    "C": 0.1534206958356282,
    "D": 0.32479161563275305
  }
}