{
  "question_id": "gpqa_gpqa_diamond_0011",
  "method": "next_sentence_attn_oracle",
  "prefix_length": 87,
  "keep_m": 5,
  "kl_to_baseline": 0.10615819998201304,
  "token_kl": 0.20888762778395678,
  "selected_indices": [
    0,
    18,
    75,
    77,
    78
  ],
  "distribution": {
    "A": 0.07764340314151459,
    "B": 0.5737114615245396,
    "C": 0.3070856164533428,
    "D": 0.04155951888060295
  }
}