{
  "question_id": "gpqa_gpqa_diamond_0011",
  "method": "next_sentence_attn_oracle",
  "prefix_length": 118,
  "keep_m": 3,
  "kl_to_baseline": 0.6225472871146268,
  "token_kl": 0.1844107964049979,
  "selected_indices": [
    0,
    86,
    112
  ],
  "distribution": {
    "A": 0.11971844514635319,
    "B": 0.5365409110909352,
    "C": 0.28718965452941453,
    "D": 0.056550989233297114
  }
}