{
  "question_id": "gpqa_gpqa_diamond_0001",
  "method": "next_sentence_attn_oracle",
  "prefix_length": 285,
  "keep_m": 10,
  "kl_to_baseline": 0.09116151480951176,
  "token_kl": 0.2999010044436248,
  "selected_indices": [
    253,
    254,
    255,
    259,
    266,
    274,
    275,
    276,
    277,
    278
  ],
  "distribution": {
    "A": 0.2719207420321636,
    "B": 0.14554870217483604,
    "C": 0.1868882106795917,
    "D": 0.3956423451134087
  }
}