{
  "question_id": "gpqa_gpqa_diamond_0031",
  "method": "next_sentence_attn_oracle",
  "prefix_length": 244,
  "keep_m": 10,
  "kl_to_baseline": 0.04308108778132549,
  "token_kl": 0.09353630022308454,
  "selected_indices": [
    0,
    6,
    22,
    40,
    197,
    210,
    211,
    212,
    213,
    214
  ],
  "distribution": {
    "A": 0.8582584325587329,
    "B": 0.022871810123289732,
    "C": 0.07045013490701103,
    "D": 0.048419622410966305
  }
}