{
  "question_id": "gpqa_gpqa_diamond_0001",
  "method": "next_sentence_attn_oracle",
  "prefix_length": 40,
  "keep_m": 3,
  "kl_to_baseline": 0.021381641573698484,
  "token_kl": 0.1524707760982473,
  "selected_indices": [
    25,
    29,
    33
  ],
  "distribution": {
    "A": 0.3089660364819296,
    "B": 0.10030658607378833,
    "C": 0.240622991154595,
    "D": 0.3501043862896871
  }
}