{
  "question_id": "gpqa_gpqa_diamond_0001",
  "method": "next_sentence_attn_oracle",
  "prefix_length": 362,
  "keep_m": 20,
  "kl_to_baseline": 0.21163033956288838,
  "token_kl": 0.07429327234637882,
  "selected_indices": [
    0,
    307,
    310,
    311,
    315,
    316,
    317,
    329,
    331,
    332,
    333,
    336,
    344,
    345,
    350,
    351,
    352,
    354,
    355,
    356
  ],
  "distribution": {
    "A": 0.24279963708046035,
    "B": 0.08932099480578876,
    "C": 0.21426992767217012,
    "D": 0.45360944044158075
  }
}