{
  "question_id": "gpqa_gpqa_diamond_0017",
  "method": "next_sentence_attn_oracle",
  "prefix_length": 122,
  "keep_m": 20,
  "kl_to_baseline": 0.37244178551481305,
  "token_kl": 0.009561305317270825,
  "selected_indices": [
    0,
    76,
    78,
    80,
    81,
    82,
    83,
    85,
    86,
    87,
    88,
    89,
    92,
    96,
    111,
    112,
    113,
    114,
    115,
    116
  ],
  "distribution": {
    "A": 0.6743622598639729,
    "B": 0.11718658921071642,
    "C": 0.13278980228430096,
    "D": 0.07566134864100976
  }
}