{
  "question_id": "gpqa_gpqa_diamond_0023",
  "method": "next_sentence_attn_oracle",
  "prefix_length": 204,
  "keep_m": 15,
  "kl_to_baseline": 0.04016716017946861,
  "token_kl": 0.6772095425002915,
  "selected_indices": [
    0,
    90,
    92,
    93,
    94,
    95,
    99,
    123,
    125,
    126,
    166,
    182,
    183,
    192,
    198
  ],
  "distribution": {
    "A": 0.3331189220919959,
    "B": 0.25943327738114874,
    "C": 0.3331189220919959,
    "D": 0.07432887843485937
  }
}