{
  "question_id": "gpqa_gpqa_diamond_0023",
  "method": "next_sentence_attn_oracle",
  "prefix_length": 284,
  "keep_m": 10,
  "kl_to_baseline": 0.004766496550207416,
  "token_kl": 0.4596845857046545,
  "selected_indices": [
    0,
    75,
    80,
    84,
    132,
    133,
    134,
    157,
    169,
    219
  ],
  "distribution": {
    "A": 0.49159170800462654,
    "B": 0.26313007987464676,
    "C": 0.20492591225601617,
    "D": 0.04035229986471054
  }
}