{
  "question_id": "gpqa_gpqa_diamond_0001",
  "method": "next_sentence_attn_oracle",
  "prefix_length": 174,
  "keep_m": 3,
  "kl_to_baseline": 0.26937515836492554,
  "token_kl": 0.2228453399215212,
  "selected_indices": [
    59,
    61,
    64
  ],
  "distribution": {
    "A": 0.30900926320204486,
    "B": 0.39677577159305577,
    "C": 0.1288142255577722,
    "D": 0.16540073964712715
  }
}