{
  "question_id": "medmcqa_0001",
  "method": "next_sentence_attn_oracle",
  "prefix_length": 23,
  "keep_m": 10,
  "kl_to_baseline": 0.013401381107116491,
  "token_kl": 0.04381961503319096,
  "selected_indices": [
    0,
    1,
    3,
    7,
    8,
    9,
    10,
    13,
    14,
    15
  ],
  "distribution": {
    "A": 0.983952890896077,
    "B": 0.012386139019666904,
    "C": 0.0008972489011771321,
    "D": 0.0027637211830789914
  }
}