{
  "question_id": "medmcqa_0001",
  "method": "next_sentence_attn_oracle",
  "prefix_length": 72,
  "keep_m": 5,
  "kl_to_baseline": 1.3474387633111917,
  "token_kl": 0.23057299328630143,
  "selected_indices": [
    0,
    4,
    56,
    57,
    58
  ],
  "distribution": {
    "A": 0.24371439827931343,
    "B": 0.004463784378744447,
    "C": 0.0011286214380812874,
    "D": 0.7506931959038609
  }
}