{
  "question_id": "medmcqa_0001",
  "method": "next_sentence_attn_oracle",
  "prefix_length": 55,
  "keep_m": 20,
  "kl_to_baseline": 0.01663253921951579,
  "token_kl": 0.13301974447709577,
  "selected_indices": [
    0,
    2,
    9,
    10,
    24,
    28,
    29,
    30,
    31,
    32,
    36,
    37,
    40,
    41,
    44,
    45,
    46,
    47,
    48,
    49
  ],
  "distribution": {
    "A": 0.967238154224931,
    "B": 0.009482468071107905,
    "C": 0.009482468071107905,
    "D": 0.013796909632853219
  }
}