{
  "question_id": "medmcqa_0001",
  "method": "next_sentence_attn_oracle",
  "prefix_length": 28,
  "keep_m": 10,
  "kl_to_baseline": 0.016515022186229068,
  "token_kl": 0.09197045181762534,
  "selected_indices": [
    0,
    1,
    3,
    8,
    9,
    10,
    14,
    15,
    18,
    19
  ],
  "distribution": {
    "A": 0.9768309423114065,
    "B": 0.008451245561305788,
    "C": 0.0024213223927574976,
    "D": 0.012296489734530102
  }
}