{
  "question_id": "medmcqa_0001",
  "method": "next_sentence_attn_oracle",
  "prefix_length": 44,
  "keep_m": 10,
  "kl_to_baseline": 0.08785046901763045,
  "token_kl": 0.07298736436255016,
  "selected_indices": [
    0,
    7,
    8,
    22,
    27,
    28,
    29,
    32,
    37,
    38
  ],
  "distribution": {
    "A": 0.8950614401452045,
    "B": 0.03932625215449708,
    "C": 0.021049825906514125,
    "D": 0.04456248179378431
  }
}