{
  "question_id": "medmcqa_0001",
  "method": "next_sentence_attn_oracle",
  "prefix_length": 84,
  "keep_m": 3,
  "kl_to_baseline": 0.28521173409201084,
  "token_kl": 0.3471327219402875,
  "selected_indices": [
    31,
    48,
    49
  ],
  "distribution": {
    "A": 0.7346261579208293,
    "B": 0.04144477304353594,
    "C": 0.013455144619733921,
    "D": 0.2104739244159008
  }
}