{
  "question_id": "medmcqa_0001",
  "method": "next_sentence_attn_oracle",
  "prefix_length": 53,
  "keep_m": 15,
  "kl_to_baseline": 0.25899256776418184,
  "token_kl": 0.037187134135711154,
  "selected_indices": [
    0,
    22,
    23,
    27,
    28,
    34,
    35,
    36,
    39,
    40,
    41,
    44,
    45,
    46,
    47
  ],
  "distribution": {
    "A": 0.7513337626852853,
    "B": 0.022688311005283218,
    "C": 0.01071719925708166,
    "D": 0.21526072705234992
  }
}