{
  "question_id": "medmcqa_0001",
  "method": "next_sentence_attn_oracle",
  "prefix_length": 58,
  "keep_m": 15,
  "kl_to_baseline": 0.00230599961273714,
  "token_kl": 0.031107384779484597,
  "selected_indices": [
    0,
    4,
    5,
    6,
    7,
    8,
    13,
    26,
    33,
    38,
    42,
    43,
    44,
    50,
    52
  ],
  "distribution": {
    "A": 0.9880779217132221,
    "B": 0.0051849574989554,
    "C": 0.0021614118549617757,
    "D": 0.004575708932860911
  }
}