{
  "question_id": "medmcqa_0001",
  "method": "next_sentence_attn_oracle",
  "prefix_length": 50,
  "keep_m": 5,
  "kl_to_baseline": 0.125552742830053,
  "token_kl": 0.15662408053221274,
  "selected_indices": [
    22,
    32,
    34,
    43,
    44
  ],
  "distribution": {
    "A": 0.8655711998507273,
    "B": 0.03356184159704814,
    "C": 0.02035628592502851,
    "D": 0.08051067262719604
  }
}