{
  "question_id": "medmcqa_0001",
  "method": "next_sentence_attn_oracle",
  "prefix_length": 52,
  "keep_m": 15,
  "kl_to_baseline": 0.3091598255205278,
  "token_kl": 0.07364346895881585,
  "selected_indices": [
    0,
    20,
    22,
    26,
    27,
    32,
    33,
    34,
    35,
    39,
    41,
    43,
    44,
    45,
    46
  ],
  "distribution": {
    "A": 0.7210094303916116,
    "B": 0.02795657200214805,
    "C": 0.016956514017018136,
    "D": 0.23407748358922226
  }
}