{
  "question_id": "medmcqa_0001",
  "method": "next_sentence_attn_oracle",
  "prefix_length": 24,
  "keep_m": 15,
  "kl_to_baseline": 0.0028303881341828914,
  "token_kl": 0.06433926434303928,
  "selected_indices": [
    0,
    1,
    2,
    3,
    4,
    7,
    8,
    9,
    10,
    13,
    14,
    15,
    16,
    17,
    18
  ],
  "distribution": {
    "A": 0.9953062534568683,
    "B": 0.002795609976059214,
    "C": 0.00020251340399415205,
    "D": 0.0016956231630784145
  }
}