{
  "question_id": "medmcqa_0001",
  "method": "next_sentence_attn_oracle",
  "prefix_length": 36,
  "keep_m": 3,
  "kl_to_baseline": 3.9364750815759884,
  "token_kl": 0.48014928457399547,
  "selected_indices": [
    1,
    9,
    29
  ],
  "distribution": {
    "A": 0.017954513286944914,
    "B": 0.0011477936334418014,
    "C": 0.000614369659881061,
    "D": 0.9802833234197322
  }
}