{
  "question_id": "race_high_0001",
  "method": "next_sentence_attn_oracle",
  "prefix_length": 16,
  "keep_m": 10,
  "kl_to_baseline": 1.9495246802274054e-05,
  "token_kl": 0.0006839921183134037,
  "selected_indices": [
    0,
    1,
    2,
    3,
    4,
    6,
    7,
    8,
    9,
    10
  ],
  "distribution": {
    "A": 0.0006262940143292455,
    "B": 4.5368564596593975e-05,
    "C": 1.8912431467651037e-05,
    "D": 0.9993094249896065
  }
}