{
  "question_id": "starfish",
  "method": "next_sentence_attn_oracle",
  "prefix_length": 42,
  "keep_m": 15,
  "kl_to_baseline": 0.07563796404585249,
  "token_kl": 0.08230575418389358,
  "selected_indices": [
    0,
    14,
    15,
    16,
    17,
    20,
    21,
    23,
    24,
    25,
    26,
    29,
    30,
    31,
    33
  ],
  "distribution": {
    "A": 0.3460058095032025,
    "B": 0.16344157146339197,
    "C": 0.30534905516285177,
    "D": 0.18520356387055378
  }
}