{
  "question_id": "starfish",
  "method": "next_sentence_attn_oracle",
  "prefix_length": 24,
  "keep_m": 15,
  "kl_to_baseline": 0.03649355499071788,
  "token_kl": 0.04198492550542141,
  "selected_indices": [
    0,
    3,
    4,
    6,
    7,
    8,
    10,
    11,
    12,
    13,
    14,
    15,
    16,
    17,
    18
  ],
  "distribution": {
    "A": 0.46789016518029825,
    "B": 0.17212717249614196,
    "C": 0.03840676814340383,
    "D": 0.32157589418015603
  }
}