{
  "question_id": "starfish",
  "method": "next_sentence_attn_oracle",
  "prefix_length": 50,
  "keep_m": 3,
  "kl_to_baseline": 0.06161539977672019,
  "token_kl": 0.2868197010341852,
  "selected_indices": [
    40,
    41,
    42
  ],
  "distribution": {
    "A": 0.4777635660314541,
    "B": 0.12079753252543826,
    "C": 0.17575937273157563,
    "D": 0.22567952871153213
  }
}