{
  "question_id": "starfish",
  "method": "next_sentence_attn_oracle",
  "prefix_length": 47,
  "keep_m": 5,
  "kl_to_baseline": 0.09397328611337681,
  "token_kl": 0.1479891586056132,
  "selected_indices": [
    0,
    1,
    32,
    36,
    37
  ],
  "distribution": {
    "A": 0.3689108554330873,
    "B": 0.153784924277163,
    "C": 0.2237557445209824,
    "D": 0.2535484757687672
  }
}