{
  "question_id": "starfish",
  "method": "next_sentence_attn_oracle",
  "prefix_length": 81,
  "keep_m": 15,
  "kl_to_baseline": 0.006550696883238666,
  "token_kl": 0.058249305579356994,
  "selected_indices": [
    0,
    24,
    42,
    55,
    59,
    60,
    64,
    65,
    67,
    70,
    71,
    72,
    73,
    74,
    75
  ],
  "distribution": {
    "A": 0.01965270405067413,
    "B": 0.946920260492146,
    "C": 0.025234571507707717,
    "D": 0.008192463949472175
  }
}