{
  "question_id": "starfish",
  "method": "next_sentence_attn_oracle",
  "prefix_length": 42,
  "keep_m": 20,
  "kl_to_baseline": 0.016350797931590517,
  "token_kl": 0.08758755476373305,
  "selected_indices": [
    0,
    3,
    8,
    10,
    14,
    15,
    16,
    17,
    20,
    21,
    23,
    24,
    25,
    26,
    29,
    30,
    31,
    33,
    35,
    36
  ],
  "distribution": {
    "A": 0.41010460772585217,
    "B": 0.21951317817355975,
    "C": 0.21951317817355975,
    "D": 0.1508690359270284
  }
}