{
  "question_id": "starfish",
  "method": "next_sentence_attn_oracle",
  "prefix_length": 51,
  "keep_m": 15,
  "kl_to_baseline": 0.08047330233819638,
  "token_kl": 0.17444397689324492,
  "selected_indices": [
    0,
    14,
    16,
    18,
    31,
    32,
    33,
    34,
    36,
    38,
    39,
    41,
    42,
    44,
    45
  ],
  "distribution": {
    "A": 0.3183926201545162,
    "B": 0.1704232683777726,
    "C": 0.3607861049959836,
    "D": 0.15039800647172755
  }
}