{
  "question_id": "starfish",
  "method": "next_sentence_attn_oracle",
  "prefix_length": 34,
  "keep_m": 20,
  "kl_to_baseline": 0.0401452528834141,
  "token_kl": 0.021835268736015892,
  "selected_indices": [
    0,
    1,
    2,
    6,
    10,
    14,
    15,
    16,
    17,
    18,
    19,
    20,
    21,
    22,
    23,
    24,
    25,
    26,
    27,
    28
  ],
  "distribution": {
    "A": 0.3017444864199176,
    "B": 0.16151218484885413,
    "C": 0.23499884231131069,
    "D": 0.3017444864199176
  }
}