{
  "question_id": "starfish",
  "method": "next_sentence_attn_oracle",
  "prefix_length": 65,
  "keep_m": 15,
  "kl_to_baseline": 0.10607814139659665,
  "token_kl": 0.10497285873803107,
  "selected_indices": [
    0,
    17,
    18,
    19,
    24,
    41,
    42,
    45,
    52,
    53,
    54,
    55,
    56,
    57,
    59
  ],
  "distribution": {
    "A": 0.41245786912558613,
    "B": 0.19483130178975772,
    "C": 0.22077278823205998,
    "D": 0.1719380408525962
  }
}