{
  "question_id": "starfish",
  "method": "next_sentence_attn_oracle",
  "prefix_length": 37,
  "keep_m": 10,
  "kl_to_baseline": 0.0072625151118002225,
  "token_kl": 0.08355030691703999,
  "selected_indices": [
    0,
    1,
    2,
    14,
    18,
    27,
    28,
    29,
    30,
    31
  ],
  "distribution": {
    "A": 0.4181874540337694,
    "B": 0.1743264666927305,
    "C": 0.25364351237864874,
    "D": 0.15384256689485132
  }
}