{
  "question_id": "starfish",
  "method": "next_sentence_attn_oracle",
  "prefix_length": 94,
  "keep_m": 3,
  "kl_to_baseline": 2.883764840433601,
  "token_kl": 0.781700617108167,
  "selected_indices": [
    74,
    83,
    88
  ],
  "distribution": {
    "A": 0.0026438000308262135,
    "B": 0.053102155797223625,
    "C": 0.9412582262568016,
    "D": 0.0029958179151487515
  }
}