{
  "question_id": "starfish",
  "method": "next_sentence_attn_oracle",
  "prefix_length": 65,
  "keep_m": 5,
  "kl_to_baseline": 0.11851920997754958,
  "token_kl": 0.3027242015475905,
  "selected_indices": [
    41,
    53,
    54,
    55,
    59
  ],
  "distribution": {
    "A": 0.4516954353484711,
    "B": 0.21336581568440918,
    "C": 0.14664405506171765,
    "D": 0.18829469390540213
  }
}