{
  "question_id": "starfish",
  "method": "next_sentence_attn_oracle",
  "prefix_length": 45,
  "keep_m": 10,
  "kl_to_baseline": 0.04937278465416059,
  "token_kl": 0.18606196124183977,
  "selected_indices": [
    0,
    14,
    16,
    17,
    18,
    19,
    35,
    36,
    37,
    38
  ],
  "distribution": {
    "A": 0.4777635342697055,
    "B": 0.17575939247530833,
    "C": 0.22567952715989206,
    "D": 0.12079754609509409
  }
}