{
  "question_id": "starfish",
  "method": "next_sentence_attn_oracle",
  "prefix_length": 53,
  "keep_m": 15,
  "kl_to_baseline": 0.07621469299647624,
  "token_kl": 0.12769879102767187,
  "selected_indices": [
    0,
    4,
    6,
    14,
    17,
    18,
    19,
    24,
    28,
    41,
    42,
    44,
    45,
    46,
    47
  ],
  "distribution": {
    "A": 0.37480846975763354,
    "B": 0.15624341569577824,
    "C": 0.29190112974904,
    "D": 0.1770469847975482
  }
}