{
  "question_id": "starfish",
  "method": "next_sentence_attn_oracle",
  "prefix_length": 73,
  "keep_m": 20,
  "kl_to_baseline": 0.028204723641046564,
  "token_kl": 0.04636053516344275,
  "selected_indices": [
    0,
    1,
    4,
    5,
    6,
    7,
    11,
    12,
    13,
    14,
    54,
    55,
    60,
    61,
    62,
    63,
    64,
    65,
    66,
    67
  ],
  "distribution": {
    "A": 0.303006867405966,
    "B": 0.2674026219476262,
    "C": 0.2674026219476262,
    "D": 0.16218788869878162
  }
}