{
  "question_id": "starfish",
  "method": "next_sentence_attn_oracle",
  "prefix_length": 34,
  "keep_m": 3,
  "kl_to_baseline": 0.054092681861733036,
  "token_kl": 0.2870876323098993,
  "selected_indices": [
    26,
    27,
    28
  ],
  "distribution": {
    "A": 0.3940619385479188,
    "B": 0.1129006356540042,
    "C": 0.186141679478322,
    "D": 0.306895746319755
  }
}