{
  "question_id": "starfish",
  "method": "next_sentence_attn_oracle",
  "prefix_length": 45,
  "keep_m": 15,
  "kl_to_baseline": 0.038928288770081206,
  "token_kl": 0.1701240400720218,
  "selected_indices": [
    0,
    6,
    14,
    16,
    17,
    18,
    19,
    20,
    28,
    34,
    35,
    36,
    37,
    38,
    39
  ],
  "distribution": {
    "A": 0.49077802168116,
    "B": 0.18054714435529118,
    "C": 0.20458671733183115,
    "D": 0.12408811663171761
  }
}