{
  "question_id": "starfish",
  "method": "next_sentence_attn_oracle",
  "prefix_length": 47,
  "keep_m": 20,
  "kl_to_baseline": 0.03424845895667633,
  "token_kl": 0.039945888067318934,
  "selected_indices": [
    0,
    1,
    2,
    3,
    6,
    7,
    14,
    18,
    20,
    28,
    29,
    32,
    33,
    34,
    35,
    36,
    37,
    38,
    39,
    41
  ],
  "distribution": {
    "A": 0.43363430882835424,
    "B": 0.1807656737800818,
    "C": 0.1807656737800818,
    "D": 0.20483434361148226
  }
}