{
  "question_id": "starfish",
  "method": "next_sentence_attn_oracle",
  "prefix_length": 80,
  "keep_m": 5,
  "kl_to_baseline": 1.6253923762310225,
  "token_kl": 0.1744941639979174,
  "selected_indices": [
    0,
    45,
    70,
    71,
    72
  ],
  "distribution": {
    "A": 0.3017444864199176,
    "B": 0.16151218484885413,
    "C": 0.3017444864199176,
    "D": 0.23499884231131069
  }
}