{
  "question_id": "starfish",
  "method": "next_sentence_attn_oracle",
  "prefix_length": 67,
  "keep_m": 20,
  "kl_to_baseline": 0.012495912459032789,
  "token_kl": 0.06352169735599367,
  "selected_indices": [
    0,
    4,
    5,
    6,
    13,
    14,
    17,
    19,
    24,
    41,
    42,
    45,
    53,
    54,
    55,
    56,
    57,
    59,
    60,
    61
  ],
  "distribution": {
    "A": 0.2400083146979626,
    "B": 0.2400083146979626,
    "C": 0.308176776288574,
    "D": 0.21180659431550083
  }
}