{
  "question_id": "starfish",
  "method": "next_sentence_attn_oracle",
  "prefix_length": 50,
  "keep_m": 15,
  "kl_to_baseline": 0.0757639792393113,
  "token_kl": 0.07798821367942492,
  "selected_indices": [
    0,
    15,
    24,
    25,
    30,
    31,
    33,
    34,
    35,
    39,
    40,
    41,
    42,
    43,
    44
  ],
  "distribution": {
    "A": 0.3646364015221237,
    "B": 0.13414221963172487,
    "C": 0.25061068942307574,
    "D": 0.25061068942307574
  }
}