{
  "question_id": "starfish",
  "method": "next_sentence_attn_oracle",
  "prefix_length": 80,
  "keep_m": 15,
  "kl_to_baseline": 0.035863466162766346,
  "token_kl": 0.15361008282994318,
  "selected_indices": [
    0,
    18,
    38,
    45,
    52,
    53,
    55,
    58,
    64,
    65,
    70,
    71,
    72,
    73,
    74
  ],
  "distribution": {
    "A": 0.04467298278968127,
    "B": 0.8972807784384403,
    "C": 0.03942376894110866,
    "D": 0.018622469830769782
  }
}