{
  "question_id": "waffle",
  "method": "next_sentence_attn_oracle",
  "prefix_length": 25,
  "keep_m": 5,
  "kl_to_baseline": 0.06583581291519301,
  "token_kl": 0.048720878640355715,
  "selected_indices": [
    0,
    13,
    14,
    15,
    17
  ],
  "distribution": {
    "A": 0.6032070200404243,
    "B": 0.22190746144316228,
    "C": 0.1187785189705918,
    "D": 0.05610699954582168
  }
}