{
  "question_id": "waffle",
  "method": "next_sentence_attn_oracle",
  "prefix_length": 267,
  "keep_m": 10,
  "kl_to_baseline": 1.6861702162726944,
  "token_kl": 0.41856469740107766,
  "selected_indices": [
    81,
    101,
    147,
    151,
    152,
    217,
    218,
    235,
    236,
    257
  ],
  "distribution": {
    "A": 0.1167774269739456,
    "B": 0.2472178148438282,
    "C": 0.04296001457661401,
    "D": 0.5930447436056122
  }
}