{
  "question_id": "waffle",
  "method": "next_sentence_attn_oracle",
  "prefix_length": 176,
  "keep_m": 10,
  "kl_to_baseline": 0.32810589545814567,
  "token_kl": 0.3174154823843566,
  "selected_indices": [
    0,
    118,
    119,
    135,
    137,
    147,
    148,
    160,
    162,
    170
  ],
  "distribution": {
    "A": 0.010881236782659495,
    "B": 0.007478557380707844,
    "C": 0.9794975632734657,
    "D": 0.0021426425631669763
  }
}