{
  "question_id": "waffle",
  "method": "next_sentence_attn_oracle",
  "prefix_length": 162,
  "keep_m": 5,
  "kl_to_baseline": 0.01766378894464266,
  "token_kl": 0.2715367276873982,
  "selected_indices": [
    127,
    137,
    143,
    144,
    150
  ],
  "distribution": {
    "A": 0.7526151163515538,
    "B": 0.1481987121781152,
    "C": 0.07000411479223412,
    "D": 0.029182056678096858
  }
}