{
  "question_id": "waffle",
  "method": "next_sentence_attn_oracle",
  "prefix_length": 261,
  "keep_m": 20,
  "kl_to_baseline": 0.27678895979884205,
  "token_kl": 0.3682630490143485,
  "selected_indices": [
    0,
    94,
    124,
    125,
    133,
    182,
    183,
    186,
    191,
    197,
    234,
    235,
    241,
    242,
    243,
    249,
    252,
    253,
    254,
    255
  ],
  "distribution": {
    "A": 0.5374779676959279,
    "B": 0.2538865996419509,
    "C": 0.1358957040061796,
    "D": 0.07273972865594155
  }
}