{
  "question_id": "waffle",
  "method": "next_sentence_attn_oracle",
  "prefix_length": 134,
  "keep_m": 10,
  "kl_to_baseline": 0.10783439502215902,
  "token_kl": 0.09535362438523493,
  "selected_indices": [
    0,
    16,
    19,
    63,
    64,
    105,
    106,
    122,
    125,
    126
  ],
  "distribution": {
    "A": 0.6483554854546089,
    "B": 0.18575695111737403,
    "C": 0.1126672995384162,
    "D": 0.05322026388960097
  }
}