{
  "question_id": "waffle",
  "method": "next_sentence_attn_oracle",
  "prefix_length": 230,
  "keep_m": 20,
  "kl_to_baseline": 0.8337503708642301,
  "token_kl": 0.2655375774229941,
  "selected_indices": [
    0,
    103,
    105,
    106,
    131,
    188,
    189,
    198,
    199,
    203,
    204,
    205,
    213,
    215,
    217,
    218,
    219,
    220,
    223,
    224
  ],
  "distribution": {
    "A": 0.6803342885318057,
    "B": 0.19491903713282693,
    "C": 0.08125435317925356,
    "D": 0.04349232115611381
  }
}