{
  "question_id": "waffle",
  "method": "next_sentence_attn_oracle",
  "prefix_length": 55,
  "keep_m": 5,
  "kl_to_baseline": 0.3235544279336985,
  "token_kl": 0.11083142597096934,
  "selected_indices": [
    0,
    28,
    42,
    43,
    49
  ],
  "distribution": {
    "A": 0.7433685862153327,
    "B": 0.1139992614951709,
    "C": 0.08878271412200095,
    "D": 0.05384943816749537
  }
}