{
  "question_id": "waffle",
  "method": "next_sentence_attn_oracle",
  "prefix_length": 289,
  "keep_m": 10,
  "kl_to_baseline": 0.4190263896106692,
  "token_kl": 0.38857786844555603,
  "selected_indices": [
    0,
    105,
    189,
    254,
    256,
    276,
    277,
    278,
    282,
    283
  ],
  "distribution": {
    "A": 0.48148339243320476,
    "B": 0.2577194884419668,
    "C": 0.17712784134165763,
    "D": 0.08366927778317076
  }
}