{
  "question_id": "waffle",
  "method": "next_sentence_attn_oracle",
  "prefix_length": 44,
  "keep_m": 10,
  "kl_to_baseline": 0.015366033326996688,
  "token_kl": 0.09770399531565789,
  "selected_indices": [
    0,
    30,
    31,
    32,
    33,
    34,
    35,
    36,
    37,
    38
  ],
  "distribution": {
    "A": 0.5816750413684504,
    "B": 0.24247823254143214,
    "C": 0.11453862047439718,
    "D": 0.0613081056157203
  }
}