{
  "question_id": "waffle",
  "method": "next_sentence_attn_oracle",
  "prefix_length": 285,
  "keep_m": 10,
  "kl_to_baseline": 0.3583886501009073,
  "token_kl": 0.4099462377934477,
  "selected_indices": [
    0,
    138,
    147,
    211,
    221,
    222,
    269,
    277,
    278,
    279
  ],
  "distribution": {
    "A": 0.638772954688023,
    "B": 0.18301151562267545,
    "C": 0.12578185258275135,
    "D": 0.05243367710655014
  }
}