{
  "question_id": "waffle",
  "method": "next_sentence_attn_oracle",
  "prefix_length": 234,
  "keep_m": 15,
  "kl_to_baseline": 1.5849650477645734,
  "token_kl": 0.6350802488350997,
  "selected_indices": [
    105,
    109,
    169,
    183,
    186,
    187,
    188,
    192,
    198,
    199,
    200,
    204,
    217,
    218,
    223
  ],
  "distribution": {
    "A": 0.7694978507598751,
    "B": 0.15152309731193273,
    "C": 0.02323681956451231,
    "D": 0.05574223236367988
  }
}