{
  "question_id": "waffle",
  "method": "next_sentence_attn_oracle",
  "prefix_length": 169,
  "keep_m": 15,
  "kl_to_baseline": 1.130297837837334,
  "token_kl": 0.4273246656566688,
  "selected_indices": [
    0,
    24,
    58,
    109,
    130,
    134,
    141,
    151,
    152,
    153,
    157,
    158,
    159,
    161,
    163
  ],
  "distribution": {
    "A": 0.16609868304160896,
    "B": 0.310313193127302,
    "C": 0.21327493070378706,
    "D": 0.310313193127302
  }
}