{
  "question_id": "waffle",
  "method": "next_sentence_attn_oracle",
  "prefix_length": 96,
  "keep_m": 5,
  "kl_to_baseline": 0.05819688551856168,
  "token_kl": 0.383666715405005,
  "selected_indices": [
    44,
    76,
    87,
    88,
    90
  ],
  "distribution": {
    "A": 0.6077367252546441,
    "B": 0.17411948701355895,
    "C": 0.17411948701355895,
    "D": 0.04402430071823804
  }
}