{
  "question_id": "waffle",
  "method": "next_sentence_attn_oracle",
  "prefix_length": 294,
  "keep_m": 20,
  "kl_to_baseline": 0.8731727900232573,
  "token_kl": 0.39385842630572143,
  "selected_indices": [
    0,
    6,
    19,
    20,
    48,
    63,
    67,
    70,
    123,
    124,
    133,
    136,
    138,
    226,
    241,
    244,
    251,
    260,
    266,
    274
  ],
  "distribution": {
    "A": 0.08215001396444122,
    "B": 0.02353637306294401,
    "C": 0.8831958175648456,
    "D": 0.01111779540776934
  }
}