{
  "question_id": "waffle",
  "method": "next_sentence_attn_oracle",
  "prefix_length": 260,
  "keep_m": 5,
  "kl_to_baseline": 0.1506977874762189,
  "token_kl": 0.6000774413158122,
  "selected_indices": [
    110,
    123,
    124,
    125,
    154
  ],
  "distribution": {
    "A": 0.6662656397143157,
    "B": 0.11577960759869016,
    "C": 0.11577960759869016,
    "D": 0.10217514508830396
  }
}