{
  "question_id": "waffle",
  "method": "next_sentence_attn_oracle",
  "prefix_length": 193,
  "keep_m": 3,
  "kl_to_baseline": 0.5688410398929533,
  "token_kl": 0.45086563347114794,
  "selected_indices": [
    183,
    186,
    187
  ],
  "distribution": {
    "A": 0.4349598892232299,
    "B": 0.2638165085590996,
    "C": 0.14121080123823607,
    "D": 0.1600128009794343
  }
}