{
  "question_id": "waffle",
  "method": "next_sentence_attn_oracle",
  "prefix_length": 243,
  "keep_m": 3,
  "kl_to_baseline": 0.16828653056627357,
  "token_kl": 0.5511177067447276,
  "selected_indices": [
    0,
    64,
    118
  ],
  "distribution": {
    "A": 0.05515214707892801,
    "B": 0.04867159896804401,
    "C": 0.8627247858006777,
    "D": 0.033451468152350394
  }
}