{
  "question_id": "waffle",
  "method": "next_sentence_attn_oracle",
  "prefix_length": 180,
  "keep_m": 10,
  "kl_to_baseline": 0.6225978302799728,
  "token_kl": 0.17742537251975515,
  "selected_indices": [
    0,
    48,
    73,
    74,
    76,
    110,
    122,
    123,
    148,
    174
  ],
  "distribution": {
    "A": 0.4189648173687437,
    "B": 0.2541150070750471,
    "C": 0.2541150070750471,
    "D": 0.07280516848116214
  }
}