{
  "question_id": "waffle",
  "method": "next_sentence_attn_oracle",
  "prefix_length": 120,
  "keep_m": 5,
  "kl_to_baseline": 0.2649866979620627,
  "token_kl": 1.0049084431550532,
  "selected_indices": [
    106,
    108,
    109,
    113,
    114
  ],
  "distribution": {
    "A": 0.46191544313137645,
    "B": 0.1499619793850961,
    "C": 0.21819339252446648,
    "D": 0.1699291849590609
  }
}