{
  "question_id": "waffle",
  "method": "next_sentence_attn_oracle",
  "prefix_length": 278,
  "keep_m": 3,
  "kl_to_baseline": 0.08070649081738092,
  "token_kl": 0.6449555466101861,
  "selected_indices": [
    0,
    150,
    270
  ],
  "distribution": {
    "A": 0.12297134183708146,
    "B": 0.039922949541775554,
    "C": 0.8018738293084849,
    "D": 0.03523187931265802
  }
}