{
  "question_id": "waffle",
  "method": "next_sentence_attn_oracle",
  "prefix_length": 277,
  "keep_m": 20,
  "kl_to_baseline": 0.012419938804038324,
  "token_kl": 0.22154596755501757,
  "selected_indices": [
    0,
    103,
    230,
    232,
    234,
    242,
    253,
    254,
    256,
    257,
    258,
    259,
    262,
    263,
    264,
    265,
    266,
    267,
    268,
    269
  ],
  "distribution": {
    "A": 0.19718498310631039,
    "B": 0.016185932925961665,
    "C": 0.7798817832778306,
    "D": 0.006747300689897248
  }
}