{
  "question_id": "waffle",
  "method": "next_sentence_attn_oracle",
  "prefix_length": 217,
  "keep_m": 3,
  "kl_to_baseline": 1.1813142528724407,
  "token_kl": 2.1197102220262405,
  "selected_indices": [
    192,
    198,
    199
  ],
  "distribution": {
    "A": 0.6330269103511001,
    "B": 0.1813652463571757,
    "C": 0.11000356940851394,
    "D": 0.0756042738832102
  }
}