{
  "question_id": "waffle",
  "method": "next_sentence_attn_oracle",
  "prefix_length": 120,
  "keep_m": 10,
  "kl_to_baseline": 0.10677944405258934,
  "token_kl": 0.6031830959618683,
  "selected_indices": [
    0,
    28,
    83,
    102,
    103,
    106,
    108,
    109,
    113,
    114
  ],
  "distribution": {
    "A": 0.5485293268972065,
    "B": 0.22866104306326224,
    "C": 0.13868993329973933,
    "D": 0.08411969673979203
  }
}