{
  "question_id": "waffle",
  "method": "next_sentence_attn_oracle",
  "prefix_length": 268,
  "keep_m": 3,
  "kl_to_baseline": 1.448191846172887,
  "token_kl": 0.9474432217465185,
  "selected_indices": [
    218,
    235,
    262
  ],
  "distribution": {
    "A": 0.20123130819468454,
    "B": 0.2583861143552992,
    "C": 0.0576537350762284,
    "D": 0.48272884237378794
  }
}