{
  "question_id": "waffle",
  "method": "next_sentence_attn_oracle",
  "prefix_length": 168,
  "keep_m": 3,
  "kl_to_baseline": 0.11515638863184273,
  "token_kl": 0.6940115359666024,
  "selected_indices": [
    15,
    25,
    132
  ],
  "distribution": {
    "A": 0.6710875353003906,
    "B": 0.11661752393411556,
    "C": 0.13214496684642665,
    "D": 0.08014997391906722
  }
}