{
  "question_id": "waffle",
  "method": "next_sentence_attn_oracle",
  "prefix_length": 285,
  "keep_m": 15,
  "kl_to_baseline": 0.7055065684136437,
  "token_kl": 0.3545571127779446,
  "selected_indices": [
    0,
    121,
    138,
    147,
    161,
    211,
    212,
    221,
    222,
    248,
    267,
    269,
    277,
    278,
    279
  ],
  "distribution": {
    "A": 0.6480969767157815,
    "B": 0.23842156783013538,
    "C": 0.05319904261277783,
    "D": 0.06028241284130537
  }
}