{
  "question_id": "waffle",
  "method": "next_sentence_attn_oracle",
  "prefix_length": 281,
  "keep_m": 15,
  "kl_to_baseline": 0.5993994177187868,
  "token_kl": 0.2312237920615043,
  "selected_indices": [
    0,
    15,
    94,
    124,
    182,
    196,
    197,
    198,
    216,
    217,
    262,
    270,
    271,
    272,
    273
  ],
  "distribution": {
    "A": 0.3900852433273489,
    "B": 0.3037986929679388,
    "C": 0.16261172238022106,
    "D": 0.14350434132449122
  }
}