{
  "question_id": "waffle",
  "method": "next_sentence_attn_oracle",
  "prefix_length": 222,
  "keep_m": 3,
  "kl_to_baseline": 0.5156377972272003,
  "token_kl": 0.3831070413175583,
  "selected_indices": [
    138,
    163,
    207
  ],
  "distribution": {
    "A": 0.325455072595945,
    "B": 0.19739847988844153,
    "C": 0.2534646653922829,
    "D": 0.22368178212333056
  }
}