{
  "question_id": "waffle",
  "method": "next_sentence_attn_oracle",
  "prefix_length": 225,
  "keep_m": 3,
  "kl_to_baseline": 0.36153931547226953,
  "token_kl": 0.8629363528470738,
  "selected_indices": [
    206,
    214,
    219
  ],
  "distribution": {
    "A": 0.5265984501016818,
    "B": 0.24874749455329265,
    "C": 0.13314495514722974,
    "D": 0.09150910019779587
  }
}