{
  "question_id": "waffle",
  "method": "next_sentence_attn_oracle",
  "prefix_length": 56,
  "keep_m": 3,
  "kl_to_baseline": 0.21608650906029542,
  "token_kl": 0.3534235666643191,
  "selected_indices": [
    42,
    49,
    50
  ],
  "distribution": {
    "A": 0.6731278560869272,
    "B": 0.13254671796788345,
    "C": 0.10322748774693229,
    "D": 0.09109793819825703
  }
}