{
  "question_id": "waffle",
  "method": "next_sentence_attn_oracle",
  "prefix_length": 90,
  "keep_m": 15,
  "kl_to_baseline": 0.07412680384084415,
  "token_kl": 0.12845691581235782,
  "selected_indices": [
    0,
    33,
    36,
    44,
    48,
    60,
    61,
    67,
    69,
    70,
    71,
    74,
    76,
    78,
    84
  ],
  "distribution": {
    "A": 0.6560790374510275,
    "B": 0.18796979134913566,
    "C": 0.11400944155303733,
    "D": 0.04194172964679958
  }
}