{
  "question_id": "waffle",
  "method": "next_sentence_attn_oracle",
  "prefix_length": 246,
  "keep_m": 15,
  "kl_to_baseline": 1.5802523647876112,
  "token_kl": 0.2844626166244238,
  "selected_indices": [
    0,
    23,
    24,
    27,
    28,
    29,
    41,
    42,
    94,
    95,
    198,
    215,
    217,
    235,
    240
  ],
  "distribution": {
    "A": 0.6664438215894185,
    "B": 0.2163626374828415,
    "C": 0.0795953566790606,
    "D": 0.03759818424867936
  }
}