{
  "question_id": "waffle",
  "method": "next_sentence_attn_oracle",
  "prefix_length": 85,
  "keep_m": 10,
  "kl_to_baseline": 0.06911094021794209,
  "token_kl": 0.3914384754157662,
  "selected_indices": [
    0,
    24,
    42,
    58,
    64,
    72,
    73,
    74,
    75,
    79
  ],
  "distribution": {
    "A": 0.762993820172604,
    "B": 0.15024239130063505,
    "C": 0.037987225489191125,
    "D": 0.048776563037569824
  }
}