{
  "question_id": "waffle",
  "method": "next_sentence_attn_oracle",
  "prefix_length": 117,
  "keep_m": 5,
  "kl_to_baseline": 0.30087148437677136,
  "token_kl": 0.5174564978714926,
  "selected_indices": [
    0,
    86,
    105,
    106,
    109
  ],
  "distribution": {
    "A": 0.3500288944602904,
    "B": 0.3088994151763165,
    "C": 0.21230325627548366,
    "D": 0.1287684340879094
  }
}