{
  "question_id": "waffle",
  "method": "next_sentence_attn_oracle",
  "prefix_length": 255,
  "keep_m": 20,
  "kl_to_baseline": 0.321774121943148,
  "token_kl": 0.08290937263659008,
  "selected_indices": [
    0,
    104,
    133,
    142,
    169,
    185,
    186,
    187,
    191,
    192,
    198,
    217,
    232,
    234,
    235,
    241,
    244,
    246,
    248,
    249
  ],
  "distribution": {
    "A": 0.37905049459810525,
    "B": 0.2952048044210297,
    "C": 0.2299057328495388,
    "D": 0.09583896813132636
  }
}