{
  "question_id": "waffle",
  "method": "next_sentence_attn_oracle",
  "prefix_length": 200,
  "keep_m": 3,
  "kl_to_baseline": 1.2699088771679112,
  "token_kl": 0.38429198322805624,
  "selected_indices": [
    170,
    171,
    192
  ],
  "distribution": {
    "A": 0.006656242186419495,
    "B": 0.003562829701271266,
    "C": 0.9878738827968367,
    "D": 0.0019070453154723449
  }
}