{
  "question_id": "waffle",
  "method": "next_sentence_attn_oracle",
  "prefix_length": 204,
  "keep_m": 20,
  "kl_to_baseline": 0.16394709384094278,
  "token_kl": 0.5929017908916998,
  "selected_indices": [
    0,
    4,
    14,
    30,
    50,
    84,
    109,
    115,
    153,
    158,
    169,
    170,
    172,
    173,
    174,
    183,
    187,
    188,
    192,
    198
  ],
  "distribution": {
    "A": 0.0010304461401412673,
    "B": 0.0014992902871320075,
    "C": 0.9972403400700888,
    "D": 0.00022992350263795655
  }
}