{
  "question_id": "waffle",
  "method": "next_sentence_attn_oracle",
  "prefix_length": 194,
  "keep_m": 3,
  "kl_to_baseline": 0.3075879708648775,
  "token_kl": 0.3610762505026362,
  "selected_indices": [
    0,
    187,
    188
  ],
  "distribution": {
    "A": 0.3790504805688875,
    "B": 0.29520481109064195,
    "C": 0.22990573804383807,
    "D": 0.09583897029663242
  }
}