{
  "question_id": "waffle",
  "method": "next_sentence_attn_oracle",
  "prefix_length": 221,
  "keep_m": 15,
  "kl_to_baseline": 1.0115226683303906,
  "token_kl": 0.32361359216967794,
  "selected_indices": [
    0,
    53,
    68,
    137,
    138,
    162,
    206,
    207,
    209,
    210,
    211,
    212,
    213,
    214,
    215
  ],
  "distribution": {
    "A": 0.6552348068630349,
    "B": 0.21272360308681335,
    "C": 0.07825664022755259,
    "D": 0.05378494982259921
  }
}