{
  "question_id": "waffle",
  "method": "next_sentence_attn_oracle",
  "prefix_length": 71,
  "keep_m": 15,
  "kl_to_baseline": 0.2626529767784423,
  "token_kl": 0.1895212180832028,
  "selected_indices": [
    0,
    42,
    44,
    52,
    53,
    54,
    55,
    56,
    57,
    58,
    59,
    60,
    63,
    64,
    65
  ],
  "distribution": {
    "A": 0.6767402599537949,
    "B": 0.1711067388908947,
    "C": 0.08082510040064884,
    "D": 0.07132790075466154
  }
}