{
  "question_id": "waffle",
  "method": "next_sentence_attn_oracle",
  "prefix_length": 271,
  "keep_m": 20,
  "kl_to_baseline": 0.5915752739349488,
  "token_kl": 0.2203740775764648,
  "selected_indices": [
    0,
    15,
    46,
    168,
    182,
    183,
    186,
    196,
    197,
    198,
    216,
    217,
    228,
    255,
    260,
    261,
    262,
    263,
    264,
    265
  ],
  "distribution": {
    "A": 0.5837367136607367,
    "B": 0.27573769914029095,
    "C": 0.0790001828964404,
    "D": 0.06152540430253198
  }
}