{
  "question_id": "waffle",
  "method": "next_sentence_attn_oracle",
  "prefix_length": 301,
  "keep_m": 20,
  "kl_to_baseline": 1.3668011492968986,
  "token_kl": 0.3510523945159277,
  "selected_indices": [
    0,
    80,
    93,
    100,
    150,
    177,
    217,
    228,
    266,
    267,
    270,
    272,
    273,
    278,
    279,
    282,
    292,
    293,
    294,
    295
  ],
  "distribution": {
    "A": 0.5046626564265588,
    "B": 0.27012643829827737,
    "C": 0.11260545263758188,
    "D": 0.11260545263758188
  }
}