{
  "question_id": "waffle",
  "method": "next_sentence_attn_oracle",
  "prefix_length": 113,
  "keep_m": 3,
  "kl_to_baseline": 0.3015246755013032,
  "token_kl": 1.1673811366719047,
  "selected_indices": [
    0,
    10,
    11
  ],
  "distribution": {
    "A": 0.25934479996798393,
    "B": 0.42758728815268504,
    "C": 0.22887098267316733,
    "D": 0.08419692920616365
  }
}