{
  "question_id": "waffle",
  "method": "next_sentence_attn_oracle",
  "prefix_length": 111,
  "keep_m": 10,
  "kl_to_baseline": 0.037346355727576566,
  "token_kl": 0.10019623777923521,
  "selected_indices": [
    0,
    2,
    7,
    8,
    9,
    12,
    13,
    81,
    101,
    105
  ],
  "distribution": {
    "A": 0.4784810162750414,
    "B": 0.29021340646127214,
    "C": 0.13708709002728245,
    "D": 0.09421848723640404
  }
}