{
  "question_id": "waffle",
  "method": "next_sentence_attn_oracle",
  "prefix_length": 301,
  "keep_m": 5,
  "kl_to_baseline": 1.0702659227292228,
  "token_kl": 0.693290638405463,
  "selected_indices": [
    100,
    217,
    293,
    294,
    295
  ],
  "distribution": {
    "A": 0.5015219596483348,
    "B": 0.2369021850825312,
    "C": 0.16282033192937825,
    "D": 0.09875552333975575
  }
}