{
  "question_id": "waffle",
  "method": "next_sentence_attn_oracle",
  "prefix_length": 183,
  "keep_m": 3,
  "kl_to_baseline": 0.44048900070903185,
  "token_kl": 1.5602895417234657,
  "selected_indices": [
    172,
    173,
    174
  ],
  "distribution": {
    "A": 0.3179559008971605,
    "B": 0.36029123724508655,
    "C": 0.21852768181494325,
    "D": 0.10322518004280971
  }
}