{
  "question_id": "waffle",
  "method": "next_sentence_attn_oracle",
  "prefix_length": 263,
  "keep_m": 10,
  "kl_to_baseline": 0.27759800466411366,
  "token_kl": 0.7156998113498229,
  "selected_indices": [
    0,
    58,
    103,
    126,
    230,
    253,
    254,
    255,
    256,
    257
  ],
  "distribution": {
    "A": 0.5603370450503408,
    "B": 0.18191479338491295,
    "C": 0.18191479338491295,
    "D": 0.07583336817983337
  }
}