{
  "question_id": "waffle",
  "method": "next_sentence_attn_oracle",
  "prefix_length": 265,
  "keep_m": 20,
  "kl_to_baseline": 0.2731705790626217,
  "token_kl": 0.17204130939863807,
  "selected_indices": [
    0,
    42,
    45,
    47,
    49,
    73,
    75,
    76,
    77,
    79,
    86,
    97,
    147,
    148,
    149,
    180,
    241,
    242,
    258,
    259
  ],
  "distribution": {
    "A": 0.6528112968310466,
    "B": 0.16505654442753417,
    "C": 0.12854615072732753,
    "D": 0.053586008014091725
  }
}