{
  "question_id": "waffle",
  "method": "next_sentence_attn_oracle",
  "prefix_length": 249,
  "keep_m": 15,
  "kl_to_baseline": 0.8476611761370563,
  "token_kl": 1.1121060186456324,
  "selected_indices": [
    55,
    70,
    129,
    130,
    138,
    139,
    164,
    198,
    208,
    217,
    223,
    229,
    240,
    242,
    243
  ],
  "distribution": {
    "A": 0.555363562967974,
    "B": 0.18030016174520375,
    "C": 0.1404179071550656,
    "D": 0.1239183681317567
  }
}