{
  "question_id": "waffle",
  "method": "next_sentence_attn_oracle",
  "prefix_length": 235,
  "keep_m": 5,
  "kl_to_baseline": 1.0299299556808221,
  "token_kl": 0.6614430511749739,
  "selected_indices": [
    183,
    199,
    204,
    218,
    229
  ],
  "distribution": {
    "A": 0.3444545270076966,
    "B": 0.18437322218597277,
    "C": 0.12671772379863416,
    "D": 0.3444545270076966
  }
}