{
  "question_id": "waffle",
  "method": "next_sentence_attn_oracle",
  "prefix_length": 270,
  "keep_m": 20,
  "kl_to_baseline": 0.6468259846092934,
  "token_kl": 0.07161264890598583,
  "selected_indices": [
    0,
    100,
    110,
    150,
    154,
    156,
    195,
    197,
    198,
    214,
    215,
    216,
    217,
    258,
    259,
    260,
    261,
    262,
    263,
    264
  ],
  "distribution": {
    "A": 0.7542432373130525,
    "B": 0.16829441934809605,
    "C": 0.048217158428029906,
    "D": 0.02924518491082154
  }
}