{
  "question_id": "waffle",
  "method": "next_sentence_attn_oracle",
  "prefix_length": 291,
  "keep_m": 20,
  "kl_to_baseline": 0.49727739210820565,
  "token_kl": 0.790198454477108,
  "selected_indices": [
    0,
    108,
    167,
    169,
    183,
    186,
    192,
    198,
    232,
    234,
    256,
    257,
    258,
    262,
    275,
    276,
    277,
    280,
    282,
    283
  ],
  "distribution": {
    "A": 0.3819020577651715,
    "B": 0.2624771898502129,
    "C": 0.2316353070419217,
    "D": 0.12398544534269393
  }
}