{
  "question_id": "waffle",
  "method": "next_sentence_attn_oracle",
  "prefix_length": 88,
  "keep_m": 10,
  "kl_to_baseline": 0.010077771662335647,
  "token_kl": 0.09222590076530944,
  "selected_indices": [
    0,
    31,
    53,
    68,
    69,
    71,
    73,
    74,
    75,
    76
  ],
  "distribution": {
    "A": 0.6346568972183505,
    "B": 0.2334772246842883,
    "C": 0.0858914811821771,
    "D": 0.045974396915184075
  }
}