{
  "question_id": "waffle",
  "method": "next_sentence_attn_oracle",
  "prefix_length": 253,
  "keep_m": 3,
  "kl_to_baseline": 0.9573840186803516,
  "token_kl": 1.2674481110338331,
  "selected_indices": [
    242,
    246,
    247
  ],
  "distribution": {
    "A": 0.5416482522291076,
    "B": 0.17584744152651755,
    "C": 0.17584744152651755,
    "D": 0.10665686471785742
  }
}