{
  "question_id": "waffle",
  "method": "next_sentence_attn_oracle",
  "prefix_length": 58,
  "keep_m": 15,
  "kl_to_baseline": 0.05439275681095506,
  "token_kl": 0.15569673633162504,
  "selected_indices": [
    0,
    14,
    24,
    25,
    28,
    29,
    30,
    42,
    43,
    46,
    47,
    48,
    49,
    50,
    52
  ],
  "distribution": {
    "A": 0.495373744265532,
    "B": 0.2651544422019328,
    "C": 0.14192694551116258,
    "D": 0.09754486802137255
  }
}