{
  "question_id": "waffle",
  "method": "next_sentence_attn_oracle",
  "prefix_length": 187,
  "keep_m": 3,
  "kl_to_baseline": 1.234000955847358,
  "token_kl": 1.1473396735882928,
  "selected_indices": [
    105,
    170,
    173
  ],
  "distribution": {
    "A": 0.7583248312967199,
    "B": 0.10262810277034227,
    "C": 0.048478083119977165,
    "D": 0.0905689828129606
  }
}