{
  "question_id": "waffle",
  "method": "next_sentence_attn_oracle",
  "prefix_length": 144,
  "keep_m": 3,
  "kl_to_baseline": 0.008285676231184883,
  "token_kl": 0.06747174012940614,
  "selected_indices": [
    88,
    137,
    138
  ],
  "distribution": {
    "A": 0.8483893838631832,
    "B": 0.08941958718306434,
    "C": 0.042238822145188724,
    "D": 0.019952206808563626
  }
}