{
  "question_id": "waffle",
  "method": "next_sentence_attn_oracle",
  "prefix_length": 217,
  "keep_m": 15,
  "kl_to_baseline": 1.9878965894953193,
  "token_kl": 0.9676384119726823,
  "selected_indices": [
    28,
    81,
    100,
    130,
    151,
    158,
    169,
    183,
    192,
    198,
    199,
    200,
    203,
    204,
    208
  ],
  "distribution": {
    "A": 0.7561007972377097,
    "B": 0.09030335714043311,
    "C": 0.0376440398413106,
    "D": 0.11595180578054656
  }
}