{
  "question_id": "waffle",
  "method": "next_sentence_attn_oracle",
  "prefix_length": 91,
  "keep_m": 3,
  "kl_to_baseline": 0.07326299899775654,
  "token_kl": 0.529061897373146,
  "selected_indices": [
    79,
    81,
    85
  ],
  "distribution": {
    "A": 0.5941354548043298,
    "B": 0.192887541347301,
    "C": 0.13256952337683067,
    "D": 0.08040748047153849
  }
}