{
  "question_id": "waffle",
  "method": "next_sentence_attn_oracle",
  "prefix_length": 32,
  "keep_m": 5,
  "kl_to_baseline": 0.05413519537917457,
  "token_kl": 0.06539322301134307,
  "selected_indices": [
    0,
    15,
    23,
    25,
    26
  ],
  "distribution": {
    "A": 0.5499882573293965,
    "B": 0.25979605716272514,
    "C": 0.1390588086805215,
    "D": 0.05115687682735677
  }
}