{
  "question_id": "waffle",
  "method": "next_sentence_attn_oracle",
  "prefix_length": 214,
  "keep_m": 15,
  "kl_to_baseline": 1.211020185493415,
  "token_kl": 0.2419991880151795,
  "selected_indices": [
    0,
    80,
    100,
    137,
    150,
    160,
    177,
    195,
    197,
    198,
    204,
    205,
    206,
    207,
    208
  ],
  "distribution": {
    "A": 0.7319365110412012,
    "B": 0.1441268273509783,
    "C": 0.0771455314957945,
    "D": 0.04679113011202599
  }
}