{
  "question_id": "waffle",
  "method": "next_sentence_attn_oracle",
  "prefix_length": 16,
  "keep_m": 5,
  "kl_to_baseline": 0.07116568727929354,
  "token_kl": 0.010382898393916377,
  "selected_indices": [
    0,
    1,
    6,
    7,
    10
  ],
  "distribution": {
    "A": 0.3277078312087088,
    "B": 0.28920114599440094,
    "C": 0.28920114599440094,
    "D": 0.09388987680248942
  }
}