{
  "question_id": "waffle",
  "method": "next_sentence_attn_oracle",
  "prefix_length": 236,
  "keep_m": 20,
  "kl_to_baseline": 1.0659374477586578,
  "token_kl": 0.2716579049833499,
  "selected_indices": [
    0,
    4,
    14,
    109,
    114,
    170,
    171,
    172,
    173,
    199,
    200,
    201,
    202,
    203,
    204,
    212,
    217,
    218,
    229,
    230
  ],
  "distribution": {
    "A": 0.0024670696438014845,
    "B": 0.001695590516215423,
    "C": 0.9952868621952643,
    "D": 0.000550477644718755
  }
}