{
  "question_id": "waffle",
  "method": "next_sentence_attn_oracle",
  "prefix_length": 169,
  "keep_m": 20,
  "kl_to_baseline": 0.32386953757525194,
  "token_kl": 0.37212567189072854,
  "selected_indices": [
    0,
    24,
    30,
    57,
    58,
    105,
    109,
    125,
    130,
    134,
    141,
    147,
    151,
    152,
    153,
    157,
    158,
    159,
    161,
    163
  ],
  "distribution": {
    "A": 0.4638260884196924,
    "B": 0.24826821467190005,
    "C": 0.17063208220857243,
    "D": 0.11727361469983508
  }
}