{
  "question_id": "waffle",
  "method": "next_sentence_attn_oracle",
  "prefix_length": 160,
  "keep_m": 15,
  "kl_to_baseline": 0.18679948066633734,
  "token_kl": 0.4913540959529775,
  "selected_indices": [
    0,
    138,
    141,
    143,
    144,
    145,
    146,
    147,
    148,
    149,
    150,
    151,
    152,
    153,
    154
  ],
  "distribution": {
    "A": 0.48006665874743687,
    "B": 0.25696116554549164,
    "C": 0.15585482525883426,
    "D": 0.10711735044823718
  }
}