{
  "question_id": "waffle",
  "method": "next_sentence_attn_oracle",
  "prefix_length": 272,
  "keep_m": 15,
  "kl_to_baseline": 0.447707496914358,
  "token_kl": 0.31290679046266295,
  "selected_indices": [
    157,
    186,
    192,
    197,
    198,
    199,
    216,
    217,
    218,
    229,
    234,
    235,
    257,
    262,
    266
  ],
  "distribution": {
    "A": 0.42019962288301976,
    "B": 0.13641885248321745,
    "C": 0.15458281166050944,
    "D": 0.2887987129732534
  }
}