{
  "question_id": "waffle",
  "method": "next_sentence_attn_oracle",
  "prefix_length": 70,
  "keep_m": 10,
  "kl_to_baseline": 0.23440814305107507,
  "token_kl": 0.0965592179035693,
  "selected_indices": [
    0,
    28,
    41,
    42,
    50,
    54,
    55,
    56,
    57,
    64
  ],
  "distribution": {
    "A": 0.5486065893965452,
    "B": 0.2286932644959624,
    "C": 0.15717842881978303,
    "D": 0.06552171728770943
  }
}