{
  "question_id": "waffle",
  "method": "next_sentence_attn_oracle",
  "prefix_length": 304,
  "keep_m": 15,
  "kl_to_baseline": 0.49130894717628687,
  "token_kl": 0.19703884277569356,
  "selected_indices": [
    0,
    4,
    171,
    172,
    199,
    201,
    202,
    236,
    237,
    238,
    239,
    273,
    274,
    275,
    276
  ],
  "distribution": {
    "A": 0.0006255543042499634,
    "B": 0.0009101761420611589,
    "C": 0.9981294343035179,
    "D": 0.00033483525017088955
  }
}