{
  "question_id": "waffle",
  "method": "next_sentence_attn_oracle",
  "prefix_length": 287,
  "keep_m": 10,
  "kl_to_baseline": 1.5218394027355482,
  "token_kl": 0.38796379076377924,
  "selected_indices": [
    0,
    188,
    199,
    235,
    240,
    257,
    268,
    273,
    275,
    276
  ],
  "distribution": {
    "A": 0.15845900043593641,
    "B": 0.17955757121849694,
    "C": 0.1089071721275531,
    "D": 0.5530762562180136
  }
}