{
  "question_id": "waffle",
  "method": "next_sentence_attn_oracle",
  "prefix_length": 45,
  "keep_m": 5,
  "kl_to_baseline": 0.03178592232427237,
  "token_kl": 0.21678519259788415,
  "selected_indices": [
    33,
    35,
    36,
    37,
    38
  ],
  "distribution": {
    "A": 0.5808696715925967,
    "B": 0.18858077209617083,
    "C": 0.12960954284782195,
    "D": 0.10094001346341054
  }
}