{
  "question_id": "waffle",
  "method": "next_sentence_attn_oracle",
  "prefix_length": 216,
  "keep_m": 3,
  "kl_to_baseline": 0.8507008493862788,
  "token_kl": 0.250141473859643,
  "selected_indices": [
    196,
    197,
    198
  ],
  "distribution": {
    "A": 0.4467021423440289,
    "B": 0.23910241258194345,
    "C": 0.18621314615307968,
    "D": 0.12798229892094803
  }
}