{
  "question_id": "waffle",
  "method": "next_sentence_attn_oracle",
  "prefix_length": 191,
  "keep_m": 10,
  "kl_to_baseline": 0.3247782886236334,
  "token_kl": 0.19124864215251539,
  "selected_indices": [
    0,
    104,
    105,
    108,
    133,
    142,
    181,
    182,
    183,
    185
  ],
  "distribution": {
    "A": 0.3501043862896871,
    "B": 0.3089660364819296,
    "C": 0.240622991154595,
    "D": 0.10030658607378833
  }
}