{
  "question_id": "waffle",
  "method": "next_sentence_attn_oracle",
  "prefix_length": 283,
  "keep_m": 15,
  "kl_to_baseline": 1.9090139189091637,
  "token_kl": 0.535936172242851,
  "selected_indices": [
    0,
    75,
    121,
    230,
    253,
    256,
    257,
    262,
    263,
    269,
    272,
    273,
    275,
    276,
    277
  ],
  "distribution": {
    "A": 0.603963937821198,
    "B": 0.2517696419397693,
    "C": 0.0721332101195164,
    "D": 0.0721332101195164
  }
}