{
  "question_id": "waffle",
  "method": "next_sentence_attn_oracle",
  "prefix_length": 106,
  "keep_m": 20,
  "kl_to_baseline": 0.1707388896830656,
  "token_kl": 0.30282222675979975,
  "selected_indices": [
    0,
    13,
    14,
    24,
    28,
    30,
    42,
    50,
    57,
    58,
    64,
    72,
    75,
    81,
    82,
    83,
    84,
    85,
    86,
    95
  ],
  "distribution": {
    "A": 0.45518184530828926,
    "B": 0.312841602180678,
    "C": 0.13041176657820291,
    "D": 0.10156478593282971
  }
}