{
  "question_id": "waffle",
  "method": "next_sentence_attn_oracle",
  "prefix_length": 80,
  "keep_m": 10,
  "kl_to_baseline": 0.1689836036169224,
  "token_kl": 0.0814326395345245,
  "selected_indices": [
    0,
    27,
    41,
    42,
    51,
    57,
    69,
    70,
    71,
    72
  ],
  "distribution": {
    "A": 0.6886564951119144,
    "B": 0.1741196298724098,
    "C": 0.09319953292895337,
    "D": 0.04402434208672239
  }
}