{
  "question_id": "waffle",
  "method": "next_sentence_attn_oracle",
  "prefix_length": 251,
  "keep_m": 10,
  "kl_to_baseline": 1.9301479656022509,
  "token_kl": 0.12863321507630307,
  "selected_indices": [
    0,
    27,
    217,
    228,
    229,
    234,
    235,
    243,
    244,
    245
  ],
  "distribution": {
    "A": 0.7309890060836193,
    "B": 0.16310567455046676,
    "C": 0.05295265968295703,
    "D": 0.05295265968295703
  }
}