{
  "question_id": "waffle",
  "method": "next_sentence_attn_oracle",
  "prefix_length": 111,
  "keep_m": 5,
  "kl_to_baseline": 0.6588341128534603,
  "token_kl": 0.1532613630864361,
  "selected_indices": [
    0,
    7,
    8,
    9,
    101
  ],
  "distribution": {
    "A": 0.17089838755444098,
    "B": 0.17089838755444098,
    "C": 0.19365324348892976,
    "D": 0.46454998140218834
  }
}