{
  "question_id": "waffle",
  "method": "next_sentence_attn_oracle",
  "prefix_length": 295,
  "keep_m": 3,
  "kl_to_baseline": 0.3154071761310787,
  "token_kl": 0.4425945092641037,
  "selected_indices": [
    0,
    288,
    289
  ],
  "distribution": {
    "A": 0.532807695020946,
    "B": 0.2221072918466823,
    "C": 0.17297733281606523,
    "D": 0.07210768031630649
  }
}