{
  "question_id": "waffle",
  "method": "next_sentence_attn_oracle",
  "prefix_length": 129,
  "keep_m": 10,
  "kl_to_baseline": 0.13824543610241322,
  "token_kl": 0.09540308485952227,
  "selected_indices": [
    0,
    28,
    54,
    55,
    57,
    69,
    70,
    113,
    120,
    121
  ],
  "distribution": {
    "A": 0.5777518074461865,
    "B": 0.1875685498081506,
    "C": 0.14607853347015548,
    "D": 0.08860110927550742
  }
}