{
  "question_id": "waffle",
  "method": "next_sentence_attn_oracle",
  "prefix_length": 45,
  "keep_m": 15,
  "kl_to_baseline": 0.01457210874963214,
  "token_kl": 0.047867433232127145,
  "selected_indices": [
    0,
    13,
    14,
    15,
    25,
    30,
    31,
    32,
    33,
    34,
    35,
    36,
    37,
    38,
    39
  ],
  "distribution": {
    "A": 0.46788744394017984,
    "B": 0.36439108601048825,
    "C": 0.10439979407509899,
    "D": 0.06332167597423287
  }
}