{
  "question_id": "waffle",
  "method": "next_sentence_attn_oracle",
  "prefix_length": 279,
  "keep_m": 15,
  "kl_to_baseline": 0.5042181222792305,
  "token_kl": 0.14115961319412731,
  "selected_indices": [
    0,
    150,
    180,
    195,
    197,
    198,
    214,
    217,
    260,
    267,
    269,
    270,
    271,
    272,
    273
  ],
  "distribution": {
    "A": 0.07023624661425203,
    "B": 0.048272619280494145,
    "C": 0.8556526629508233,
    "D": 0.025838471154430644
  }
}