{
  "question_id": "waffle",
  "method": "next_sentence_attn_oracle",
  "prefix_length": 291,
  "keep_m": 3,
  "kl_to_baseline": 0.6005006722892821,
  "token_kl": 0.9040944075050708,
  "selected_indices": [
    183,
    256,
    280
  ],
  "distribution": {
    "A": 0.46454998140218834,
    "B": 0.19365324348892976,
    "C": 0.17089838755444098,
    "D": 0.17089838755444098
  }
}