{
  "question_id": "waffle",
  "method": "next_sentence_attn_oracle",
  "prefix_length": 292,
  "keep_m": 3,
  "kl_to_baseline": 0.28656124478032396,
  "token_kl": 0.2822524650874528,
  "selected_indices": [
    0,
    241,
    258
  ],
  "distribution": {
    "A": 0.5221145873208053,
    "B": 0.21764972840122668,
    "C": 0.16950577891415394,
    "D": 0.09072990536381417
  }
}