{
  "question_id": "waffle",
  "method": "next_sentence_attn_oracle",
  "prefix_length": 292,
  "keep_m": 10,
  "kl_to_baseline": 0.35893212303418803,
  "token_kl": 0.25728036845718455,
  "selected_indices": [
    0,
    1,
    16,
    31,
    48,
    186,
    232,
    241,
    258,
    279
  ],
  "distribution": {
    "A": 0.40148847437859,
    "B": 0.2759387075513197,
    "C": 0.2435150547172361,
    "D": 0.07905776335285425
  }
}