{
  "question_id": "waffle",
  "method": "next_sentence_attn_oracle",
  "prefix_length": 182,
  "keep_m": 15,
  "kl_to_baseline": 0.3708055808632033,
  "token_kl": 0.1468917209783678,
  "selected_indices": [
    0,
    15,
    17,
    25,
    46,
    63,
    124,
    132,
    133,
    166,
    168,
    169,
    174,
    175,
    176
  ],
  "distribution": {
    "A": 0.4296858733195487,
    "B": 0.2953185115828162,
    "C": 0.17911973165567846,
    "D": 0.09587588344195665
  }
}