{
  "question_id": "waffle",
  "method": "next_sentence_attn_oracle",
  "prefix_length": 259,
  "keep_m": 20,
  "kl_to_baseline": 0.29487264707809124,
  "token_kl": 0.2735335482767439,
  "selected_indices": [
    0,
    85,
    86,
    106,
    110,
    122,
    123,
    124,
    125,
    174,
    175,
    178,
    180,
    181,
    241,
    242,
    246,
    250,
    252,
    253
  ],
  "distribution": {
    "A": 0.5769652409383731,
    "B": 0.24051489562186742,
    "C": 0.11361119212776649,
    "D": 0.06890867131199295
  }
}