{
  "question_id": "waffle",
  "method": "next_sentence_attn_oracle",
  "prefix_length": 269,
  "keep_m": 10,
  "kl_to_baseline": 0.817511423355838,
  "token_kl": 0.1921328671772847,
  "selected_indices": [
    152,
    157,
    158,
    215,
    217,
    235,
    239,
    257,
    262,
    263
  ],
  "distribution": {
    "A": 0.24141290125295242,
    "B": 0.24141290125295242,
    "C": 0.16592049879297785,
    "D": 0.3512536987011174
  }
}