{
  "question_id": "waffle",
  "method": "next_sentence_attn_oracle",
  "prefix_length": 104,
  "keep_m": 15,
  "kl_to_baseline": 0.009136984383786587,
  "token_kl": 0.17717959949847475,
  "selected_indices": [
    0,
    15,
    59,
    60,
    61,
    62,
    63,
    64,
    73,
    75,
    82,
    85,
    86,
    91,
    98
  ],
  "distribution": {
    "A": 0.6649267534141808,
    "B": 0.1905046930588707,
    "C": 0.08998804514120387,
    "D": 0.054580508385744624
  }
}