{
  "question_id": "waffle",
  "method": "next_sentence_attn_oracle",
  "prefix_length": 245,
  "keep_m": 15,
  "kl_to_baseline": 1.379266434851745,
  "token_kl": 0.19188523298566365,
  "selected_indices": [
    0,
    15,
    20,
    23,
    25,
    27,
    41,
    47,
    61,
    63,
    64,
    65,
    94,
    100,
    228
  ],
  "distribution": {
    "A": 0.577660456892207,
    "B": 0.27286747867697136,
    "C": 0.08858710021433064,
    "D": 0.06088496421649088
  }
}