{
  "question_id": "waffle",
  "method": "next_sentence_attn_oracle",
  "prefix_length": 283,
  "keep_m": 10,
  "kl_to_baseline": 1.2922588294057453,
  "token_kl": 0.5496658432190117,
  "selected_indices": [
    0,
    75,
    230,
    253,
    263,
    272,
    273,
    275,
    276,
    277
  ],
  "distribution": {
    "A": 0.37480846975763354,
    "B": 0.29190112974904,
    "C": 0.15624341569577824,
    "D": 0.1770469847975482
  }
}