{
  "question_id": "waffle",
  "method": "next_sentence_attn_oracle",
  "prefix_length": 119,
  "keep_m": 15,
  "kl_to_baseline": 0.04341038786708391,
  "token_kl": 0.2683252930982809,
  "selected_indices": [
    0,
    27,
    68,
    70,
    79,
    80,
    87,
    91,
    92,
    93,
    94,
    95,
    100,
    105,
    108
  ],
  "distribution": {
    "A": 0.6730526162266424,
    "B": 0.19283280308823364,
    "C": 0.09108776645017583,
    "D": 0.04302681423494821
  }
}