{
  "question_id": "waffle",
  "method": "next_sentence_attn_oracle",
  "prefix_length": 131,
  "keep_m": 5,
  "kl_to_baseline": 0.18325528405644076,
  "token_kl": 0.2865380583562796,
  "selected_indices": [
    0,
    106,
    117,
    122,
    125
  ],
  "distribution": {
    "A": 0.46382610972719474,
    "B": 0.2482682112790452,
    "C": 0.17063207987669968,
    "D": 0.11727359911706049
  }
}