{
  "question_id": "waffle",
  "method": "next_sentence_attn_oracle",
  "prefix_length": 204,
  "keep_m": 15,
  "kl_to_baseline": 0.14337007777777164,
  "token_kl": 0.8364051806624763,
  "selected_indices": [
    0,
    14,
    30,
    50,
    84,
    109,
    115,
    153,
    170,
    172,
    173,
    183,
    188,
    192,
    198
  ],
  "distribution": {
    "A": 0.0014979894801921301,
    "B": 0.0016974444621900917,
    "C": 0.9963753848858965,
    "D": 0.00042918117172114804
  }
}