{
  "question_id": "waffle",
  "method": "next_sentence_attn_oracle",
  "prefix_length": 264,
  "keep_m": 15,
  "kl_to_baseline": 0.22894425400012303,
  "token_kl": 0.2012137086065854,
  "selected_indices": [
    0,
    15,
    47,
    73,
    76,
    148,
    241,
    242,
    243,
    253,
    254,
    255,
    256,
    257,
    258
  ],
  "distribution": {
    "A": 0.5858957832727165,
    "B": 0.24423769953618624,
    "C": 0.11536972017930403,
    "D": 0.05449679701179332
  }
}