{
  "question_id": "waffle",
  "method": "next_sentence_attn_oracle",
  "prefix_length": 144,
  "keep_m": 15,
  "kl_to_baseline": 0.3359839283067699,
  "token_kl": 0.011388285025664547,
  "selected_indices": [
    0,
    53,
    68,
    69,
    71,
    87,
    88,
    89,
    91,
    127,
    128,
    135,
    136,
    137,
    138
  ],
  "distribution": {
    "A": 0.46564300779096623,
    "B": 0.3200314279233521,
    "C": 0.13340894740472553,
    "D": 0.0809166168809562
  }
}