{
  "question_id": "waffle",
  "method": "next_sentence_attn_oracle",
  "prefix_length": 149,
  "keep_m": 3,
  "kl_to_baseline": 0.07560411386195733,
  "token_kl": 0.40697732915763285,
  "selected_indices": [
    0,
    142,
    143
  ],
  "distribution": {
    "A": 0.5229506575449361,
    "B": 0.24702439935814838,
    "C": 0.14982787190781474,
    "D": 0.08019707118910077
  }
}