{
  "question_id": "waffle",
  "method": "next_sentence_attn_oracle",
  "prefix_length": 178,
  "keep_m": 10,
  "kl_to_baseline": 0.5597817005844485,
  "token_kl": 0.38388459193266833,
  "selected_indices": [
    0,
    85,
    106,
    118,
    119,
    122,
    125,
    136,
    161,
    172
  ],
  "distribution": {
    "A": 0.4391497869331852,
    "B": 0.2663578099812472,
    "C": 0.2350599422876669,
    "D": 0.05943246079790074
  }
}