{
  "question_id": "waffle",
  "method": "next_sentence_attn_oracle",
  "prefix_length": 170,
  "keep_m": 20,
  "kl_to_baseline": 0.23016275527555952,
  "token_kl": 0.3897161589672432,
  "selected_indices": [
    0,
    2,
    13,
    57,
    81,
    101,
    114,
    130,
    135,
    147,
    151,
    152,
    153,
    154,
    157,
    158,
    160,
    161,
    163,
    164
  ],
  "distribution": {
    "A": 0.5114296304240291,
    "B": 0.2737485545677051,
    "C": 0.10070645327071195,
    "D": 0.11411536173755389
  }
}