{
  "question_id": "waffle",
  "method": "next_sentence_attn_oracle",
  "prefix_length": 80,
  "keep_m": 5,
  "kl_to_baseline": 0.09021691604169076,
  "token_kl": 0.08006112606417146,
  "selected_indices": [
    0,
    27,
    41,
    51,
    57
  ],
  "distribution": {
    "A": 0.5729374052856393,
    "B": 0.2388358439167357,
    "C": 0.12783959975674178,
    "D": 0.06038715104088317
  }
}