{
  "question_id": "waffle",
  "method": "next_sentence_attn_oracle",
  "prefix_length": 114,
  "keep_m": 5,
  "kl_to_baseline": 0.5686960109978515,
  "token_kl": 0.4566649190557067,
  "selected_indices": [
    81,
    101,
    102,
    106,
    108
  ],
  "distribution": {
    "A": 0.17968168125510317,
    "B": 0.431033945941338,
    "C": 0.23071584564473782,
    "D": 0.1585685271588211
  }
}