{
  "question_id": "waffle",
  "method": "next_sentence_attn_oracle",
  "prefix_length": 261,
  "keep_m": 5,
  "kl_to_baseline": 0.32337281390517836,
  "token_kl": 0.5715664157209939,
  "selected_indices": [
    0,
    124,
    125,
    133,
    255
  ],
  "distribution": {
    "A": 0.4176007605901384,
    "B": 0.25328766481723414,
    "C": 0.22352557966409434,
    "D": 0.1055859949285331
  }
}