{
  "question_id": "waffle",
  "method": "next_sentence_attn_oracle",
  "prefix_length": 230,
  "keep_m": 3,
  "kl_to_baseline": 0.5675169309229068,
  "token_kl": 0.5747163795496332,
  "selected_indices": [
    199,
    219,
    224
  ],
  "distribution": {
    "A": 0.6725682881058257,
    "B": 0.13243655619396882,
    "C": 0.13243655619396882,
    "D": 0.06255859950623673
  }
}