{
  "question_id": "bigbench_logical_deduction_0009",
  "method": "deletion",
  "prefix_length": 38,
  "keep_m": 0,
  "kl_to_baseline": 0.5067081732020707,
  "token_kl": 0.054688356405693465,
  "distribution": {
    "A": 0.5705352427927185,
    "B": 0.007181978362517075,
    "C": 0.14425389158187163,
    "D": 0.209888173776888,
    "E": 0.06814071348600477
  }
}