{
  "question_id": "bigbench_logical_deduction_0001",
  "method": "deletion",
  "prefix_length": 59,
  "keep_m": 0,
  "kl_to_baseline": 0.8515187977598823,
  "token_kl": 0.4647038938328918,
  "distribution": {
    "A": 0.41224939699235646,
    "B": 0.001486803478037347,
    "C": 0.17185111624148092,
    "D": 0.0021632862957688217,
    "E": 0.41224939699235646
  }
}