{
  "question_id": "bigbench_logical_deduction_0009",
  "method": "deletion",
  "prefix_length": 27,
  "keep_m": 0,
  "kl_to_baseline": 0.3281187828488631,
  "token_kl": 0.6755140379958702,
  "distribution": {
    "A": 0.3347333286230145,
    "B": 0.016665393103826247,
    "C": 0.23005862801661317,
    "D": 0.29540112570164184,
    "E": 0.12314152455490412
  }
}