{
  "question_id": "bigbench_logical_deduction_0001",
  "method": "deletion",
  "prefix_length": 22,
  "keep_m": 0,
  "kl_to_baseline": 0.2792991155812434,
  "token_kl": 0.3083036128258576,
  "distribution": {
    "A": 0.754048944745358,
    "B": 0.0007791570869128782,
    "C": 0.2448038504205404,
    "D": 0.00036804774718876744,
    "E": 0.0
  }
}