{
  "question_id": "bigbench_logical_deduction_0009",
  "method": "deletion",
  "prefix_length": 17,
  "keep_m": 0,
  "kl_to_baseline": 0.8504543600062222,
  "token_kl": 0.35989429618615953,
  "distribution": {
    "A": 0.012851169906147202,
    "B": 0.006878735562104609,
    "C": 0.2277924913533792,
    "D": 0.050827375076289316,
    "E": 0.7016502281020797
  }
}