{
  "question_id": "bigbench_logical_deduction_0009",
  "method": "deletion",
  "prefix_length": 45,
  "keep_m": 0,
  "kl_to_baseline": 0.18332593212084877,
  "token_kl": 0.36043100857157817,
  "distribution": {
    "A": 0.1024987173533473,
    "B": 0.02018319414032881,
    "C": 0.3157182385477182,
    "D": 0.24588161141088752,
    "E": 0.3157182385477182
  }
}