{
  "question_id": "bookworm_nm",
  "method": "deletion",
  "prefix_length": 77,
  "keep_m": 0,
  "kl_to_baseline": 0.2968023267527664,
  "token_kl": 0.5589062430425265,
  "distribution": {
    "A": 0.2689414330889798,
    "B": 0.7310585669110203
  }
}