{
  "question_id": "bookworm_nm",
  "method": "deletion",
  "prefix_length": 87,
  "keep_m": 0,
  "kl_to_baseline": 0.11982334363571306,
  "token_kl": 0.5137074864393139,
  "distribution": {
    "A": 0.13296424706933604,
    "B": 0.867035752930664
  }
}