{
  "question_id": "dilemma_2081",
  "method": "deletion",
  "prefix_length": 30,
  "keep_m": 0,
  "kl_to_baseline": 0.1215417623375328,
  "token_kl": 0.3759073731285133,
  "distribution": {
    "A": 0.24508502416032488,
    "B": 0.754914975839675
  }
}