{
  "question_id": "dilemma_32747",
  "method": "deletion",
  "prefix_length": 42,
  "keep_m": 0,
  "kl_to_baseline": 0.0003359312764255963,
  "token_kl": 0.6207900663955042,
  "distribution": {
    "A": 0.0001795280214615442,
    "B": 0.9998204719785384
  }
}