{
  "question_id": "dilemma_32747",
  "method": "deletion",
  "prefix_length": 28,
  "keep_m": 0,
  "kl_to_baseline": 0.0319439007277788,
  "token_kl": 0.4848983031338602,
  "distribution": {
    "A": 0.03308597612434374,
    "B": 0.9669140238756562
  }
}