{
  "question_id": "dilemma_24577",
  "method": "deletion",
  "prefix_length": 21,
  "keep_m": 0,
  "kl_to_baseline": 0.263072292104945,
  "token_kl": 0.6762835210226289,
  "distribution": {
    "A": 0.4378234991142019,
    "B": 0.5621765008857981
  }
}