{
  "question_id": "dilemma_31754",
  "method": "deletion",
  "prefix_length": 29,
  "keep_m": 0,
  "kl_to_baseline": 0.6593638536208175,
  "token_kl": 0.5284309518078228,
  "distribution": {
    "A": 0.9149009532527358,
    "B": 0.08509904674726423
  }
}