{
  "question_id": "dilemma_19599",
  "method": "deletion",
  "prefix_length": 15,
  "keep_m": 0,
  "kl_to_baseline": 0.16578811768497748,
  "token_kl": 0.05387906254158778,
  "distribution": {
    "A": 0.8354835350552604,
    "B": 0.16451646494473965
  }
}