{
  "question_id": "dilemma_2081",
  "method": "deletion",
  "prefix_length": 25,
  "keep_m": 0,
  "kl_to_baseline": 0.14364022966226686,
  "token_kl": 1.5171261015465825,
  "distribution": {
    "A": 0.3208212878370535,
    "B": 0.6791787121629466
  }
}