{
  "question_id": "dilemma_31754",
  "method": "deletion",
  "prefix_length": 31,
  "keep_m": 0,
  "kl_to_baseline": 0.7320377643279763,
  "token_kl": 0.43883709821367234,
  "distribution": {
    "A": 0.9740426401649208,
    "B": 0.025957359835079137
  }
}