{
  "question_id": "dilemma_32747",
  "method": "deletion",
  "prefix_length": 43,
  "keep_m": 0,
  "kl_to_baseline": 0.0001732992706716584,
  "token_kl": 0.6539924626782327,
  "distribution": {
    "A": 0.00045831292004722796,
    "B": 0.9995416870799527
  }
}