{
  "question_id": "dilemma_31754",
  "method": "deletion",
  "prefix_length": 20,
  "keep_m": 0,
  "kl_to_baseline": 0.2868257367234418,
  "token_kl": 0.6784369343974473,
  "distribution": {
    "A": 0.0953494674697966,
    "B": 0.9046505325302034
  }
}