{
  "question_id": "dilemma_3081",
  "method": "deletion",
  "prefix_length": 44,
  "keep_m": 0,
  "kl_to_baseline": 0.10192341175299499,
  "token_kl": 0.23284601025536453,
  "distribution": {
    "A": 0.3486451217982255,
    "B": 0.6513548782017746
  }
}