{
  "question_id": "gpqa_gpqa_diamond_0001",
  "method": "deletion",
  "prefix_length": 15,
  "keep_m": 0,
  "kl_to_baseline": 0.1147478562840604,
  "distribution": {
    "A": 0.26257903909092756,
    "B": 0.12403355551742959,
    "C": 0.1804677584024301,
    "D": 0.4329196469892127
  }
}