{
  "question_id": "gpqa_gpqa_diamond_0031",
  "method": "deletion",
  "prefix_length": 67,
  "keep_m": 0,
  "kl_to_baseline": 0.6380021749692236,
  "distribution": {
    "A": 0.44522240510623906,
    "B": 0.010470628620885786,
    "C": 0.2383103805658261,
    "D": 0.30599658570704913
  }
}