{
  "question_id": "gpqa_gpqa_diamond_0011",
  "method": "deletion",
  "prefix_length": 75,
  "keep_m": 0,
  "kl_to_baseline": 0.5116120788349388,
  "distribution": {
    "A": 0.011774376244007633,
    "B": 0.9353546363102068,
    "C": 0.04109661120177805,
    "D": 0.011774376244007633
  }
}