{
  "question_id": "gpqa_gpqa_diamond_0001",
  "method": "deletion",
  "prefix_length": 246,
  "keep_m": 0,
  "kl_to_baseline": 0.33728018674108406,
  "distribution": {
    "A": 0.1694727207677699,
    "B": 0.5220127299408656,
    "C": 0.11647679791633989,
    "D": 0.19203775137502468
  }
}