{
  "question_id": "gpqa_gpqa_diamond_0002",
  "method": "deletion",
  "prefix_length": 64,
  "keep_m": 0,
  "kl_to_baseline": 1.7474267175607268,
  "distribution": {
    "A": 0.3233250233605477,
    "B": 0.25180578137977483,
    "C": 0.25180578137977483,
    "D": 0.17306341387990265
  }
}