{
  "question_id": "gpqa_gpqa_diamond_0031",
  "method": "deletion",
  "prefix_length": 16,
  "keep_m": 0,
  "kl_to_baseline": 0.23988041654651435,
  "distribution": {
    "A": 0.2847978663416495,
    "B": 0.049490448320461226,
    "C": 0.2513332349092072,
    "D": 0.414378450428682
  }
}