{
  "question_id": "gpqa_gpqa_diamond_0023",
  "method": "deletion",
  "prefix_length": 94,
  "keep_m": 0,
  "kl_to_baseline": 0.1632054157966237,
  "distribution": {
    "A": 0.2776488565438521,
    "B": 0.21623314689523215,
    "C": 0.40397670254986534,
    "D": 0.10214129401105043
  }
}