{
  "question_id": "gpqa_gpqa_diamond_0017",
  "method": "deletion",
  "prefix_length": 49,
  "keep_m": 0,
  "kl_to_baseline": 0.12016480043863956,
  "distribution": {
    "A": 0.5971291049726766,
    "B": 0.08081264136711085,
    "C": 0.17108036311668778,
    "D": 0.15097789054352484
  }
}