{
  "question_id": "gpqa_gpqa_diamond_0004",
  "method": "deletion",
  "prefix_length": 56,
  "keep_m": 0,
  "kl_to_baseline": 0.23083278106337363,
  "distribution": {
    "A": 0.0017406636898917463,
    "B": 0.09503701729795602,
    "C": 0.9016861886973813,
    "D": 0.0015361303147709388
  }
}