{
  "question_id": "gpqa_gpqa_diamond_0020",
  "method": "deletion",
  "prefix_length": 60,
  "keep_m": 0,
  "kl_to_baseline": 0.656476749775229,
  "distribution": {
    "A": 0.5666417441354337,
    "B": 0.20845583575201831,
    "C": 0.09846756453292807,
    "D": 0.12643485557962003
  }
}