{
  "question_id": "gpqa_gpqa_diamond_0002",
  "method": "deletion",
  "prefix_length": 95,
  "keep_m": 0,
  "kl_to_baseline": 1.5871513222676903,
  "distribution": {
    "A": 0.37354501646787847,
    "B": 0.19994423913074638,
    "C": 0.22656650527062885,
    "D": 0.19994423913074638
  }
}