{
  "question_id": "gpqa_gpqa_diamond_0001",
  "method": "deletion",
  "prefix_length": 423,
  "keep_m": 0,
  "kl_to_baseline": 0.2732871935483695,
  "distribution": {
    "A": 0.9676168732815946,
    "B": 0.008371527321365455,
    "C": 0.008371527321365455,
    "D": 0.015640072075674413
  }
}