{
  "question_id": "gpqa_gpqa_diamond_0001",
  "method": "deletion",
  "prefix_length": 23,
  "keep_m": 0,
  "kl_to_baseline": 0.1314403562938235,
  "distribution": {
    "A": 0.29856708728081965,
    "B": 0.08554090269052987,
    "C": 0.2325242813736508,
    "D": 0.3833677286549997
  }
}