{
  "question_id": "gpqa_gpqa_diamond_0023",
  "method": "deletion",
  "prefix_length": 290,
  "keep_m": 0,
  "kl_to_baseline": 0.17613318252559101,
  "distribution": {
    "A": 0.32412054694336506,
    "B": 0.173489226969262,
    "C": 0.36727669637604776,
    "D": 0.13511352971132512
  }
}