{
  "question_id": "gpqa_gpqa_diamond_0001",
  "method": "deletion",
  "prefix_length": 362,
  "keep_m": 0,
  "kl_to_baseline": 0.2044379955671637,
  "distribution": {
    "A": 0.2490705887195981,
    "B": 0.0916279489904079,
    "C": 0.19397636953487882,
    "D": 0.46532509275511513
  }
}