{
  "question_id": "gpqa_gpqa_diamond_0023",
  "method": "deletion",
  "prefix_length": 331,
  "keep_m": 0,
  "kl_to_baseline": 0.11279071661166495,
  "distribution": {
    "A": 0.23376161901448833,
    "B": 0.3401211487333314,
    "C": 0.3401211487333314,
    "D": 0.08599608351884894
  }
}