{
  "question_id": "gpqa_gpqa_diamond_0011",
  "method": "deletion",
  "prefix_length": 111,
  "keep_m": 0,
  "kl_to_baseline": 0.27655309175468906,
  "distribution": {
    "A": 0.037752079383372675,
    "B": 0.7582707391853843,
    "C": 0.19172087863365345,
    "D": 0.012256302797589578
  }
}