{
  "question_id": "gpqa_gpqa_diamond_0023",
  "method": "deletion",
  "prefix_length": 269,
  "keep_m": 0,
  "kl_to_baseline": 0.11058459870435774,
  "distribution": {
    "A": 0.36978650104694816,
    "B": 0.19793245079742855,
    "C": 0.326335441791527,
    "D": 0.10594560636409635
  }
}