{
  "question_id": "gpqa_gpqa_diamond_0001",
  "method": "deletion",
  "prefix_length": 356,
  "keep_m": 0,
  "kl_to_baseline": 0.13129001798959017,
  "distribution": {
    "A": 0.30308918294772175,
    "B": 0.30308918294772175,
    "C": 0.12634636894629622,
    "D": 0.26747526515826026
  }
}