{
  "question_id": "gpqa_gpqa_diamond_0011",
  "method": "deletion",
  "prefix_length": 73,
  "keep_m": 0,
  "kl_to_baseline": 0.1423112004194477,
  "distribution": {
    "A": 0.08551938395273263,
    "B": 0.4343032157404893,
    "C": 0.3832712426735111,
    "D": 0.09690615763326696
  }
}