{
  "question_id": "gpqa_gpqa_diamond_0023",
  "method": "deletion",
  "prefix_length": 330,
  "keep_m": 0,
  "kl_to_baseline": 0.1789301390313609,
  "distribution": {
    "A": 0.2715060686064458,
    "B": 0.3076566816396497,
    "C": 0.3076566816396497,
    "D": 0.11318056811425467
  }
}