{
  "question_id": "gpqa_gpqa_diamond_0031",
  "method": "deletion",
  "prefix_length": 142,
  "keep_m": 0,
  "kl_to_baseline": 1.1850554392236616,
  "distribution": {
    "A": 0.21858873996500083,
    "B": 0.07096537376639023,
    "C": 0.46275239371944155,
    "D": 0.24769349254916742
  }
}