{
  "question_id": "gpqa_gpqa_diamond_0002",
  "method": "deletion",
  "prefix_length": 70,
  "keep_m": 0,
  "kl_to_baseline": 1.8845676452598177,
  "distribution": {
    "A": 0.4101046147696096,
    "B": 0.21951316885980657,
    "C": 0.21951316885980657,
    "D": 0.15086904751077734
  }
}