{
  "question_id": "gpqa_gpqa_diamond_0031",
  "method": "deletion",
  "prefix_length": 73,
  "keep_m": 0,
  "kl_to_baseline": 1.3195743982162047,
  "distribution": {
    "A": 0.23111539129174918,
    "B": 0.05156881427169503,
    "C": 0.38104488432093436,
    "D": 0.3362709101156213
  }
}