{
  "question_id": "gpqa_gpqa_diamond_0031",
  "method": "deletion",
  "prefix_length": 284,
  "keep_m": 0,
  "kl_to_baseline": 1.8969448245412972,
  "distribution": {
    "A": 0.13353027226300956,
    "B": 0.05566369898377928,
    "C": 0.5281224401541249,
    "D": 0.28268358859908627
  }
}