{
  "question_id": "gpqa_gpqa_diamond_0031",
  "method": "deletion",
  "prefix_length": 93,
  "keep_m": 0,
  "kl_to_baseline": 1.3560626639127111,
  "distribution": {
    "A": 0.18355034732409395,
    "B": 0.06752439920041182,
    "C": 0.5653749061514003,
    "D": 0.18355034732409395
  }
}