{
  "question_id": "gpqa_gpqa_diamond_0031",
  "method": "deletion",
  "prefix_length": 90,
  "keep_m": 0,
  "kl_to_baseline": 1.0960668184957476,
  "distribution": {
    "A": 0.23111539654085234,
    "B": 0.051568815442928254,
    "C": 0.38104487026319805,
    "D": 0.3362709177530213
  }
}