{
  "question_id": "gpqa_gpqa_diamond_0009",
  "method": "deletion",
  "prefix_length": 108,
  "keep_m": 0,
  "kl_to_baseline": 2.6762141602225773,
  "distribution": {
    "A": 0.8207331536006144,
    "B": 0.1258635149365181,
    "C": 0.0071007319241477495,
    "D": 0.046302599538719756
  }
}