{
  "question_id": "gpqa_gpqa_diamond_0031",
  "method": "deletion",
  "prefix_length": 71,
  "keep_m": 0,
  "kl_to_baseline": 1.7201154519225827,
  "distribution": {
    "A": 0.13687231168889916,
    "B": 0.05705686828870082,
    "C": 0.4777312522248647,
    "D": 0.32833956779753526
  }
}