{
  "question_id": "gpqa_gpqa_diamond_0020",
  "method": "deletion",
  "prefix_length": 58,
  "keep_m": 0,
  "kl_to_baseline": 0.4389624624831504,
  "distribution": {
    "A": 0.310313193127302,
    "B": 0.310313193127302,
    "C": 0.21327493070378706,
    "D": 0.16609868304160896
  }
}