{
  "question_id": "gpqa_gpqa_diamond_0004",
  "method": "deletion",
  "prefix_length": 121,
  "keep_m": 0,
  "kl_to_baseline": 0.3641571827174685,
  "distribution": {
    "A": 0.014369286444161274,
    "B": 0.2886147990284941,
    "C": 0.6923508902290688,
    "D": 0.004665024298275844
  }
}