{
  "question_id": "gpqa_gpqa_diamond_0031",
  "method": "deletion",
  "prefix_length": 282,
  "keep_m": 0,
  "kl_to_baseline": 0.4637336062916769,
  "distribution": {
    "A": 0.5978283568129581,
    "B": 0.049072736921356205,
    "C": 0.24921192138794518,
    "D": 0.10388698487774049
  }
}