{
  "question_id": "gpqa_gpqa_diamond_0001",
  "method": "deletion",
  "prefix_length": 337,
  "keep_m": 0,
  "kl_to_baseline": 0.10437282552460303,
  "distribution": {
    "A": 0.2631974300481266,
    "B": 0.08544769506750097,
    "C": 0.15963731088175992,
    "D": 0.4917175640026125
  }
}