{
  "question_id": "gpqa_gpqa_diamond_0023",
  "method": "deletion",
  "prefix_length": 321,
  "keep_m": 0,
  "kl_to_baseline": 0.13223105980284222,
  "distribution": {
    "A": 0.3926712521609814,
    "B": 0.2381671536233859,
    "C": 0.2698787416996689,
    "D": 0.09928285251596382
  }
}