{
  "question_id": "gpqa_gpqa_diamond_0023",
  "method": "deletion",
  "prefix_length": 339,
  "keep_m": 0,
  "kl_to_baseline": 0.15223782777867537,
  "distribution": {
    "A": 0.2085243125631135,
    "B": 0.30340108451849246,
    "C": 0.38957470397236993,
    "D": 0.09849989894602411
  }
}