{
  "question_id": "gpqa_gpqa_diamond_0002",
  "method": "deletion",
  "prefix_length": 43,
  "keep_m": 0,
  "kl_to_baseline": 0.5666516157281558,
  "distribution": {
    "A": 0.22899326553173607,
    "B": 0.2594833646000077,
    "C": 0.3331832353540621,
    "D": 0.1783401345141942
  }
}