{
  "question_id": "gpqa_gpqa_diamond_0031",
  "method": "deletion",
  "prefix_length": 94,
  "keep_m": 0,
  "kl_to_baseline": 1.4231269837378688,
  "distribution": {
    "A": 0.16517206484451824,
    "B": 0.11352098932340465,
    "C": 0.44898424919745894,
    "D": 0.2723226966346181
  }
}