{
  "question_id": "gpqa_gpqa_diamond_0031",
  "method": "deletion",
  "prefix_length": 133,
  "keep_m": 0,
  "kl_to_baseline": 0.9599292604996921,
  "distribution": {
    "A": 0.26237972977434426,
    "B": 0.05854483112425117,
    "C": 0.3817602541915145,
    "D": 0.29731518490989006
  }
}