{
  "question_id": "gpqa_gpqa_diamond_0031",
  "method": "deletion",
  "prefix_length": 247,
  "keep_m": 0,
  "kl_to_baseline": 1.009493370056713,
  "distribution": {
    "A": 0.2739236556654159,
    "B": 0.0611206291570676,
    "C": 0.4516237576435088,
    "D": 0.21333195753400774
  }
}