{
  "question_id": "gpqa_gpqa_diamond_0003",
  "method": "deletion",
  "prefix_length": 27,
  "keep_m": 0,
  "kl_to_baseline": 0.3121378204186619,
  "distribution": {
    "A": 0.3737355682610205,
    "B": 0.006845204892132655,
    "C": 0.6161857810091442,
    "D": 0.003233445837702631
  }
}