{
  "question_id": "gpqa_gpqa_diamond_0031",
  "method": "deletion",
  "prefix_length": 60,
  "keep_m": 0,
  "kl_to_baseline": 0.14723848518431054,
  "distribution": {
    "A": 0.7715117536713633,
    "B": 0.03841130957139298,
    "C": 0.11831516293081111,
    "D": 0.07176177382643258
  }
}