{
  "question_id": "gpqa_gpqa_diamond_0031",
  "method": "deletion",
  "prefix_length": 201,
  "keep_m": 0,
  "kl_to_baseline": 0.5248037379792938,
  "distribution": {
    "A": 0.5256467705830888,
    "B": 0.055402755408382263,
    "C": 0.2482979529797807,
    "D": 0.17065252102874823
  }
}