{
  "question_id": "gpqa_gpqa_diamond_0023",
  "method": "deletion",
  "prefix_length": 370,
  "keep_m": 0,
  "kl_to_baseline": 0.8983819622199587,
  "distribution": {
    "A": 0.2151513987102593,
    "B": 0.3130434379665248,
    "C": 0.40195573087633013,
    "D": 0.06984943244688574
  }
}