{
  "question_id": "gpqa_gpqa_diamond_0002",
  "method": "deletion",
  "prefix_length": 68,
  "keep_m": 0,
  "kl_to_baseline": 2.0429177489734394,
  "distribution": {
    "A": 0.5771122496017395,
    "B": 0.12877115635261555,
    "C": 0.16534543769302945,
    "D": 0.12877115635261555
  }
}