{
  "question_id": "gpqa_gpqa_diamond_0002",
  "method": "deletion",
  "prefix_length": 46,
  "keep_m": 0,
  "kl_to_baseline": 0.4545440196357321,
  "distribution": {
    "A": 0.255031680927366,
    "B": 0.1986188728142493,
    "C": 0.37106890620496596,
    "D": 0.1752805400534187
  }
}