{
  "question_id": "gpqa_gpqa_diamond_0001",
  "method": "deletion",
  "prefix_length": 315,
  "keep_m": 0,
  "kl_to_baseline": 0.2694475697398496,
  "distribution": {
    "A": 0.14041790250691727,
    "B": 0.12391836402978017,
    "C": 0.1803001557768631,
    "D": 0.5553635776864394
  }
}