{
  "question_id": "medmcqa_0001",
  "method": "deletion",
  "prefix_length": 32,
  "keep_m": 0,
  "kl_to_baseline": 0.745645766244732,
  "distribution": {
    "A": 0.4621699045834992,
    "B": 0.009592029211322458,
    "C": 0.004530953772343503,
    "D": 0.5237071124328349
  }
}