{
  "question_id": "medmcqa_0001",
  "method": "deletion",
  "prefix_length": 73,
  "keep_m": 0,
  "kl_to_baseline": 5.284696550344359,
  "distribution": {
    "A": 0.004608637464921831,
    "B": 0.00017869626688593953,
    "C": 2.418390989233396e-05,
    "D": 0.9951884823582999
  }
}