{
  "question_id": "medmcqa_0001",
  "method": "deletion",
  "prefix_length": 30,
  "keep_m": 0,
  "kl_to_baseline": 0.7630052273287276,
  "distribution": {
    "A": 0.45504932839953954,
    "B": 0.015570930828719786,
    "C": 0.013741298226704198,
    "D": 0.5156384425450364
  }
}