{
  "question_id": "medmcqa_0001",
  "method": "deletion",
  "prefix_length": 17,
  "keep_m": 0,
  "kl_to_baseline": 2.697562397685885,
  "distribution": {
    "A": 0.06696357464249943,
    "B": 0.9244036821280323,
    "C": 0.007057910523946758,
    "D": 0.0015748327055215285
  }
}