{
  "question_id": "medmcqa_0001",
  "method": "deletion",
  "prefix_length": 34,
  "keep_m": 0,
  "kl_to_baseline": 0.4448994389578732,
  "distribution": {
    "A": 0.6274705761841686,
    "B": 0.0312399223373486,
    "C": 0.005428684497646714,
    "D": 0.33586081698083614
  }
}