{
  "question_id": "starfish",
  "method": "deletion",
  "prefix_length": 22,
  "keep_m": 0,
  "kl_to_baseline": 0.11930823116614972,
  "distribution": {
    "A": 0.3444545218043904,
    "B": 0.12671773699037553,
    "C": 0.1843732194008437,
    "D": 0.3444545218043904
  }
}