{
  "question_id": "starfish",
  "method": "deletion",
  "prefix_length": 52,
  "keep_m": 0,
  "kl_to_baseline": 0.11193841056622537,
  "distribution": {
    "A": 0.24613408273759835,
    "B": 0.19168941637660356,
    "C": 0.24613408273759835,
    "D": 0.3160424181481998
  }
}