{
  "question_id": "starfish",
  "method": "deletion",
  "prefix_length": 31,
  "keep_m": 0,
  "kl_to_baseline": 0.17553702252264372,
  "distribution": {
    "A": 0.18905624385907568,
    "B": 0.11466840831063768,
    "C": 0.24275302229856896,
    "D": 0.4535223255317176
  }
}