{
  "question_id": "waffle",
  "method": "deletion",
  "prefix_length": 271,
  "keep_m": 0,
  "kl_to_baseline": 0.31732090459671575,
  "distribution": {
    "A": 0.5221145873208053,
    "B": 0.21764972840122668,
    "C": 0.16950577891415394,
    "D": 0.09072990536381417
  }
}