{
  "question_id": "waffle",
  "method": "deletion",
  "prefix_length": 176,
  "keep_m": 0,
  "kl_to_baseline": 0.8260173213830945,
  "distribution": {
    "A": 0.0010317730963420567,
    "B": 0.0003349675217564137,
    "C": 0.9985245113494785,
    "D": 0.00010874803242313141
  }
}