{
  "question_id": "waffle",
  "method": "deletion",
  "prefix_length": 206,
  "keep_m": 0,
  "kl_to_baseline": 0.7889564345824525,
  "distribution": {
    "A": 0.001925794603968499,
    "B": 0.00037921144156663456,
    "C": 0.9975863480574317,
    "D": 0.00010864589703310849
  }
}