{
  "question_id": "waffle",
  "method": "deletion",
  "prefix_length": 236,
  "keep_m": 0,
  "kl_to_baseline": 0.45239969924999324,
  "distribution": {
    "A": 0.3728641753223836,
    "B": 0.1995798230224984,
    "C": 0.2903869290287552,
    "D": 0.13716907262636277
  }
}