{
  "question_id": "waffle",
  "method": "deletion",
  "prefix_length": 175,
  "keep_m": 0,
  "kl_to_baseline": 0.7368400115737107,
  "distribution": {
    "A": 0.002796344999283143,
    "B": 0.0014967756189482298,
    "C": 0.9955676575621092,
    "D": 0.00013922181965944427
  }
}