{
  "question_id": "waffle",
  "method": "deletion",
  "prefix_length": 79,
  "keep_m": 0,
  "kl_to_baseline": 0.32869733595342765,
  "distribution": {
    "A": 0.7748119920045811,
    "B": 0.15256952731392065,
    "C": 0.03857561761817293,
    "D": 0.03404286306332536
  }
}