{
  "question_id": "waffle",
  "method": "deletion",
  "prefix_length": 89,
  "keep_m": 0,
  "kl_to_baseline": 0.23214852086098742,
  "distribution": {
    "A": 0.33544561004293627,
    "B": 0.20345804715704893,
    "C": 0.23054817140000738,
    "D": 0.23054817140000738
  }
}