{
  "question_id": "waffle",
  "method": "deletion",
  "prefix_length": 188,
  "keep_m": 0,
  "kl_to_baseline": 1.0967291012227462,
  "distribution": {
    "A": 0.6036570663342438,
    "B": 0.2220730242222339,
    "C": 0.09257380939339474,
    "D": 0.08169610005012759
  }
}