{
  "question_id": "waffle",
  "method": "deletion",
  "prefix_length": 179,
  "keep_m": 0,
  "kl_to_baseline": 2.4557964263734653,
  "distribution": {
    "A": 0.8605955194756714,
    "B": 0.08004784431137392,
    "C": 0.025987730162404583,
    "D": 0.03336890605055014
  }
}