{
  "question_id": "waffle",
  "method": "deletion",
  "prefix_length": 17,
  "keep_m": 0,
  "kl_to_baseline": 0.20073038653331773,
  "distribution": {
    "A": 0.7108084345014224,
    "B": 0.20365003220258357,
    "C": 0.04544046429959537,
    "D": 0.04010106899639879
  }
}