{
  "question_id": "waffle",
  "method": "deletion",
  "prefix_length": 209,
  "keep_m": 0,
  "kl_to_baseline": 1.2834165361698853,
  "distribution": {
    "A": 0.580869657081244,
    "B": 0.1885807786253144,
    "C": 0.1296095473352323,
    "D": 0.10094001695820924
  }
}