{
  "question_id": "waffle",
  "method": "deletion",
  "prefix_length": 224,
  "keep_m": 0,
  "kl_to_baseline": 0.7102723984554871,
  "distribution": {
    "A": 0.5778375384471712,
    "B": 0.1875963825891494,
    "C": 0.16555322657099908,
    "D": 0.06901285239268037
  }
}