{
  "question_id": "waffle",
  "method": "deletion",
  "prefix_length": 156,
  "keep_m": 0,
  "kl_to_baseline": 0.25451013419501733,
  "distribution": {
    "A": 0.38376162046209283,
    "B": 0.2054127931793024,
    "C": 0.2054127931793024,
    "D": 0.2054127931793024
  }
}