{
  "question_id": "waffle",
  "method": "deletion",
  "prefix_length": 97,
  "keep_m": 0,
  "kl_to_baseline": 0.15361677746526045,
  "distribution": {
    "A": 0.7220500708832924,
    "B": 0.16111114795137413,
    "C": 0.07610350849369248,
    "D": 0.04073527267164094
  }
}