{
  "question_id": "waffle",
  "method": "deletion",
  "prefix_length": 107,
  "keep_m": 0,
  "kl_to_baseline": 0.3911435216888027,
  "distribution": {
    "A": 0.3444545218043904,
    "B": 0.3444545218043904,
    "C": 0.1843732194008437,
    "D": 0.12671773699037553
  }
}