{
  "question_id": "waffle",
  "method": "deletion",
  "prefix_length": 161,
  "keep_m": 0,
  "kl_to_baseline": 0.10827006481625157,
  "distribution": {
    "A": 0.5808696715925967,
    "B": 0.18858077209617083,
    "C": 0.12960954284782195,
    "D": 0.10094001346341054
  }
}