{
  "question_id": "waffle",
  "method": "deletion",
  "prefix_length": 297,
  "keep_m": 0,
  "kl_to_baseline": 0.58406184692836,
  "distribution": {
    "A": 0.49720786837028746,
    "B": 0.26613620975771596,
    "C": 0.12571384396281185,
    "D": 0.11094207790918462
  }
}