{
  "question_id": "bigbench_logical_deduction_0001",
  "method": "last_m",
  "prefix_length": 126,
  "keep_m": 5,
  "kl_to_baseline": 0.07775847008367393,
  "token_kl": 0.6252040137224245,
  "distribution": {
    "A": 0.9170786190540743,
    "B": 0.001216762219310556,
    "C": 0.05173803376657255,
    "D": 0.002273211097383205,
    "E": 0.027693373862659378
  }
}