{
  "question_id": "bigbench_logical_deduction_0001",
  "method": "last_m",
  "prefix_length": 65,
  "keep_m": 15,
  "kl_to_baseline": 0.05862040569817811,
  "token_kl": 0.048691876484385964,
  "distribution": {
    "A": 0.9323665623244252,
    "B": 0.0005843391348982904,
    "C": 0.04096532623545547,
    "D": 0.0012370459582871167,
    "E": 0.024846726346934057
  }
}