{
  "question_id": "bigbench_logical_deduction_0001",
  "method": "last_m",
  "prefix_length": 60,
  "keep_m": 15,
  "kl_to_baseline": 0.0014053677154895934,
  "token_kl": 0.11043804079209628,
  "distribution": {
    "A": 0.9889881689115883,
    "B": 0.00029278479602916254,
    "C": 0.005880739831191715,
    "D": 0.0002583816756195985,
    "E": 0.0045799247855713085
  }
}