{
  "question_id": "bigbench_logical_deduction_0001",
  "method": "last_m",
  "prefix_length": 98,
  "keep_m": 5,
  "kl_to_baseline": 0.04893905082084701,
  "token_kl": 0.00015917526337916197,
  "distribution": {
    "A": 0.9416142290641902,
    "B": 0.001415659937042732,
    "C": 0.04688020745787019,
    "D": 0.0008586411555432733,
    "E": 0.009231262385353569
  }
}