{
  "question_id": "bigbench_logical_deduction_0009",
  "method": "last_m",
  "prefix_length": 30,
  "keep_m": 5,
  "kl_to_baseline": 1.3897046391804144,
  "token_kl": 0.5164824398055647,
  "distribution": {
    "A": 0.4161442291514553,
    "B": 0.00462294480105303,
    "C": 0.4161442291514553,
    "D": 0.1192273178375781,
    "E": 0.04386127905845817
  }
}