{
  "question_id": "bigbench_logical_deduction_0001",
  "method": "last_m",
  "prefix_length": 61,
  "keep_m": 20,
  "kl_to_baseline": 0.008557106957122442,
  "token_kl": 0.23928818106286073,
  "distribution": {
    "A": 0.9816651739447317,
    "B": 0.0008951627833394735,
    "C": 0.010905315201879647,
    "D": 0.0006971534766411603,
    "E": 0.00583719459340796
  }
}