{
  "question_id": "bigbench_logical_deduction_0009",
  "method": "last_m",
  "prefix_length": 34,
  "keep_m": 3,
  "kl_to_baseline": 1.1343397285317385,
  "token_kl": 0.14175711780192693,
  "distribution": {
    "A": 0.22595346690685114,
    "B": 0.01274742534960173,
    "C": 0.4221366511165201,
    "D": 0.2560388214905847,
    "E": 0.08312363513644239
  }
}