{
  "question_id": "bigbench_logical_deduction_0001",
  "method": "last_m",
  "prefix_length": 128,
  "keep_m": 5,
  "kl_to_baseline": 0.31144540253007763,
  "token_kl": 0.007168559565519213,
  "distribution": {
    "A": 0.7239695473115122,
    "B": 0.0048780696017591526,
    "C": 0.23503849982698996,
    "D": 0.004304881314144523,
    "E": 0.03180900194559423
  }
}