{
  "question_id": "bigbench_logical_deduction_0009",
  "method": "last_m",
  "prefix_length": 38,
  "keep_m": 15,
  "kl_to_baseline": 0.6382477252239029,
  "token_kl": 0.010659628116628047,
  "distribution": {
    "A": 0.29670035275668577,
    "B": 0.005434257167065401,
    "C": 0.08500608442841533,
    "D": 0.4891761826141792,
    "E": 0.12368312303365427
  }
}