{
  "question_id": "bigbench_logical_deduction_0009",
  "method": "last_m",
  "prefix_length": 64,
  "keep_m": 3,
  "kl_to_baseline": 0.04089388910527134,
  "token_kl": 0.09319907792366273,
  "distribution": {
    "A": 0.9566568732191065,
    "B": 0.006445904364627138,
    "C": 0.022498411539508927,
    "D": 0.009378735509982477,
    "E": 0.005020075366775002
  }
}