{
  "question_id": "bigbench_logical_deduction_0009",
  "method": "last_m",
  "prefix_length": 74,
  "keep_m": 5,
  "kl_to_baseline": 0.004320635220434631,
  "distribution": {
    "A": 0.995509142704473,
    "B": 0.001165621159617421,
    "C": 0.0024676200142741654,
    "D": 0.00042880806081766544,
    "E": 0.00042880806081766544
  }
}