{
  "question_id": "bigbench_logical_deduction_0009",
  "method": "last_m",
  "prefix_length": 46,
  "keep_m": 3,
  "kl_to_baseline": 0.3547746339201895,
  "token_kl": 0.03684926819041567,
  "distribution": {
    "A": 0.1286687038173886,
    "B": 0.007258991544332005,
    "C": 0.1872118593843526,
    "D": 0.5766531579641618,
    "E": 0.10020728728976491
  }
}