{
  "question_id": "bigbench_logical_deduction_0001",
  "method": "last_m",
  "prefix_length": 65,
  "keep_m": 10,
  "kl_to_baseline": 0.028850026716734187,
  "token_kl": 0.039669872674257256,
  "distribution": {
    "A": 0.9618431905579645,
    "B": 0.0009938705085928328,
    "C": 0.029045146860013776,
    "D": 0.0007740271303636737,
    "E": 0.007343764943065179
  }
}