{
  "question_id": "bigbench_logical_deduction_0001",
  "method": "last_m",
  "prefix_length": 66,
  "keep_m": 10,
  "kl_to_baseline": 0.052193977470603364,
  "token_kl": 0.5587780173645027,
  "distribution": {
    "A": 0.9399268351186164,
    "B": 0.0005890773387142905,
    "C": 0.04129749988856243,
    "D": 0.000971224338425675,
    "E": 0.017215363315681083
  }
}