{
  "question_id": "bigbench_logical_deduction_0009",
  "method": "last_m",
  "prefix_length": 37,
  "keep_m": 10,
  "kl_to_baseline": 0.9383056699592189,
  "token_kl": 0.4913710791267336,
  "distribution": {
    "A": 0.14780834475903407,
    "B": 0.11511325464282392,
    "C": 0.5845933438098753,
    "D": 0.11511325464282392,
    "E": 0.03737180214544279
  }
}