{
  "question_id": "bigbench_logical_deduction_0009",
  "method": "last_m",
  "prefix_length": 68,
  "keep_m": 20,
  "kl_to_baseline": 0.0030514418612070777,
  "token_kl": 0.006032115993164929,
  "distribution": {
    "A": 0.9963058811735187,
    "B": 0.0003787247556574183,
    "C": 0.0008017603140183856,
    "D": 0.0021794104923757956,
    "E": 0.00033422326442966976
  }
}