{
  "question_id": "bigbench_logical_deduction_0009",
  "method": "last_m",
  "prefix_length": 32,
  "keep_m": 20,
  "kl_to_baseline": 1.0665084495551693,
  "token_kl": 1.1990905525768065,
  "distribution": {
    "A": 0.29611123875969353,
    "B": 0.05830776007096033,
    "C": 0.4308393101673144,
    "D": 0.13987304508078796,
    "E": 0.07486864592124369
  }
}