{
  "question_id": "bigbench_logical_deduction_0009",
  "method": "last_m",
  "prefix_length": 18,
  "keep_m": 10,
  "kl_to_baseline": 0.5807366929989147,
  "token_kl": 0.007523956027719403,
  "distribution": {
    "A": 0.07885072772452466,
    "B": 0.017593971310263284,
    "C": 0.6602090010743923,
    "D": 0.18915304010088782,
    "E": 0.05419325978993187
  }
}