{
  "question_id": "bookworm_nm",
  "method": "last_m",
  "prefix_length": 65,
  "keep_m": 20,
  "kl_to_baseline": 0.5228823125467601,
  "token_kl": 0.1603499901211787,
  "distribution": {
    "A": 0.5312093733737563,
    "B": 0.46879062662624377
  }
}