{
  "question_id": "bookworm_nm",
  "method": "last_m",
  "prefix_length": 65,
  "keep_m": 3,
  "kl_to_baseline": 0.7889405926520897,
  "token_kl": 0.21039085678730168,
  "distribution": {
    "A": 0.6513548511303336,
    "B": 0.3486451488696663
  }
}