{
  "question_id": "bookworm_nm",
  "method": "last_m",
  "prefix_length": 69,
  "keep_m": 5,
  "kl_to_baseline": 0.026773933391428265,
  "token_kl": 0.061652272072584974,
  "distribution": {
    "A": 0.04742587654349034,
    "B": 0.9525741234565097
  }
}