{
  "question_id": "bookworm_nm",
  "method": "last_m",
  "prefix_length": 88,
  "keep_m": 5,
  "kl_to_baseline": 0.11345494480625812,
  "token_kl": 0.05889083924201082,
  "distribution": {
    "A": 0.1645164628965632,
    "B": 0.8354835371034369
  }
}