{
  "question_id": "bookworm_nm",
  "method": "last_m",
  "prefix_length": 54,
  "keep_m": 10,
  "kl_to_baseline": 0.2923618878023077,
  "token_kl": 0.0034188800392412158,
  "distribution": {
    "A": 0.37754066879814546,
    "B": 0.6224593312018546
  }
}