{
  "question_id": "bookworm_nm",
  "method": "last_m",
  "prefix_length": 65,
  "keep_m": 15,
  "kl_to_baseline": 0.028131649625790456,
  "token_kl": 0.1690899982149931,
  "distribution": {
    "A": 0.13296424706933604,
    "B": 0.867035752930664
  }
}