{
  "question_id": "bookworm_nm",
  "method": "last_m",
  "prefix_length": 68,
  "keep_m": 10,
  "kl_to_baseline": 0.1134549182684871,
  "token_kl": 0.14059530228311307,
  "distribution": {
    "A": 0.16451644651115205,
    "B": 0.835483553488848
  }
}