{
  "question_id": "bookworm_nm",
  "method": "last_m",
  "prefix_length": 67,
  "keep_m": 10,
  "kl_to_baseline": 0.43141808248302754,
  "token_kl": 0.35296547270596185,
  "distribution": {
    "A": 0.4073333712672701,
    "B": 0.5926666287327298
  }
}