{
  "question_id": "bookworm_nm",
  "method": "last_m",
  "prefix_length": 97,
  "keep_m": 3,
  "kl_to_baseline": 0.04309456646140681,
  "token_kl": 0.1419417531184072,
  "distribution": {
    "A": 0.06754669489377622,
    "B": 0.9324533051062237
  }
}