{
  "question_id": "dilemma_15721",
  "method": "last_m",
  "prefix_length": 22,
  "keep_m": 3,
  "kl_to_baseline": 0.4779111348224726,
  "token_kl": 0.2731645736577709,
  "distribution": {
    "A": 0.46879062662624377,
    "B": 0.5312093733737563
  }
}