{
  "question_id": "dilemma_3081",
  "method": "last_m",
  "prefix_length": 37,
  "keep_m": 3,
  "kl_to_baseline": 0.15489042537790088,
  "token_kl": 0.2383829555800616,
  "distribution": {
    "A": 0.6513548511303336,
    "B": 0.3486451488696663
  }
}