{
  "question_id": "dilemma_37184",
  "method": "last_m",
  "prefix_length": 36,
  "keep_m": 5,
  "kl_to_baseline": 0.0643373676372147,
  "token_kl": 0.2641010865569988,
  "distribution": {
    "A": 0.8175744828610095,
    "B": 0.18242551713899047
  }
}