{
  "question_id": "dilemma_32747",
  "method": "last_m",
  "prefix_length": 35,
  "keep_m": 5,
  "kl_to_baseline": 0.01650003180417111,
  "token_kl": 0.3577883425388114,
  "distribution": {
    "A": 0.022977368153783692,
    "B": 0.9770226318462162
  }
}