{
  "question_id": "dilemma_24577",
  "method": "last_m",
  "prefix_length": 32,
  "keep_m": 20,
  "kl_to_baseline": 0.034478992203448695,
  "token_kl": 0.07604745800195539,
  "distribution": {
    "A": 0.1645164628965632,
    "B": 0.8354835371034369
  }
}