{
  "question_id": "dilemma_25447",
  "method": "last_m",
  "prefix_length": 35,
  "keep_m": 10,
  "kl_to_baseline": 0.0037746694687445046,
  "token_kl": 0.41112406794936707,
  "distribution": {
    "A": 0.9706877696726267,
    "B": 0.029312230327373224
  }
}