{
  "question_id": "dilemma_3081",
  "method": "last_m",
  "prefix_length": 49,
  "keep_m": 5,
  "kl_to_baseline": 0.5156118146886091,
  "token_kl": 0.4526728955809288,
  "distribution": {
    "A": 0.6224593171945417,
    "B": 0.3775406828054583
  }
}