{
  "question_id": "dilemma_32747",
  "method": "last_m",
  "prefix_length": 32,
  "keep_m": 10,
  "kl_to_baseline": 0.07692896940601683,
  "token_kl": 0.2441481351757347,
  "distribution": {
    "A": 0.07585817584273653,
    "B": 0.9241418241572634
  }
}