{
  "question_id": "dilemma_3081",
  "method": "last_m",
  "prefix_length": 52,
  "keep_m": 5,
  "kl_to_baseline": 0.7016613700427463,
  "token_kl": 0.39166026958626354,
  "distribution": {
    "A": 0.731058584489497,
    "B": 0.26894141551050293
  }
}