{
  "question_id": "dilemma_24577",
  "method": "last_m",
  "prefix_length": 29,
  "keep_m": 20,
  "kl_to_baseline": 0.24347090614829636,
  "token_kl": 0.14007712537938685,
  "distribution": {
    "A": 0.37754067580180184,
    "B": 0.622459324198198
  }
}