{
  "question_id": "dilemma_32747",
  "method": "last_m",
  "prefix_length": 27,
  "keep_m": 3,
  "kl_to_baseline": 0.058444261976311536,
  "token_kl": 0.5252944612189858,
  "distribution": {
    "A": 0.060086648490884395,
    "B": 0.9399133515091156
  }
}