{
  "question_id": "dilemma_3081",
  "method": "last_m",
  "prefix_length": 53,
  "keep_m": 15,
  "kl_to_baseline": 0.19024133844884006,
  "token_kl": 0.2579776367046372,
  "distribution": {
    "A": 0.5,
    "B": 0.5
  }
}