{
  "question_id": "dilemma_3081",
  "method": "last_m",
  "prefix_length": 22,
  "keep_m": 10,
  "kl_to_baseline": 0.2399601457722815,
  "token_kl": 0.17163279234858572,
  "distribution": {
    "A": 0.5621765008857981,
    "B": 0.4378234991142019
  }
}