{
  "question_id": "dilemma_37184",
  "method": "last_m",
  "prefix_length": 36,
  "keep_m": 20,
  "kl_to_baseline": 0.012847822003463898,
  "token_kl": 0.10855397941921559,
  "distribution": {
    "A": 0.9706877722165251,
    "B": 0.029312227783474795
  }
}