{
  "question_id": "dilemma_24577",
  "method": "last_m",
  "prefix_length": 26,
  "keep_m": 10,
  "kl_to_baseline": 0.7173132261482037,
  "token_kl": 0.25690966480736804,
  "distribution": {
    "A": 0.6791786926816161,
    "B": 0.32082130731838393
  }
}