{
  "question_id": "dilemma_32747",
  "method": "last_m",
  "prefix_length": 44,
  "keep_m": 10,
  "kl_to_baseline": 0.0008137661821340629,
  "distribution": {
    "A": 0.0014103582237956391,
    "B": 0.9985896417762044
  }
}