{
  "question_id": "dilemma_45012",
  "method": "last_m",
  "prefix_length": 34,
  "keep_m": 10,
  "kl_to_baseline": 0.14435570151193683,
  "token_kl": 0.25706687062566635,
  "distribution": {
    "A": 0.1480472036701053,
    "B": 0.8519527963298947
  }
}