{
  "question_id": "dilemma_24577",
  "method": "last_m",
  "prefix_length": 16,
  "keep_m": 10,
  "kl_to_baseline": 0.3649533935961513,
  "token_kl": 0.30845559055663274,
  "distribution": {
    "A": 0.7310585786300049,
    "B": 0.2689414213699951
  }
}