{
  "question_id": "dilemma_2081",
  "method": "last_m",
  "prefix_length": 30,
  "keep_m": 5,
  "kl_to_baseline": 0.6483849137244375,
  "token_kl": 0.36362347333784845,
  "distribution": {
    "A": 0.5926665999540697,
    "B": 0.4073334000459302
  }
}