{
  "question_id": "dilemma_24577",
  "method": "last_m",
  "prefix_length": 37,
  "keep_m": 5,
  "kl_to_baseline": 0.21676287751108958,
  "token_kl": 0.9128201916117501,
  "distribution": {
    "A": 0.9982992778668607,
    "B": 0.001700722133139294
  }
}