{
  "question_id": "dilemma_32747",
  "method": "last_m",
  "prefix_length": 18,
  "keep_m": 10,
  "kl_to_baseline": 0.0007698137908209842,
  "token_kl": 0.2126989496716843,
  "distribution": {
    "A": 0.0019267350049520064,
    "B": 0.998073264995048
  }
}