{
  "question_id": "dilemma_19599",
  "method": "last_m",
  "prefix_length": 26,
  "keep_m": 3,
  "kl_to_baseline": 0.01747580327049962,
  "token_kl": 0.8059261350781015,
  "distribution": {
    "A": 0.46879062662624377,
    "B": 0.5312093733737563
  }
}