{
  "question_id": "dilemma_19599",
  "method": "last_m",
  "prefix_length": 37,
  "keep_m": 5,
  "kl_to_baseline": 0.004177330085851083,
  "token_kl": 0.2920989174862676,
  "distribution": {
    "A": 0.8175744673038221,
    "B": 0.18242553269617778
  }
}