{
  "question_id": "dilemma_24577",
  "method": "last_m",
  "prefix_length": 40,
  "keep_m": 5,
  "kl_to_baseline": 0.885808523573069,
  "token_kl": 0.40206227433124486,
  "distribution": {
    "A": 0.9971990726218798,
    "B": 0.0028009273781201003
  }
}