{
  "question_id": "dilemma_3081",
  "method": "last_m",
  "prefix_length": 53,
  "keep_m": 10,
  "kl_to_baseline": 0.005284178570910826,
  "token_kl": 0.3234247953927978,
  "distribution": {
    "A": 0.24508501864634827,
    "B": 0.7549149813536518
  }
}