{
  "question_id": "dilemma_19599",
  "method": "last_m",
  "prefix_length": 16,
  "keep_m": 10,
  "kl_to_baseline": 0.01747608357989469,
  "token_kl": 0.049510058679347706,
  "distribution": {
    "A": 0.5926665999540697,
    "B": 0.4073334000459302
  }
}