{
  "question_id": "dilemma_3081",
  "method": "last_m",
  "prefix_length": 45,
  "keep_m": 5,
  "kl_to_baseline": 0.3278133098274742,
  "token_kl": 0.4851259707794539,
  "distribution": {
    "A": 0.5,
    "B": 0.5
  }
}