{
  "question_id": "dilemma_2081",
  "method": "last_m",
  "prefix_length": 29,
  "keep_m": 3,
  "kl_to_baseline": 0.28216556895062084,
  "token_kl": 0.7960848060853967,
  "distribution": {
    "A": 0.46879062662624377,
    "B": 0.5312093733737563
  }
}