{
  "question_id": "dilemma_3081",
  "method": "last_m",
  "prefix_length": 44,
  "keep_m": 3,
  "kl_to_baseline": 0.05867911864334899,
  "token_kl": 0.18171339535857112,
  "distribution": {
    "A": 0.2942149597859341,
    "B": 0.7057850402140659
  }
}