{
  "question_id": "dilemma_32747",
  "method": "last_m",
  "prefix_length": 15,
  "keep_m": 3,
  "kl_to_baseline": 0.002067850055022083,
  "token_kl": 0.19023376724210764,
  "distribution": {
    "A": 0.0015011822366696908,
    "B": 0.9984988177633303
  }
}