{
  "question_id": "dilemma_3081",
  "method": "last_m",
  "prefix_length": 25,
  "keep_m": 5,
  "kl_to_baseline": 0.06317446748690259,
  "token_kl": 0.23811758257756577,
  "distribution": {
    "A": 0.32082130082460697,
    "B": 0.679178699175393
  }
}