{
  "question_id": "dilemma_2081",
  "method": "last_m",
  "prefix_length": 37,
  "keep_m": 5,
  "kl_to_baseline": 0.08041248252690474,
  "token_kl": 0.48994791256063125,
  "distribution": {
    "A": 0.26894141551050293,
    "B": 0.731058584489497
  }
}