{
  "question_id": "dilemma_12903",
  "method": "last_m",
  "prefix_length": 29,
  "keep_m": 3,
  "kl_to_baseline": 0.013813989941945826,
  "token_kl": 0.20171986306578665,
  "distribution": {
    "A": 0.679178699175393,
    "B": 0.32082130082460697
  }
}