{
  "question_id": "dilemma_12903",
  "method": "last_m",
  "prefix_length": 31,
  "keep_m": 20,
  "kl_to_baseline": 1.7659371637435568,
  "token_kl": 0.17849543893943914,
  "distribution": {
    "A": 0.8933094159957173,
    "B": 0.10669058400428263
  }
}