{
  "question_id": "dilemma_14224",
  "method": "last_m",
  "prefix_length": 18,
  "keep_m": 3,
  "kl_to_baseline": 0.0875480563639097,
  "token_kl": 0.06318184051371345,
  "distribution": {
    "A": 0.9149009607937928,
    "B": 0.08509903920620716
  }
}