{
  "question_id": "dilemma_3081",
  "method": "last_m",
  "prefix_length": 43,
  "keep_m": 3,
  "kl_to_baseline": 0.04991957016025292,
  "token_kl": 0.24999733481160247,
  "distribution": {
    "A": 0.24508500761839525,
    "B": 0.7549149923816048
  }
}