{
  "question_id": "dilemma_45012",
  "method": "last_m",
  "prefix_length": 30,
  "keep_m": 20,
  "kl_to_baseline": 0.1286664780431111,
  "token_kl": 0.06035926777365156,
  "distribution": {
    "A": 0.1329642264548166,
    "B": 0.8670357735451834
  }
}