{
  "question_id": "dilemma_24577",
  "method": "last_m",
  "prefix_length": 33,
  "keep_m": 5,
  "kl_to_baseline": 0.05548705475727937,
  "token_kl": 0.37327418462638623,
  "distribution": {
    "A": 0.18242552825126704,
    "B": 0.817574471748733
  }
}