{
  "question_id": "dilemma_45012",
  "method": "last_m",
  "prefix_length": 32,
  "keep_m": 20,
  "kl_to_baseline": 0.019921038193398324,
  "token_kl": 0.8795383085024802,
  "distribution": {
    "A": 0.025957357621645773,
    "B": 0.9740426423783543
  }
}