{
  "question_id": "dilemma_32747",
  "method": "last_m",
  "prefix_length": 26,
  "keep_m": 20,
  "kl_to_baseline": 0.00010580882261860777,
  "token_kl": 0.11011334440840546,
  "distribution": {
    "A": 0.0019267348160063211,
    "B": 0.9980732651839936
  }
}