{
  "question_id": "dilemma_15721",
  "method": "last_m",
  "prefix_length": 27,
  "keep_m": 20,
  "kl_to_baseline": 0.09647599367321574,
  "token_kl": 0.12259091669290502,
  "distribution": {
    "A": 0.14804719051380197,
    "B": 0.851952809486198
  }
}