{
  "question_id": "dilemma_24577",
  "method": "last_m",
  "prefix_length": 31,
  "keep_m": 5,
  "kl_to_baseline": 0.48808833558883846,
  "token_kl": 0.1887974632114654,
  "distribution": {
    "A": 0.5926665999540697,
    "B": 0.4073334000459302
  }
}