{
  "question_id": "dilemma_15721",
  "method": "last_m",
  "prefix_length": 30,
  "keep_m": 10,
  "kl_to_baseline": 0.34207862322387916,
  "token_kl": 0.11115305196626972,
  "distribution": {
    "A": 0.34864513533394575,
    "B": 0.6513548646660542
  }
}