{
  "question_id": "dilemma_3081",
  "method": "last_m",
  "prefix_length": 52,
  "keep_m": 15,
  "kl_to_baseline": 0.06317448038770639,
  "token_kl": 0.26707674201484505,
  "distribution": {
    "A": 0.3208213138121609,
    "B": 0.6791786861878392
  }
}