{
  "question_id": "dilemma_48618",
  "method": "last_m",
  "prefix_length": 31,
  "keep_m": 15,
  "kl_to_baseline": 0.01582692969316904,
  "token_kl": 0.22316412544160774,
  "distribution": {
    "A": 0.9399133439350607,
    "B": 0.06008665606493926
  }
}