{
  "question_id": "dilemma_15721",
  "method": "last_m",
  "prefix_length": 37,
  "keep_m": 20,
  "kl_to_baseline": 0.18919358083256782,
  "token_kl": 0.28246808366624704,
  "distribution": {
    "A": 0.6513548646660542,
    "B": 0.34864513533394575
  }
}