{
  "question_id": "dilemma_45012",
  "method": "last_m",
  "prefix_length": 28,
  "keep_m": 10,
  "kl_to_baseline": 0.027884076735564207,
  "token_kl": 0.2390106195511134,
  "distribution": {
    "A": 0.03732688359596404,
    "B": 0.962673116404036
  }
}