{
  "question_id": "dilemma_2081",
  "method": "last_m",
  "prefix_length": 46,
  "keep_m": 10,
  "kl_to_baseline": 0.030914783479356236,
  "token_kl": 0.6161045955805758,
  "distribution": {
    "A": 0.1192029188930649,
    "B": 0.880797081106935
  }
}