{
  "question_id": "dilemma_15721",
  "method": "last_m",
  "prefix_length": 28,
  "keep_m": 5,
  "kl_to_baseline": 0.2769144388992859,
  "token_kl": 0.16939951635967584,
  "distribution": {
    "A": 0.3775406828054583,
    "B": 0.6224593171945417
  }
}