{
  "question_id": "dilemma_24577",
  "method": "last_m",
  "prefix_length": 21,
  "keep_m": 15,
  "kl_to_baseline": 0.0073929030985754665,
  "token_kl": 0.14703217065509896,
  "distribution": {
    "A": 0.14804720179063335,
    "B": 0.8519527982093668
  }
}