{
  "question_id": "dilemma_24577",
  "method": "last_m",
  "prefix_length": 20,
  "keep_m": 5,
  "kl_to_baseline": 0.18788247293822075,
  "token_kl": 0.5786168703262606,
  "distribution": {
    "A": 0.37754066879814546,
    "B": 0.6224593312018546
  }
}