{
  "question_id": "dilemma_3081",
  "method": "last_m",
  "prefix_length": 44,
  "keep_m": 15,
  "kl_to_baseline": 0.273840423699174,
  "token_kl": 0.08274740560312292,
  "distribution": {
    "A": 0.5,
    "B": 0.5
  }
}