{
  "question_id": "dilemma_23322",
  "method": "last_m",
  "prefix_length": 34,
  "keep_m": 10,
  "kl_to_baseline": 0.016560660921561894,
  "token_kl": 0.5281605222497265,
  "distribution": {
    "A": 0.037326887210266405,
    "B": 0.9626731127897337
  }
}