{
  "question_id": "dilemma_32747",
  "method": "last_m",
  "prefix_length": 26,
  "keep_m": 3,
  "kl_to_baseline": 0.04858743991684115,
  "token_kl": 1.1056554216228398,
  "distribution": {
    "A": 0.05340332565681314,
    "B": 0.9465966743431868
  }
}