{
  "question_id": "dilemma_3081",
  "method": "last_m",
  "prefix_length": 37,
  "keep_m": 5,
  "kl_to_baseline": 0.31856955402459075,
  "token_kl": 0.16440717686029566,
  "distribution": {
    "A": 0.7549149813536518,
    "B": 0.24508501864634827
  }
}