{
  "question_id": "dilemma_19599",
  "method": "last_m",
  "prefix_length": 36,
  "keep_m": 5,
  "kl_to_baseline": 0.04202404772388427,
  "token_kl": 0.2263085225101315,
  "distribution": {
    "A": 0.8807970842359877,
    "B": 0.11920291576401235
  }
}