{
  "question_id": "dilemma_24577",
  "method": "last_m",
  "prefix_length": 35,
  "keep_m": 3,
  "kl_to_baseline": 0.5384397106369392,
  "token_kl": 0.37577901530446206,
  "distribution": {
    "A": 0.5621765008857981,
    "B": 0.4378234991142019
  }
}