{
  "question_id": "dilemma_19599",
  "method": "last_m",
  "prefix_length": 35,
  "keep_m": 10,
  "kl_to_baseline": 0.0012272788524640976,
  "token_kl": 1.1259397175670713,
  "distribution": {
    "A": 0.817574478416099,
    "B": 0.18242552158390105
  }
}