{
  "question_id": "dilemma_12903",
  "method": "last_m",
  "prefix_length": 34,
  "keep_m": 20,
  "kl_to_baseline": 0.12324401409074848,
  "token_kl": 0.09671133044729723,
  "distribution": {
    "A": 0.6513548646660542,
    "B": 0.34864513533394575
  }
}