{
  "question_id": "dilemma_15721",
  "method": "last_m",
  "prefix_length": 27,
  "keep_m": 15,
  "kl_to_baseline": 0.09647600699491216,
  "token_kl": 0.17489110741911085,
  "distribution": {
    "A": 0.1480472036701053,
    "B": 0.8519527963298947
  }
}