{
  "question_id": "dilemma_2081",
  "method": "last_m",
  "prefix_length": 35,
  "keep_m": 15,
  "kl_to_baseline": 0.09461117442151804,
  "token_kl": 0.5922056350427045,
  "distribution": {
    "A": 0.32082130082460697,
    "B": 0.679178699175393
  }
}