{
  "question_id": "dilemma_31754",
  "method": "last_m",
  "prefix_length": 31,
  "keep_m": 20,
  "kl_to_baseline": 4.776617114390665e-16,
  "token_kl": 0.08140975239255177,
  "distribution": {
    "A": 0.6224593452091672,
    "B": 0.3775406547908327
  }
}