{
  "question_id": "dilemma_32747",
  "method": "last_m",
  "prefix_length": 27,
  "keep_m": 20,
  "kl_to_baseline": 0.00862050537331865,
  "token_kl": 0.08216272250807956,
  "distribution": {
    "A": 0.01098694392594878,
    "B": 0.9890130560740511
  }
}