{
  "question_id": "dilemma_23322",
  "method": "last_m",
  "prefix_length": 35,
  "keep_m": 20,
  "kl_to_baseline": 0.009814288680647406,
  "token_kl": 0.19449969720137708,
  "distribution": {
    "A": 0.03732689015525377,
    "B": 0.9626731098447463
  }
}