{
  "question_id": "dilemma_3081",
  "method": "last_m",
  "prefix_length": 43,
  "keep_m": 10,
  "kl_to_baseline": 0.0239828169751784,
  "token_kl": 0.14053193292852165,
  "distribution": {
    "A": 0.2018132198600306,
    "B": 0.7981867801399695
  }
}