{
  "question_id": "gpqa_gpqa_diamond_0031",
  "method": "last_m",
  "prefix_length": 220,
  "keep_m": 3,
  "kl_to_baseline": 1.3249146606662177,
  "token_kl": 0.8927664022776363,
  "distribution": {
    "A": 0.22633362064867169,
    "B": 0.09434989022475462,
    "C": 0.4228468970115174,
    "D": 0.2564695921150562
  }
}