{
  "question_id": "gpqa_gpqa_diamond_0023",
  "method": "last_m",
  "prefix_length": 273,
  "keep_m": 10,
  "kl_to_baseline": 0.042158562288169284,
  "token_kl": 0.6599352294140086,
  "distribution": {
    "A": 0.6137512145695148,
    "B": 0.15518060901642833,
    "C": 0.13694639047290627,
    "D": 0.09412178594115062
  }
}