{
  "question_id": "gpqa_gpqa_diamond_0031",
  "method": "last_m",
  "prefix_length": 216,
  "keep_m": 5,
  "kl_to_baseline": 1.5832969792832228,
  "token_kl": 0.1975291365500413,
  "distribution": {
    "A": 0.18453013004424873,
    "B": 0.07692359353177586,
    "C": 0.5016048993024659,
    "D": 0.2369413771215096
  }
}