{
  "question_id": "gpqa_gpqa_diamond_0020",
  "method": "last_m",
  "prefix_length": 70,
  "keep_m": 10,
  "kl_to_baseline": 0.0028233871926088778,
  "token_kl": 0.014158359072798714,
  "distribution": {
    "A": 0.003587033569494175,
    "B": 0.9945848887315281,
    "C": 0.001027702324158611,
    "D": 0.0008003753748190292
  }
}