{
  "question_id": "gpqa_gpqa_diamond_0031",
  "method": "last_m",
  "prefix_length": 199,
  "keep_m": 5,
  "kl_to_baseline": 0.041676471773828924,
  "token_kl": 0.3888912890153202,
  "distribution": {
    "A": 0.8870143668673783,
    "B": 0.014337248500219425,
    "C": 0.06425510522176327,
    "D": 0.03439327941063904
  }
}