{
  "question_id": "gpqa_gpqa_diamond_0001",
  "method": "last_m",
  "prefix_length": 299,
  "keep_m": 3,
  "kl_to_baseline": 0.08921106747846502,
  "token_kl": 0.5833982461532647,
  "distribution": {
    "A": 0.2603947733385217,
    "B": 0.15793741365873518,
    "C": 0.20279565338374164,
    "D": 0.3788721596190015
  }
}