{
  "question_id": "gpqa_gpqa_diamond_0009",
  "method": "last_m",
  "prefix_length": 109,
  "keep_m": 15,
  "kl_to_baseline": 2.1733202618025467,
  "token_kl": 0.4515544711026357,
  "distribution": {
    "A": 0.7150878048608406,
    "B": 0.14080914596611682,
    "C": 0.05869798497664135,
    "D": 0.08540506419640133
  }
}