{
  "question_id": "gpqa_gpqa_diamond_0011",
  "method": "last_m",
  "prefix_length": 87,
  "keep_m": 10,
  "kl_to_baseline": 0.014495360472355064,
  "token_kl": 0.15291349323668346,
  "distribution": {
    "A": 0.07708545698222453,
    "B": 0.7313664744687444,
    "C": 0.16318991371196498,
    "D": 0.02835815483706602
  }
}