{
  "question_id": "gpqa_gpqa_diamond_0009",
  "method": "last_m",
  "prefix_length": 110,
  "keep_m": 15,
  "kl_to_baseline": 0.9683345607082101,
  "token_kl": 0.16138956065429375,
  "distribution": {
    "A": 0.4313793676370409,
    "B": 0.10906978495185655,
    "C": 0.12359225809452766,
    "D": 0.3359585893165749
  }
}