{
  "question_id": "gpqa_gpqa_diamond_0004",
  "method": "last_m",
  "prefix_length": 78,
  "keep_m": 15,
  "kl_to_baseline": 0.021437856855148086,
  "token_kl": 0.13344053240489098,
  "distribution": {
    "A": 0.0035206556223658734,
    "B": 0.01577848382318139,
    "C": 0.9761802492519304,
    "D": 0.00452061130252238
  }
}