{
  "question_id": "gpqa_gpqa_diamond_0023",
  "method": "last_m",
  "prefix_length": 321,
  "keep_m": 10,
  "kl_to_baseline": 0.23616215397887372,
  "token_kl": 0.6617444378057418,
  "distribution": {
    "A": 0.5242370685094152,
    "B": 0.13254788060731618,
    "C": 0.28060386544766314,
    "D": 0.06261118543560552
  }
}