{
  "question_id": "gpqa_gpqa_diamond_0017",
  "method": "last_m",
  "prefix_length": 36,
  "keep_m": 15,
  "kl_to_baseline": 0.0084683413814892,
  "token_kl": 0.015031917494263754,
  "distribution": {
    "A": 0.8813902560509399,
    "B": 0.030159517857947973,
    "C": 0.03872558748465303,
    "D": 0.04972463860645919
  }
}