{
  "question_id": "gpqa_gpqa_diamond_0009",
  "method": "last_m",
  "prefix_length": 95,
  "keep_m": 10,
  "kl_to_baseline": 2.150898221870869,
  "token_kl": 0.5284494367878189,
  "distribution": {
    "A": 0.5338118871851503,
    "B": 0.323773276096855,
    "C": 0.049652240021107075,
    "D": 0.0927625966968877
  }
}