{
  "question_id": "gpqa_gpqa_diamond_0001",
  "method": "last_m",
  "prefix_length": 31,
  "keep_m": 5,
  "kl_to_baseline": 0.06983450108543861,
  "token_kl": 0.20297512971636905,
  "distribution": {
    "A": 0.2913322175823344,
    "B": 0.12144535109620373,
    "C": 0.2570997796395115,
    "D": 0.33012265168195026
  }
}