{
  "question_id": "gpqa_gpqa_diamond_0009",
  "method": "last_m",
  "prefix_length": 89,
  "keep_m": 15,
  "kl_to_baseline": 2.255350830552172,
  "token_kl": 0.06911763124228051,
  "distribution": {
    "A": 0.6594021547015814,
    "B": 0.21407654926523692,
    "C": 0.04776693472157554,
    "D": 0.0787543613116061
  }
}