{
  "question_id": "gpqa_gpqa_diamond_0020",
  "method": "last_m",
  "prefix_length": 53,
  "keep_m": 10,
  "kl_to_baseline": 0.15511573520602295,
  "token_kl": 0.4370805546357697,
  "distribution": {
    "A": 0.2620172748931391,
    "B": 0.6285467673337369,
    "C": 0.024371402988555335,
    "D": 0.08506455478456859
  }
}