{
  "question_id": "gpqa_gpqa_diamond_0031",
  "method": "last_m",
  "prefix_length": 20,
  "keep_m": 5,
  "kl_to_baseline": 0.10135602605763441,
  "token_kl": 0.18789725004111676,
  "distribution": {
    "A": 0.17121740442768937,
    "B": 0.0555861461757564,
    "C": 0.41072920137875685,
    "D": 0.36246724801779745
  }
}