{
  "question_id": "gpqa_gpqa_diamond_0031",
  "method": "last_m",
  "prefix_length": 102,
  "keep_m": 5,
  "kl_to_baseline": 1.7028007946080321,
  "token_kl": 0.050221586836073306,
  "distribution": {
    "A": 0.1358403151769103,
    "B": 0.06416642140337006,
    "C": 0.4741292874171258,
    "D": 0.3258639760025939
  }
}