{
  "question_id": "gpqa_gpqa_diamond_0031",
  "method": "last_m",
  "prefix_length": 284,
  "keep_m": 20,
  "kl_to_baseline": 0.01282862826884688,
  "token_kl": 0.28093112906741335,
  "distribution": {
    "A": 0.9545160842448362,
    "B": 0.0064314793843944715,
    "C": 0.02543699440716214,
    "D": 0.01361544196360717
  }
}