{
  "question_id": "gpqa_gpqa_diamond_0023",
  "method": "last_m",
  "prefix_length": 337,
  "keep_m": 20,
  "kl_to_baseline": 0.05652237977051803,
  "token_kl": 0.2744277987432188,
  "distribution": {
    "A": 0.5113041766113304,
    "B": 0.24152297691208546,
    "C": 0.14649109052224632,
    "D": 0.1006817559543377
  }
}