{
  "question_id": "gpqa_gpqa_diamond_0011",
  "method": "last_m",
  "prefix_length": 83,
  "keep_m": 3,
  "kl_to_baseline": 0.02565497196093406,
  "token_kl": 0.3099535156525137,
  "distribution": {
    "A": 0.023526917311513285,
    "B": 0.7791044535272992,
    "C": 0.17384171184967434,
    "D": 0.023526917311513285
  }
}