{
  "question_id": "gpqa_gpqa_diamond_0023",
  "method": "last_m",
  "prefix_length": 372,
  "keep_m": 10,
  "kl_to_baseline": 0.8075263725039048,
  "token_kl": 0.7251980237050277,
  "distribution": {
    "A": 0.2360647713692243,
    "B": 0.2360647713692243,
    "C": 0.44102708108997685,
    "D": 0.08684337617157453
  }
}