{
  "question_id": "gpqa_gpqa_diamond_0031",
  "method": "last_m",
  "prefix_length": 179,
  "keep_m": 20,
  "kl_to_baseline": 0.6572311211897313,
  "token_kl": 0.5424189050092852,
  "distribution": {
    "A": 0.3709891372592502,
    "B": 0.08277886560998432,
    "C": 0.3709891372592502,
    "D": 0.17524285987151517
  }
}