{
  "question_id": "gpqa_gpqa_diamond_0009",
  "method": "last_m",
  "prefix_length": 101,
  "keep_m": 10,
  "kl_to_baseline": 2.165390506352989,
  "token_kl": 0.22633753609096982,
  "distribution": {
    "A": 0.7620353491719251,
    "B": 0.13242188767424232,
    "C": 0.04299109256569301,
    "D": 0.06255167058813971
  }
}