{
  "question_id": "gpqa_gpqa_diamond_0002",
  "method": "last_m",
  "prefix_length": 99,
  "keep_m": 15,
  "kl_to_baseline": 0.006095779291116838,
  "token_kl": 0.38165716023112867,
  "distribution": {
    "A": 0.001690135826576112,
    "B": 0.004054425077822095,
    "C": 0.002170177358978273,
    "D": 0.9920852617366236
  }
}