{
  "question_id": "gpqa_gpqa_diamond_0031",
  "method": "last_m",
  "prefix_length": 82,
  "keep_m": 3,
  "kl_to_baseline": 1.7385590529286898,
  "token_kl": 0.14092301421869233,
  "distribution": {
    "A": 0.15574312177508146,
    "B": 0.07356783277604968,
    "C": 0.47972258779469856,
    "D": 0.29096645765417023
  }
}