{
  "question_id": "gpqa_gpqa_diamond_0001",
  "method": "last_m",
  "prefix_length": 372,
  "keep_m": 20,
  "kl_to_baseline": 0.1428549120546261,
  "token_kl": 0.18830483749316262,
  "distribution": {
    "A": 0.949982513273418,
    "B": 0.0253161772185398,
    "C": 0.004985050865868926,
    "D": 0.019716258642173252
  }
}