{
  "question_id": "gpqa_gpqa_diamond_0020",
  "method": "last_m",
  "prefix_length": 59,
  "keep_m": 10,
  "kl_to_baseline": 0.007180470941843334,
  "token_kl": 0.24713503806694023,
  "distribution": {
    "A": 0.3562613080289046,
    "B": 0.5873755964747053,
    "C": 0.01381374999991388,
    "D": 0.04254934549647618
  }
}