{
  "question_id": "gpqa_gpqa_diamond_0011",
  "method": "last_m",
  "prefix_length": 84,
  "keep_m": 5,
  "kl_to_baseline": 0.18132453304013393,
  "token_kl": 0.16185390092144106,
  "distribution": {
    "A": 0.02987051811583284,
    "B": 0.872944459085959,
    "C": 0.08119648660092513,
    "D": 0.015988536197283063
  }
}