{
  "question_id": "gpqa_gpqa_diamond_0009",
  "method": "last_m",
  "prefix_length": 124,
  "keep_m": 3,
  "kl_to_baseline": 0.12749054352255385,
  "token_kl": 0.05271172145998696,
  "distribution": {
    "A": 0.11694714646522282,
    "B": 0.012326135613377169,
    "C": 0.006597704956535064,
    "D": 0.8641290129648649
  }
}