{
  "question_id": "gpqa_gpqa_diamond_0031",
  "method": "last_m",
  "prefix_length": 71,
  "keep_m": 3,
  "kl_to_baseline": 0.9324142291597467,
  "token_kl": 0.3702676830215297,
  "distribution": {
    "A": 0.3176829708111622,
    "B": 0.01792245107230176,
    "C": 0.07088465215352358,
    "D": 0.5935099259630124
  }
}