{
  "question_id": "gpqa_gpqa_diamond_0031",
  "method": "last_m",
  "prefix_length": 91,
  "keep_m": 3,
  "kl_to_baseline": 1.7424848122777121,
  "token_kl": 0.0679687720508105,
  "distribution": {
    "A": 0.12795650455533344,
    "B": 0.077609543122469,
    "C": 0.4466121111562976,
    "D": 0.3478218411659
  }
}