{
  "question_id": "gpqa_gpqa_diamond_0011",
  "method": "last_m",
  "prefix_length": 87,
  "keep_m": 3,
  "kl_to_baseline": 0.5689116911578728,
  "token_kl": 0.24460684386870302,
  "distribution": {
    "A": 0.0861992068043396,
    "B": 0.2655122175105719,
    "C": 0.5620893688807489,
    "D": 0.0861992068043396
  }
}