{
  "question_id": "gpqa_gpqa_diamond_0017",
  "method": "last_m",
  "prefix_length": 103,
  "keep_m": 15,
  "kl_to_baseline": 0.21282975530976428,
  "token_kl": 0.6587498180940942,
  "distribution": {
    "A": 0.8727948954368095,
    "B": 0.06322504357129109,
    "C": 0.043453894597640444,
    "D": 0.020526166394258822
  }
}