{
  "question_id": "gpqa_gpqa_diamond_0023",
  "method": "last_m",
  "prefix_length": 335,
  "keep_m": 15,
  "kl_to_baseline": 0.12202804277895962,
  "token_kl": 0.20046314619119418,
  "distribution": {
    "A": 0.3888795637837316,
    "B": 0.2672727549294688,
    "C": 0.2672727549294688,
    "D": 0.07657492635733082
  }
}