{
  "question_id": "gpqa_gpqa_diamond_0001",
  "method": "last_m",
  "prefix_length": 15,
  "keep_m": 3,
  "kl_to_baseline": 0.040485461662909075,
  "token_kl": 0.1880722090598761,
  "distribution": {
    "A": 0.2733282987261871,
    "B": 0.18785560930468453,
    "C": 0.18785560930468453,
    "D": 0.35096048266444385
  }
}