{
  "question_id": "gpqa_gpqa_diamond_0031",
  "method": "last_m",
  "prefix_length": 64,
  "keep_m": 5,
  "kl_to_baseline": 0.001822177159272102,
  "token_kl": 0.12078562154048342,
  "distribution": {
    "A": 0.9855431480349502,
    "B": 0.00190254553115964,
    "C": 0.004027688921071328,
    "D": 0.008526617512818687
  }
}