{
  "question_id": "gpqa_gpqa_diamond_0031",
  "method": "last_m",
  "prefix_length": 64,
  "keep_m": 3,
  "kl_to_baseline": 1.6255555201798149,
  "token_kl": 0.15770549839298076,
  "distribution": {
    "A": 0.17310482825313472,
    "B": 0.026546485197456515,
    "C": 0.6041952181959704,
    "D": 0.19615346835343828
  }
}