{
  "question_id": "gpqa_gpqa_diamond_0011",
  "method": "last_m",
  "prefix_length": 39,
  "keep_m": 3,
  "kl_to_baseline": 0.09583555967123988,
  "token_kl": 0.011122564943086466,
  "distribution": {
    "A": 0.11782594600037827,
    "B": 0.2826497508486088,
    "C": 0.5280592543921383,
    "D": 0.07146504875887456
  }
}