{
  "question_id": "gpqa_gpqa_diamond_0031",
  "method": "last_m",
  "prefix_length": 140,
  "keep_m": 20,
  "kl_to_baseline": 1.9878937344361418,
  "token_kl": 0.8101757680549345,
  "distribution": {
    "A": 0.07570703060886894,
    "B": 0.013155909255826707,
    "C": 0.09720975152374452,
    "D": 0.8139273086115597
  }
}