{
  "question_id": "gpqa_gpqa_diamond_0009",
  "method": "last_m",
  "prefix_length": 85,
  "keep_m": 3,
  "kl_to_baseline": 1.9644930942486416,
  "token_kl": 0.08510028249281067,
  "distribution": {
    "A": 0.6773229398827998,
    "B": 0.1712540583492497,
    "C": 0.03372192351506755,
    "D": 0.11770107825288291
  }
}