{
  "question_id": "gpqa_gpqa_diamond_0031",
  "method": "last_m",
  "prefix_length": 218,
  "keep_m": 5,
  "kl_to_baseline": 1.9565240155071648,
  "token_kl": 1.499228415249849,
  "distribution": {
    "A": 0.11831297240754513,
    "B": 0.09214223555850166,
    "C": 0.4679368274062062,
    "D": 0.3216079646277471
  }
}