{
  "question_id": "gpqa_gpqa_diamond_0002",
  "method": "last_m",
  "prefix_length": 16,
  "keep_m": 3,
  "kl_to_baseline": 0.156682464544249,
  "token_kl": 0.14133878239124684,
  "distribution": {
    "A": 0.16535494544104495,
    "B": 0.27262421576411,
    "C": 0.39666589335380015,
    "D": 0.16535494544104495
  }
}