{
  "question_id": "gpqa_gpqa_diamond_0009",
  "method": "last_m",
  "prefix_length": 94,
  "keep_m": 15,
  "kl_to_baseline": 1.782822464303869,
  "token_kl": 0.5794480012750749,
  "distribution": {
    "A": 0.7095423625301379,
    "B": 0.08474274794242449,
    "C": 0.06599771845718289,
    "D": 0.1397171710702548
  }
}