{
  "question_id": "gpqa_gpqa_diamond_0031",
  "method": "last_m",
  "prefix_length": 179,
  "keep_m": 15,
  "kl_to_baseline": 0.9421636844575307,
  "token_kl": 0.7549641289846869,
  "distribution": {
    "A": 0.2645751904745729,
    "B": 0.08589498838937543,
    "C": 0.38495463066147884,
    "D": 0.2645751904745729
  }
}