{
  "question_id": "gpqa_gpqa_diamond_0003",
  "method": "last_m",
  "prefix_length": 37,
  "keep_m": 10,
  "kl_to_baseline": 0.015489438425652365,
  "token_kl": 0.2778011741980369,
  "distribution": {
    "A": 0.03302773555729998,
    "B": 0.0008801595495122605,
    "C": 0.9652119453436756,
    "D": 0.0008801595495122605
  }
}