{
  "question_id": "gpqa_gpqa_diamond_0023",
  "method": "last_m",
  "prefix_length": 314,
  "keep_m": 15,
  "kl_to_baseline": 0.13076559190020912,
  "token_kl": 0.5262769861648959,
  "distribution": {
    "A": 0.377908883311102,
    "B": 0.17851151645987165,
    "C": 0.377908883311102,
    "D": 0.06567071691792431
  }
}