{
  "question_id": "gpqa_gpqa_diamond_0001",
  "method": "last_m",
  "prefix_length": 314,
  "keep_m": 5,
  "kl_to_baseline": 0.19248559732084491,
  "token_kl": 0.02500316782281554,
  "distribution": {
    "A": 0.23054817140000738,
    "B": 0.23054817140000738,
    "C": 0.20345804715704893,
    "D": 0.33544561004293627
  }
}