{
  "question_id": "gpqa_gpqa_diamond_0023",
  "method": "last_m",
  "prefix_length": 93,
  "keep_m": 15,
  "kl_to_baseline": 0.11864215684526931,
  "token_kl": 0.8212468009327681,
  "distribution": {
    "A": 0.5256467522494865,
    "B": 0.17065252524838184,
    "C": 0.24829795911931138,
    "D": 0.055402763382820235
  }
}