{
  "question_id": "gpqa_gpqa_diamond_0023",
  "method": "last_m",
  "prefix_length": 307,
  "keep_m": 15,
  "kl_to_baseline": 0.12807363300507055,
  "token_kl": 0.20044567551031794,
  "distribution": {
    "A": 0.421974674485981,
    "B": 0.15523581669117942,
    "C": 0.32863422651410895,
    "D": 0.09415528230873049
  }
}