{
  "question_id": "gpqa_gpqa_diamond_0007",
  "method": "last_m",
  "prefix_length": 63,
  "keep_m": 20,
  "kl_to_baseline": 0.0028606620732181927,
  "token_kl": 0.05074486748970839,
  "distribution": {
    "A": 0.9886051430634829,
    "B": 0.0016842075366474854,
    "C": 0.00855311161667276,
    "D": 0.0011575377831967702
  }
}