{
  "question_id": "gpqa_gpqa_diamond_0023",
  "method": "last_m",
  "prefix_length": 306,
  "keep_m": 3,
  "kl_to_baseline": 0.1460238989261818,
  "token_kl": 0.801891837592396,
  "distribution": {
    "A": 0.3497273599358086,
    "B": 0.2121203663414236,
    "C": 0.3497273599358086,
    "D": 0.08842491378695916
  }
}