{
  "question_id": "gpqa_gpqa_diamond_0009",
  "method": "last_m",
  "prefix_length": 67,
  "keep_m": 5,
  "kl_to_baseline": 0.0009240809121846946,
  "token_kl": 0.5223936954479264,
  "distribution": {
    "A": 0.008537986191989633,
    "B": 0.002446173999531098,
    "C": 0.0021587409777691657,
    "D": 0.98685709883071
  }
}