{
  "question_id": "gpqa_gpqa_diamond_0020",
  "method": "last_m",
  "prefix_length": 46,
  "keep_m": 10,
  "kl_to_baseline": 0.30989779516064664,
  "token_kl": 0.07625264316044972,
  "distribution": {
    "A": 0.6850556030832333,
    "B": 0.22240499181863402,
    "C": 0.03630661686175133,
    "D": 0.05623278823638137
  }
}