{
  "question_id": "gpqa_gpqa_diamond_0007",
  "method": "last_m",
  "prefix_length": 201,
  "keep_m": 3,
  "kl_to_baseline": 0.00563253394969288,
  "token_kl": 0.9563917897095634,
  "distribution": {
    "A": 0.990580587546764,
    "B": 0.0006208232745837266,
    "C": 0.008570200950428155,
    "D": 0.00022838822822405396
  }
}