{
  "question_id": "gpqa_gpqa_diamond_0026",
  "method": "last_m",
  "prefix_length": 92,
  "keep_m": 3,
  "kl_to_baseline": 0.1338337248561155,
  "token_kl": 0.9877265482953064,
  "distribution": {
    "A": 0.03433317425456589,
    "B": 0.8854641684892519,
    "C": 0.023596822572025365,
    "D": 0.0566058346841568
  }
}