{
  "question_id": "gpqa_gpqa_diamond_0031",
  "method": "last_m",
  "prefix_length": 282,
  "keep_m": 3,
  "kl_to_baseline": 0.002756999998884509,
  "token_kl": 0.7247318354275508,
  "distribution": {
    "A": 0.9833779106886589,
    "B": 0.0035466150631608432,
    "C": 0.010924343474174519,
    "D": 0.0021511307740057096
  }
}