{
  "question_id": "gpqa_gpqa_diamond_0001",
  "method": "last_m",
  "prefix_length": 173,
  "keep_m": 15,
  "kl_to_baseline": 0.05178767721519938,
  "token_kl": 0.7527478572192461,
  "distribution": {
    "A": 0.2866128117777278,
    "B": 0.2529349186349064,
    "C": 0.17383945780963805,
    "D": 0.2866128117777278
  }
}