{
  "question_id": "gpqa_gpqa_diamond_0002",
  "method": "last_m",
  "prefix_length": 66,
  "keep_m": 5,
  "kl_to_baseline": 0.003802340169490722,
  "token_kl": 0.09503083779097676,
  "distribution": {
    "A": 0.0019214862272058672,
    "B": 0.0016957056438681379,
    "C": 0.0010284974628537774,
    "D": 0.9953543106660723
  }
}