{
  "question_id": "gpqa_gpqa_diamond_0026",
  "method": "last_m",
  "prefix_length": 39,
  "keep_m": 20,
  "kl_to_baseline": 0.003495571296696036,
  "token_kl": 0.22971310664190198,
  "distribution": {
    "A": 0.003588747681498114,
    "B": 0.9950601421918861,
    "C": 0.0005503522817109571,
    "D": 0.0008007578449049804
  }
}