{
  "question_id": "gpqa_gpqa_diamond_0031",
  "method": "last_m",
  "prefix_length": 167,
  "keep_m": 10,
  "kl_to_baseline": 1.6562302972357832,
  "token_kl": 0.03925971998174997,
  "distribution": {
    "A": 0.15574311595594786,
    "B": 0.07356783879725522,
    "C": 0.4797225984641995,
    "D": 0.2909664467825974
  }
}