{
  "question_id": "gpqa_gpqa_diamond_0031",
  "method": "last_m",
  "prefix_length": 140,
  "keep_m": 5,
  "kl_to_baseline": 1.6652173764759515,
  "token_kl": 1.5284819718565088,
  "distribution": {
    "A": 0.1099243271857115,
    "B": 0.05883825239841282,
    "C": 0.4926466557124687,
    "D": 0.338590764703407
  }
}