{
  "question_id": "gpqa_gpqa_diamond_0009",
  "method": "last_m",
  "prefix_length": 100,
  "keep_m": 20,
  "kl_to_baseline": 1.7714283708475205,
  "token_kl": 0.1685122844326311,
  "distribution": {
    "A": 0.6283613799216629,
    "B": 0.20399907238426523,
    "C": 0.05844671279312113,
    "D": 0.10919283490095072
  }
}