{
  "question_id": "gpqa_gpqa_diamond_0001",
  "method": "last_m",
  "prefix_length": 417,
  "keep_m": 10,
  "kl_to_baseline": 0.1329210086922574,
  "token_kl": 0.4901420269859528,
  "distribution": {
    "A": 0.8145803054540184,
    "B": 0.08585613125886407,
    "C": 0.040555564754429695,
    "D": 0.059007998532687726
  }
}