{
  "question_id": "gpqa_gpqa_diamond_0026",
  "method": "last_m",
  "prefix_length": 85,
  "keep_m": 5,
  "kl_to_baseline": 0.05929848005617488,
  "token_kl": 0.6973596942703283,
  "distribution": {
    "A": 0.035899362814024345,
    "B": 0.9258568456642068,
    "C": 0.010285339650442309,
    "D": 0.027958451871326635
  }
}