{
  "question_id": "gpqa_gpqa_diamond_0023",
  "method": "last_m",
  "prefix_length": 112,
  "keep_m": 5,
  "kl_to_baseline": 0.0756718872973064,
  "token_kl": 0.2752114998875979,
  "distribution": {
    "A": 0.3089660401763836,
    "B": 0.2406229940318387,
    "C": 0.350104390476052,
    "D": 0.10030657531572565
  }
}