{
  "question_id": "gpqa_gpqa_diamond_0001",
  "method": "last_m",
  "prefix_length": 345,
  "keep_m": 20,
  "kl_to_baseline": 0.001455536720556077,
  "token_kl": 0.6025005798149035,
  "distribution": {
    "A": 0.5576165227439774,
    "B": 0.08551326335758697,
    "C": 0.12442106402127424,
    "D": 0.23244914987716134
  }
}