{
  "question_id": "gpqa_gpqa_diamond_0011",
  "method": "last_m",
  "prefix_length": 116,
  "keep_m": 20,
  "kl_to_baseline": 0.014597755818202426,
  "token_kl": 0.818094086006772,
  "distribution": {
    "A": 0.009661398205435219,
    "B": 0.985489599714804,
    "C": 0.0029465599743136927,
    "D": 0.0019024421054470429
  }
}