{
  "question_id": "gpqa_gpqa_diamond_0009",
  "method": "last_m",
  "prefix_length": 66,
  "keep_m": 15,
  "kl_to_baseline": 0.01692558242909202,
  "token_kl": 0.8034043416443177,
  "distribution": {
    "A": 0.00015837463045912425,
    "B": 0.0002304337276113561,
    "C": 0.00015837463045912425,
    "D": 0.9994528170114705
  }
}