{
  "question_id": "gpqa_gpqa_diamond_0023",
  "method": "last_m",
  "prefix_length": 371,
  "keep_m": 10,
  "kl_to_baseline": 0.523606971732183,
  "token_kl": 0.1995915258087077,
  "distribution": {
    "A": 0.13030016733039462,
    "B": 0.2434327608677519,
    "C": 0.583964800980835,
    "D": 0.04230227082101845
  }
}