{
  "question_id": "gpqa_gpqa_diamond_0001",
  "method": "last_m",
  "prefix_length": 332,
  "keep_m": 20,
  "kl_to_baseline": 0.10219402816484391,
  "token_kl": 0.10772294292418685,
  "distribution": {
    "A": 0.2935034672201948,
    "B": 0.12235044812805528,
    "C": 0.1571010851395581,
    "D": 0.4270449995121918
  }
}