{
  "question_id": "gpqa_gpqa_diamond_0011",
  "method": "last_m",
  "prefix_length": 67,
  "keep_m": 15,
  "kl_to_baseline": 0.0032410328851305457,
  "token_kl": 0.9422068603889885,
  "distribution": {
    "A": 0.11453860922135314,
    "B": 0.2424782376243972,
    "C": 0.5816750535618498,
    "D": 0.06130809959239986
  }
}