{
  "question_id": "gpqa_gpqa_diamond_0017",
  "method": "last_m",
  "prefix_length": 119,
  "keep_m": 20,
  "kl_to_baseline": 0.0009710703198235397,
  "token_kl": 0.0941811146784399,
  "distribution": {
    "A": 0.9989427030857059,
    "B": 0.0007094236425790108,
    "C": 0.000179370387044008,
    "D": 0.00016850288467105018
  }
}