{
  "question_id": "gpqa_gpqa_diamond_0001",
  "method": "last_m",
  "prefix_length": 318,
  "keep_m": 20,
  "kl_to_baseline": 0.2185217194016539,
  "token_kl": 0.1798416435870241,
  "distribution": {
    "A": 0.25934479996798393,
    "B": 0.22887098267316733,
    "C": 0.08419692920616365,
    "D": 0.42758728815268504
  }
}