{
  "question_id": "gpqa_gpqa_diamond_0001",
  "method": "last_m",
  "prefix_length": 276,
  "keep_m": 3,
  "kl_to_baseline": 0.027480161078415426,
  "token_kl": 0.6425182353080721,
  "distribution": {
    "A": 0.3183926079776296,
    "B": 0.15039801864861416,
    "C": 0.17042328217599284,
    "D": 0.3607860911977634
  }
}