{
  "question_id": "gpqa_diels_alder_nm",
  "method": "last_m",
  "prefix_length": 64,
  "keep_m": 10,
  "kl_to_baseline": 0.08525389312544127,
  "distribution": {
    "A": 0.8519528170040853,
    "B": 0.1480471829959148
  }
}