{
  "question_id": "gpqa_gpqa_diamond_0001",
  "method": "last_m",
  "prefix_length": 59,
  "keep_m": 10,
  "kl_to_baseline": 0.03407163142910283,
  "token_kl": 0.047618064027794324,
  "distribution": {
    "A": 0.3528619482070927,
    "B": 0.27480916157978535,
    "C": 0.1298106563170917,
    "D": 0.24251823389603017
  }
}