{
  "question_id": "gpqa_gpqa_diamond_0031",
  "method": "last_m",
  "prefix_length": 161,
  "keep_m": 20,
  "kl_to_baseline": 0.3542587388717435,
  "token_kl": 0.5306076071930961,
  "distribution": {
    "A": 0.6235778048547554,
    "B": 0.051186381727923363,
    "C": 0.20244606690263683,
    "D": 0.12278974651468426
  }
}