{
  "question_id": "gpqa_gpqa_diamond_0020",
  "method": "last_m",
  "prefix_length": 42,
  "keep_m": 15,
  "kl_to_baseline": 0.39513268089234327,
  "token_kl": 0.038021264254546557,
  "distribution": {
    "A": 0.7516604002573852,
    "B": 0.1900495231113452,
    "C": 0.029145038315634808,
    "D": 0.029145038315634808
  }
}