{
  "question_id": "gpqa_gpqa_diamond_0001",
  "method": "last_m",
  "prefix_length": 405,
  "keep_m": 20,
  "kl_to_baseline": 0.1438410375859951,
  "token_kl": 0.4698938336814825,
  "distribution": {
    "A": 0.40434542695210257,
    "B": 0.35683360812841614,
    "C": 0.07026470354572334,
    "D": 0.16855626137375804
  }
}