{
  "question_id": "gpqa_gpqa_diamond_0023",
  "method": "last_m",
  "prefix_length": 186,
  "keep_m": 15,
  "kl_to_baseline": 0.035666886461562755,
  "token_kl": 0.26923311073075257,
  "distribution": {
    "A": 0.5587467740787438,
    "B": 0.16008363100371703,
    "C": 0.20555145100443442,
    "D": 0.07561814391310469
  }
}