{
  "question_id": "gpqa_gpqa_diamond_0001",
  "method": "last_m",
  "prefix_length": 173,
  "keep_m": 20,
  "kl_to_baseline": 0.2091350667011222,
  "token_kl": 0.6731947990071538,
  "distribution": {
    "A": 0.2601196850605611,
    "B": 0.4288648832495037,
    "C": 0.10843401727248304,
    "D": 0.20258141441745223
  }
}