{
  "question_id": "gpqa_gpqa_diamond_0023",
  "method": "last_m",
  "prefix_length": 326,
  "keep_m": 20,
  "kl_to_baseline": 0.10568343769228938,
  "token_kl": 0.21368253625150258,
  "distribution": {
    "A": 0.5758812070440227,
    "B": 0.21185485662849074,
    "C": 0.16499272823974878,
    "D": 0.047271208087737784
  }
}