{
  "question_id": "gpqa_gpqa_diamond_0001",
  "method": "last_m",
  "prefix_length": 327,
  "keep_m": 3,
  "kl_to_baseline": 0.07625137229409791,
  "token_kl": 1.1305630798098667,
  "distribution": {
    "A": 0.3273141654881509,
    "B": 0.12041215228727796,
    "C": 0.22495951673642017,
    "D": 0.3273141654881509
  }
}