{
  "question_id": "gpqa_gpqa_diamond_0001",
  "method": "last_m",
  "prefix_length": 369,
  "keep_m": 5,
  "kl_to_baseline": 0.3951526736229195,
  "token_kl": 0.2588169494361367,
  "distribution": {
    "A": 0.12488588262748732,
    "B": 0.23331754535915822,
    "C": 0.20590201109809794,
    "D": 0.43589456091525647
  }
}