{
  "question_id": "gpqa_gpqa_diamond_0023",
  "method": "last_m",
  "prefix_length": 276,
  "keep_m": 3,
  "kl_to_baseline": 0.08977126547902665,
  "token_kl": 1.2654006292212663,
  "distribution": {
    "A": 0.3362011175603434,
    "B": 0.2039162856299997,
    "C": 0.3362011175603434,
    "D": 0.12368147924931351
  }
}