{
  "question_id": "gpqa_gpqa_diamond_0001",
  "method": "last_m",
  "prefix_length": 215,
  "keep_m": 20,
  "kl_to_baseline": 0.024776333891563564,
  "token_kl": 0.35281017343824317,
  "distribution": {
    "A": 0.3088994151763165,
    "B": 0.21230325627548366,
    "C": 0.1287684340879094,
    "D": 0.3500288944602904
  }
}