{
  "question_id": "gpqa_gpqa_diamond_0031",
  "method": "last_m",
  "prefix_length": 87,
  "keep_m": 3,
  "kl_to_baseline": 1.5026374217325609,
  "token_kl": 0.029234368967908268,
  "distribution": {
    "A": 0.17297733132916837,
    "B": 0.07210768829238143,
    "C": 0.5328076904409812,
    "D": 0.22210728993746892
  }
}