{
  "question_id": "gpqa_gpqa_diamond_0023",
  "method": "last_m",
  "prefix_length": 165,
  "keep_m": 10,
  "kl_to_baseline": 0.025655657991748813,
  "token_kl": 0.25707854410287606,
  "distribution": {
    "A": 0.580806190258754,
    "B": 0.18856017396356947,
    "C": 0.18856017396356947,
    "D": 0.042073461814107045
  }
}