{
  "question_id": "gpqa_gpqa_diamond_0009",
  "method": "last_m",
  "prefix_length": 95,
  "keep_m": 3,
  "kl_to_baseline": 1.9716781853813239,
  "token_kl": 0.6677077929069122,
  "distribution": {
    "A": 0.7262607153812723,
    "B": 0.12620519600736071,
    "C": 0.03615839404478935,
    "D": 0.11137569456657756
  }
}