{
  "question_id": "gpqa_gpqa_diamond_0031",
  "method": "last_m",
  "prefix_length": 119,
  "keep_m": 20,
  "kl_to_baseline": 0.0015898396354503664,
  "token_kl": 0.4857073473642752,
  "distribution": {
    "A": 0.9956617211965467,
    "B": 0.0016962293348904733,
    "C": 0.0013210247342813888,
    "D": 0.0013210247342813888
  }
}