{
  "question_id": "gpqa_gpqa_diamond_0023",
  "method": "last_m",
  "prefix_length": 170,
  "keep_m": 10,
  "kl_to_baseline": 0.026364723507553374,
  "token_kl": 0.40179821357323603,
  "distribution": {
    "A": 0.4847303682835489,
    "B": 0.20206569236624083,
    "C": 0.228970426722683,
    "D": 0.08423351262752732
  }
}