{
  "question_id": "gpqa_gpqa_diamond_0031",
  "method": "last_m",
  "prefix_length": 132,
  "keep_m": 15,
  "kl_to_baseline": 0.4040498176833003,
  "token_kl": 0.09055692852532375,
  "distribution": {
    "A": 0.5097164636905281,
    "B": 0.0885754452166265,
    "C": 0.27283157875666897,
    "D": 0.12887651233617636
  }
}