{
  "question_id": "gpqa_gpqa_diamond_0002",
  "method": "last_m",
  "prefix_length": 30,
  "keep_m": 3,
  "kl_to_baseline": 0.5054113325049691,
  "token_kl": 0.07662190830209299,
  "distribution": {
    "A": 0.20590201109809794,
    "B": 0.23331754535915822,
    "C": 0.43589456091525647,
    "D": 0.12488588262748732
  }
}