{
  "question_id": "gpqa_gpqa_diamond_0001",
  "method": "last_m",
  "prefix_length": 380,
  "keep_m": 20,
  "kl_to_baseline": 0.029031705560459975,
  "token_kl": 0.14681182883465121,
  "distribution": {
    "A": 0.495373744265532,
    "B": 0.14192694551116258,
    "C": 0.09754486802137255,
    "D": 0.2651544422019328
  }
}