{
  "question_id": "gpqa_gpqa_diamond_0026",
  "method": "last_m",
  "prefix_length": 74,
  "keep_m": 5,
  "kl_to_baseline": 0.035023930973573134,
  "token_kl": 0.9342705214492718,
  "distribution": {
    "A": 0.006441786067526137,
    "B": 0.9560456210978384,
    "C": 0.01203484077929892,
    "D": 0.02547775205533654
  }
}