{
  "question_id": "gpqa_gpqa_diamond_0031",
  "method": "last_m",
  "prefix_length": 244,
  "keep_m": 5,
  "kl_to_baseline": 0.0075359232532967915,
  "token_kl": 0.25362278223476936,
  "distribution": {
    "A": 0.9461590163907363,
    "B": 0.006375168355173435,
    "C": 0.02225152927629055,
    "D": 0.025214285977799834
  }
}