{
  "question_id": "gpqa_gpqa_diamond_0020",
  "method": "last_m",
  "prefix_length": 50,
  "keep_m": 10,
  "kl_to_baseline": 0.24096327680281127,
  "token_kl": 0.07100158530535514,
  "distribution": {
    "A": 0.44235249990970865,
    "B": 0.5012510509829298,
    "C": 0.009772841412859804,
    "D": 0.046623607694501794
  }
}