{
  "question_id": "gpqa_gpqa_diamond_0023",
  "method": "last_m",
  "prefix_length": 102,
  "keep_m": 20,
  "kl_to_baseline": 0.23824356737923913,
  "token_kl": 0.11696231483103356,
  "distribution": {
    "A": 0.5290611326701227,
    "B": 0.19463072543310997,
    "C": 0.22054550544380275,
    "D": 0.0557626364529646
  }
}