{
  "question_id": "gpqa_gpqa_diamond_0002",
  "method": "last_m",
  "prefix_length": 31,
  "keep_m": 10,
  "kl_to_baseline": 0.49381321592786986,
  "token_kl": 0.708773464385772,
  "distribution": {
    "A": 0.2725976689861495,
    "B": 0.2725976689861495,
    "C": 0.30889362692127803,
    "D": 0.145911035106423
  }
}