{
  "question_id": "gpqa_gpqa_diamond_0023",
  "method": "last_m",
  "prefix_length": 243,
  "keep_m": 3,
  "kl_to_baseline": 0.04339197445496404,
  "token_kl": 0.6632977449352778,
  "distribution": {
    "A": 0.3189450289946369,
    "B": 0.28146800018252105,
    "C": 0.3189450289946369,
    "D": 0.08064194182820517
  }
}