{
  "question_id": "gpqa_gpqa_diamond_0031",
  "method": "last_m",
  "prefix_length": 216,
  "keep_m": 10,
  "kl_to_baseline": 1.4683973577642895,
  "token_kl": 0.18630939113983383,
  "distribution": {
    "A": 0.20753223685999134,
    "B": 0.059458974275450174,
    "C": 0.49784395570516116,
    "D": 0.23516483315939737
  }
}