{
  "question_id": "gpqa_gpqa_diamond_0002",
  "method": "last_m",
  "prefix_length": 67,
  "keep_m": 20,
  "kl_to_baseline": 0.0014093140101210284,
  "token_kl": 2.537036162954496,
  "distribution": {
    "A": 0.0011685594958778937,
    "B": 0.0005519884207406186,
    "C": 0.0002607408674582028,
    "D": 0.9980187112159233
  }
}