{
  "question_id": "gpqa_gpqa_diamond_0023",
  "method": "last_m",
  "prefix_length": 184,
  "keep_m": 15,
  "kl_to_baseline": 0.055982940191243453,
  "token_kl": 0.1889495008477629,
  "distribution": {
    "A": 0.4895760593273492,
    "B": 0.20408566487744403,
    "C": 0.23125935544899046,
    "D": 0.07507892034621637
  }
}