{
  "question_id": "gpqa_gpqa_diamond_0001",
  "method": "last_m",
  "prefix_length": 317,
  "keep_m": 3,
  "kl_to_baseline": 0.22843506061657018,
  "token_kl": 0.18250728132678565,
  "distribution": {
    "A": 0.14761523348891759,
    "B": 0.14761523348891759,
    "C": 0.18954171169006565,
    "D": 0.5152278213320992
  }
}