{
  "question_id": "gpqa_gpqa_diamond_0011",
  "method": "last_m",
  "prefix_length": 45,
  "keep_m": 15,
  "kl_to_baseline": 0.15649284163729835,
  "token_kl": 0.8511448993799662,
  "distribution": {
    "A": 0.07115295950752405,
    "B": 0.3613445441147136,
    "C": 0.4639755511696384,
    "D": 0.10352694520812403
  }
}