{
  "question_id": "gpqa_gpqa_diamond_0031",
  "method": "last_m",
  "prefix_length": 131,
  "keep_m": 5,
  "kl_to_baseline": 0.35159157787875234,
  "token_kl": 0.8666737488798347,
  "distribution": {
    "A": 0.5078567302974059,
    "B": 0.06873093034173665,
    "C": 0.2117061696804287,
    "D": 0.2117061696804287
  }
}