{
  "question_id": "gpqa_gpqa_diamond_0031",
  "method": "last_m",
  "prefix_length": 177,
  "keep_m": 15,
  "kl_to_baseline": 0.7788898964036559,
  "token_kl": 0.07527034481619718,
  "distribution": {
    "A": 0.31795590480973496,
    "B": 0.10322516900763702,
    "C": 0.36029124167861426,
    "D": 0.21852768450401375
  }
}