{
  "question_id": "gpqa_gpqa_diamond_0020",
  "method": "last_m",
  "prefix_length": 57,
  "keep_m": 5,
  "kl_to_baseline": 0.5088325925774637,
  "token_kl": 0.1472160477385972,
  "distribution": {
    "A": 0.13832483500872297,
    "B": 0.48280111371476736,
    "C": 0.1776126039103386,
    "D": 0.20126144736617113
  }
}