{
  "question_id": "gpqa_gpqa_diamond_0004",
  "method": "last_m",
  "prefix_length": 52,
  "keep_m": 15,
  "kl_to_baseline": 0.04245650266512912,
  "token_kl": 0.27771149948319934,
  "distribution": {
    "A": 0.002791860208510951,
    "B": 0.11871291685880654,
    "C": 0.8771764415502534,
    "D": 0.0013187813824291285
  }
}