{
  "question_id": "gpqa_gpqa_diamond_0002",
  "method": "last_m",
  "prefix_length": 76,
  "keep_m": 5,
  "kl_to_baseline": 2.137780471266756,
  "token_kl": 0.10323138688514065,
  "distribution": {
    "A": 0.40006943344474327,
    "B": 0.2426543773980996,
    "C": 0.2426543773980996,
    "D": 0.1146218117590575
  }
}