{
  "question_id": "gpqa_gpqa_diamond_0009",
  "method": "last_m",
  "prefix_length": 88,
  "keep_m": 20,
  "kl_to_baseline": 0.6063384736009667,
  "token_kl": 0.15209106719810364,
  "distribution": {
    "A": 0.4697679424145983,
    "B": 0.08163342785998637,
    "C": 0.03402987561099373,
    "D": 0.41456875411442157
  }
}