{
  "question_id": "gpqa_gpqa_diamond_0001",
  "method": "last_m",
  "prefix_length": 319,
  "keep_m": 15,
  "kl_to_baseline": 0.033806922249951486,
  "token_kl": 0.042515188590815045,
  "distribution": {
    "A": 0.36815856345072534,
    "B": 0.15347132232200766,
    "C": 0.15347132232200766,
    "D": 0.3248987919052594
  }
}