{
  "question_id": "gpqa_gpqa_diamond_0023",
  "method": "last_m",
  "prefix_length": 308,
  "keep_m": 5,
  "kl_to_baseline": 0.13627489428479328,
  "token_kl": 0.472702968826818,
  "distribution": {
    "A": 0.37230923816086287,
    "B": 0.2258169678388161,
    "C": 0.32856174948059197,
    "D": 0.07331204451972897
  }
}