{
  "question_id": "gpqa_gpqa_diamond_0011",
  "method": "last_m",
  "prefix_length": 58,
  "keep_m": 3,
  "kl_to_baseline": 0.06888563630538254,
  "token_kl": 0.2693408032033274,
  "distribution": {
    "A": 0.10853564246466546,
    "B": 0.29503046465182803,
    "C": 0.5511895057585816,
    "D": 0.04524438712492493
  }
}