{
  "question_id": "gpqa_gpqa_diamond_0023",
  "method": "last_m",
  "prefix_length": 102,
  "keep_m": 15,
  "kl_to_baseline": 0.08063748358079839,
  "token_kl": 0.13238626001907583,
  "distribution": {
    "A": 0.3118033757242152,
    "B": 0.2751655132920407,
    "C": 0.3118033757242152,
    "D": 0.10122773525952902
  }
}