{
  "question_id": "gpqa_gpqa_diamond_0026",
  "method": "last_m",
  "prefix_length": 86,
  "keep_m": 15,
  "kl_to_baseline": 0.022663095441381752,
  "token_kl": 0.19868186546742692,
  "distribution": {
    "A": 0.020014810638579315,
    "B": 0.9643675572042979,
    "C": 0.0018616673881956085,
    "D": 0.013755964768927056
  }
}