{
  "question_id": "gpqa_gpqa_diamond_0026",
  "method": "last_m",
  "prefix_length": 67,
  "keep_m": 15,
  "kl_to_baseline": 0.009157699135314508,
  "token_kl": 0.07782382757862788,
  "distribution": {
    "A": 0.0031391514971702435,
    "B": 0.9862921992079297,
    "C": 0.0008993819620101222,
    "D": 0.009669267332890046
  }
}