{
  "question_id": "gpqa_gpqa_diamond_0001",
  "method": "last_m",
  "prefix_length": 365,
  "keep_m": 15,
  "kl_to_baseline": 0.11386177592169425,
  "token_kl": 0.27027004331590787,
  "distribution": {
    "A": 0.34127742943294587,
    "B": 0.11079655951912094,
    "C": 0.16120804286955553,
    "D": 0.3867179681783777
  }
}