{
  "question_id": "gpqa_gpqa_diamond_0031",
  "method": "last_m",
  "prefix_length": 98,
  "keep_m": 20,
  "kl_to_baseline": 1.1437515915511323,
  "token_kl": 0.14709833028910504,
  "distribution": {
    "A": 0.24907057909091782,
    "B": 0.0916279563711173,
    "C": 0.46532510250190984,
    "D": 0.19397636203605506
  }
}