{
  "question_id": "gpqa_gpqa_diamond_0001",
  "method": "last_m",
  "prefix_length": 74,
  "keep_m": 15,
  "kl_to_baseline": 0.23212827469939543,
  "token_kl": 1.35325031964427,
  "distribution": {
    "A": 0.21951317422561714,
    "B": 0.4101046003501243,
    "C": 0.1508690511986414,
    "D": 0.21951317422561714
  }
}