{
  "question_id": "gpqa_gpqa_diamond_0002",
  "method": "last_m",
  "prefix_length": 98,
  "keep_m": 3,
  "kl_to_baseline": 1.8382741628015828,
  "token_kl": 1.3165466048446475,
  "distribution": {
    "A": 0.3788721596190015,
    "B": 0.2603947733385217,
    "C": 0.20279565338374164,
    "D": 0.15793741365873518
  }
}