{
  "question_id": "gpqa_gpqa_diamond_0001",
  "method": "last_m",
  "prefix_length": 344,
  "keep_m": 3,
  "kl_to_baseline": 0.36059583143307616,
  "token_kl": 0.2701681347421831,
  "distribution": {
    "A": 0.16282033679657268,
    "B": 0.0987555262918584,
    "C": 0.23690219216425726,
    "D": 0.5015219447473117
  }
}