{
  "question_id": "gpqa_gpqa_diamond_0023",
  "method": "last_m",
  "prefix_length": 278,
  "keep_m": 20,
  "kl_to_baseline": 0.0076804256746307,
  "token_kl": 0.3878500197336389,
  "distribution": {
    "A": 0.5729374070139258,
    "B": 0.23883583040146747,
    "C": 0.12783960776220873,
    "D": 0.06038715482239801
  }
}