{
  "question_id": "gpqa_gpqa_diamond_0007",
  "method": "last_m",
  "prefix_length": 204,
  "keep_m": 20,
  "kl_to_baseline": 0.011864700502981745,
  "token_kl": 0.3899493548821495,
  "distribution": {
    "A": 0.9837861221136721,
    "B": 0.003131176148898524,
    "C": 0.012384041901872646,
    "D": 0.0006986598355566714
  }
}