{
  "question_id": "gpqa_gpqa_diamond_0023",
  "method": "last_m",
  "prefix_length": 66,
  "keep_m": 20,
  "kl_to_baseline": 0.18064174119216975,
  "token_kl": 0.07878554529493094,
  "distribution": {
    "A": 0.41331495687849024,
    "B": 0.2840669386265393,
    "C": 0.22123155424704555,
    "D": 0.08138655024792499
  }
}