{
  "question_id": "gpqa_gpqa_diamond_0009",
  "method": "last_m",
  "prefix_length": 102,
  "keep_m": 15,
  "kl_to_baseline": 2.552007977963342,
  "token_kl": 0.0606627571046703,
  "distribution": {
    "A": 0.66222705712486,
    "B": 0.2760572920645267,
    "C": 0.013744086550309174,
    "D": 0.047971564260304085
  }
}