{
  "question_id": "gpqa_gpqa_diamond_0002",
  "method": "last_m",
  "prefix_length": 69,
  "keep_m": 5,
  "kl_to_baseline": 1.7796058512466717,
  "token_kl": 1.2347853738298054,
  "distribution": {
    "A": 0.31283638571410965,
    "B": 0.24363722216737665,
    "C": 0.27607714140846157,
    "D": 0.16744925071005218
  }
}