{
  "question_id": "gpqa_gpqa_diamond_0031",
  "method": "last_m",
  "prefix_length": 163,
  "keep_m": 3,
  "kl_to_baseline": 1.5032777366318621,
  "token_kl": 0.9376556883459788,
  "distribution": {
    "A": 0.16525820961339474,
    "B": 0.0884563453521564,
    "C": 0.39643381253751137,
    "D": 0.34985163249693757
  }
}