{
  "question_id": "gpqa_gpqa_diamond_0013",
  "method": "last_m",
  "prefix_length": 25,
  "keep_m": 3,
  "kl_to_baseline": 0.035436540538122646,
  "token_kl": 0.5770036401237592,
  "distribution": {
    "A": 0.03729997576540416,
    "B": 0.0002513253196950841,
    "C": 0.0004695375125207018,
    "D": 0.9619791614023799
  }
}