{
  "question_id": "gpqa_gpqa_diamond_0011",
  "method": "last_m",
  "prefix_length": 116,
  "keep_m": 10,
  "kl_to_baseline": 0.6474332620582552,
  "token_kl": 0.7255701352612876,
  "distribution": {
    "A": 0.026057347077231542,
    "B": 0.5233758380356803,
    "C": 0.4076055125028406,
    "D": 0.04296130238424746
  }
}