{
  "question_id": "gpqa_gpqa_diamond_0023",
  "method": "last_m",
  "prefix_length": 267,
  "keep_m": 20,
  "kl_to_baseline": 0.09767314607120506,
  "token_kl": 0.39371930095054036,
  "distribution": {
    "A": 0.36144170843296086,
    "B": 0.24841501111386655,
    "C": 0.31897118815697245,
    "D": 0.07117209229620021
  }
}