{
  "question_id": "gpqa_gpqa_diamond_0031",
  "method": "last_m",
  "prefix_length": 120,
  "keep_m": 15,
  "kl_to_baseline": 0.007354147793648572,
  "token_kl": 0.38301638436386104,
  "distribution": {
    "A": 0.9733347266833746,
    "B": 0.007431503313673563,
    "C": 0.008420996483850193,
    "D": 0.010812773519101747
  }
}