{
  "question_id": "gpqa_gpqa_diamond_0004",
  "method": "last_m",
  "prefix_length": 121,
  "keep_m": 20,
  "kl_to_baseline": 0.0004805036560834484,
  "token_kl": 0.5082644598597651,
  "distribution": {
    "A": 0.00015822879673383868,
    "B": 0.0011691620130323877,
    "C": 0.9985329727672165,
    "D": 0.00013963642301730017
  }
}