{
  "question_id": "gpqa_gpqa_diamond_0031",
  "method": "last_m",
  "prefix_length": 168,
  "keep_m": 20,
  "kl_to_baseline": 0.519261834636519,
  "token_kl": 0.07489592652205075,
  "distribution": {
    "A": 0.5632763502929297,
    "B": 0.0762311689511107,
    "C": 0.2348085310159283,
    "D": 0.12568394974003141
  }
}