{
  "question_id": "gpqa_gpqa_diamond_0031",
  "method": "last_m",
  "prefix_length": 69,
  "keep_m": 3,
  "kl_to_baseline": 0.07614609631107144,
  "token_kl": 0.5488445112675095,
  "distribution": {
    "A": 0.8414861322074723,
    "B": 0.012003154305542685,
    "C": 0.11388275725403849,
    "D": 0.032627956232946634
  }
}