{
  "question_id": "gpqa_gpqa_diamond_0031",
  "method": "last_m",
  "prefix_length": 78,
  "keep_m": 20,
  "kl_to_baseline": 0.15630932696964434,
  "token_kl": 1.037109563483728,
  "distribution": {
    "A": 0.8038137054590893,
    "B": 0.021420907761897364,
    "C": 0.06598104100731529,
    "D": 0.10878434577169813
  }
}