{
  "question_id": "gpqa_gpqa_diamond_0009",
  "method": "last_m",
  "prefix_length": 44,
  "keep_m": 10,
  "kl_to_baseline": 0.07582165221721585,
  "token_kl": 0.5629064099446519,
  "distribution": {
    "A": 0.3601556762471116,
    "B": 0.023023982083933258,
    "C": 0.023023982083933258,
    "D": 0.5937963595850219
  }
}