{
  "question_id": "gpqa_gpqa_diamond_0002",
  "method": "last_m",
  "prefix_length": 25,
  "keep_m": 5,
  "kl_to_baseline": 0.7073387817389571,
  "token_kl": 0.2538778662131974,
  "distribution": {
    "A": 0.17746228347229945,
    "B": 0.33154315417078833,
    "C": 0.4257098366841146,
    "D": 0.06528472567279761
  }
}