{
  "question_id": "gpqa_gpqa_diamond_0023",
  "method": "last_m",
  "prefix_length": 281,
  "keep_m": 10,
  "kl_to_baseline": 0.10498232113086137,
  "token_kl": 0.5829823266605746,
  "distribution": {
    "A": 0.3501043862896871,
    "B": 0.240622991154595,
    "C": 0.3089660364819296,
    "D": 0.10030658607378833
  }
}