{
  "question_id": "gpqa_gpqa_diamond_0001",
  "method": "last_m",
  "prefix_length": 343,
  "keep_m": 15,
  "kl_to_baseline": 0.1564639955457814,
  "token_kl": 0.1844453819261683,
  "distribution": {
    "A": 0.2490705887195981,
    "B": 0.0916279489904079,
    "C": 0.19397636953487882,
    "D": 0.46532509275511513
  }
}