{
  "question_id": "gpqa_gpqa_diamond_0002",
  "method": "last_m",
  "prefix_length": 49,
  "keep_m": 10,
  "kl_to_baseline": 0.3651143958900511,
  "token_kl": 0.6404234250045558,
  "distribution": {
    "A": 0.12981066978295575,
    "B": 0.2748091573272134,
    "C": 0.35286194274668226,
    "D": 0.24251823014314858
  }
}