{
  "question_id": "gpqa_gpqa_diamond_0001",
  "method": "last_m",
  "prefix_length": 288,
  "keep_m": 5,
  "kl_to_baseline": 0.13104764228672836,
  "token_kl": 1.0875673116427769,
  "distribution": {
    "A": 0.2701400373797229,
    "B": 0.14459554230804392,
    "C": 0.23839774625169233,
    "D": 0.3468666740605408
  }
}