{
  "question_id": "gpqa_gpqa_diamond_0031",
  "method": "last_m",
  "prefix_length": 174,
  "keep_m": 15,
  "kl_to_baseline": 1.2626919042876175,
  "token_kl": 0.02350464123926054,
  "distribution": {
    "A": 0.25821446405224,
    "B": 0.13821224289286746,
    "C": 0.3756998283262494,
    "D": 0.22787346472864317
  }
}