{
  "question_id": "gpqa_gpqa_diamond_0023",
  "method": "last_m",
  "prefix_length": 337,
  "keep_m": 10,
  "kl_to_baseline": 0.11262214807198445,
  "token_kl": 0.7555581620720746,
  "distribution": {
    "A": 0.5105908419077619,
    "B": 0.18783586239239353,
    "C": 0.212845916900414,
    "D": 0.08872737879943055
  }
}