{
  "question_id": "gpqa_gpqa_diamond_0023",
  "method": "last_m",
  "prefix_length": 286,
  "keep_m": 10,
  "kl_to_baseline": 0.12283197001885238,
  "token_kl": 0.6972841922293669,
  "distribution": {
    "A": 0.2924273097049657,
    "B": 0.2924273097049657,
    "C": 0.3313635536266756,
    "D": 0.08378182696339309
  }
}