{
  "question_id": "gpqa_gpqa_diamond_0020",
  "method": "last_m",
  "prefix_length": 45,
  "keep_m": 3,
  "kl_to_baseline": 0.19648300801582752,
  "token_kl": 0.049586393203641,
  "distribution": {
    "A": 0.274978674881414,
    "B": 0.5137277977272711,
    "C": 0.08927249462906921,
    "D": 0.12202103276224575
  }
}