{
  "question_id": "gpqa_gpqa_diamond_0001",
  "method": "last_m",
  "prefix_length": 344,
  "keep_m": 15,
  "kl_to_baseline": 0.186296451563473,
  "token_kl": 0.13403009317964662,
  "distribution": {
    "A": 0.24606852328948978,
    "B": 0.10257662159776477,
    "C": 0.19163835862707884,
    "D": 0.4597164964856666
  }
}