{
  "question_id": "gpqa_gpqa_diamond_0009",
  "method": "last_m",
  "prefix_length": 48,
  "keep_m": 3,
  "kl_to_baseline": 0.42770946147072125,
  "token_kl": 0.48874226918333374,
  "distribution": {
    "A": 0.3102066012714773,
    "B": 0.010614688714105923,
    "C": 0.022471290826526737,
    "D": 0.6567074191878901
  }
}