{
  "question_id": "gpqa_gpqa_diamond_0001",
  "method": "last_m",
  "prefix_length": 383,
  "keep_m": 15,
  "kl_to_baseline": 0.041466605815458024,
  "token_kl": 0.691943147750402,
  "distribution": {
    "A": 0.3867179772068802,
    "B": 0.16120803702444747,
    "C": 0.1107965687098203,
    "D": 0.341277417058852
  }
}