{
  "question_id": "gpqa_gpqa_diamond_0011",
  "method": "last_m",
  "prefix_length": 73,
  "keep_m": 3,
  "kl_to_baseline": 0.06038715030464242,
  "token_kl": 0.211498411851569,
  "distribution": {
    "A": 0.014748361900605939,
    "B": 0.805233107807657,
    "C": 0.15855979546283494,
    "D": 0.02145873482890214
  }
}