{
  "question_id": "gpqa_gpqa_diamond_0020",
  "method": "last_m",
  "prefix_length": 59,
  "keep_m": 3,
  "kl_to_baseline": 0.2713260229499652,
  "token_kl": 0.572006478659915,
  "distribution": {
    "A": 0.3520821795518118,
    "B": 0.3520821795518118,
    "C": 0.12952379545994397,
    "D": 0.16631184543643232
  }
}