{
  "question_id": "gpqa_gpqa_diamond_0020",
  "method": "last_m",
  "prefix_length": 34,
  "keep_m": 10,
  "kl_to_baseline": 0.0553210528719816,
  "token_kl": 0.14395113152266406,
  "distribution": {
    "A": 0.7547515515479729,
    "B": 0.21623993995616528,
    "C": 0.010113675370375642,
    "D": 0.018894833125486128
  }
}