{
  "question_id": "gpqa_gpqa_diamond_0031",
  "method": "last_m",
  "prefix_length": 81,
  "keep_m": 10,
  "kl_to_baseline": 2.2905160257778867,
  "token_kl": 0.3805358837740978,
  "distribution": {
    "A": 0.09064149997571513,
    "B": 0.04281601287880333,
    "C": 0.46031549159828744,
    "D": 0.40622699554719405
  }
}