{
  "question_id": "gpqa_gpqa_diamond_0020",
  "method": "last_m",
  "prefix_length": 68,
  "keep_m": 5,
  "kl_to_baseline": 0.002290287220279603,
  "token_kl": 0.826907076658776,
  "distribution": {
    "A": 0.004067102315739518,
    "B": 0.995187150306115,
    "C": 0.00026000127633231504,
    "D": 0.00048574610181321975
  }
}