{
  "question_id": "gpqa_gpqa_diamond_0031",
  "method": "last_m",
  "prefix_length": 118,
  "keep_m": 10,
  "kl_to_baseline": 0.007356446823349025,
  "token_kl": 0.09088472996818063,
  "distribution": {
    "A": 0.9815191449004889,
    "B": 0.005150539215583705,
    "C": 0.0058363255445987,
    "D": 0.007493990339328656
  }
}