{
  "question_id": "gpqa_gpqa_diamond_0002",
  "method": "last_m",
  "prefix_length": 32,
  "keep_m": 20,
  "kl_to_baseline": 0.2927798069411655,
  "token_kl": 0.005840258033396565,
  "distribution": {
    "A": 0.38754811993034344,
    "B": 0.235059816851742,
    "C": 0.26635766784372295,
    "D": 0.11103439537419163
  }
}