{
  "question_id": "gpqa_gpqa_diamond_0009",
  "method": "last_m",
  "prefix_length": 35,
  "keep_m": 15,
  "kl_to_baseline": 0.21361837447097015,
  "token_kl": 0.4223054425319173,
  "distribution": {
    "A": 0.56365738993629,
    "B": 0.06731927516556292,
    "C": 0.06731927516556292,
    "D": 0.30170405973258413
  }
}