{
  "question_id": "gpqa_gpqa_diamond_0001",
  "method": "last_m",
  "prefix_length": 214,
  "keep_m": 15,
  "kl_to_baseline": 0.29191443450849497,
  "token_kl": 0.6724998538408302,
  "distribution": {
    "A": 0.2251414318451942,
    "B": 0.4766244149564775,
    "C": 0.07309272135313404,
    "D": 0.2251414318451942
  }
}