{
  "question_id": "gpqa_gpqa_diamond_0001",
  "method": "last_m",
  "prefix_length": 360,
  "keep_m": 5,
  "kl_to_baseline": 0.2723871187436635,
  "token_kl": 0.1608423596433339,
  "distribution": {
    "A": 0.20590201416347584,
    "B": 0.1248858695991763,
    "C": 0.23331754883268643,
    "D": 0.43589456740466154
  }
}