{
  "question_id": "gpqa_gpqa_diamond_0001",
  "method": "last_m",
  "prefix_length": 418,
  "keep_m": 20,
  "kl_to_baseline": 0.09097430463161285,
  "token_kl": 0.08894220071053048,
  "distribution": {
    "A": 0.7969207747219526,
    "B": 0.07412518653398771,
    "C": 0.04495919828978158,
    "D": 0.08399484045427813
  }
}