{
  "question_id": "gpqa_gpqa_diamond_0002",
  "method": "last_m",
  "prefix_length": 105,
  "keep_m": 20,
  "kl_to_baseline": 0.006469681313245422,
  "token_kl": 0.04639724013029691,
  "distribution": {
    "A": 0.004048816455756738,
    "B": 0.002782708141834069,
    "C": 0.002455731315965501,
    "D": 0.9907127440864437
  }
}