{
  "question_id": "gpqa_gpqa_diamond_0031",
  "method": "last_m",
  "prefix_length": 15,
  "keep_m": 3,
  "kl_to_baseline": 0.01933364628824573,
  "token_kl": 0.023767607553161776,
  "distribution": {
    "A": 0.12681996343211005,
    "B": 0.03633452786093343,
    "C": 0.5683676440143607,
    "D": 0.26847786469259577
  }
}