{
  "question_id": "gpqa_gpqa_diamond_0004",
  "method": "last_m",
  "prefix_length": 119,
  "keep_m": 20,
  "kl_to_baseline": 0.00017784555755062897,
  "token_kl": 0.3684537177645406,
  "distribution": {
    "A": 0.00023033058876337367,
    "B": 0.0007094681603301538,
    "C": 0.9990054929408008,
    "D": 5.470831010581564e-05
  }
}