{
  "question_id": "gpqa_gpqa_diamond_0011",
  "method": "last_m",
  "prefix_length": 85,
  "keep_m": 20,
  "kl_to_baseline": 0.022678290076249108,
  "token_kl": 0.06927367517245737,
  "distribution": {
    "A": 0.04678032031004288,
    "B": 0.7317673736511453,
    "C": 0.18501975594901932,
    "D": 0.03643255008979254
  }
}