{
  "question_id": "gpqa_gpqa_diamond_0009",
  "method": "last_m",
  "prefix_length": 86,
  "keep_m": 20,
  "kl_to_baseline": 0.8760773220143705,
  "token_kl": 0.16719405660678024,
  "distribution": {
    "A": 0.38297196480846085,
    "B": 0.12433277848251881,
    "C": 0.10972329190055947,
    "D": 0.38297196480846085
  }
}