{
  "question_id": "gpqa_gpqa_diamond_0031",
  "method": "last_m",
  "prefix_length": 81,
  "keep_m": 3,
  "kl_to_baseline": 1.7233630663848256,
  "token_kl": 0.7085096217871549,
  "distribution": {
    "A": 0.16125639400740363,
    "B": 0.07617212694472407,
    "C": 0.49670463221146527,
    "D": 0.26586684683640704
  }
}