{
  "question_id": "gpqa_gpqa_diamond_0009",
  "method": "last_m",
  "prefix_length": 54,
  "keep_m": 15,
  "kl_to_baseline": 0.08129659620963062,
  "token_kl": 0.15850127339298511,
  "distribution": {
    "A": 0.7303450011713192,
    "B": 0.02831854717635899,
    "C": 0.03208911792599113,
    "D": 0.20924733372633073
  }
}