{
  "question_id": "gpqa_gpqa_diamond_0023",
  "method": "last_m",
  "prefix_length": 290,
  "keep_m": 10,
  "kl_to_baseline": 0.09626719610959411,
  "token_kl": 0.3881428647789196,
  "distribution": {
    "A": 0.3454901351726419,
    "B": 0.23745166583220054,
    "C": 0.30489397416338965,
    "D": 0.11216422483176795
  }
}