{
  "question_id": "gpqa_gpqa_diamond_0031",
  "method": "last_m",
  "prefix_length": 104,
  "keep_m": 10,
  "kl_to_baseline": 1.2195245925450175,
  "token_kl": 0.034882940034865605,
  "distribution": {
    "A": 0.25831303139647127,
    "B": 0.138265002190346,
    "C": 0.4258861893623922,
    "D": 0.1775357770507905
  }
}