{
  "question_id": "gpqa_gpqa_diamond_0002",
  "method": "last_m",
  "prefix_length": 52,
  "keep_m": 10,
  "kl_to_baseline": 0.47018456524291824,
  "token_kl": 0.25366216998252794,
  "distribution": {
    "A": 0.23439531331312188,
    "B": 0.23439531331312188,
    "C": 0.26560468668687814,
    "D": 0.26560468668687814
  }
}