{
  "question_id": "gpqa_gpqa_diamond_0001",
  "method": "last_m",
  "prefix_length": 31,
  "keep_m": 10,
  "kl_to_baseline": 0.0305045620055292,
  "token_kl": 0.10538217641550933,
  "distribution": {
    "A": 0.4777635342697055,
    "B": 0.12079754609509409,
    "C": 0.17575939247530833,
    "D": 0.22567952715989206
  }
}