{
  "question_id": "gpqa_gpqa_diamond_0023",
  "method": "last_m",
  "prefix_length": 47,
  "keep_m": 3,
  "kl_to_baseline": 0.048765033323103946,
  "token_kl": 0.21859457034600852,
  "distribution": {
    "A": 0.2672727524896847,
    "B": 0.2672727524896847,
    "C": 0.38887956023386666,
    "D": 0.076574934786764
  }
}