{
  "question_id": "gpqa_gpqa_diamond_0009",
  "method": "last_m",
  "prefix_length": 95,
  "keep_m": 5,
  "kl_to_baseline": 2.442727022341883,
  "token_kl": 0.5986681672888183,
  "distribution": {
    "A": 0.8312937505974318,
    "B": 0.06823674637384586,
    "C": 0.0322327566548765,
    "D": 0.06823674637384586
  }
}