{
  "question_id": "gpqa_gpqa_diamond_0031",
  "method": "last_m",
  "prefix_length": 119,
  "keep_m": 10,
  "kl_to_baseline": 0.0016899730249221707,
  "token_kl": 0.43966777655937495,
  "distribution": {
    "A": 0.987825787088708,
    "B": 0.004037017445860188,
    "C": 0.00356265539165159,
    "D": 0.0045745400737802625
  }
}