{
  "question_id": "gpqa_gpqa_diamond_0002",
  "method": "last_m",
  "prefix_length": 91,
  "keep_m": 20,
  "kl_to_baseline": 0.0003816099115098609,
  "token_kl": 0.16937541557001387,
  "distribution": {
    "A": 0.0019247028610717527,
    "B": 0.0006248595327786195,
    "C": 0.0004294592576290813,
    "D": 0.9970209783485205
  }
}