{
  "question_id": "gpqa_gpqa_diamond_0001",
  "method": "last_m",
  "prefix_length": 293,
  "keep_m": 3,
  "kl_to_baseline": 0.12118940437383514,
  "token_kl": 0.7681641750816186,
  "distribution": {
    "A": 0.303692515761807,
    "B": 0.14345416966258037,
    "C": 0.20872461013214827,
    "D": 0.34412870444346433
  }
}