{
  "question_id": "gpqa_gpqa_diamond_0026",
  "method": "last_m",
  "prefix_length": 90,
  "keep_m": 5,
  "kl_to_baseline": 0.2700017526677914,
  "token_kl": 0.8035794644863898,
  "distribution": {
    "A": 0.14475802865678722,
    "B": 0.7351419066063515,
    "C": 0.03229988211695992,
    "D": 0.08780018261990144
  }
}