{
  "question_id": "gpqa_gpqa_diamond_0009",
  "method": "last_m",
  "prefix_length": 80,
  "keep_m": 10,
  "kl_to_baseline": 2.9258978430898654,
  "token_kl": 1.0563446216212315,
  "distribution": {
    "A": 0.8961017520567346,
    "B": 0.05055460748019052,
    "C": 0.018598000748454108,
    "D": 0.03474563971462083
  }
}