{
  "question_id": "gpqa_gpqa_diamond_0009",
  "method": "last_m",
  "prefix_length": 77,
  "keep_m": 10,
  "kl_to_baseline": 0.4987916618784545,
  "token_kl": 0.15007480860115255,
  "distribution": {
    "A": 0.3839762876770475,
    "B": 0.04047080297130415,
    "C": 0.016870740664628826,
    "D": 0.5586821686870196
  }
}