{
  "question_id": "gpqa_gpqa_diamond_0003",
  "method": "last_m",
  "prefix_length": 36,
  "keep_m": 15,
  "kl_to_baseline": 0.0020711527932627733,
  "token_kl": 0.3057700621000999,
  "distribution": {
    "A": 0.020312067914620122,
    "B": 0.0005762088769371324,
    "C": 0.9786901597885378,
    "D": 0.00042156341990499827
  }
}