{
  "question_id": "gpqa_gpqa_diamond_0023",
  "method": "last_m",
  "prefix_length": 254,
  "keep_m": 3,
  "kl_to_baseline": 0.13283650357771376,
  "token_kl": 1.6465804970048368,
  "distribution": {
    "A": 0.39008525000055655,
    "B": 0.16261172516202788,
    "C": 0.3037986981650382,
    "D": 0.14350432667237728
  }
}