{
  "question_id": "gpqa_gpqa_diamond_0023",
  "method": "last_m",
  "prefix_length": 34,
  "keep_m": 20,
  "kl_to_baseline": 0.0777527005608098,
  "token_kl": 0.14616682291756344,
  "distribution": {
    "A": 0.34315472919510825,
    "B": 0.2672491718118062,
    "C": 0.30283298562193867,
    "D": 0.0867631133711469
  }
}