{
  "question_id": "gpqa_gpqa_diamond_0001",
  "method": "last_m",
  "prefix_length": 345,
  "keep_m": 15,
  "kl_to_baseline": 0.19274701868413982,
  "token_kl": 0.5324032807089911,
  "distribution": {
    "A": 0.2548800098493797,
    "B": 0.09376511558916154,
    "C": 0.17517629814761607,
    "D": 0.47617857641384276
  }
}