{
  "question_id": "gpqa_gpqa_diamond_0031",
  "method": "last_m",
  "prefix_length": 100,
  "keep_m": 10,
  "kl_to_baseline": 1.251003394406358,
  "token_kl": 0.05594797594457316,
  "distribution": {
    "A": 0.2360647775747209,
    "B": 0.08684337845444916,
    "C": 0.44102706639610906,
    "D": 0.2360647775747209
  }
}