{
  "question_id": "gpqa_gpqa_diamond_0013",
  "method": "last_m",
  "prefix_length": 28,
  "keep_m": 5,
  "kl_to_baseline": 0.03019147560359136,
  "token_kl": 0.4395263656025288,
  "distribution": {
    "A": 0.03726383868832616,
    "B": 0.000413963953686921,
    "C": 0.0012750987449911776,
    "D": 0.9610470986129958
  }
}