{
  "question_id": "gpqa_gpqa_diamond_0002",
  "method": "last_m",
  "prefix_length": 65,
  "keep_m": 10,
  "kl_to_baseline": 0.0017222955408449118,
  "token_kl": 0.8041982951421293,
  "distribution": {
    "A": 0.0011676422316648635,
    "B": 0.0011676422316648635,
    "C": 0.0004295515716730458,
    "D": 0.9972351639649972
  }
}