{
  "question_id": "gpqa_gpqa_diamond_0001",
  "method": "last_m",
  "prefix_length": 406,
  "keep_m": 20,
  "kl_to_baseline": 0.10910219993300269,
  "token_kl": 0.28083983510698096,
  "distribution": {
    "A": 0.2980747244459593,
    "B": 0.2980747244459593,
    "C": 0.14080053004576565,
    "D": 0.26305002106231584
  }
}