{
  "question_id": "gpqa_gpqa_diamond_0031",
  "method": "last_m",
  "prefix_length": 72,
  "keep_m": 20,
  "kl_to_baseline": 0.005095268208326844,
  "token_kl": 0.8436263116729069,
  "distribution": {
    "A": 0.9625425521018224,
    "B": 0.0044574561370874085,
    "C": 0.007349102746428836,
    "D": 0.025650889014661366
  }
}