{
  "question_id": "gpqa_gpqa_diamond_0002",
  "method": "last_m",
  "prefix_length": 95,
  "keep_m": 20,
  "kl_to_baseline": 0.175096975981857,
  "token_kl": 0.8919061474865122,
  "distribution": {
    "A": 0.13511351086387616,
    "B": 0.022056674320426937,
    "C": 0.015159315786213587,
    "D": 0.8276704990294833
  }
}