{
  "question_id": "gpqa_gpqa_diamond_0001",
  "method": "last_m",
  "prefix_length": 300,
  "keep_m": 15,
  "kl_to_baseline": 0.1818761885370319,
  "token_kl": 0.22576350953074242,
  "distribution": {
    "A": 0.18919972919771988,
    "B": 0.2429372611203101,
    "C": 0.2143913804610587,
    "D": 0.35347162922091135
  }
}