{
  "question_id": "gpqa_gpqa_diamond_0009",
  "method": "last_m",
  "prefix_length": 114,
  "keep_m": 5,
  "kl_to_baseline": 1.063249575525014,
  "token_kl": 0.039147756107938,
  "distribution": {
    "A": 0.6414450120211304,
    "B": 0.019369963281415197,
    "C": 0.036187855596114524,
    "D": 0.30299716910134006
  }
}