{
  "question_id": "gpqa_gpqa_diamond_0001",
  "method": "last_m",
  "prefix_length": 332,
  "keep_m": 3,
  "kl_to_baseline": 0.29435904813019015,
  "token_kl": 0.7209560103629508,
  "distribution": {
    "A": 0.18058466263304823,
    "B": 0.09666000448958532,
    "C": 0.231875296684815,
    "D": 0.4908800361925515
  }
}