{
  "question_id": "gpqa_gpqa_diamond_0031",
  "method": "last_m",
  "prefix_length": 149,
  "keep_m": 5,
  "kl_to_baseline": 1.2786955302113765,
  "token_kl": 0.7164448438004395,
  "distribution": {
    "A": 0.1694028754314569,
    "B": 0.062319835146559824,
    "C": 0.5217975600575768,
    "D": 0.24647972936440643
  }
}