{
  "question_id": "gpqa_gpqa_diamond_0011",
  "method": "last_m",
  "prefix_length": 76,
  "keep_m": 5,
  "kl_to_baseline": 0.22330381087025605,
  "token_kl": 1.0799486284181765,
  "distribution": {
    "A": 0.02341791237653412,
    "B": 0.8787506658108313,
    "C": 0.08173654554189436,
    "D": 0.016094876270740327
  }
}