{
  "question_id": "gpqa_gpqa_diamond_0004",
  "method": "last_m",
  "prefix_length": 31,
  "keep_m": 10,
  "kl_to_baseline": 0.12548989377470288,
  "token_kl": 0.018006837638816792,
  "distribution": {
    "A": 0.003924145758251155,
    "B": 0.14725251832402914,
    "C": 0.847379723369099,
    "D": 0.0014436125486207204
  }
}