{
  "question_id": "gpqa_gpqa_diamond_0020",
  "method": "last_m",
  "prefix_length": 55,
  "keep_m": 3,
  "kl_to_baseline": 0.3327244153792044,
  "token_kl": 0.1419667203320922,
  "distribution": {
    "A": 0.12299502215189638,
    "B": 0.5512254464841422,
    "C": 0.12299502215189638,
    "D": 0.20278450921206503
  }
}