{
  "question_id": "gpqa_gpqa_diamond_0023",
  "method": "last_m",
  "prefix_length": 266,
  "keep_m": 20,
  "kl_to_baseline": 0.007525413138736855,
  "token_kl": 0.31881960043057656,
  "distribution": {
    "A": 0.5698966333166038,
    "B": 0.18501834814545212,
    "C": 0.18501834814545212,
    "D": 0.060066670392491854
  }
}