{
  "question_id": "gpqa_gpqa_diamond_0017",
  "method": "last_m",
  "prefix_length": 97,
  "keep_m": 15,
  "kl_to_baseline": 0.1423911061326399,
  "token_kl": 0.6112642571493054,
  "distribution": {
    "A": 0.6657227373894298,
    "B": 0.14854281658123358,
    "C": 0.05464585486822941,
    "D": 0.13108859116110722
  }
}