{
  "question_id": "gpqa_gpqa_diamond_0001",
  "method": "last_m",
  "prefix_length": 310,
  "keep_m": 15,
  "kl_to_baseline": 0.3698480610520607,
  "token_kl": 0.07004922917472042,
  "distribution": {
    "A": 0.14253697116633152,
    "B": 0.23500370820847485,
    "C": 0.23500370820847485,
    "D": 0.38745561241671883
  }
}