{
  "question_id": "gpqa_gpqa_diamond_0001",
  "method": "last_m",
  "prefix_length": 374,
  "keep_m": 5,
  "kl_to_baseline": 0.012895360283611558,
  "token_kl": 1.2401712837737544,
  "distribution": {
    "A": 0.5114296024335774,
    "B": 0.10070646576678362,
    "C": 0.11411537589745815,
    "D": 0.27374855590218083
  }
}