{
  "question_id": "gpqa_gpqa_diamond_0001",
  "method": "last_m",
  "prefix_length": 393,
  "keep_m": 10,
  "kl_to_baseline": 0.03019647455985787,
  "token_kl": 1.036465199572861,
  "distribution": {
    "A": 0.30900926320204486,
    "B": 0.1288142255577722,
    "C": 0.16540073964712715,
    "D": 0.39677577159305577
  }
}