{
  "question_id": "gpqa_gpqa_diamond_0031",
  "method": "last_m",
  "prefix_length": 95,
  "keep_m": 10,
  "kl_to_baseline": 1.4947130891657692,
  "token_kl": 0.20134957051892902,
  "distribution": {
    "A": 0.1561455489884049,
    "B": 0.09470705154916756,
    "C": 0.37457369973121374,
    "D": 0.37457369973121374
  }
}