{
  "question_id": "gpqa_gpqa_diamond_0001",
  "method": "last_m",
  "prefix_length": 319,
  "keep_m": 10,
  "kl_to_baseline": 0.09474816992269751,
  "token_kl": 0.06596687117663551,
  "distribution": {
    "A": 0.2523478813744924,
    "B": 0.13507207136640484,
    "C": 0.19652872762086462,
    "D": 0.4160513196382382
  }
}