{
  "question_id": "gpqa_gpqa_diamond_0026",
  "method": "last_m",
  "prefix_length": 51,
  "keep_m": 10,
  "kl_to_baseline": 0.09708736600193855,
  "token_kl": 0.1638357795567966,
  "distribution": {
    "A": 0.034853039328479926,
    "B": 0.8988717850057273,
    "C": 0.05746294728941296,
    "D": 0.008812228376379797
  }
}