{
  "question_id": "gpqa_gpqa_diamond_0001",
  "method": "last_m",
  "prefix_length": 377,
  "keep_m": 10,
  "kl_to_baseline": 0.014870847238429772,
  "token_kl": 0.4654442171266059,
  "distribution": {
    "A": 0.4167500531591177,
    "B": 0.10537090243116676,
    "C": 0.1533137766643451,
    "D": 0.3245652677453705
  }
}