{
  "question_id": "gpqa_gpqa_diamond_0011",
  "method": "last_m",
  "prefix_length": 70,
  "keep_m": 15,
  "kl_to_baseline": 0.3722490058335006,
  "token_kl": 0.7781521075376376,
  "distribution": {
    "A": 0.05045020372470672,
    "B": 0.6964436215311858,
    "C": 0.22610212662934684,
    "D": 0.0270040481147606
  }
}