{
  "question_id": "gpqa_gpqa_diamond_0020",
  "method": "last_m",
  "prefix_length": 44,
  "keep_m": 10,
  "kl_to_baseline": 0.15537081939849418,
  "token_kl": 0.0629759433752737,
  "distribution": {
    "A": 0.6613158892582099,
    "B": 0.21469782235397122,
    "C": 0.05428411062413735,
    "D": 0.06970217776368141
  }
}