{
  "question_id": "gpqa_gpqa_diamond_0023",
  "method": "last_m",
  "prefix_length": 178,
  "keep_m": 10,
  "kl_to_baseline": 0.032532709087624616,
  "token_kl": 0.18047225077999643,
  "distribution": {
    "A": 0.36471497462519264,
    "B": 0.22121081416649443,
    "C": 0.3218598354329518,
    "D": 0.0922143757753612
  }
}