{
  "question_id": "gpqa_gpqa_diamond_0023",
  "method": "last_m",
  "prefix_length": 99,
  "keep_m": 5,
  "kl_to_baseline": 0.10576849643082341,
  "token_kl": 0.5132757113923921,
  "distribution": {
    "A": 0.32538553907875734,
    "B": 0.22363399248245083,
    "C": 0.36871012025740924,
    "D": 0.08227034818138254
  }
}