{
  "question_id": "gpqa_gpqa_diamond_0009",
  "method": "last_m",
  "prefix_length": 96,
  "keep_m": 3,
  "kl_to_baseline": 0.7320197402425901,
  "token_kl": 0.5249501108471636,
  "distribution": {
    "A": 0.4697335789713931,
    "B": 0.0720359688417504,
    "C": 0.04369202370462558,
    "D": 0.4145384284822309
  }
}