{
  "question_id": "gpqa_gpqa_diamond_0001",
  "method": "last_m",
  "prefix_length": 342,
  "keep_m": 20,
  "kl_to_baseline": 0.16620694484570087,
  "token_kl": 0.03740572290549147,
  "distribution": {
    "A": 0.3363159573449514,
    "B": 0.12372372644509935,
    "C": 0.15886440940282884,
    "D": 0.3810959068071204
  }
}