{
  "question_id": "gpqa_gpqa_diamond_0009",
  "method": "last_m",
  "prefix_length": 117,
  "keep_m": 3,
  "kl_to_baseline": 0.25726825127805747,
  "token_kl": 0.051397864486195106,
  "distribution": {
    "A": 0.1910493338680896,
    "B": 0.033199396139838605,
    "C": 0.020136451642757368,
    "D": 0.7556148183493144
  }
}