{
  "question_id": "gpqa_gpqa_diamond_0001",
  "method": "last_m",
  "prefix_length": 345,
  "keep_m": 3,
  "kl_to_baseline": 0.3057654956812788,
  "token_kl": 2.3377348853645836,
  "distribution": {
    "A": 0.19397636415484004,
    "B": 0.09162794644905753,
    "C": 0.24907058181149158,
    "D": 0.46532510758461076
  }
}