{
  "question_id": "gpqa_gpqa_diamond_0011",
  "method": "last_m",
  "prefix_length": 68,
  "keep_m": 3,
  "kl_to_baseline": 0.5479257119288342,
  "token_kl": 1.8609854740901552,
  "distribution": {
    "A": 0.0267238918895095,
    "B": 0.7809865072172162,
    "C": 0.13571512131922742,
    "D": 0.05657447957404693
  }
}