{
  "question_id": "gpqa_gpqa_diamond_0001",
  "method": "last_m",
  "prefix_length": 362,
  "keep_m": 10,
  "kl_to_baseline": 0.16112812263732892,
  "token_kl": 0.5651452889501934,
  "distribution": {
    "A": 0.26826779032141695,
    "B": 0.12672073132557707,
    "C": 0.16271263984329942,
    "D": 0.44229883850970647
  }
}