{
  "question_id": "gpqa_gpqa_diamond_0031",
  "method": "last_m",
  "prefix_length": 162,
  "keep_m": 15,
  "kl_to_baseline": 0.34085236863939405,
  "token_kl": 0.2575461777578931,
  "distribution": {
    "A": 0.6071451356309551,
    "B": 0.06399263412052661,
    "C": 0.22335621320587531,
    "D": 0.10550601704264301
  }
}