{
  "question_id": "gpqa_gpqa_diamond_0011",
  "method": "last_m",
  "prefix_length": 75,
  "keep_m": 5,
  "kl_to_baseline": 0.48421608514701026,
  "token_kl": 0.8179204891386521,
  "distribution": {
    "A": 0.010332408403440846,
    "B": 0.930093874778973,
    "C": 0.046306641811970015,
    "D": 0.013267075005616054
  }
}