{
  "question_id": "gpqa_gpqa_diamond_0023",
  "method": "last_m",
  "prefix_length": 90,
  "keep_m": 3,
  "kl_to_baseline": 0.0761500870783196,
  "token_kl": 2.023166047496028,
  "distribution": {
    "A": 0.2751655132920407,
    "B": 0.3118033757242152,
    "C": 0.3118033757242152,
    "D": 0.10122773525952902
  }
}