{
  "question_id": "gpqa_gpqa_diamond_0011",
  "method": "last_m",
  "prefix_length": 89,
  "keep_m": 5,
  "kl_to_baseline": 0.49171511838844945,
  "token_kl": 0.17736817954293388,
  "distribution": {
    "A": 0.0027678310173662227,
    "B": 0.985415900519991,
    "C": 0.009660679498908639,
    "D": 0.0021555889637341376
  }
}