{
  "question_id": "gpqa_gpqa_diamond_0023",
  "method": "last_m",
  "prefix_length": 293,
  "keep_m": 15,
  "kl_to_baseline": 0.06804775979101853,
  "token_kl": 0.46753485059229444,
  "distribution": {
    "A": 0.47203052758493513,
    "B": 0.22297143310381826,
    "C": 0.22297143310381826,
    "D": 0.0820266062074283
  }
}