{
  "question_id": "gpqa_gpqa_diamond_0001",
  "method": "last_m",
  "prefix_length": 59,
  "keep_m": 15,
  "kl_to_baseline": 0.08164101487449053,
  "token_kl": 0.0656956575981006,
  "distribution": {
    "A": 0.44557385045329007,
    "B": 0.23849850991995356,
    "C": 0.07742912970680277,
    "D": 0.23849850991995356
  }
}