{
  "question_id": "gpqa_gpqa_diamond_0023",
  "method": "last_m",
  "prefix_length": 362,
  "keep_m": 5,
  "kl_to_baseline": 0.0011306274911995872,
  "token_kl": 0.5622463615388789,
  "distribution": {
    "A": 0.00020328005468146657,
    "B": 0.0006261466494788321,
    "C": 0.9990745505971688,
    "D": 9.602269867088933e-05
  }
}