{
  "question_id": "gpqa_gpqa_diamond_0001",
  "method": "last_m",
  "prefix_length": 264,
  "keep_m": 20,
  "kl_to_baseline": 0.015319339461265853,
  "token_kl": 0.20917851794960568,
  "distribution": {
    "A": 0.4252043488999938,
    "B": 0.12182308560566212,
    "C": 0.12182308560566212,
    "D": 0.33114947988868204
  }
}