{
  "question_id": "gpqa_gpqa_diamond_0004",
  "method": "last_m",
  "prefix_length": 121,
  "keep_m": 5,
  "kl_to_baseline": 0.0008185246465589674,
  "token_kl": 0.5784980981276265,
  "distribution": {
    "A": 0.0002030748348177006,
    "B": 0.0015005320622583386,
    "C": 0.9980662791679934,
    "D": 0.0002301139349304787
  }
}