{
  "question_id": "gpqa_gpqa_diamond_0017",
  "method": "last_m",
  "prefix_length": 122,
  "keep_m": 10,
  "kl_to_baseline": 0.0012880287783213534,
  "token_kl": 0.03464638106773594,
  "distribution": {
    "A": 0.9971770878650965,
    "B": 0.000624957408883092,
    "C": 0.0010303805733071908,
    "D": 0.001167574152713153
  }
}