{
  "question_id": "gpqa_gpqa_diamond_0031",
  "method": "last_m",
  "prefix_length": 217,
  "keep_m": 20,
  "kl_to_baseline": 0.2599828987463672,
  "token_kl": 0.0324978808295046,
  "distribution": {
    "A": 0.712268986592951,
    "B": 0.04018346172159983,
    "C": 0.12377377584272456,
    "D": 0.12377377584272456
  }
}