{
  "question_id": "gpqa_gpqa_diamond_0011",
  "method": "last_m",
  "prefix_length": 95,
  "keep_m": 15,
  "kl_to_baseline": 0.003818275951557295,
  "token_kl": 1.672029589904947e-05,
  "distribution": {
    "A": 0.0008034563168269863,
    "B": 0.9984136477324376,
    "C": 0.000295575060839977,
    "D": 0.0004873208898953547
  }
}