{
  "question_id": "gpqa_gpqa_diamond_0026",
  "method": "last_m",
  "prefix_length": 92,
  "keep_m": 10,
  "kl_to_baseline": 0.061702567293315955,
  "token_kl": 0.34873193391549284,
  "distribution": {
    "A": 0.1638697386837557,
    "B": 0.7344131949309236,
    "C": 0.04143275849343022,
    "D": 0.06028430789189034
  }
}