{
  "question_id": "gpqa_gpqa_diamond_0031",
  "method": "last_m",
  "prefix_length": 78,
  "keep_m": 3,
  "kl_to_baseline": 1.7645295082441668,
  "token_kl": 0.9385924715963762,
  "distribution": {
    "A": 0.15255545336197382,
    "B": 0.09252955977039787,
    "C": 0.4699038778398807,
    "D": 0.28501110902774757
  }
}