{
  "question_id": "gpqa_gpqa_diamond_0031",
  "method": "last_m",
  "prefix_length": 193,
  "keep_m": 5,
  "kl_to_baseline": 0.006049042056469988,
  "token_kl": 0.5738242602697197,
  "distribution": {
    "A": 0.9412944575265265,
    "B": 0.00814379389575007,
    "C": 0.028424626894092028,
    "D": 0.022137121683631387
  }
}