{
  "question_id": "gpqa_gpqa_diamond_0031",
  "method": "last_m",
  "prefix_length": 209,
  "keep_m": 15,
  "kl_to_baseline": 0.3079959831943805,
  "token_kl": 0.17374331957009964,
  "distribution": {
    "A": 0.6570540697349027,
    "B": 0.05393428241001659,
    "C": 0.18824914277555946,
    "D": 0.10076250507952131
  }
}