{
  "question_id": "gpqa_gpqa_diamond_0001",
  "method": "last_m",
  "prefix_length": 271,
  "keep_m": 20,
  "kl_to_baseline": 0.03074522497498515,
  "token_kl": 0.20743064631986938,
  "distribution": {
    "A": 0.35752348940568696,
    "B": 0.11607088297412307,
    "C": 0.168882138214503,
    "D": 0.35752348940568696
  }
}