{
  "question_id": "gpqa_gpqa_diamond_0031",
  "method": "last_m",
  "prefix_length": 206,
  "keep_m": 15,
  "kl_to_baseline": 0.12809711512413058,
  "token_kl": 0.4392884791178057,
  "distribution": {
    "A": 0.8337380930486005,
    "B": 0.025176709995067863,
    "C": 0.09957581966121476,
    "D": 0.04150937729511691
  }
}