{
  "question_id": "gpqa_gpqa_diamond_0001",
  "method": "last_m",
  "prefix_length": 288,
  "keep_m": 20,
  "kl_to_baseline": 0.12502820478905322,
  "token_kl": 0.16060432945060535,
  "distribution": {
    "A": 0.2625790429734085,
    "B": 0.12403354256543235,
    "C": 0.1804677610708176,
    "D": 0.4329196533903416
  }
}