{
  "question_id": "gpqa_gpqa_diamond_0026",
  "method": "last_m",
  "prefix_length": 102,
  "keep_m": 5,
  "kl_to_baseline": 0.23098897190386636,
  "token_kl": 0.26732141257078634,
  "distribution": {
    "A": 0.017944594594263712,
    "B": 0.7630234190214646,
    "C": 0.04877845377496044,
    "D": 0.17025353260931114
  }
}