{
  "question_id": "gpqa_gpqa_diamond_0001",
  "method": "last_m",
  "prefix_length": 414,
  "keep_m": 20,
  "kl_to_baseline": 0.04221457190194734,
  "token_kl": 1.0903625220890083,
  "distribution": {
    "A": 0.7699976746331374,
    "B": 0.09196311880276481,
    "C": 0.033831340753544076,
    "D": 0.1042078658105537
  }
}