{
  "question_id": "gpqa_gpqa_diamond_0009",
  "method": "last_m",
  "prefix_length": 96,
  "keep_m": 10,
  "kl_to_baseline": 1.7837696346278704,
  "token_kl": 0.33870788088250575,
  "distribution": {
    "A": 0.7039910150739234,
    "B": 0.12233529119720157,
    "C": 0.03504964775328644,
    "D": 0.13862404597558872
  }
}