{
  "question_id": "gpqa_gpqa_diamond_0023",
  "method": "last_m",
  "prefix_length": 75,
  "keep_m": 15,
  "kl_to_baseline": 0.022387521418730613,
  "token_kl": 0.1948707276298054,
  "distribution": {
    "A": 0.20422150777354064,
    "B": 0.43233693534925105,
    "C": 0.29714054049088595,
    "D": 0.06630101638632237
  }
}