{
  "question_id": "gpqa_gpqa_diamond_0023",
  "method": "last_m",
  "prefix_length": 370,
  "keep_m": 10,
  "kl_to_baseline": 0.0026573760230017302,
  "token_kl": 0.8524692089650328,
  "distribution": {
    "A": 0.00022991643688163068,
    "B": 0.0021813874577360586,
    "C": 0.9972096278046582,
    "D": 0.0003790683007241361
  }
}