{
  "question_id": "gpqa_gpqa_diamond_0002",
  "method": "last_m",
  "prefix_length": 97,
  "keep_m": 20,
  "kl_to_baseline": 0.05920088163979823,
  "token_kl": 0.21730920031772735,
  "distribution": {
    "A": 0.041265749748906386,
    "B": 0.015180820957148268,
    "C": 0.004349378024498681,
    "D": 0.9392040512694467
  }
}