{
  "question_id": "gpqa_gpqa_diamond_0004",
  "method": "last_m",
  "prefix_length": 49,
  "keep_m": 10,
  "kl_to_baseline": 0.10080774776026105,
  "token_kl": 0.7984464352013156,
  "distribution": {
    "A": 0.023639783666700828,
    "B": 0.08251095243699069,
    "C": 0.8870763508642735,
    "D": 0.006772913032035068
  }
}