{
  "question_id": "gpqa_gpqa_diamond_0023",
  "method": "last_m",
  "prefix_length": 306,
  "keep_m": 10,
  "kl_to_baseline": 0.10544690373844719,
  "token_kl": 0.4002322470325375,
  "distribution": {
    "A": 0.3580486766224923,
    "B": 0.24608301672793476,
    "C": 0.3159768480938629,
    "D": 0.07989145855571006
  }
}