{
  "question_id": "gpqa_gpqa_diamond_0023",
  "method": "last_m",
  "prefix_length": 195,
  "keep_m": 5,
  "kl_to_baseline": 0.11677284751322253,
  "token_kl": 0.30778418749218694,
  "distribution": {
    "A": 0.343593084035034,
    "B": 0.23614784292400445,
    "C": 0.343593084035034,
    "D": 0.07666598900592758
  }
}