{
  "question_id": "gpqa_gpqa_diamond_0023",
  "method": "last_m",
  "prefix_length": 374,
  "keep_m": 5,
  "kl_to_baseline": 0.9576096267746569,
  "token_kl": 0.47819804480307976,
  "distribution": {
    "A": 0.42890045703318763,
    "B": 0.1308072488874203,
    "C": 0.3785033248489055,
    "D": 0.06178896923048666
  }
}