{
  "question_id": "gpqa_gpqa_diamond_0001",
  "method": "last_m",
  "prefix_length": 307,
  "keep_m": 15,
  "kl_to_baseline": 0.15032375743306484,
  "token_kl": 0.43096126401516277,
  "distribution": {
    "A": 0.4509200579942922,
    "B": 0.2734968565546194,
    "C": 0.12919076731620938,
    "D": 0.14639231813487896
  }
}