{
  "question_id": "gpqa_gpqa_diamond_0031",
  "method": "last_m",
  "prefix_length": 77,
  "keep_m": 20,
  "kl_to_baseline": 0.10594369958360936,
  "token_kl": 0.22124825849430393,
  "distribution": {
    "A": 0.8456161178294734,
    "B": 0.017550206282137142,
    "C": 0.08912728044004062,
    "D": 0.047706395448348794
  }
}