{
  "question_id": "gpqa_gpqa_diamond_0023",
  "method": "last_m",
  "prefix_length": 361,
  "keep_m": 3,
  "kl_to_baseline": 0.00010199486824734847,
  "token_kl": 0.5910056156912693,
  "distribution": {
    "A": 0.000709127195869928,
    "B": 0.000625802553893711,
    "C": 0.9985254348261647,
    "D": 0.00013963542407160017
  }
}