{
  "question_id": "gpqa_gpqa_diamond_0002",
  "method": "last_m",
  "prefix_length": 104,
  "keep_m": 15,
  "kl_to_baseline": 1.2988736506320537,
  "token_kl": 0.21788294644789252,
  "distribution": {
    "A": 0.21101423261339788,
    "B": 0.30702389681474196,
    "C": 0.21101423261339788,
    "D": 0.2709476379584622
  }
}