{
  "question_id": "gpqa_gpqa_diamond_0023",
  "method": "last_m",
  "prefix_length": 285,
  "keep_m": 15,
  "kl_to_baseline": 0.06259615540086762,
  "token_kl": 0.22248534331903097,
  "distribution": {
    "A": 0.3313635536266756,
    "B": 0.2924273097049657,
    "C": 0.2924273097049657,
    "D": 0.08378182696339309
  }
}