{
  "question_id": "gpqa_gpqa_diamond_0031",
  "method": "last_m",
  "prefix_length": 201,
  "keep_m": 15,
  "kl_to_baseline": 0.012950243207776116,
  "token_kl": 0.8990106478315845,
  "distribution": {
    "A": 0.9409506545019614,
    "B": 0.01184482085848364,
    "C": 0.022129038685370927,
    "D": 0.025075485954184025
  }
}