{
  "question_id": "gpqa_gpqa_diamond_0031",
  "method": "last_m",
  "prefix_length": 88,
  "keep_m": 20,
  "kl_to_baseline": 1.2226037964331626,
  "token_kl": 0.027570498465548297,
  "distribution": {
    "A": 0.27104720037198543,
    "B": 0.014364975355380567,
    "C": 0.06437935304588474,
    "D": 0.6502084712267492
  }
}