{
  "question_id": "gpqa_gpqa_diamond_0023",
  "method": "last_m",
  "prefix_length": 66,
  "keep_m": 3,
  "kl_to_baseline": 0.2727367735850557,
  "token_kl": 0.5696297501188982,
  "distribution": {
    "A": 0.05353956769795839,
    "B": 0.2718963598397036,
    "C": 0.6522454601390528,
    "D": 0.02231861232328516
  }
}