{
  "question_id": "gpqa_gpqa_diamond_0001",
  "method": "last_m",
  "prefix_length": 339,
  "keep_m": 5,
  "kl_to_baseline": 0.24615764729619286,
  "token_kl": 0.09660521131135122,
  "distribution": {
    "A": 0.16748250394176104,
    "B": 0.10158327360612006,
    "C": 0.21505179191172602,
    "D": 0.515882430540393
  }
}