{
  "question_id": "gpqa_gpqa_diamond_0023",
  "method": "last_m",
  "prefix_length": 95,
  "keep_m": 20,
  "kl_to_baseline": 0.07590650092996415,
  "token_kl": 0.0986154867008561,
  "distribution": {
    "A": 0.41795982077644706,
    "B": 0.1742315750333371,
    "C": 0.325507435713081,
    "D": 0.08230116847713491
  }
}