{
  "question_id": "gpqa_gpqa_diamond_0002",
  "method": "last_m",
  "prefix_length": 94,
  "keep_m": 20,
  "kl_to_baseline": 0.09520998952755019,
  "token_kl": 0.06942981337446875,
  "distribution": {
    "A": 0.08889525743101374,
    "B": 0.00643955238510862,
    "C": 0.006854867831859411,
    "D": 0.8978103223520182
  }
}