{
  "question_id": "gpqa_gpqa_diamond_0002",
  "method": "last_m",
  "prefix_length": 16,
  "keep_m": 10,
  "kl_to_baseline": 0.1441572851606066,
  "token_kl": 0.1269653071984532,
  "distribution": {
    "A": 0.12403355551742959,
    "B": 0.26257903909092756,
    "C": 0.4329196469892127,
    "D": 0.1804677584024301
  }
}