{
  "question_id": "gpqa_gpqa_diamond_0023",
  "method": "last_m",
  "prefix_length": 318,
  "keep_m": 20,
  "kl_to_baseline": 0.29639270094556863,
  "token_kl": 0.27456881669504907,
  "distribution": {
    "A": 0.6282512318325579,
    "B": 0.14018178126127542,
    "C": 0.17999699155335122,
    "D": 0.051569995352815375
  }
}