{
  "question_id": "gpqa_gpqa_diamond_0031",
  "method": "last_m",
  "prefix_length": 133,
  "keep_m": 3,
  "kl_to_baseline": 0.5720511315744425,
  "token_kl": 0.179901167661027,
  "distribution": {
    "A": 0.41238112324379594,
    "B": 0.07166108544793084,
    "C": 0.3211627417061338,
    "D": 0.1947950496021394
  }
}