{
  "question_id": "gpqa_gpqa_diamond_0002",
  "method": "last_m",
  "prefix_length": 55,
  "keep_m": 3,
  "kl_to_baseline": 0.10384266746593888,
  "token_kl": 0.12963893671404866,
  "distribution": {
    "A": 0.46454998140218834,
    "B": 0.19365324348892976,
    "C": 0.17089838755444098,
    "D": 0.17089838755444098
  }
}