{
  "question_id": "gpqa_gpqa_diamond_0002",
  "method": "last_m",
  "prefix_length": 54,
  "keep_m": 3,
  "kl_to_baseline": 0.24377254040924373,
  "token_kl": 0.06910135751023613,
  "distribution": {
    "A": 0.310313193127302,
    "B": 0.21327493070378706,
    "C": 0.310313193127302,
    "D": 0.16609868304160896
  }
}