{
  "question_id": "gpqa_gpqa_diamond_0001",
  "method": "last_m",
  "prefix_length": 28,
  "keep_m": 5,
  "kl_to_baseline": 0.10625701844957869,
  "token_kl": 0.2890078553979556,
  "distribution": {
    "A": 0.22709170823254674,
    "B": 0.12155341766307326,
    "C": 0.22709170823254674,
    "D": 0.42426316587183316
  }
}