{
  "question_id": "gpqa_diels_alder_nm",
  "method": "last_m",
  "prefix_length": 40,
  "keep_m": 20,
  "kl_to_baseline": 0.005485729140083655,
  "token_kl": 0.5391728197256201,
  "distribution": {
    "A": 0.8933093975331751,
    "B": 0.10669060246682488
  }
}