{
  "question_id": "gpqa_gpqa_diamond_0001",
  "method": "last_m",
  "prefix_length": 308,
  "keep_m": 3,
  "kl_to_baseline": 0.10958541636356793,
  "token_kl": 0.6048543480591678,
  "distribution": {
    "A": 0.1830931260429889,
    "B": 0.1425930699372712,
    "C": 0.23509622746001002,
    "D": 0.4392175765597299
  }
}