{
  "question_id": "gpqa_gpqa_diamond_0009",
  "method": "last_m",
  "prefix_length": 18,
  "keep_m": 10,
  "kl_to_baseline": 0.024452090615546956,
  "token_kl": 0.06112861835139788,
  "distribution": {
    "A": 0.8675502119749493,
    "B": 0.07121286007843541,
    "C": 0.023119430732108977,
    "D": 0.0381174972145063
  }
}