{
  "question_id": "gpqa_gpqa_diamond_0023",
  "method": "last_m",
  "prefix_length": 168,
  "keep_m": 20,
  "kl_to_baseline": 0.06771522349899035,
  "token_kl": 0.15278044242038252,
  "distribution": {
    "A": 0.7138354869874172,
    "B": 0.1240460075486724,
    "C": 0.140562541562894,
    "D": 0.021555963901016485
  }
}