{
  "question_id": "gpqa_gpqa_diamond_0004",
  "method": "last_m",
  "prefix_length": 89,
  "keep_m": 3,
  "kl_to_baseline": 0.07090936897156881,
  "token_kl": 0.5287878312948662,
  "distribution": {
    "A": 0.0017946074774117943,
    "B": 0.06734216482564882,
    "C": 0.9296298132180763,
    "D": 0.0012334144788632379
  }
}