{
  "question_id": "gpqa_gpqa_diamond_0007",
  "method": "last_m",
  "prefix_length": 204,
  "keep_m": 15,
  "kl_to_baseline": 0.002546333011414045,
  "token_kl": 0.6121824387519244,
  "distribution": {
    "A": 0.9946314838214695,
    "B": 0.001164593738399989,
    "C": 0.004064831553128558,
    "D": 0.00013909088700194623
  }
}