{
  "question_id": "gpqa_gpqa_diamond_0009",
  "method": "last_m",
  "prefix_length": 115,
  "keep_m": 20,
  "kl_to_baseline": 1.444813392718582,
  "token_kl": 0.07012214312800925,
  "distribution": {
    "A": 0.5881915604793101,
    "B": 0.07960307143485265,
    "C": 0.11582178551494998,
    "D": 0.21638358257088725
  }
}