{
  "question_id": "gpqa_gpqa_diamond_0020",
  "method": "last_m",
  "prefix_length": 41,
  "keep_m": 3,
  "kl_to_baseline": 0.05559066405149156,
  "token_kl": 0.7995163295244984,
  "distribution": {
    "A": 0.4798430226595384,
    "B": 0.42345998122387246,
    "C": 0.03938791620239833,
    "D": 0.057309079914190715
  }
}