{
  "question_id": "gpqa_gpqa_diamond_0017",
  "method": "last_m",
  "prefix_length": 122,
  "keep_m": 20,
  "kl_to_baseline": 0.0047958049717089155,
  "token_kl": 0.022905902540085916,
  "distribution": {
    "A": 0.9982110904097952,
    "B": 0.0011687848804129944,
    "C": 0.00021620346336928694,
    "D": 0.0004039212464225159
  }
}