{
  "question_id": "gpqa_gpqa_diamond_0001",
  "method": "last_m",
  "prefix_length": 271,
  "keep_m": 5,
  "kl_to_baseline": 0.02419585138538441,
  "token_kl": 0.4768124808593742,
  "distribution": {
    "A": 0.35909975784487685,
    "B": 0.13210543398896754,
    "C": 0.14969505032127867,
    "D": 0.35909975784487685
  }
}