{
  "question_id": "gpqa_gpqa_diamond_0009",
  "method": "last_m",
  "prefix_length": 93,
  "keep_m": 5,
  "kl_to_baseline": 1.8423262172264203,
  "token_kl": 0.6767932164775671,
  "distribution": {
    "A": 0.6427329226133668,
    "B": 0.18414605445273843,
    "C": 0.04655941397686922,
    "D": 0.1265616089570257
  }
}