{
  "question_id": "gpqa_gpqa_diamond_0031",
  "method": "last_m",
  "prefix_length": 166,
  "keep_m": 20,
  "kl_to_baseline": 0.4046765142857945,
  "token_kl": 2.8504352343585673,
  "distribution": {
    "A": 0.6041950741821941,
    "B": 0.049595351832811836,
    "C": 0.173104786992497,
    "D": 0.173104786992497
  }
}