{
  "question_id": "gpqa_gpqa_diamond_0002",
  "method": "last_m",
  "prefix_length": 44,
  "keep_m": 5,
  "kl_to_baseline": 1.149957046536626,
  "token_kl": 0.05411898110526937,
  "distribution": {
    "A": 0.11505403013820553,
    "B": 0.21494922669198757,
    "C": 0.4550475164778193,
    "D": 0.21494922669198757
  }
}