{
  "question_id": "gpqa_gpqa_diamond_0001",
  "method": "last_m",
  "prefix_length": 372,
  "keep_m": 15,
  "kl_to_baseline": 0.07538131158442428,
  "token_kl": 0.1856043637673733,
  "distribution": {
    "A": 0.9272520285995463,
    "B": 0.03595346179780797,
    "C": 0.014987632699468328,
    "D": 0.021806876903177435
  }
}