{
  "question_id": "gpqa_gpqa_diamond_0020",
  "method": "last_m",
  "prefix_length": 52,
  "keep_m": 3,
  "kl_to_baseline": 0.35436378743954877,
  "token_kl": 0.29772000458532477,
  "distribution": {
    "A": 0.14759026371815787,
    "B": 0.5837308513544646,
    "C": 0.10143720590742211,
    "D": 0.1672416790199555
  }
}