{
  "question_id": "gpqa_gpqa_diamond_0009",
  "method": "last_m",
  "prefix_length": 53,
  "keep_m": 5,
  "kl_to_baseline": 0.05574973886902129,
  "token_kl": 2.2956559291984986,
  "distribution": {
    "A": 0.5085732723474835,
    "B": 0.053603228538314604,
    "C": 0.04174623636079489,
    "D": 0.39607726275340704
  }
}