{
  "question_id": "gpqa_gpqa_diamond_0031",
  "method": "last_m",
  "prefix_length": 158,
  "keep_m": 3,
  "kl_to_baseline": 1.3863299214755136,
  "token_kl": 0.5872185860244177,
  "distribution": {
    "A": 0.16218941923183072,
    "B": 0.059666152910926674,
    "C": 0.38907221392862124,
    "D": 0.38907221392862124
  }
}