{
  "question_id": "medmcqa_0001",
  "method": "last_m",
  "prefix_length": 53,
  "keep_m": 10,
  "kl_to_baseline": 0.035215125140687926,
  "token_kl": 0.19137795644228767,
  "distribution": {
    "A": 0.948075430767901,
    "B": 0.017364608264237254,
    "C": 0.009294605025188295,
    "D": 0.02526535594267347
  }
}