{
  "question_id": "medmcqa_0001",
  "method": "last_m",
  "prefix_length": 74,
  "keep_m": 5,
  "kl_to_baseline": 0.09483600649676979,
  "token_kl": 0.10250081770177749,
  "distribution": {
    "A": 0.8869870931071371,
    "B": 0.030351031101923127,
    "C": 0.009853537134109356,
    "D": 0.07280833865683038
  }
}