{
  "question_id": "medmcqa_0001",
  "method": "last_m",
  "prefix_length": 75,
  "keep_m": 20,
  "kl_to_baseline": 0.5092597195099382,
  "token_kl": 0.04119068954891298,
  "distribution": {
    "A": 0.5791975908625082,
    "B": 0.015435092975877581,
    "C": 0.007291021660252343,
    "D": 0.39807629450136184
  }
}