{
  "question_id": "medmcqa_0001",
  "method": "last_m",
  "prefix_length": 25,
  "keep_m": 15,
  "kl_to_baseline": 0.00027150959074614457,
  "token_kl": 0.05721048331608605,
  "distribution": {
    "A": 0.9978557895870312,
    "B": 0.0011683689024234237,
    "C": 6.591489442165854e-05,
    "D": 0.0009099266161236402
  }
}