{
  "question_id": "medmcqa_0001",
  "method": "last_m",
  "prefix_length": 32,
  "keep_m": 15,
  "kl_to_baseline": 1.6073386725172847,
  "token_kl": 0.34942528839858233,
  "distribution": {
    "A": 0.1938342094022671,
    "B": 0.0336833349434313,
    "C": 0.005853285941682233,
    "D": 0.7666291697126194
  }
}