{
  "question_id": "medmcqa_0001",
  "method": "last_m",
  "prefix_length": 26,
  "keep_m": 5,
  "kl_to_baseline": 1.8393487877019965,
  "token_kl": 0.05900257890972935,
  "distribution": {
    "A": 0.15708725516802657,
    "B": 0.016556874883261716,
    "C": 0.12233967733539669,
    "D": 0.704016192613315
  }
}