{
  "question_id": "medmcqa_0001",
  "method": "last_m",
  "prefix_length": 34,
  "keep_m": 20,
  "kl_to_baseline": 0.4455417498093213,
  "token_kl": 0.03663849219413049,
  "distribution": {
    "A": 0.6263594446147228,
    "B": 0.1794549961371536,
    "C": 0.01473056311097002,
    "D": 0.1794549961371536
  }
}