{
  "question_id": "medmcqa_0001",
  "method": "last_m",
  "prefix_length": 38,
  "keep_m": 3,
  "kl_to_baseline": 1.4871541448382994,
  "token_kl": 0.23499624671952138,
  "distribution": {
    "A": 0.2175331387206293,
    "B": 0.015758049594326293,
    "C": 0.007443575564793855,
    "D": 0.7592652361202507
  }
}