{
  "question_id": "medmcqa_0001",
  "method": "last_m",
  "prefix_length": 38,
  "keep_m": 10,
  "kl_to_baseline": 0.7764588993152843,
  "token_kl": 0.2008017115526327,
  "distribution": {
    "A": 0.4445382630150663,
    "B": 0.03220224376523957,
    "C": 0.019531648155157795,
    "D": 0.5037278450645364
  }
}