{
  "question_id": "medmcqa_0001",
  "method": "last_m",
  "prefix_length": 29,
  "keep_m": 3,
  "kl_to_baseline": 5.945408111896546,
  "token_kl": 2.1252788922416226,
  "distribution": {
    "A": 0.0024713254246815424,
    "B": 0.000295157731022728,
    "C": 0.00022986907205007972,
    "D": 0.9970036477722456
  }
}