{
  "question_id": "medmcqa_0001",
  "method": "last_m",
  "prefix_length": 82,
  "keep_m": 3,
  "kl_to_baseline": 0.004171747079674764,
  "token_kl": 0.38615135448452975,
  "distribution": {
    "A": 0.9835030849266951,
    "B": 0.007509138969718247,
    "C": 0.0014786371338683156,
    "D": 0.007509138969718247
  }
}