{
  "question_id": "medmcqa_0001",
  "method": "last_m",
  "prefix_length": 91,
  "keep_m": 5,
  "kl_to_baseline": 0.028569956573063812,
  "token_kl": 0.4220671696814353,
  "distribution": {
    "A": 0.9450719623673736,
    "B": 0.015275662703838176,
    "C": 0.003007956332867004,
    "D": 0.03664441859592121
  }
}