{
  "question_id": "medmcqa_0001",
  "method": "last_m",
  "prefix_length": 24,
  "keep_m": 5,
  "kl_to_baseline": 0.5975381795655254,
  "token_kl": 0.926339403839422,
  "distribution": {
    "A": 0.5478821354068012,
    "B": 0.02124369578555097,
    "C": 0.00418313272199756,
    "D": 0.4266910360856503
  }
}