{
  "question_id": "medmcqa_0001",
  "method": "last_m",
  "prefix_length": 44,
  "keep_m": 15,
  "kl_to_baseline": 0.13474972554502954,
  "token_kl": 0.3729975387763911,
  "distribution": {
    "A": 0.8527103440392567,
    "B": 0.022723961973859567,
    "C": 0.022723961973859567,
    "D": 0.10184173201302421
  }
}