{
  "question_id": "medmcqa_0001",
  "method": "last_m",
  "prefix_length": 58,
  "keep_m": 3,
  "kl_to_baseline": 0.23439903949739957,
  "token_kl": 0.14832380532171807,
  "distribution": {
    "A": 0.7580925849265038,
    "B": 0.020202481881513943,
    "C": 0.004507784092357308,
    "D": 0.21719714909962506
  }
}