{
  "question_id": "medmcqa_0001",
  "method": "last_m",
  "prefix_length": 83,
  "keep_m": 20,
  "kl_to_baseline": 0.011839057396555133,
  "token_kl": 0.3851230776555837,
  "distribution": {
    "A": 0.9731040639777917,
    "B": 0.009539978547388972,
    "C": 0.005106382545315942,
    "D": 0.012249574929503237
  }
}