{
  "question_id": "medmcqa_0001",
  "method": "last_m",
  "prefix_length": 30,
  "keep_m": 15,
  "kl_to_baseline": 0.4374568916444709,
  "token_kl": 0.33734859056954736,
  "distribution": {
    "A": 0.62960045444035,
    "B": 0.12397568758269775,
    "C": 0.01480678083069702,
    "D": 0.23161707714625526
  }
}