{
  "question_id": "medmcqa_0001",
  "method": "last_m",
  "prefix_length": 34,
  "keep_m": 10,
  "kl_to_baseline": 0.6320151571005477,
  "token_kl": 0.03487548334108214,
  "distribution": {
    "A": 0.5201566038908807,
    "B": 0.01570736840734397,
    "C": 0.005099435909150812,
    "D": 0.4590365917926245
  }
}