{
  "question_id": "medmcqa_0001",
  "method": "last_m",
  "prefix_length": 52,
  "keep_m": 15,
  "kl_to_baseline": 0.46555561198636486,
  "token_kl": 0.17111277576840245,
  "distribution": {
    "A": 0.6158307641566321,
    "B": 0.03066041018560294,
    "C": 0.023878351461838046,
    "D": 0.329630474195927
  }
}