{
  "question_id": "medmcqa_0001",
  "method": "last_m",
  "prefix_length": 53,
  "keep_m": 20,
  "kl_to_baseline": 0.29898715206465803,
  "token_kl": 0.09324660999363374,
  "distribution": {
    "A": 0.7210544218899242,
    "B": 0.031680923105937134,
    "C": 0.040679110492153225,
    "D": 0.20658554451198546
  }
}