{
  "question_id": "medmcqa_0001",
  "method": "last_m",
  "prefix_length": 37,
  "keep_m": 3,
  "kl_to_baseline": 0.7012104953255124,
  "token_kl": 4.260008810911172,
  "distribution": {
    "A": 0.483121174535377,
    "B": 0.030884907073486734,
    "C": 0.0028727438557591767,
    "D": 0.483121174535377
  }
}