{
  "question_id": "medmcqa_0001",
  "method": "last_m",
  "prefix_length": 52,
  "keep_m": 10,
  "kl_to_baseline": 0.014583230782835077,
  "token_kl": 0.26359166986863275,
  "distribution": {
    "A": 0.9754188622434459,
    "B": 0.012278714128379801,
    "C": 0.0027397514498821727,
    "D": 0.009562672178292111
  }
}