{
  "question_id": "starfish",
  "method": "last_m",
  "prefix_length": 73,
  "keep_m": 20,
  "kl_to_baseline": 0.13076767618550647,
  "token_kl": 0.0911020572968671,
  "distribution": {
    "A": 0.44064790574498663,
    "B": 0.2081473322093069,
    "C": 0.2081473322093069,
    "D": 0.14305742983639944
  }
}