{
  "question_id": "starfish",
  "method": "last_m",
  "prefix_length": 88,
  "keep_m": 3,
  "kl_to_baseline": 0.013582349797878125,
  "token_kl": 0.19935278044480922,
  "distribution": {
    "A": 0.001700107810436997,
    "B": 0.9979387086077981,
    "C": 0.00020304892217392405,
    "D": 0.0001581346595908568
  }
}