{
  "question_id": "starfish",
  "method": "last_m",
  "prefix_length": 94,
  "keep_m": 5,
  "kl_to_baseline": 2.1008828284577157,
  "token_kl": 0.8778098158346275,
  "distribution": {
    "A": 0.14850284982317746,
    "B": 0.11565413573062584,
    "C": 0.5873401646230193,
    "D": 0.14850284982317746
  }
}