{
  "question_id": "starfish",
  "method": "last_m",
  "prefix_length": 90,
  "keep_m": 3,
  "kl_to_baseline": 0.012064769492415727,
  "token_kl": 1.179707540004598,
  "distribution": {
    "A": 0.0008763058181014443,
    "B": 0.9609859168151735,
    "C": 0.037261471548623616,
    "D": 0.0008763058181014443
  }
}