{
  "question_id": "starfish",
  "method": "last_m",
  "prefix_length": 37,
  "keep_m": 5,
  "kl_to_baseline": 0.03509158050911483,
  "token_kl": 0.2736026309643062,
  "distribution": {
    "A": 0.49077802168116,
    "B": 0.12408811663171761,
    "C": 0.18054714435529118,
    "D": 0.20458671733183115
  }
}