{
  "question_id": "starfish",
  "method": "last_m",
  "prefix_length": 44,
  "keep_m": 5,
  "kl_to_baseline": 0.04683449486294809,
  "token_kl": 0.4715762561700536,
  "distribution": {
    "A": 0.4777635660314541,
    "B": 0.17575937273157563,
    "C": 0.12079753252543826,
    "D": 0.22567952871153213
  }
}