{
  "question_id": "starfish",
  "method": "last_m",
  "prefix_length": 34,
  "keep_m": 10,
  "kl_to_baseline": 0.026096211419686086,
  "token_kl": 0.20323072935142078,
  "distribution": {
    "A": 0.30601362565976303,
    "B": 0.18560664625247092,
    "C": 0.23832365129434321,
    "D": 0.27005607679342275
  }
}