{
  "question_id": "starfish",
  "method": "last_m",
  "prefix_length": 40,
  "keep_m": 10,
  "kl_to_baseline": 0.09830134632724497,
  "token_kl": 0.15834989967402233,
  "distribution": {
    "A": 0.5201448968316537,
    "B": 0.13151322547481686,
    "C": 0.13151322547481686,
    "D": 0.21682865221871253
  }
}