{
  "question_id": "starfish",
  "method": "last_m",
  "prefix_length": 39,
  "keep_m": 15,
  "kl_to_baseline": 0.06915502387563481,
  "token_kl": 0.11070274128870884,
  "distribution": {
    "A": 0.2925894356630872,
    "B": 0.15661185797217644,
    "C": 0.2925894356630872,
    "D": 0.25820927070164923
  }
}