{
  "question_id": "starfish",
  "method": "last_m",
  "prefix_length": 25,
  "keep_m": 5,
  "kl_to_baseline": 0.207510108982158,
  "token_kl": 0.17643253473753423,
  "distribution": {
    "A": 0.2429372611203101,
    "B": 0.18919972919771988,
    "C": 0.2143913804610587,
    "D": 0.35347162922091135
  }
}