{
  "question_id": "starfish",
  "method": "last_m",
  "prefix_length": 66,
  "keep_m": 3,
  "kl_to_baseline": 0.03604888211340061,
  "token_kl": 0.7840564881115304,
  "distribution": {
    "A": 0.3320117333870983,
    "B": 0.22818810478975934,
    "C": 0.3320117333870983,
    "D": 0.10778842843604404
  }
}