{
  "question_id": "starfish",
  "method": "last_m",
  "prefix_length": 42,
  "keep_m": 3,
  "kl_to_baseline": 0.12382131062976137,
  "token_kl": 0.4167664560856908,
  "distribution": {
    "A": 0.3256774323330271,
    "B": 0.17432256766697288,
    "C": 0.17432256766697288,
    "D": 0.3256774323330271
  }
}