{
  "question_id": "starfish",
  "method": "last_m",
  "prefix_length": 92,
  "keep_m": 3,
  "kl_to_baseline": 2.4334600220918965,
  "token_kl": 0.5514519754850573,
  "distribution": {
    "A": 0.053850320874116966,
    "B": 0.0783517545462755,
    "C": 0.8423608341443033,
    "D": 0.02543709043530414
  }
}