{
  "question_id": "starfish",
  "method": "last_m",
  "prefix_length": 44,
  "keep_m": 3,
  "kl_to_baseline": 0.129677722774739,
  "token_kl": 0.5052600656652569,
  "distribution": {
    "A": 0.325455072595945,
    "B": 0.19739847988844153,
    "C": 0.22368178212333056,
    "D": 0.2534646653922829
  }
}