{
  "question_id": "starfish",
  "method": "last_m",
  "prefix_length": 92,
  "keep_m": 10,
  "kl_to_baseline": 0.055555106563160324,
  "token_kl": 0.48299842140840626,
  "distribution": {
    "A": 0.02407890613718943,
    "B": 0.903554206000006,
    "C": 0.057762293038256446,
    "D": 0.014604594824548083
  }
}