{
  "question_id": "starfish",
  "method": "last_m",
  "prefix_length": 23,
  "keep_m": 10,
  "kl_to_baseline": 0.14727899881227458,
  "token_kl": 0.27293924715257534,
  "distribution": {
    "A": 0.567384078484277,
    "B": 0.14345716107001313,
    "C": 0.126600500297866,
    "D": 0.16255826014784394
  }
}