{
  "question_id": "starfish",
  "method": "last_m",
  "prefix_length": 90,
  "keep_m": 5,
  "kl_to_baseline": 0.004301090892062782,
  "token_kl": 0.7735585481467414,
  "distribution": {
    "A": 0.0027625930261704,
    "B": 0.9835513674582511,
    "C": 0.01238108297118004,
    "D": 0.0013049565443984795
  }
}