{
  "question_id": "waffle",
  "method": "last_m",
  "prefix_length": 226,
  "keep_m": 20,
  "kl_to_baseline": 2.721211605641137,
  "token_kl": 0.5239030099944819,
  "distribution": {
    "A": 0.0008037636294627269,
    "B": 0.0003350585299219606,
    "C": 0.998795200904197,
    "D": 6.597693641838784e-05
  }
}