{
  "question_id": "waffle",
  "method": "last_m",
  "prefix_length": 271,
  "keep_m": 3,
  "kl_to_baseline": 0.3320444281017713,
  "token_kl": 0.6623815922308087,
  "distribution": {
    "A": 0.5469986186804172,
    "B": 0.20122954616170277,
    "C": 0.15671772812783752,
    "D": 0.09505410703004244
  }
}