{
  "question_id": "waffle",
  "method": "last_m",
  "prefix_length": 222,
  "keep_m": 20,
  "kl_to_baseline": 0.7489613305877506,
  "token_kl": 0.3956948904510233,
  "distribution": {
    "A": 0.013909463444940106,
    "B": 0.007445199273471316,
    "C": 0.975128474166309,
    "D": 0.0035168631152795527
  }
}