{
  "question_id": "waffle",
  "method": "last_m",
  "prefix_length": 101,
  "keep_m": 3,
  "kl_to_baseline": 0.04996217821510019,
  "token_kl": 0.6817762326254844,
  "distribution": {
    "A": 0.5593087420180604,
    "B": 0.20575818745590643,
    "C": 0.12479864917890661,
    "D": 0.11013442134712666
  }
}