{
  "question_id": "waffle",
  "method": "last_m",
  "prefix_length": 286,
  "keep_m": 3,
  "kl_to_baseline": 0.45041574068250817,
  "token_kl": 2.8963507454317674,
  "distribution": {
    "A": 0.6774678590085322,
    "B": 0.13340131511169187,
    "C": 0.11772624738677966,
    "D": 0.07140457849299615
  }
}