{
  "question_id": "waffle",
  "method": "last_m",
  "prefix_length": 65,
  "keep_m": 15,
  "kl_to_baseline": 0.013479589701267603,
  "token_kl": 0.36525161152569247,
  "distribution": {
    "A": 0.49516317235292706,
    "B": 0.3403203598949667,
    "C": 0.0670130521730121,
    "D": 0.09750341557909421
  }
}