{
  "question_id": "waffle",
  "method": "last_m",
  "prefix_length": 282,
  "keep_m": 20,
  "kl_to_baseline": 0.5599454348862152,
  "token_kl": 0.5569457535218133,
  "distribution": {
    "A": 0.007392535221519433,
    "B": 0.012188230064118972,
    "C": 0.9682310046502427,
    "D": 0.012188230064118972
  }
}