{
  "question_id": "waffle",
  "method": "last_m",
  "prefix_length": 232,
  "keep_m": 10,
  "kl_to_baseline": 0.693636747843348,
  "token_kl": 0.45229466591127043,
  "distribution": {
    "A": 0.32479161563275305,
    "B": 0.19699607289886575,
    "C": 0.1534206958356282,
    "D": 0.32479161563275305
  }
}