{
  "question_id": "waffle",
  "method": "last_m",
  "prefix_length": 65,
  "keep_m": 10,
  "kl_to_baseline": 0.08414314893248062,
  "token_kl": 0.41277144080765765,
  "distribution": {
    "A": 0.5190768741225268,
    "B": 0.21638342121766604,
    "C": 0.14871800551101286,
    "D": 0.11582169914879431
  }
}