{
  "question_id": "waffle",
  "method": "last_m",
  "prefix_length": 228,
  "keep_m": 15,
  "kl_to_baseline": 1.0042258017311971,
  "token_kl": 0.2862116951260217,
  "distribution": {
    "A": 0.4696891965901003,
    "B": 0.3657943359075899,
    "C": 0.0924872920385407,
    "D": 0.0720291754637692
  }
}