{
  "question_id": "waffle",
  "method": "last_m",
  "prefix_length": 282,
  "keep_m": 5,
  "kl_to_baseline": 0.2717853593853928,
  "token_kl": 2.3319330165158267,
  "distribution": {
    "A": 0.030872958528462304,
    "B": 0.03964166343889218,
    "C": 0.9022400877576549,
    "D": 0.027245290274990654
  }
}