{
  "question_id": "waffle",
  "method": "last_m",
  "prefix_length": 220,
  "keep_m": 15,
  "kl_to_baseline": 1.3854146298118686,
  "token_kl": 0.4015046567900534,
  "distribution": {
    "A": 0.004596260281577546,
    "B": 0.0024602008441622935,
    "C": 0.99251602007189,
    "D": 0.0004275188023701957
  }
}