{
  "question_id": "waffle",
  "method": "last_m",
  "prefix_length": 62,
  "keep_m": 3,
  "kl_to_baseline": 0.3074977994578869,
  "token_kl": 0.3449109351894131,
  "distribution": {
    "A": 0.23389464910773808,
    "B": 0.34031470637689565,
    "C": 0.2650373598170415,
    "D": 0.16075328469832478
  }
}