{
  "question_id": "waffle",
  "method": "last_m",
  "prefix_length": 254,
  "keep_m": 10,
  "kl_to_baseline": 0.5234018545507068,
  "token_kl": 0.8101698233263211,
  "distribution": {
    "A": 0.30601362565976303,
    "B": 0.27005607679342275,
    "C": 0.23832365129434321,
    "D": 0.18560664625247092
  }
}