{
  "question_id": "waffle",
  "method": "last_m",
  "prefix_length": 301,
  "keep_m": 20,
  "kl_to_baseline": 1.0553006760151562,
  "token_kl": 0.5345131422299958,
  "distribution": {
    "A": 0.3324879294350306,
    "B": 0.3324879294350306,
    "C": 0.17796796407471568,
    "D": 0.15705617705522312
  }
}