{
  "question_id": "waffle",
  "method": "last_m",
  "prefix_length": 247,
  "keep_m": 15,
  "kl_to_baseline": 1.318470152062121,
  "token_kl": 0.38329044401761486,
  "distribution": {
    "A": 0.0015001776070947648,
    "B": 0.00033473471010815717,
    "C": 0.9978303529726888,
    "D": 0.00033473471010815717
  }
}