{
  "question_id": "waffle",
  "method": "last_m",
  "prefix_length": 159,
  "keep_m": 20,
  "kl_to_baseline": 0.09664042413457073,
  "token_kl": 0.4405853477072074,
  "distribution": {
    "A": 0.5421903804774335,
    "B": 0.290213580285528,
    "C": 0.09421855490059719,
    "D": 0.07337748433644126
  }
}