{
  "question_id": "waffle",
  "method": "last_m",
  "prefix_length": 205,
  "keep_m": 15,
  "kl_to_baseline": 0.050192390130311224,
  "token_kl": 0.4973786318888859,
  "distribution": {
    "A": 0.013727417217562344,
    "B": 0.019973274196435284,
    "C": 0.9623663377046695,
    "D": 0.003932970881332775
  }
}