{
  "question_id": "waffle",
  "method": "last_m",
  "prefix_length": 266,
  "keep_m": 15,
  "kl_to_baseline": 0.4403276870385857,
  "token_kl": 0.26066436748615385,
  "distribution": {
    "A": 0.4467021423440289,
    "B": 0.23910241258194345,
    "C": 0.18621314615307968,
    "D": 0.12798229892094803
  }
}