{
  "question_id": "waffle",
  "method": "last_m",
  "prefix_length": 257,
  "keep_m": 15,
  "kl_to_baseline": 2.9322913184528887,
  "token_kl": 0.44350982190292965,
  "distribution": {
    "A": 0.003572947448353499,
    "B": 0.004587755336175505,
    "C": 0.9906793310106213,
    "D": 0.0011599662048496833
  }
}