{
  "question_id": "waffle",
  "method": "last_m",
  "prefix_length": 198,
  "keep_m": 20,
  "kl_to_baseline": 1.1018038413047933,
  "token_kl": 0.31927349204477007,
  "distribution": {
    "A": 0.603963937821198,
    "B": 0.2517696419397693,
    "C": 0.0721332101195164,
    "D": 0.0721332101195164
  }
}