{
  "question_id": "waffle",
  "method": "last_m",
  "prefix_length": 291,
  "keep_m": 5,
  "kl_to_baseline": 0.48517631786736126,
  "token_kl": 2.258837002171608,
  "distribution": {
    "A": 0.41750595670180685,
    "B": 0.22347484811953539,
    "C": 0.22347484811953539,
    "D": 0.13554434705912236
  }
}