{
  "question_id": "waffle",
  "method": "last_m",
  "prefix_length": 222,
  "keep_m": 15,
  "kl_to_baseline": 1.5409917745193895,
  "token_kl": 0.40303170548783335,
  "distribution": {
    "A": 0.0013232659362201389,
    "B": 0.0011677780900099773,
    "C": 0.997350914470561,
    "D": 0.00015804150320893165
  }
}