{
  "question_id": "waffle",
  "method": "last_m",
  "prefix_length": 295,
  "keep_m": 5,
  "kl_to_baseline": 0.45192292943546164,
  "token_kl": 0.4321587597748457,
  "distribution": {
    "A": 0.3940619385479188,
    "B": 0.306895746319755,
    "C": 0.186141679478322,
    "D": 0.1129006356540042
  }
}