{
  "question_id": "waffle",
  "method": "last_m",
  "prefix_length": 245,
  "keep_m": 5,
  "kl_to_baseline": 0.3071969775103946,
  "token_kl": 0.36990327783663896,
  "distribution": {
    "A": 0.025056340461055718,
    "B": 0.01951389757197392,
    "C": 0.9402323232571418,
    "D": 0.015197438709828474
  }
}