{
  "question_id": "waffle",
  "method": "last_m",
  "prefix_length": 225,
  "keep_m": 10,
  "kl_to_baseline": 0.7312908130583757,
  "token_kl": 0.728826460694168,
  "distribution": {
    "A": 0.34972735624930745,
    "B": 0.34972735624930745,
    "C": 0.08842492339593747,
    "D": 0.21212036410544763
  }
}