{
  "question_id": "waffle",
  "method": "last_m",
  "prefix_length": 176,
  "keep_m": 15,
  "kl_to_baseline": 0.40992195284345223,
  "token_kl": 0.47003058860864155,
  "distribution": {
    "A": 0.006637306531577391,
    "B": 0.005857402455621551,
    "C": 0.9850635623950807,
    "D": 0.0024417286177202545
  }
}