{
  "question_id": "waffle",
  "method": "last_m",
  "prefix_length": 201,
  "keep_m": 3,
  "kl_to_baseline": 0.7860017358137059,
  "token_kl": 0.7218017784576585,
  "distribution": {
    "A": 0.2866177570584624,
    "B": 0.47255282078899086,
    "C": 0.1353886418560675,
    "D": 0.10544078029647935
  }
}