{
  "question_id": "waffle",
  "method": "last_m",
  "prefix_length": 160,
  "keep_m": 20,
  "kl_to_baseline": 0.3119090394596228,
  "token_kl": 0.5306073533340107,
  "distribution": {
    "A": 0.38822591501510517,
    "B": 0.3023506466223766,
    "C": 0.18338493716041138,
    "D": 0.1260385012021069
  }
}