{
  "question_id": "waffle",
  "method": "last_m",
  "prefix_length": 166,
  "keep_m": 20,
  "kl_to_baseline": 0.39965113770224275,
  "token_kl": 0.7535630118601524,
  "distribution": {
    "A": 0.3994861250239873,
    "B": 0.35254524694585637,
    "C": 0.14696272366990817,
    "D": 0.10100590436024814
  }
}