{
  "question_id": "waffle",
  "method": "last_m",
  "prefix_length": 298,
  "keep_m": 3,
  "kl_to_baseline": 0.7325587082373183,
  "token_kl": 1.7163179704314113,
  "distribution": {
    "A": 0.4336343234669925,
    "B": 0.204834338317207,
    "C": 0.18076566910790026,
    "D": 0.18076566910790026
  }
}