{
  "question_id": "waffle",
  "method": "last_m",
  "prefix_length": 254,
  "keep_m": 20,
  "kl_to_baseline": 0.8766848770756018,
  "token_kl": 0.43478113057503237,
  "distribution": {
    "A": 0.012221175464564117,
    "B": 0.009517861021855575,
    "C": 0.9708484458965944,
    "D": 0.007412517616985924
  }
}