{
  "question_id": "waffle",
  "method": "last_m",
  "prefix_length": 304,
  "keep_m": 5,
  "kl_to_baseline": 1.5469429686508933,
  "token_kl": 2.108405276598588,
  "distribution": {
    "A": 0.5731662979611333,
    "B": 0.18607986393095685,
    "C": 0.11286314262928031,
    "D": 0.12789069547862955
  }
}