{
  "question_id": "waffle",
  "method": "last_m",
  "prefix_length": 21,
  "keep_m": 15,
  "kl_to_baseline": 0.04194015607057814,
  "token_kl": 0.08525411815812661,
  "distribution": {
    "A": 0.6102956712375607,
    "B": 0.22451524386637509,
    "C": 0.08259454244803215,
    "D": 0.08259454244803215
  }
}