{
  "question_id": "waffle",
  "method": "last_m",
  "prefix_length": 288,
  "keep_m": 10,
  "kl_to_baseline": 0.35171331413050927,
  "token_kl": 0.6169408328287145,
  "distribution": {
    "A": 0.1719693299775146,
    "B": 0.09204854922521809,
    "C": 0.680151853510105,
    "D": 0.05583026728716234
  }
}