{
  "question_id": "waffle",
  "method": "last_m",
  "prefix_length": 119,
  "keep_m": 3,
  "kl_to_baseline": 0.12882617599747087,
  "token_kl": 0.704008747496756,
  "distribution": {
    "A": 0.6126103972560301,
    "B": 0.1548921559957076,
    "C": 0.1755158069587216,
    "D": 0.056981639789540774
  }
}