{
  "question_id": "waffle",
  "method": "last_m",
  "prefix_length": 244,
  "keep_m": 3,
  "kl_to_baseline": 0.36181716496472843,
  "token_kl": 0.4739536153465862,
  "distribution": {
    "A": 0.005180310681917579,
    "B": 0.005180310681917579,
    "C": 0.9871923731372199,
    "D": 0.0024470054989448623
  }
}