{
  "question_id": "waffle",
  "method": "last_m",
  "prefix_length": 20,
  "keep_m": 5,
  "kl_to_baseline": 0.0699855996876159,
  "token_kl": 0.27216923870474885,
  "distribution": {
    "A": 0.5190768443635878,
    "B": 0.21638343460720938,
    "C": 0.1487180147135024,
    "D": 0.11582170631570039
  }
}