{
  "question_id": "waffle",
  "method": "last_m",
  "prefix_length": 104,
  "keep_m": 15,
  "kl_to_baseline": 0.3333698934603614,
  "token_kl": 0.5181377276853332,
  "distribution": {
    "A": 0.33065623127838456,
    "B": 0.29180309992347,
    "C": 0.20055314209537167,
    "D": 0.17698752670277376
  }
}