{
  "question_id": "waffle",
  "method": "last_m",
  "prefix_length": 131,
  "keep_m": 5,
  "kl_to_baseline": 0.062600340947561,
  "token_kl": 0.4912577813379253,
  "distribution": {
    "A": 0.5793839278062902,
    "B": 0.24152315431459723,
    "C": 0.10068182990670706,
    "D": 0.07841108797240545
  }
}