{
  "question_id": "waffle",
  "method": "last_m",
  "prefix_length": 79,
  "keep_m": 15,
  "kl_to_baseline": 0.6817381601721293,
  "token_kl": 0.30279257032372564,
  "distribution": {
    "A": 0.8825839313504362,
    "B": 0.07244689647220409,
    "C": 0.026651723788799778,
    "D": 0.018317448388559893
  }
}