{
  "question_id": "waffle",
  "method": "last_m",
  "prefix_length": 118,
  "keep_m": 10,
  "kl_to_baseline": 0.35716447755365943,
  "token_kl": 0.274941748889869,
  "distribution": {
    "A": 0.32623174518221615,
    "B": 0.32623174518221615,
    "C": 0.25406953861066095,
    "D": 0.09346697102490668
  }
}