{
  "question_id": "waffle",
  "method": "last_m",
  "prefix_length": 255,
  "keep_m": 20,
  "kl_to_baseline": 2.6904619692939655,
  "token_kl": 0.24280368127224036,
  "distribution": {
    "A": 0.005168539967163613,
    "B": 0.0058567230684055125,
    "C": 0.9849494739906681,
    "D": 0.004025262973762874
  }
}