{
  "question_id": "waffle",
  "method": "last_m",
  "prefix_length": 278,
  "keep_m": 5,
  "kl_to_baseline": 0.297290147472798,
  "token_kl": 0.8838608266751766,
  "distribution": {
    "A": 0.049896450446260086,
    "B": 0.049896450446260086,
    "C": 0.780511736875293,
    "D": 0.11969536223218691
  }
}