{
  "question_id": "waffle",
  "method": "last_m",
  "prefix_length": 271,
  "keep_m": 20,
  "kl_to_baseline": 0.49951794947076067,
  "token_kl": 0.33097081753890617,
  "distribution": {
    "A": 0.39768394194585305,
    "B": 0.3097165654023535,
    "C": 0.14629974632589673,
    "D": 0.14629974632589673
  }
}