{
  "question_id": "waffle",
  "method": "last_m",
  "prefix_length": 83,
  "keep_m": 15,
  "kl_to_baseline": 0.08209775036114024,
  "token_kl": 0.5700348179939514,
  "distribution": {
    "A": 0.7089109623541157,
    "B": 0.1581794165610513,
    "C": 0.07471866571552878,
    "D": 0.058190955369304354
  }
}