{
  "question_id": "waffle",
  "method": "last_m",
  "prefix_length": 113,
  "keep_m": 10,
  "kl_to_baseline": 0.5629223019066005,
  "token_kl": 0.9926590410677384,
  "distribution": {
    "A": 0.15262830154474002,
    "B": 0.5327250856531552,
    "C": 0.22207286837535473,
    "D": 0.09257374442674994
  }
}