{
  "question_id": "waffle",
  "method": "last_m",
  "prefix_length": 134,
  "keep_m": 5,
  "kl_to_baseline": 0.22753130090791462,
  "token_kl": 0.2011844361217322,
  "distribution": {
    "A": 0.5530762562180136,
    "B": 0.17955757121849694,
    "C": 0.15845900043593641,
    "D": 0.1089071721275531
  }
}