{
  "question_id": "waffle",
  "method": "last_m",
  "prefix_length": 188,
  "keep_m": 10,
  "kl_to_baseline": 0.9346525719969527,
  "token_kl": 1.9598266356926775,
  "distribution": {
    "A": 0.5408762698280217,
    "B": 0.2554918590380815,
    "C": 0.12068580870721184,
    "D": 0.08294606242668486
  }
}