{
  "question_id": "waffle",
  "method": "last_m",
  "prefix_length": 177,
  "keep_m": 15,
  "kl_to_baseline": 0.23405003745399186,
  "token_kl": 0.11672957520990745,
  "distribution": {
    "A": 0.022228557700864356,
    "B": 0.017311622271392962,
    "C": 0.9451823669945238,
    "D": 0.015277453033218785
  }
}