{
  "question_id": "waffle",
  "method": "last_m",
  "prefix_length": 295,
  "keep_m": 20,
  "kl_to_baseline": 0.3803028100930793,
  "token_kl": 0.29194591537418246,
  "distribution": {
    "A": 0.2698787448938019,
    "B": 0.23816715644219838,
    "C": 0.3926712568084175,
    "D": 0.09928284185558209
  }
}