{
  "question_id": "waffle",
  "method": "last_m",
  "prefix_length": 250,
  "keep_m": 3,
  "kl_to_baseline": 1.0620037446367525,
  "token_kl": 0.5058542608471039,
  "distribution": {
    "A": 0.597771010754106,
    "B": 0.13338073341154097,
    "C": 0.15114017173420644,
    "D": 0.11770808410014658
  }
}