{
  "question_id": "waffle",
  "method": "last_m",
  "prefix_length": 179,
  "keep_m": 20,
  "kl_to_baseline": 0.159339928889656,
  "token_kl": 0.21125790551417978,
  "distribution": {
    "A": 0.02874715886403128,
    "B": 0.015387245319423735,
    "C": 0.9519750909294334,
    "D": 0.0038905048871115742
  }
}