{
  "question_id": "waffle",
  "method": "last_m",
  "prefix_length": 86,
  "keep_m": 15,
  "kl_to_baseline": 0.04412812165994594,
  "token_kl": 0.37480845844845506,
  "distribution": {
    "A": 0.6238889307788257,
    "B": 0.17874717137610863,
    "C": 0.12285099985603073,
    "D": 0.07451289798903496
  }
}