{
  "question_id": "waffle",
  "method": "last_m",
  "prefix_length": 295,
  "keep_m": 15,
  "kl_to_baseline": 0.5175578870886357,
  "token_kl": 0.20597411661208515,
  "distribution": {
    "A": 0.3867179772068802,
    "B": 0.341277417058852,
    "C": 0.16120803702444747,
    "D": 0.1107965687098203
  }
}