{
  "question_id": "waffle",
  "method": "last_m",
  "prefix_length": 291,
  "keep_m": 3,
  "kl_to_baseline": 0.6515816555196113,
  "token_kl": 2.46840851601289,
  "distribution": {
    "A": 0.6429308931245069,
    "B": 0.14345727314724424,
    "C": 0.12660059920567532,
    "D": 0.0870112345225735
  }
}