{
  "question_id": "waffle",
  "method": "last_m",
  "prefix_length": 215,
  "keep_m": 15,
  "kl_to_baseline": 0.8745274089075635,
  "token_kl": 0.37060984857798235,
  "distribution": {
    "A": 0.009633332807761423,
    "B": 0.005842911703122892,
    "C": 0.9826268397881398,
    "D": 0.0018969157009758241
  }
}