{
  "question_id": "waffle",
  "method": "last_m",
  "prefix_length": 25,
  "keep_m": 5,
  "kl_to_baseline": 0.6359601067352811,
  "token_kl": 0.6020332823745206,
  "distribution": {
    "A": 0.8833684327328462,
    "B": 0.06399099940659568,
    "C": 0.04398032783127268,
    "D": 0.008660240029285542
  }
}