{
  "question_id": "waffle",
  "method": "last_m",
  "prefix_length": 82,
  "keep_m": 10,
  "kl_to_baseline": 0.8804909775180182,
  "token_kl": 0.846531814032873,
  "distribution": {
    "A": 0.8720451504991691,
    "B": 0.026333480201599074,
    "C": 0.08111282940761484,
    "D": 0.02050853989161705
  }
}