{
  "question_id": "waffle",
  "method": "last_m",
  "prefix_length": 287,
  "keep_m": 15,
  "kl_to_baseline": 0.35639198869210087,
  "token_kl": 0.3282104925426285,
  "distribution": {
    "A": 0.010698377991266472,
    "B": 0.015566048127633035,
    "C": 0.9630371958898342,
    "D": 0.010698377991266472
  }
}