{
  "question_id": "waffle",
  "method": "last_m",
  "prefix_length": 70,
  "keep_m": 10,
  "kl_to_baseline": 0.09154476304311063,
  "token_kl": 0.3483151553813002,
  "distribution": {
    "A": 0.29884557992168226,
    "B": 0.33863640659411287,
    "C": 0.18125900674210246,
    "D": 0.18125900674210246
  }
}