{
  "question_id": "waffle",
  "method": "last_m",
  "prefix_length": 251,
  "keep_m": 10,
  "kl_to_baseline": 0.4545514843778577,
  "token_kl": 0.1352737170125163,
  "distribution": {
    "A": 0.004585063442701053,
    "B": 0.0031512649467448587,
    "C": 0.9900978409980266,
    "D": 0.0021658306125275457
  }
}