{
  "question_id": "waffle",
  "method": "last_m",
  "prefix_length": 188,
  "keep_m": 5,
  "kl_to_baseline": 0.6931708676613657,
  "token_kl": 2.9826305258058023,
  "distribution": {
    "A": 0.4846426014669312,
    "B": 0.22892895496637175,
    "C": 0.1782900493955287,
    "D": 0.1081383941711684
  }
}