{
  "question_id": "waffle",
  "method": "last_m",
  "prefix_length": 129,
  "keep_m": 10,
  "kl_to_baseline": 0.16370873540153041,
  "token_kl": 0.4483161762453101,
  "distribution": {
    "A": 0.5046291665678646,
    "B": 0.21036074610263966,
    "C": 0.185642706860964,
    "D": 0.09936738046853175
  }
}