{
  "question_id": "waffle",
  "method": "last_m",
  "prefix_length": 133,
  "keep_m": 5,
  "kl_to_baseline": 0.061790196133001046,
  "token_kl": 0.5692699312062018,
  "distribution": {
    "A": 0.818417404039211,
    "B": 0.07612468133520887,
    "C": 0.04617195319065823,
    "D": 0.059285961434921826
  }
}