{
  "question_id": "waffle",
  "method": "last_m",
  "prefix_length": 257,
  "keep_m": 20,
  "kl_to_baseline": 1.8029187401159992,
  "token_kl": 0.32539288029865737,
  "distribution": {
    "A": 0.0196716404449794,
    "B": 0.025258886319296105,
    "C": 0.9478326811418999,
    "D": 0.007236792093824566
  }
}