{
  "question_id": "waffle",
  "method": "last_m",
  "prefix_length": 293,
  "keep_m": 20,
  "kl_to_baseline": 1.38960624363918,
  "token_kl": 0.6892847430301079,
  "distribution": {
    "A": 0.0449438728931021,
    "B": 0.09514617966133508,
    "C": 0.7030404172120638,
    "D": 0.15686953023349906
  }
}