{
  "question_id": "waffle",
  "method": "last_m",
  "prefix_length": 275,
  "keep_m": 20,
  "kl_to_baseline": 0.24374944953631666,
  "token_kl": 0.4051099337372647,
  "distribution": {
    "A": 0.37754066879814546,
    "B": 0.0,
    "C": 0.6224593312018546,
    "D": 0.0
  }
}