{
  "question_id": "waffle",
  "method": "last_m",
  "prefix_length": 143,
  "keep_m": 5,
  "kl_to_baseline": 0.024533711158053854,
  "token_kl": 0.3241438301265903,
  "distribution": {
    "A": 0.7560395814571738,
    "B": 0.11594243185852572,
    "C": 0.07968599037331758,
    "D": 0.04833199631098288
  }
}