{
  "question_id": "waffle",
  "method": "last_m",
  "prefix_length": 58,
  "keep_m": 3,
  "kl_to_baseline": 0.14781320765664746,
  "token_kl": 0.7849268010952273,
  "distribution": {
    "A": 0.40322670951905004,
    "B": 0.1904707993956715,
    "C": 0.21583169168960695,
    "D": 0.1904707993956715
  }
}