{
  "question_id": "waffle",
  "method": "last_m",
  "prefix_length": 252,
  "keep_m": 10,
  "kl_to_baseline": 0.8993005530455369,
  "token_kl": 0.301911823056354,
  "distribution": {
    "A": 0.003168141448589761,
    "B": 0.0010285449382249224,
    "C": 0.9954005296280866,
    "D": 0.0004027839850988202
  }
}