{
  "question_id": "waffle",
  "method": "last_m",
  "prefix_length": 245,
  "keep_m": 20,
  "kl_to_baseline": 0.6292015784548493,
  "token_kl": 0.18534723806882752,
  "distribution": {
    "A": 0.005893452971225096,
    "B": 0.0014900982671388354,
    "C": 0.9911263504944973,
    "D": 0.0014900982671388354
  }
}