{
  "question_id": "waffle",
  "method": "last_m",
  "prefix_length": 134,
  "keep_m": 10,
  "kl_to_baseline": 0.4020007678560999,
  "token_kl": 0.14912951048087217,
  "distribution": {
    "A": 0.4181874540337694,
    "B": 0.25364351237864874,
    "C": 0.1743264666927305,
    "D": 0.15384256689485132
  }
}