{
  "question_id": "waffle",
  "method": "last_m",
  "prefix_length": 147,
  "keep_m": 20,
  "kl_to_baseline": 0.09468027609855934,
  "token_kl": 0.35393893535195026,
  "distribution": {
    "A": 0.488907611606655,
    "B": 0.23094360310347853,
    "C": 0.14007439264493324,
    "D": 0.14007439264493324
  }
}