{
  "question_id": "waffle",
  "method": "last_m",
  "prefix_length": 147,
  "keep_m": 15,
  "kl_to_baseline": 0.036278382860746854,
  "token_kl": 0.5692943756251534,
  "distribution": {
    "A": 0.634842016511871,
    "B": 0.18188528297904705,
    "C": 0.08591652411513642,
    "D": 0.0973561763939455
  }
}