{
  "question_id": "waffle",
  "method": "last_m",
  "prefix_length": 248,
  "keep_m": 5,
  "kl_to_baseline": 0.1996865958209179,
  "token_kl": 4.226653549684535,
  "distribution": {
    "A": 0.028275250422152547,
    "B": 0.022020787170312472,
    "C": 0.9363476830221193,
    "D": 0.013356279385415587
  }
}