{
  "question_id": "waffle",
  "method": "last_m",
  "prefix_length": 78,
  "keep_m": 5,
  "kl_to_baseline": 0.5243059873955089,
  "token_kl": 0.7899711602822663,
  "distribution": {
    "A": 0.6831232636048101,
    "B": 0.1524253986666284,
    "C": 0.09245067761023128,
    "D": 0.07200066011833012
  }
}