{
  "question_id": "waffle",
  "method": "last_m",
  "prefix_length": 218,
  "keep_m": 15,
  "kl_to_baseline": 0.9223676149804334,
  "token_kl": 0.9916255739630238,
  "distribution": {
    "A": 0.0019241063569648334,
    "B": 0.0010298999172514668,
    "C": 0.9967116343359509,
    "D": 0.0003343593898328297
  }
}