{
  "question_id": "waffle",
  "method": "last_m",
  "prefix_length": 304,
  "keep_m": 10,
  "kl_to_baseline": 1.405398170931936,
  "token_kl": 2.0968675130759102,
  "distribution": {
    "A": 0.5337436524773918,
    "B": 0.1349515213119951,
    "C": 0.1349515213119951,
    "D": 0.19635330489861805
  }
}