{
  "question_id": "waffle",
  "method": "last_m",
  "prefix_length": 171,
  "keep_m": 5,
  "kl_to_baseline": 0.32573124782265966,
  "token_kl": 0.3852443171876026,
  "distribution": {
    "A": 0.49501294744843477,
    "B": 0.2338275595483862,
    "C": 0.16070717476346347,
    "D": 0.11045231823971552
  }
}