{
  "question_id": "waffle",
  "method": "last_m",
  "prefix_length": 128,
  "keep_m": 20,
  "kl_to_baseline": 0.08074639254542422,
  "token_kl": 0.4641447703558836,
  "distribution": {
    "A": 0.520054508858376,
    "B": 0.31542902314543464,
    "C": 0.10240481064059936,
    "D": 0.06211165735559004
  }
}