{
  "question_id": "waffle",
  "method": "last_m",
  "prefix_length": 268,
  "keep_m": 5,
  "kl_to_baseline": 0.8570285929111225,
  "token_kl": 2.3775591565013174,
  "distribution": {
    "A": 0.5276429606055422,
    "B": 0.3200316520641789,
    "C": 0.08091667355263224,
    "D": 0.0714087137776468
  }
}