{
  "question_id": "waffle",
  "method": "last_m",
  "prefix_length": 32,
  "keep_m": 20,
  "kl_to_baseline": 0.11786173697553995,
  "token_kl": 0.12099622772334366,
  "distribution": {
    "A": 0.4799686241500162,
    "B": 0.3098910349140807,
    "C": 0.08878526800685275,
    "D": 0.12135507292905036
  }
}