{
  "question_id": "waffle",
  "method": "last_m",
  "prefix_length": 296,
  "keep_m": 20,
  "kl_to_baseline": 0.5076918340033577,
  "token_kl": 0.2850931508035386,
  "distribution": {
    "A": 0.14334826496868772,
    "B": 0.30346827932011,
    "C": 0.4415437147016612,
    "D": 0.11163974100954122
  }
}