{
  "question_id": "waffle",
  "method": "last_m",
  "prefix_length": 195,
  "keep_m": 20,
  "kl_to_baseline": 2.0327685345215434,
  "token_kl": 0.3376943170266002,
  "distribution": {
    "A": 0.01993760016560516,
    "B": 0.013702895571616257,
    "C": 0.960647287539351,
    "D": 0.0057122167234276424
  }
}