{
  "question_id": "waffle",
  "method": "last_m",
  "prefix_length": 179,
  "keep_m": 3,
  "kl_to_baseline": 0.615262740742974,
  "token_kl": 0.29040768682724005,
  "distribution": {
    "A": 0.002469438997136438,
    "B": 0.0008017094634112734,
    "C": 0.9962425901697116,
    "D": 0.000486261369740701
  }
}