{
  "question_id": "waffle",
  "method": "last_m",
  "prefix_length": 294,
  "keep_m": 5,
  "kl_to_baseline": 0.3448944131229114,
  "token_kl": 0.8026082465585972,
  "distribution": {
    "A": 0.7271183375331417,
    "B": 0.12635423593086365,
    "C": 0.08684191168510762,
    "D": 0.05968551485088692
  }
}