{
  "question_id": "waffle",
  "method": "last_m",
  "prefix_length": 93,
  "keep_m": 15,
  "kl_to_baseline": 0.16060285473867184,
  "token_kl": 0.1874623946338529,
  "distribution": {
    "A": 0.6737381632155797,
    "B": 0.24785441897962146,
    "C": 0.04880542884803945,
    "D": 0.029601988956759362
  }
}