{
  "question_id": "waffle",
  "method": "last_m",
  "prefix_length": 297,
  "keep_m": 3,
  "kl_to_baseline": 0.5171101152191676,
  "token_kl": 0.42391112079923576,
  "distribution": {
    "A": 0.665644521532915,
    "B": 0.14852537754436637,
    "C": 0.1156716803375286,
    "D": 0.07015842058519006
  }
}