{
  "question_id": "waffle",
  "method": "last_m",
  "prefix_length": 213,
  "keep_m": 3,
  "kl_to_baseline": 1.2974321763329357,
  "token_kl": 1.8801359297745117,
  "distribution": {
    "A": 0.6981525657644139,
    "B": 0.05730785752376483,
    "C": 0.1374744035639459,
    "D": 0.1070651731478754
  }
}