{
  "question_id": "bigbench_logical_deduction_0001",
  "method": "single_sentence_oracle",
  "prefix_length": 62,
  "keep_m": 20,
  "kl_to_baseline": 0.004614311090379833,
  "token_kl": 0.11632998379317526,
  "distribution": {
    "A": 0.9908644886739582,
    "B": 0.0002588717060047597,
    "C": 0.0058918956808247476,
    "D": 0.00020160948735153735,
    "E": 0.0027831344518608595
  }
}