{
  "question_id": "bigbench_logical_deduction_0009",
  "method": "single_sentence_oracle",
  "prefix_length": 65,
  "keep_m": 10,
  "kl_to_baseline": 0.0004328733468508144,
  "token_kl": 0.00017315254282707022,
  "distribution": {
    "A": 0.9987318663371823,
    "B": 0.0004301962802254454,
    "C": 0.00033503719991398245,
    "D": 0.00037964688480237024,
    "E": 0.00012325329787600067
  }
}