{
  "question_id": "bigbench_logical_deduction_0001",
  "method": "single_sentence_oracle",
  "prefix_length": 98,
  "keep_m": 5,
  "kl_to_baseline": 0.00021841218934735197,
  "token_kl": 0.0008722288543797842,
  "distribution": {
    "A": 0.9969980090719386,
    "B": 0.00022986772831931106,
    "C": 0.0019246589250462801,
    "D": 0.0001394218249041561,
    "E": 0.0007080424497916544
  }
}