{
  "question_id": "bigbench_logical_deduction_0009",
  "method": "single_sentence_oracle",
  "prefix_length": 42,
  "keep_m": 3,
  "kl_to_baseline": 0.17246109509808702,
  "token_kl": 0.0001158839760224968,
  "distribution": {
    "A": 0.35983434647237295,
    "B": 0.0018882373537711858,
    "C": 0.40774570876194294,
    "D": 0.19260544632299959,
    "E": 0.03792626108891333
  }
}