{
  "question_id": "bigbench_logical_deduction_0009",
  "method": "single_sentence_oracle",
  "prefix_length": 69,
  "keep_m": 3,
  "kl_to_baseline": 0.09797068972254777,
  "token_kl": 0.016547869189857223,
  "distribution": {
    "A": 0.9021588915435064,
    "B": 0.01652361278445589,
    "C": 0.03498049687919389,
    "D": 0.011356501913649977,
    "E": 0.03498049687919389
  }
}