{
  "question_id": "bigbench_logical_deduction_0009",
  "method": "single_sentence_oracle",
  "prefix_length": 43,
  "keep_m": 5,
  "kl_to_baseline": 0.09623752019071458,
  "token_kl": 2.0048636407273404,
  "distribution": {
    "A": 0.32747000718007796,
    "B": 0.0032104037503913906,
    "C": 0.42047983748468787,
    "D": 0.19862059949103347,
    "E": 0.05021915209380933
  }
}