{
  "question_id": "bigbench_logical_deduction_0001",
  "method": "single_sentence_oracle",
  "prefix_length": 59,
  "keep_m": 20,
  "kl_to_baseline": 0.0015044104257027997,
  "token_kl": 0.1880782252315103,
  "distribution": {
    "A": 0.9925611662520509,
    "B": 0.00037730130816164944,
    "C": 0.004596470908044814,
    "D": 0.00029384241413514284,
    "E": 0.0021712191176074904
  }
}