{
  "question_id": "bigbench_logical_deduction_0009",
  "method": "single_sentence_oracle",
  "prefix_length": 37,
  "keep_m": 3,
  "kl_to_baseline": 0.30100928410790556,
  "token_kl": 0.33915186571417083,
  "distribution": {
    "A": 0.4807740601818465,
    "B": 0.03073485555915015,
    "C": 0.25733979490916264,
    "D": 0.20041643379069057,
    "E": 0.03073485555915015
  }
}