{
  "question_id": "bigbench_logical_deduction_0001",
  "method": "single_sentence_oracle",
  "prefix_length": 76,
  "keep_m": 5,
  "kl_to_baseline": 0.010556564037800331,
  "token_kl": 0.7240524571996028,
  "distribution": {
    "A": 0.9795046872114463,
    "B": 0.001220849556582058,
    "C": 0.015832217944090402,
    "D": 0.0021426576997272562,
    "E": 0.0012995875881539262
  }
}