{
  "question_id": "bigbench_logical_deduction_0009",
  "method": "single_sentence_oracle",
  "prefix_length": 35,
  "keep_m": 5,
  "kl_to_baseline": 0.6008752942027243,
  "token_kl": 0.42180127025766034,
  "distribution": {
    "A": 0.1967872915811503,
    "B": 0.04390917988567782,
    "C": 0.36764706197052,
    "D": 0.2863238197565423,
    "E": 0.10533264680610956
  }
}