{
  "question_id": "bigbench_logical_deduction_0001",
  "method": "single_sentence_oracle",
  "prefix_length": 62,
  "keep_m": 15,
  "kl_to_baseline": 0.019081689213880922,
  "token_kl": 0.14054159695475174,
  "distribution": {
    "A": 0.9749116032913767,
    "B": 0.0004758496144933143,
    "C": 0.01575797504831561,
    "D": 0.0004199358108864237,
    "E": 0.008434636234928017
  }
}