{
  "question_id": "bigbench_logical_deduction_0009",
  "method": "single_sentence_oracle",
  "prefix_length": 64,
  "keep_m": 10,
  "kl_to_baseline": 0.00010310288985167359,
  "token_kl": 0.09181168450772825,
  "distribution": {
    "A": 0.9990667096015886,
    "B": 4.0027911359391255e-05,
    "C": 0.0006261418824878716,
    "D": 0.00010880714407940264,
    "E": 0.0001583134604846565
  }
}