{
  "question_id": "bigbench_logical_deduction_0009",
  "method": "single_sentence_oracle",
  "prefix_length": 73,
  "keep_m": 3,
  "kl_to_baseline": 0.16118190569900911,
  "token_kl": 0.4122198257110592,
  "distribution": {
    "A": 0.850787694168865,
    "B": 0.015582717158767911,
    "C": 0.07913558633747148,
    "D": 0.047998159388012634,
    "E": 0.00649584294688294
  }
}