{
  "question_id": "bigbench_logical_deduction_0009",
  "method": "single_sentence_oracle",
  "prefix_length": 45,
  "keep_m": 3,
  "kl_to_baseline": 0.01790987317866752,
  "token_kl": 0.29414837349532746,
  "distribution": {
    "A": 0.2560498177150962,
    "B": 0.008761540867341312,
    "C": 0.4221547556633847,
    "D": 0.13705359120220947,
    "E": 0.1759802945519684
  }
}