{
  "question_id": "bigbench_logical_deduction_0009",
  "method": "single_sentence_oracle",
  "prefix_length": 19,
  "keep_m": 3,
  "kl_to_baseline": 0.092920124387112,
  "token_kl": 0.024342188357441244,
  "distribution": {
    "A": 0.44335399254520513,
    "B": 0.028342672500869536,
    "C": 0.39125852516965737,
    "D": 0.07704337162907955,
    "E": 0.060001438155188415
  }
}