{
  "question_id": "bigbench_logical_deduction_0001",
  "method": "single_sentence_oracle",
  "prefix_length": 90,
  "keep_m": 3,
  "kl_to_baseline": 0.004188983821711855,
  "token_kl": 0.07782837535960062,
  "distribution": {
    "A": 0.9899719822517313,
    "B": 0.000228247761106843,
    "C": 0.008564934047333028,
    "D": 0.0003320985328162827,
    "E": 0.0009027374070124113
  }
}