{
  "question_id": "bigbench_logical_deduction_0009",
  "method": "single_sentence_oracle",
  "prefix_length": 65,
  "keep_m": 5,
  "kl_to_baseline": 0.0012061170263420165,
  "token_kl": 0.0008143193662464653,
  "distribution": {
    "A": 0.9975309854726369,
    "B": 0.0011679887759662986,
    "C": 0.0002029659187238072,
    "D": 0.0008027461634698278,
    "E": 0.0002953136692032351
  }
}