{
  "question_id": "bigbench_logical_deduction_0009",
  "method": "single_sentence_oracle",
  "prefix_length": 32,
  "keep_m": 10,
  "kl_to_baseline": 0.500459193714661,
  "token_kl": 1.344373176761982,
  "distribution": {
    "A": 0.2153893305007097,
    "B": 0.01768023289775324,
    "C": 0.24406808666397864,
    "D": 0.35511697067838,
    "E": 0.16774537925917835
  }
}