{
  "question_id": "bigbench_logical_deduction_0001",
  "method": "single_sentence_oracle",
  "prefix_length": 81,
  "keep_m": 20,
  "kl_to_baseline": 0.0037348825560977665,
  "token_kl": 0.055133279176313506,
  "distribution": {
    "A": 0.9917845394823833,
    "B": 0.0004272038909107463,
    "C": 0.006682593205009686,
    "D": 0.0004840854281296414,
    "E": 0.0006215779935666264
  }
}