{
  "question_id": "bigbench_logical_deduction_0009",
  "method": "single_sentence_oracle",
  "prefix_length": 54,
  "keep_m": 3,
  "kl_to_baseline": 0.18133613295531867,
  "token_kl": 0.01378218478889974,
  "distribution": {
    "A": 0.41991238699902356,
    "B": 0.03905793618994463,
    "C": 0.37057138088354225,
    "D": 0.12030691313623278,
    "E": 0.05015138279125687
  }
}