{
  "question_id": "bigbench_logical_deduction_0009",
  "method": "single_sentence_oracle",
  "prefix_length": 62,
  "keep_m": 5,
  "kl_to_baseline": 0.00045236127841570057,
  "token_kl": 4.94403729337659e-05,
  "distribution": {
    "A": 0.998655954929011,
    "B": 0.0001793188355170567,
    "C": 0.0009106561880147844,
    "D": 0.0001793188355170567,
    "E": 7.475121194003851e-05
  }
}