{
  "question_id": "bigbench_logical_deduction_0009",
  "method": "single_sentence_oracle",
  "prefix_length": 54,
  "keep_m": 10,
  "kl_to_baseline": 0.2338713182355191,
  "token_kl": 0.004513323093762786,
  "distribution": {
    "A": 0.36806292979429106,
    "B": 0.020764694544132115,
    "C": 0.47260215679642553,
    "D": 0.08212594046970045,
    "E": 0.05644427839545074
  }
}