{
  "question_id": "bigbench_logical_deduction_0009",
  "method": "single_sentence_oracle",
  "prefix_length": 37,
  "keep_m": 5,
  "kl_to_baseline": 0.2158123055052706,
  "token_kl": 0.40072439818288336,
  "distribution": {
    "A": 0.5093723053570995,
    "B": 0.04181182747646873,
    "C": 0.12878949547707286,
    "D": 0.27264736406450124,
    "E": 0.04737900762485756
  }
}