{
  "question_id": "bigbench_logical_deduction_0009",
  "method": "single_sentence_oracle",
  "prefix_length": 22,
  "keep_m": 10,
  "kl_to_baseline": 0.14597475704085744,
  "token_kl": 0.0016240215167333597,
  "distribution": {
    "A": 0.19678963084970397,
    "B": 0.012580338708185765,
    "C": 0.1736662396856297,
    "D": 0.5349296775679139,
    "E": 0.08203411318856677
  }
}