{
  "question_id": "bigbench_logical_deduction_0000",
  "method": "single_sentence_oracle",
  "prefix_length": 79,
  "keep_m": 20,
  "kl_to_baseline": 0.04156952846353836,
  "token_kl": 0.19521151433842787,
  "distribution": {
    "A": 0.009285906788257239,
    "B": 0.004970387732576759,
    "C": 0.2113462643490025,
    "D": 0.7376709673407171,
    "E": 0.036726473789446386
  }
}