{
  "question_id": "bigbench_logical_deduction_0009",
  "method": "single_sentence_oracle",
  "prefix_length": 33,
  "keep_m": 20,
  "kl_to_baseline": 0.14680486129545017,
  "token_kl": 0.23896297261805097,
  "distribution": {
    "A": 0.17161662753073958,
    "B": 0.015962832949828434,
    "C": 0.15145114222789188,
    "D": 0.19446709282471794,
    "E": 0.46650230446682217
  }
}