{
  "question_id": "bigbench_logical_deduction_0000",
  "method": "single_sentence_oracle",
  "prefix_length": 79,
  "keep_m": 15,
  "kl_to_baseline": 0.28986702406833764,
  "token_kl": 0.36889879259006575,
  "distribution": {
    "A": 0.03993787155528249,
    "B": 0.0032782993500492445,
    "C": 0.03993787155528249,
    "D": 0.9089817262223242,
    "E": 0.007864231317061527
  }
}