{
  "question_id": "bigbench_logical_deduction_0001",
  "method": "single_sentence_oracle",
  "prefix_length": 126,
  "keep_m": 3,
  "kl_to_baseline": 0.002060955137280022,
  "token_kl": 0.7934664247742635,
  "distribution": {
    "A": 0.9939712483854211,
    "B": 0.0002596834984639473,
    "C": 0.004603000147618398,
    "D": 0.0002596834984639473,
    "E": 0.0009063844700326913
  }
}