{
  "question_id": "bigbench_logical_deduction_0009",
  "method": "single_sentence_oracle",
  "prefix_length": 36,
  "keep_m": 5,
  "kl_to_baseline": 0.5800421269450139,
  "token_kl": 0.19015818167297413,
  "distribution": {
    "A": 0.18563995421830598,
    "B": 0.01956630722230945,
    "C": 0.44532709974747736,
    "D": 0.18563995421830598,
    "E": 0.16382668459360114
  }
}