{
  "question_id": "bigbench_logical_deduction_0009",
  "method": "single_sentence_oracle",
  "prefix_length": 34,
  "keep_m": 20,
  "kl_to_baseline": 0.40313683043487425,
  "token_kl": 0.026725552829588016,
  "distribution": {
    "A": 0.2074416694981464,
    "B": 0.024775371376912863,
    "C": 0.23506220689342444,
    "D": 0.2663603761157582,
    "E": 0.2663603761157582
  }
}