{
  "question_id": "bigbench_logical_deduction_0009",
  "method": "single_sentence_oracle",
  "prefix_length": 32,
  "keep_m": 5,
  "kl_to_baseline": 0.3350028684068721,
  "token_kl": 1.3265495032065477,
  "distribution": {
    "A": 0.09317363717200085,
    "B": 0.01619115035699957,
    "C": 0.36850892749851283,
    "D": 0.15361735747397395,
    "E": 0.36850892749851283
  }
}