{
  "question_id": "bigbench_logical_deduction_0009",
  "method": "single_sentence_oracle",
  "prefix_length": 68,
  "keep_m": 15,
  "kl_to_baseline": 0.0007031864240168651,
  "token_kl": 0.006937618670605598,
  "distribution": {
    "A": 0.9988240402862046,
    "B": 0.00029569647248511914,
    "C": 9.59985893814543e-05,
    "D": 0.000625989735658402,
    "E": 0.00015827491627041116
  }
}