{
  "question_id": "bigbench_logical_deduction_0009",
  "method": "single_sentence_oracle",
  "prefix_length": 66,
  "keep_m": 3,
  "kl_to_baseline": 0.07885873318211893,
  "token_kl": 0.0018731276600664356,
  "distribution": {
    "A": 0.9215309896669068,
    "B": 0.010237282438428912,
    "C": 0.007035974463887292,
    "D": 0.05891150696080559,
    "E": 0.002284246469971351
  }
}