{
  "question_id": "bookworm_nm",
  "method": "single_sentence_oracle",
  "prefix_length": 100,
  "keep_m": 15,
  "kl_to_baseline": -1.3673552291410972e-16,
  "token_kl": 0.14784121969154265,
  "distribution": {
    "A": 0.006692850874752974,
    "B": 0.9933071491252471
  }
}