{
  "question_id": "bookworm_nm",
  "method": "single_sentence_oracle",
  "prefix_length": 51,
  "keep_m": 3,
  "kl_to_baseline": 0.000587650574368723,
  "token_kl": 0.22100790735751416,
  "distribution": {
    "A": 0.07585817584273653,
    "B": 0.9241418241572634
  }
}