{
  "question_id": "bookworm_nm",
  "method": "single_sentence_oracle",
  "prefix_length": 39,
  "keep_m": 20,
  "kl_to_baseline": 0.0037156590128525555,
  "token_kl": 0.027310496791389582,
  "distribution": {
    "A": 0.11920291576401235,
    "B": 0.8807970842359877
  }
}