{
  "question_id": "bookworm_nm",
  "method": "single_sentence_oracle",
  "prefix_length": 77,
  "keep_m": 5,
  "kl_to_baseline": 0.0014596810419191366,
  "token_kl": 0.19376488997347185,
  "distribution": {
    "A": 0.006692852100667156,
    "B": 0.9933071478993327
  }
}