{
  "question_id": "bookworm_nm",
  "method": "single_sentence_oracle",
  "prefix_length": 30,
  "keep_m": 3,
  "kl_to_baseline": 0.0008734828856207383,
  "token_kl": 0.03816704282297608,
  "distribution": {
    "A": 0.11920293297380237,
    "B": 0.8807970670261975
  }
}