{
  "question_id": "bookworm_nm",
  "method": "single_sentence_oracle",
  "prefix_length": 51,
  "keep_m": 20,
  "kl_to_baseline": 0.0026080502412346926,
  "token_kl": 0.0340986867338681,
  "distribution": {
    "A": 0.1066905911052601,
    "B": 0.89330940889474
  }
}