{
  "question_id": "bookworm_nm",
  "method": "single_sentence_oracle",
  "prefix_length": 51,
  "keep_m": 15,
  "kl_to_baseline": 0.026980873207674665,
  "token_kl": 0.09868418229087797,
  "distribution": {
    "A": 0.16451644651115205,
    "B": 0.835483553488848
  }
}