{
  "question_id": "bookworm_nm",
  "method": "single_sentence_oracle",
  "prefix_length": 99,
  "keep_m": 10,
  "kl_to_baseline": 0.0004692251303334682,
  "token_kl": 0.15771992446704747,
  "distribution": {
    "A": 0.00857748690265056,
    "B": 0.9914225130973494
  }
}