{
  "question_id": "bookworm_nm",
  "method": "single_sentence_oracle",
  "prefix_length": 75,
  "keep_m": 3,
  "kl_to_baseline": 0.002000310098626812,
  "token_kl": 0.08364053322512169,
  "distribution": {
    "A": 0.007577241253854041,
    "B": 0.9924227587461458
  }
}