{
  "question_id": "dilemma_24577",
  "method": "single_sentence_oracle",
  "prefix_length": 30,
  "keep_m": 20,
  "kl_to_baseline": 0.009112733620383714,
  "token_kl": 0.01061484745734426,
  "distribution": {
    "A": 0.10669059181535785,
    "B": 0.8933094081846421
  }
}