{
  "question_id": "dilemma_3081",
  "method": "single_sentence_oracle",
  "prefix_length": 24,
  "keep_m": 5,
  "kl_to_baseline": 0.0011040839344258375,
  "token_kl": 0.410493671720744,
  "distribution": {
    "A": 0.18242551713899047,
    "B": 0.8175744828610095
  }
}