{
  "question_id": "dilemma_15721",
  "method": "single_sentence_oracle",
  "prefix_length": 22,
  "keep_m": 15,
  "kl_to_baseline": 0.0012142576190276866,
  "token_kl": 0.02522377073600209,
  "distribution": {
    "A": 0.04742587334586296,
    "B": 0.952574126654137
  }
}