{
  "question_id": "dilemma_2081",
  "method": "single_sentence_oracle",
  "prefix_length": 26,
  "keep_m": 10,
  "kl_to_baseline": 0.00811552723394375,
  "token_kl": 0.16506305000470442,
  "distribution": {
    "A": 0.16451645880021026,
    "B": 0.8354835411997897
  }
}