{
  "question_id": "dilemma_31754",
  "method": "single_sentence_oracle",
  "prefix_length": 29,
  "keep_m": 10,
  "kl_to_baseline": 0.0019493169144958328,
  "token_kl": 0.12500296905993505,
  "distribution": {
    "A": 0.5,
    "B": 0.5
  }
}