{
  "question_id": "dilemma_24577",
  "method": "single_sentence_oracle",
  "prefix_length": 23,
  "keep_m": 3,
  "kl_to_baseline": 0.02911933314358582,
  "token_kl": 0.238879840020148,
  "distribution": {
    "A": 0.0474258736824553,
    "B": 0.9525741263175447
  }
}