{
  "question_id": "dilemma_2081",
  "method": "single_sentence_oracle",
  "prefix_length": 25,
  "keep_m": 10,
  "kl_to_baseline": 0.056373049235468056,
  "token_kl": 0.06587560293312185,
  "distribution": {
    "A": 0.22270013366638422,
    "B": 0.7772998663336157
  }
}