{
  "question_id": "dilemma_15721",
  "method": "single_sentence_oracle",
  "prefix_length": 28,
  "keep_m": 3,
  "kl_to_baseline": 0.0004254226332436025,
  "token_kl": 0.25597087830052756,
  "distribution": {
    "A": 0.05340332584513183,
    "B": 0.9465966741548683
  }
}