{
  "question_id": "dilemma_45012",
  "method": "single_sentence_oracle",
  "prefix_length": 28,
  "keep_m": 20,
  "kl_to_baseline": 0.0026585823784164996,
  "token_kl": 0.020341667832767998,
  "distribution": {
    "A": 0.008577483726776566,
    "B": 0.9914225162732234
  }
}