{
  "question_id": "dilemma_32747",
  "method": "single_sentence_oracle",
  "prefix_length": 26,
  "keep_m": 5,
  "kl_to_baseline": 9.921414932546576e-06,
  "token_kl": 0.16852205434987677,
  "distribution": {
    "A": 0.0011695104393943056,
    "B": 0.9988304895606056
  }
}