{
  "question_id": "dilemma_23322",
  "method": "single_sentence_oracle",
  "prefix_length": 35,
  "keep_m": 5,
  "kl_to_baseline": 0.00010406673281776555,
  "token_kl": 0.20507174740705206,
  "distribution": {
    "A": 0.012431651596392264,
    "B": 0.9875683484036077
  }
}