{
  "question_id": "dilemma_15721",
  "method": "single_sentence_oracle",
  "prefix_length": 26,
  "keep_m": 20,
  "kl_to_baseline": 0.0041808164310650885,
  "token_kl": 0.0026158708283372965,
  "distribution": {
    "A": 0.047425868128681874,
    "B": 0.9525741318713181
  }
}