{
  "question_id": "dilemma_24577",
  "method": "single_sentence_oracle",
  "prefix_length": 34,
  "keep_m": 5,
  "kl_to_baseline": 0.07280529007313169,
  "token_kl": 0.14667357488532742,
  "distribution": {
    "A": 0.29421497216298875,
    "B": 0.7057850278370112
  }
}