{
  "question_id": "dilemma_15721",
  "method": "single_sentence_oracle",
  "prefix_length": 17,
  "keep_m": 3,
  "kl_to_baseline": 0.014936308293003462,
  "token_kl": 0.17716152725999645,
  "distribution": {
    "A": 0.037326888013444755,
    "B": 0.9626731119865551
  }
}