{
  "question_id": "dilemma_15721",
  "method": "single_sentence_oracle",
  "prefix_length": 16,
  "keep_m": 10,
  "kl_to_baseline": 0.000416773722477982,
  "token_kl": 0.0032643002532879513,
  "distribution": {
    "A": 0.015906393694469712,
    "B": 0.9840936063055303
  }
}