{
  "question_id": "dilemma_3081",
  "method": "single_sentence_oracle",
  "prefix_length": 53,
  "keep_m": 20,
  "kl_to_baseline": 1.0853210666128804e-16,
  "token_kl": 0.12436105790629061,
  "distribution": {
    "A": 0.2018132270610754,
    "B": 0.7981867729389246
  }
}