{
  "question_id": "dilemma_15721",
  "method": "single_sentence_oracle",
  "prefix_length": 25,
  "keep_m": 10,
  "kl_to_baseline": 0.034100125847644255,
  "token_kl": 0.11547132535852307,
  "distribution": {
    "A": 0.0850990519679964,
    "B": 0.9149009480320036
  }
}