{
  "question_id": "dilemma_2081",
  "method": "single_sentence_oracle",
  "prefix_length": 46,
  "keep_m": 3,
  "kl_to_baseline": 0.003564146126758431,
  "token_kl": 0.4765948083903469,
  "distribution": {
    "A": 0.06754669348597103,
    "B": 0.9324533065140289
  }
}