{
  "question_id": "dilemma_3081",
  "method": "single_sentence_oracle",
  "prefix_length": 19,
  "keep_m": 5,
  "kl_to_baseline": -1.7819873354071683e-17,
  "token_kl": 0.3527431827494567,
  "distribution": {
    "A": 0.22270014398423357,
    "B": 0.7772998560157665
  }
}