{
  "question_id": "dilemma_2081",
  "method": "single_sentence_oracle",
  "prefix_length": 33,
  "keep_m": 15,
  "kl_to_baseline": 0.008876626066435668,
  "token_kl": 0.14518083647676394,
  "distribution": {
    "A": 0.18242551491653522,
    "B": 0.8175744850834649
  }
}