{
  "question_id": "dilemma_2081",
  "method": "single_sentence_oracle",
  "prefix_length": 23,
  "keep_m": 15,
  "kl_to_baseline": 0.009670802991975987,
  "token_kl": 0.24588611408053665,
  "distribution": {
    "A": 0.20181323186177208,
    "B": 0.798186768138228
  }
}