{
  "question_id": "dilemma_45012",
  "method": "single_sentence_oracle",
  "prefix_length": 27,
  "keep_m": 15,
  "kl_to_baseline": 0.0014247184737742227,
  "token_kl": 0.19544121351749433,
  "distribution": {
    "A": 0.010986941072118674,
    "B": 0.9890130589278814
  }
}