{
  "question_id": "dilemma_37184",
  "method": "single_sentence_oracle",
  "prefix_length": 36,
  "keep_m": 15,
  "kl_to_baseline": 0.0004577799437445835,
  "token_kl": 0.07146347789036132,
  "distribution": {
    "A": 0.9324533013520764,
    "B": 0.06754669864792355
  }
}