{
  "question_id": "dilemma_15721",
  "method": "single_sentence_oracle",
  "prefix_length": 20,
  "keep_m": 10,
  "kl_to_baseline": 0.01788760474135547,
  "token_kl": 0.015225296545902586,
  "distribution": {
    "A": 0.10669060317692272,
    "B": 0.8933093968230772
  }
}