{
  "question_id": "dilemma_32747",
  "method": "single_sentence_oracle",
  "prefix_length": 41,
  "keep_m": 15,
  "kl_to_baseline": 7.731153192904337e-06,
  "token_kl": 0.15481250551273995,
  "distribution": {
    "A": 0.0009110512384815421,
    "B": 0.9990889487615184
  }
}