{
  "question_id": "dilemma_3081",
  "method": "single_sentence_oracle",
  "prefix_length": 30,
  "keep_m": 3,
  "kl_to_baseline": 0.009671352620684304,
  "token_kl": 0.4696082191490374,
  "distribution": {
    "A": 0.1329642384799526,
    "B": 0.8670357615200474
  }
}