{
  "question_id": "dilemma_24577",
  "method": "single_sentence_oracle",
  "prefix_length": 31,
  "keep_m": 15,
  "kl_to_baseline": 0.006712547432357482,
  "token_kl": 0.02278866153118411,
  "distribution": {
    "A": 0.08509904326677628,
    "B": 0.9149009567332238
  }
}