{
  "question_id": "dilemma_37184",
  "method": "single_sentence_oracle",
  "prefix_length": 36,
  "keep_m": 20,
  "kl_to_baseline": 3.1970013190983306e-16,
  "token_kl": 0.06858296827753789,
  "distribution": {
    "A": 0.9399133523506772,
    "B": 0.0600866476493228
  }
}