{
  "question_id": "dilemma_3081",
  "method": "single_sentence_oracle",
  "prefix_length": 24,
  "keep_m": 15,
  "kl_to_baseline": 0.0010440721782653262,
  "token_kl": 0.39420968784375926,
  "distribution": {
    "A": 0.1480472036701053,
    "B": 0.8519527963298947
  }
}