{
  "question_id": "dilemma_45012",
  "method": "single_sentence_oracle",
  "prefix_length": 27,
  "keep_m": 20,
  "kl_to_baseline": 0.00016938760914997635,
  "token_kl": 0.007263326316058168,
  "distribution": {
    "A": 0.004609571974260146,
    "B": 0.99539042802574
  }
}