{
  "question_id": "dilemma_15721",
  "method": "single_sentence_oracle",
  "prefix_length": 31,
  "keep_m": 3,
  "kl_to_baseline": 0.01025464067267565,
  "token_kl": 0.16409775659391793,
  "distribution": {
    "A": 0.04742587098971659,
    "B": 0.9525741290102833
  }
}