{
  "question_id": "dilemma_45012",
  "method": "single_sentence_oracle",
  "prefix_length": 37,
  "keep_m": 15,
  "kl_to_baseline": 0.000798089422824465,
  "token_kl": 0.03742840183082714,
  "distribution": {
    "A": 0.004609571730687207,
    "B": 0.9953904282693128
  }
}