{
  "question_id": "dilemma_15721",
  "method": "single_sentence_oracle",
  "prefix_length": 26,
  "keep_m": 15,
  "kl_to_baseline": 0.06529225681724671,
  "token_kl": 0.022895004782231325,
  "distribution": {
    "A": 0.13296422989056964,
    "B": 0.8670357701094303
  }
}