{
  "question_id": "dilemma_3297",
  "method": "single_sentence_oracle",
  "prefix_length": 24,
  "keep_m": 10,
  "kl_to_baseline": 0.029694622134638804,
  "token_kl": 0.04925600712182102,
  "distribution": {
    "A": 0.18242551936144574,
    "B": 0.8175744806385543
  }
}