{
  "question_id": "dilemma_45012",
  "method": "single_sentence_oracle",
  "prefix_length": 32,
  "keep_m": 10,
  "kl_to_baseline": 0.004148640343713547,
  "token_kl": 0.38427753379903773,
  "distribution": {
    "A": 0.008577486736332941,
    "B": 0.991422513263667
  }
}