{
  "question_id": "dilemma_45012",
  "method": "single_sentence_oracle",
  "prefix_length": 30,
  "keep_m": 20,
  "kl_to_baseline": 0.005503324701410011,
  "token_kl": 0.007890793923537929,
  "distribution": {
    "A": 0.01243165277408872,
    "B": 0.9875683472259114
  }
}