{
  "question_id": "dilemma_3081",
  "method": "single_sentence_oracle",
  "prefix_length": 53,
  "keep_m": 3,
  "kl_to_baseline": 0.0012272800637826847,
  "token_kl": 0.28291409228347114,
  "distribution": {
    "A": 0.18242552380635632,
    "B": 0.8175744761936437
  }
}