{
  "question_id": "dilemma_32747",
  "method": "single_sentence_oracle",
  "prefix_length": 42,
  "keep_m": 5,
  "kl_to_baseline": 1.1975052898384084e-06,
  "token_kl": 0.342765718860081,
  "distribution": {
    "A": 0.000588408690400776,
    "B": 0.9994115913095992
  }
}