{
  "question_id": "dilemma_12903",
  "method": "single_sentence_oracle",
  "prefix_length": 32,
  "keep_m": 15,
  "kl_to_baseline": 0.026344585976886187,
  "token_kl": 0.03994229883916095,
  "distribution": {
    "A": 0.37754066879814546,
    "B": 0.6224593312018546
  }
}