{
  "question_id": "dilemma_32747",
  "method": "single_sentence_oracle",
  "prefix_length": 44,
  "keep_m": 10,
  "kl_to_baseline": 2.1668069884211113e-05,
  "distribution": {
    "A": 0.00012339453026802592,
    "B": 0.999876605469732
  }
}