{
  "question_id": "dilemma_45012",
  "method": "single_sentence_oracle",
  "prefix_length": 37,
  "keep_m": 5,
  "kl_to_baseline": 0.002074690241559987,
  "token_kl": 0.1348076865894554,
  "distribution": {
    "A": 0.0066928505837531745,
    "B": 0.9933071494162468
  }
}