{
  "question_id": "dilemma_32747",
  "method": "single_sentence_oracle",
  "prefix_length": 28,
  "keep_m": 15,
  "kl_to_baseline": 0.00010856161120443737,
  "token_kl": 0.01795054160152041,
  "distribution": {
    "A": 0.00062633403215498,
    "B": 0.999373665967845
  }
}