{
  "question_id": "dilemma_31754",
  "method": "single_sentence_oracle",
  "prefix_length": 31,
  "keep_m": 3,
  "kl_to_baseline": 0.015945350107552977,
  "token_kl": 0.2109948263070599,
  "distribution": {
    "A": 0.7057850340255386,
    "B": 0.29421496597446145
  }
}