{
  "question_id": "dilemma_15721",
  "method": "single_sentence_oracle",
  "prefix_length": 25,
  "keep_m": 5,
  "kl_to_baseline": 0.011531514733536172,
  "token_kl": 0.1367098609430884,
  "distribution": {
    "A": 0.05340332452690107,
    "B": 0.9465966754730989
  }
}