{
  "question_id": "dilemma_33806",
  "method": "single_sentence_oracle",
  "prefix_length": 33,
  "keep_m": 5,
  "kl_to_baseline": 5.452776500464967e-17,
  "token_kl": 0.22079173555069834,
  "distribution": {
    "A": 0.7549149813536518,
    "B": 0.24508501864634827
  }
}