{
  "question_id": "dilemma_2081",
  "method": "single_sentence_oracle",
  "prefix_length": 36,
  "keep_m": 10,
  "kl_to_baseline": 0.004059538372368686,
  "token_kl": 0.1303328009933126,
  "distribution": {
    "A": 0.13296423676207594,
    "B": 0.867035763237924
  }
}