{
  "question_id": "dilemma_2081",
  "method": "single_sentence_oracle",
  "prefix_length": 30,
  "keep_m": 10,
  "kl_to_baseline": 0.050179566049565236,
  "token_kl": 0.05629959986724034,
  "distribution": {
    "A": 0.16451645470385742,
    "B": 0.8354835452961425
  }
}