{
  "question_id": "dilemma_3081",
  "method": "single_sentence_oracle",
  "prefix_length": 42,
  "keep_m": 15,
  "kl_to_baseline": 0.0006297130064314895,
  "token_kl": 0.26242896851580855,
  "distribution": {
    "A": 0.09534946040040723,
    "B": 0.9046505395995929
  }
}