{
  "question_id": "dilemma_19599",
  "method": "single_sentence_oracle",
  "prefix_length": 26,
  "keep_m": 10,
  "kl_to_baseline": 0.0,
  "token_kl": 0.24885915856517402,
  "distribution": {
    "A": 0.5621765008857981,
    "B": 0.4378234991142019
  }
}