{
  "question_id": "dilemma_2081",
  "method": "single_sentence_oracle",
  "prefix_length": 24,
  "keep_m": 10,
  "kl_to_baseline": 0.026151366100417864,
  "token_kl": 0.0915987531032372,
  "distribution": {
    "A": 0.22270013882530884,
    "B": 0.7772998611746911
  }
}