{
  "question_id": "dilemma_24577",
  "method": "single_sentence_oracle",
  "prefix_length": 38,
  "keep_m": 3,
  "kl_to_baseline": 0.05418667753444975,
  "token_kl": 0.2614154295158553,
  "distribution": {
    "A": 0.966914024948248,
    "B": 0.03308597505175204
  }
}