{
  "question_id": "dilemma_25447",
  "method": "single_sentence_oracle",
  "prefix_length": 24,
  "keep_m": 10,
  "kl_to_baseline": 0.001104084724179312,
  "token_kl": 0.5390150993707473,
  "distribution": {
    "A": 0.817574478416099,
    "B": 0.18242552158390105
  }
}