{
  "question_id": "dilemma_3081",
  "method": "single_sentence_oracle",
  "prefix_length": 19,
  "keep_m": 10,
  "kl_to_baseline": 0.0013210898328886167,
  "token_kl": 0.01768197604269149,
  "distribution": {
    "A": 0.2018132150593341,
    "B": 0.7981867849406659
  }
}