{
  "question_id": "gpqa_gpqa_diamond_0023",
  "method": "single_sentence_oracle",
  "prefix_length": 332,
  "keep_m": 15,
  "kl_to_baseline": 0.014972276311611236,
  "token_kl": 0.5453185549049108,
  "distribution": {
    "A": 0.381096108968665,
    "B": 0.33631617584389834,
    "C": 0.18001707671624895,
    "D": 0.1025706384711876
  }
}