{
  "question_id": "gpqa_gpqa_diamond_0011",
  "method": "single_sentence_oracle",
  "prefix_length": 55,
  "keep_m": 10,
  "kl_to_baseline": 0.033877936920168744,
  "token_kl": 0.11125924370595584,
  "distribution": {
    "A": 0.13383400418052277,
    "B": 0.1947273502799448,
    "C": 0.5998024652774493,
    "D": 0.07163618026208314
  }
}