{
  "question_id": "gpqa_gpqa_diamond_0017",
  "method": "single_sentence_oracle",
  "prefix_length": 99,
  "keep_m": 20,
  "kl_to_baseline": 0.16037475051287364,
  "token_kl": 0.32419842600437115,
  "distribution": {
    "A": 0.7791043043330229,
    "B": 0.04395405581131226,
    "C": 0.15341472915289847,
    "D": 0.023526910702766423
  }
}