{
  "question_id": "gpqa_gpqa_diamond_0031",
  "method": "single_sentence_oracle",
  "prefix_length": 65,
  "keep_m": 5,
  "kl_to_baseline": 0.0029329464524933658,
  "token_kl": 0.32072918217883284,
  "distribution": {
    "A": 0.9790577924006304,
    "B": 0.004001185989000553,
    "C": 0.008470510805184572,
    "D": 0.008470510805184572
  }
}