{
  "question_id": "gpqa_gpqa_diamond_0002",
  "method": "single_sentence_oracle",
  "prefix_length": 68,
  "keep_m": 15,
  "kl_to_baseline": 0.0004651044803242726,
  "token_kl": 0.22834526680134273,
  "distribution": {
    "A": 0.000625843143775037,
    "B": 0.000625843143775037,
    "C": 0.0001582379275092522,
    "D": 0.9985900757849407
  }
}