{
  "question_id": "gpqa_gpqa_diamond_0009",
  "method": "single_sentence_oracle",
  "prefix_length": 105,
  "keep_m": 3,
  "kl_to_baseline": 0.018650361471616268,
  "token_kl": 0.07048231657762159,
  "distribution": {
    "A": 0.07485957677563235,
    "B": 0.008940703589133752,
    "C": 0.004223289333478328,
    "D": 0.9119764303017556
  }
}