{
  "question_id": "gpqa_gpqa_diamond_0023",
  "method": "single_sentence_oracle",
  "prefix_length": 339,
  "keep_m": 20,
  "kl_to_baseline": 0.01976585863240309,
  "token_kl": 0.48451144913664673,
  "distribution": {
    "A": 0.3435930871752334,
    "B": 0.3435930871752334,
    "C": 0.23614784508222983,
    "D": 0.07666598056730324
  }
}