{
  "question_id": "gpqa_gpqa_diamond_0009",
  "method": "single_sentence_oracle",
  "prefix_length": 73,
  "keep_m": 20,
  "kl_to_baseline": 0.0025077654875252666,
  "token_kl": 0.35680029285929216,
  "distribution": {
    "A": 0.00848640875199729,
    "B": 0.004008695647332136,
    "C": 0.0066092217815195125,
    "D": 0.980895673819151
  }
}