{
  "question_id": "gpqa_gpqa_diamond_0031",
  "method": "single_sentence_oracle",
  "prefix_length": 86,
  "keep_m": 15,
  "kl_to_baseline": 0.04800346335420185,
  "token_kl": 0.0960894683059807,
  "distribution": {
    "A": 0.9096814119137384,
    "B": 0.00787028478322898,
    "C": 0.031127587570299275,
    "D": 0.051320715732733335
  }
}