{
  "question_id": "gpqa_gpqa_diamond_0020",
  "method": "single_sentence_oracle",
  "prefix_length": 72,
  "keep_m": 20,
  "kl_to_baseline": 0.002968164364139563,
  "token_kl": 0.10504021618513582,
  "distribution": {
    "A": 0.005201323104092533,
    "B": 0.9911965946797501,
    "C": 0.0016886223792716313,
    "D": 0.0019134598368856727
  }
}