{
  "question_id": "gpqa_gpqa_diamond_0023",
  "method": "single_sentence_oracle",
  "prefix_length": 90,
  "keep_m": 20,
  "kl_to_baseline": 0.10712358496792915,
  "token_kl": 0.32480711658250777,
  "distribution": {
    "A": 0.2457984128378252,
    "B": 0.2785260912734628,
    "C": 0.40525307155005386,
    "D": 0.07042242433865825
  }
}