{
  "question_id": "gpqa_gpqa_diamond_0031",
  "method": "single_sentence_oracle",
  "prefix_length": 234,
  "keep_m": 20,
  "kl_to_baseline": 0.0023732340659341255,
  "token_kl": 0.09102591473296348,
  "distribution": {
    "A": 0.9767705567254512,
    "B": 0.005125622585219605,
    "C": 0.012295729385883076,
    "D": 0.005808091303445982
  }
}