{
  "question_id": "gpqa_gpqa_diamond_0001",
  "method": "single_sentence_oracle",
  "prefix_length": 414,
  "keep_m": 10,
  "kl_to_baseline": 0.0036437071733446662,
  "token_kl": 0.55020431911347,
  "distribution": {
    "A": 0.7222446597366611,
    "B": 0.07612402254284617,
    "C": 0.07612402254284617,
    "D": 0.12550729517764656
  }
}