{
  "question_id": "gpqa_gpqa_diamond_0023",
  "method": "single_sentence_oracle",
  "prefix_length": 94,
  "keep_m": 5,
  "kl_to_baseline": 0.052601608276957215,
  "token_kl": 0.42125156074649,
  "distribution": {
    "A": 0.3313635569361928,
    "B": 0.2924273126256044,
    "C": 0.2924273126256044,
    "D": 0.08378181781259851
  }
}