{
  "question_id": "gpqa_gpqa_diamond_0009",
  "method": "single_sentence_oracle",
  "prefix_length": 57,
  "keep_m": 5,
  "kl_to_baseline": 0.10229604617864843,
  "token_kl": 0.16028671695823274,
  "distribution": {
    "A": 0.23582482763503712,
    "B": 0.011741029615584589,
    "C": 0.11139576088070648,
    "D": 0.6410383818686718
  }
}