{
  "question_id": "gpqa_gpqa_diamond_0020",
  "method": "single_sentence_oracle",
  "prefix_length": 47,
  "keep_m": 15,
  "kl_to_baseline": 0.07583173277461308,
  "token_kl": 0.014189520138315113,
  "distribution": {
    "A": 0.6122171186231482,
    "B": 0.32769622901022316,
    "C": 0.020948919046127005,
    "D": 0.03913773332050167
  }
}