{
  "question_id": "gpqa_gpqa_diamond_0031",
  "method": "single_sentence_oracle",
  "prefix_length": 94,
  "keep_m": 10,
  "kl_to_baseline": 0.04616133201275798,
  "token_kl": 0.1811793515083275,
  "distribution": {
    "A": 0.9520453546832184,
    "B": 0.011984483506788508,
    "C": 0.022389962863470773,
    "D": 0.013580198946522291
  }
}