{
  "question_id": "gpqa_gpqa_diamond_0009",
  "method": "single_sentence_oracle",
  "prefix_length": 114,
  "keep_m": 3,
  "kl_to_baseline": 0.002807031250253774,
  "token_kl": 0.045067156842142825,
  "distribution": {
    "A": 0.02910842348918408,
    "B": 0.0034765045900145746,
    "C": 0.0034765045900145746,
    "D": 0.9639385673307868
  }
}