{
  "question_id": "gpqa_gpqa_diamond_0020",
  "method": "single_sentence_oracle",
  "prefix_length": 62,
  "keep_m": 10,
  "kl_to_baseline": 0.12333523622232606,
  "token_kl": 0.10259108613833653,
  "distribution": {
    "A": 0.16168002086618008,
    "B": 0.7245996040027401,
    "C": 0.06739826807443838,
    "D": 0.04632210705664136
  }
}