{
  "question_id": "gpqa_gpqa_diamond_0002",
  "method": "single_sentence_oracle",
  "prefix_length": 79,
  "keep_m": 10,
  "kl_to_baseline": 0.0052348340968969035,
  "token_kl": 0.051343263426629315,
  "distribution": {
    "A": 0.0031558804780293017,
    "B": 0.004591779001093819,
    "C": 0.0007041721164719813,
    "D": 0.9915481684044049
  }
}