{
  "question_id": "gpqa_gpqa_diamond_0009",
  "method": "single_sentence_oracle",
  "prefix_length": 94,
  "keep_m": 3,
  "kl_to_baseline": 0.004476165674555482,
  "token_kl": 1.2094393828949102,
  "distribution": {
    "A": 0.03699702124041181,
    "B": 0.004418664063769256,
    "C": 0.004418664063769256,
    "D": 0.9541656506320496
  }
}