{
  "question_id": "gpqa_gpqa_diamond_0031",
  "method": "single_sentence_oracle",
  "prefix_length": 67,
  "keep_m": 5,
  "kl_to_baseline": 0.0012354586603085492,
  "token_kl": 0.8353627027621509,
  "distribution": {
    "A": 0.9595406366120607,
    "B": 0.005035206620171002,
    "C": 0.019914628498533923,
    "D": 0.015509528269234333
  }
}