{
  "question_id": "gpqa_gpqa_diamond_0004",
  "method": "single_sentence_oracle",
  "prefix_length": 54,
  "keep_m": 15,
  "kl_to_baseline": 0.006991072519559867,
  "token_kl": 0.09861473919700835,
  "distribution": {
    "A": 0.016759812005323713,
    "B": 0.2621675696474764,
    "C": 0.7126452556300666,
    "D": 0.008427362717133242
  }
}