{
  "question_id": "gpqa_gpqa_diamond_0002",
  "method": "single_sentence_oracle",
  "prefix_length": 74,
  "keep_m": 5,
  "kl_to_baseline": 0.00393358184955489,
  "token_kl": 1.7463194027946665,
  "distribution": {
    "A": 0.003583828876761935,
    "B": 0.001692880892129738,
    "C": 0.0010267841643183612,
    "D": 0.99369650606679
  }
}