{
  "question_id": "gpqa_gpqa_diamond_0001",
  "method": "single_sentence_oracle",
  "prefix_length": 311,
  "keep_m": 5,
  "kl_to_baseline": 0.004517964219045583,
  "token_kl": 0.863709726989853,
  "distribution": {
    "A": 0.39325343687947123,
    "B": 0.18575977033231203,
    "C": 0.21049339639410836,
    "D": 0.21049339639410836
  }
}