{
  "question_id": "gpqa_gpqa_diamond_0002",
  "method": "single_sentence_oracle",
  "prefix_length": 50,
  "keep_m": 5,
  "kl_to_baseline": 0.059385171343174135,
  "token_kl": 0.06525430897619032,
  "distribution": {
    "A": 0.43495987457420937,
    "B": 0.16001280512786692,
    "C": 0.14121080489921503,
    "D": 0.2638165153987087
  }
}