{
  "question_id": "gpqa_gpqa_diamond_0009",
  "method": "single_sentence_oracle",
  "prefix_length": 100,
  "keep_m": 5,
  "kl_to_baseline": 0.02628346154283634,
  "token_kl": 0.2701152399160002,
  "distribution": {
    "A": 0.025477753437933553,
    "B": 0.012034838563062209,
    "C": 0.00644178488126011,
    "D": 0.956045623117744
  }
}