{
  "question_id": "gpqa_gpqa_diamond_0023",
  "method": "single_sentence_oracle",
  "prefix_length": 99,
  "keep_m": 15,
  "kl_to_baseline": 0.03325461906860736,
  "token_kl": 0.11008365072899519,
  "distribution": {
    "A": 0.3817602541915145,
    "B": 0.29731518490989006,
    "C": 0.26237972977434426,
    "D": 0.05854483112425117
  }
}