{
  "question_id": "gpqa_gpqa_diamond_0001",
  "method": "single_sentence_oracle",
  "prefix_length": 311,
  "keep_m": 3,
  "kl_to_baseline": 0.1115813206676417,
  "token_kl": 1.141280289549154,
  "distribution": {
    "A": 0.21101423261339788,
    "B": 0.21101423261339788,
    "C": 0.2709476379584622,
    "D": 0.30702389681474196
  }
}