{
  "question_id": "gpqa_gpqa_diamond_0020",
  "method": "single_sentence_oracle",
  "prefix_length": 55,
  "keep_m": 3,
  "kl_to_baseline": 0.021076553020251965,
  "token_kl": 0.13755454988830165,
  "distribution": {
    "A": 0.360836776105825,
    "B": 0.5250144426057839,
    "C": 0.04309580723011241,
    "D": 0.0710529740582787
  }
}