{
  "question_id": "gpqa_gpqa_diamond_0001",
  "method": "single_sentence_oracle",
  "prefix_length": 27,
  "keep_m": 20,
  "kl_to_baseline": 0.01253335310073285,
  "token_kl": 0.0027212199332931736,
  "distribution": {
    "A": 0.3786604407238381,
    "B": 0.084490564780585,
    "C": 0.202682328425472,
    "D": 0.3341666660701049
  }
}