{
  "question_id": "gpqa_gpqa_diamond_0001",
  "method": "single_sentence_oracle",
  "prefix_length": 346,
  "keep_m": 5,
  "kl_to_baseline": 0.04191220508211187,
  "token_kl": 0.6255059867147402,
  "distribution": {
    "A": 0.4175059779434643,
    "B": 0.22347484616923674,
    "C": 0.1355443297180622,
    "D": 0.22347484616923674
  }
}