{
  "question_id": "gpqa_gpqa_diamond_0001",
  "method": "single_sentence_oracle",
  "prefix_length": 356,
  "keep_m": 15,
  "kl_to_baseline": 0.009183955908457664,
  "token_kl": 0.5617710322358899,
  "distribution": {
    "A": 0.45352235507652733,
    "B": 0.11466840211119632,
    "C": 0.18905623363792481,
    "D": 0.24275300917435144
  }
}