{
  "question_id": "gpqa_gpqa_diamond_0031",
  "method": "single_sentence_oracle",
  "prefix_length": 167,
  "keep_m": 3,
  "kl_to_baseline": 0.01110711621569151,
  "token_kl": 0.07026358971971294,
  "distribution": {
    "A": 0.9762791440334733,
    "B": 0.002135602258758449,
    "C": 0.015780084894969192,
    "D": 0.005805168812799185
  }
}