{
  "question_id": "gpqa_gpqa_diamond_0023",
  "method": "single_sentence_oracle",
  "prefix_length": 362,
  "keep_m": 5,
  "kl_to_baseline": 0.00013824868487239363,
  "token_kl": 0.5055416921914778,
  "distribution": {
    "A": 0.0009101751915328707,
    "B": 0.0008032267873370993,
    "C": 0.9981284332888666,
    "D": 0.00015816473226343112
  }
}