{
  "question_id": "gpqa_gpqa_diamond_0026",
  "method": "single_sentence_oracle",
  "prefix_length": 85,
  "keep_m": 3,
  "kl_to_baseline": 0.043115664855154986,
  "token_kl": 0.6537182247262586,
  "distribution": {
    "A": 0.013435686065886049,
    "B": 0.9419143398808242,
    "C": 0.019548807875369598,
    "D": 0.02510116617792005
  }
}