{
  "question_id": "gpqa_gpqa_diamond_0023",
  "method": "single_sentence_oracle",
  "prefix_length": 96,
  "keep_m": 5,
  "kl_to_baseline": 0.06435792127255671,
  "token_kl": 0.2788853741277875,
  "distribution": {
    "A": 0.3028329887541307,
    "B": 0.267249174575956,
    "C": 0.3431547327443468,
    "D": 0.08676310392556645
  }
}