{
  "question_id": "gpqa_gpqa_diamond_0002",
  "method": "single_sentence_oracle",
  "prefix_length": 98,
  "keep_m": 15,
  "kl_to_baseline": 0.0004866624045382501,
  "token_kl": 0.7028290815069269,
  "distribution": {
    "A": 0.0006257050594239207,
    "B": 0.0007090167201623024,
    "C": 0.00029556214195268916,
    "D": 0.9983697160784611
  }
}