{
  "question_id": "gpqa_gpqa_diamond_0002",
  "method": "single_sentence_oracle",
  "prefix_length": 97,
  "keep_m": 10,
  "kl_to_baseline": 0.008090832071543184,
  "token_kl": 0.18949048124777584,
  "distribution": {
    "A": 0.0035694549618403644,
    "B": 0.0031500329477393368,
    "C": 0.0035694549618403644,
    "D": 0.9897110571285799
  }
}