{
  "question_id": "gpqa_gpqa_diamond_0001",
  "method": "single_sentence_oracle",
  "prefix_length": 417,
  "keep_m": 15,
  "kl_to_baseline": 0.016678034386733938,
  "token_kl": 0.3402845528724569,
  "distribution": {
    "A": 0.7166787101418413,
    "B": 0.0755373803089472,
    "C": 0.06666150415200052,
    "D": 0.141122405397211
  }
}