{
  "question_id": "gpqa_gpqa_diamond_0031",
  "method": "single_sentence_oracle",
  "prefix_length": 61,
  "keep_m": 3,
  "kl_to_baseline": 0.000265980160819936,
  "token_kl": 0.0033040302778127406,
  "distribution": {
    "A": 0.967832616818813,
    "B": 0.0027184419973929493,
    "C": 0.01564355359276383,
    "D": 0.0138053875910302
  }
}