{
  "question_id": "gpqa_gpqa_diamond_0031",
  "method": "single_sentence_oracle",
  "prefix_length": 122,
  "keep_m": 10,
  "kl_to_baseline": 0.0030278535894201204,
  "token_kl": 1.0978079662484672,
  "distribution": {
    "A": 0.9412944508889916,
    "B": 0.008143791471960773,
    "C": 0.022137125650892125,
    "D": 0.028424631988155653
  }
}