{
  "question_id": "gpqa_gpqa_diamond_0004",
  "method": "single_sentence_oracle",
  "prefix_length": 51,
  "keep_m": 10,
  "kl_to_baseline": 0.03776213867931562,
  "token_kl": 0.14879000383369,
  "distribution": {
    "A": 0.00382659027573391,
    "B": 0.162710797688397,
    "C": 0.8263136002224798,
    "D": 0.00714901181338933
  }
}