{
  "question_id": "gpqa_gpqa_diamond_0031",
  "method": "single_sentence_oracle",
  "prefix_length": 69,
  "keep_m": 10,
  "kl_to_baseline": 0.008972189478080194,
  "token_kl": 0.4992404672918288,
  "distribution": {
    "A": 0.9245185786785591,
    "B": 0.00799865366748453,
    "C": 0.0358474787189849,
    "D": 0.03163528893497137
  }
}