{
  "question_id": "gpqa_gpqa_diamond_0023",
  "method": "single_sentence_oracle",
  "prefix_length": 282,
  "keep_m": 5,
  "kl_to_baseline": 0.010569820544069203,
  "token_kl": 0.4562296600526573,
  "distribution": {
    "A": 0.45489070580892743,
    "B": 0.2759051763366637,
    "C": 0.21487516738444776,
    "D": 0.054328950469961015
  }
}