{
  "question_id": "gpqa_gpqa_diamond_0009",
  "method": "single_sentence_oracle",
  "prefix_length": 28,
  "keep_m": 15,
  "kl_to_baseline": 0.006132969900910886,
  "token_kl": 0.25288128675029925,
  "distribution": {
    "A": 0.8015275937808702,
    "B": 0.0657933963345095,
    "C": 0.02420403787631057,
    "D": 0.10847497200830963
  }
}