{
  "question_id": "gpqa_gpqa_diamond_0020",
  "method": "single_sentence_oracle",
  "prefix_length": 71,
  "keep_m": 20,
  "kl_to_baseline": 0.000412084785737581,
  "token_kl": 0.0892975922801003,
  "distribution": {
    "A": 0.042033668321592624,
    "B": 0.956681867139875,
    "C": 0.000412083584115046,
    "D": 0.0008723809544173629
  }
}