{
  "question_id": "gpqa_gpqa_diamond_0002",
  "method": "single_sentence_oracle",
  "prefix_length": 45,
  "keep_m": 5,
  "kl_to_baseline": 0.29190726805284883,
  "token_kl": 0.12440318360583537,
  "distribution": {
    "A": 0.28850952576306876,
    "B": 0.28850952576306876,
    "C": 0.19828950388602495,
    "D": 0.2246914445878376
  }
}