{
  "question_id": "gpqa_gpqa_diamond_0023",
  "method": "single_sentence_oracle",
  "prefix_length": 369,
  "keep_m": 15,
  "kl_to_baseline": 0.0010319817619816787,
  "token_kl": 0.23819257452235204,
  "distribution": {
    "A": 0.000909276684793255,
    "B": 0.0013229897698866864,
    "C": 0.9971427974284072,
    "D": 0.0006249361169130023
  }
}