{
  "question_id": "gpqa_gpqa_diamond_0009",
  "method": "single_sentence_oracle",
  "prefix_length": 95,
  "keep_m": 10,
  "kl_to_baseline": 0.07042605955759156,
  "token_kl": 0.4441346127310233,
  "distribution": {
    "A": 0.07011938830625547,
    "B": 0.03312205373453451,
    "C": 0.04252955884803944,
    "D": 0.8542289991111706
  }
}