{
  "question_id": "gpqa_gpqa_diamond_0017",
  "method": "single_sentence_oracle",
  "prefix_length": 126,
  "keep_m": 5,
  "kl_to_baseline": 0.0007465107226012268,
  "token_kl": 0.8807837885491431,
  "distribution": {
    "A": 0.9973214068117019,
    "B": 0.0007082721997176738,
    "C": 0.0011677434411200983,
    "D": 0.0008025775474603204
  }
}