{
  "question_id": "gpqa_gpqa_diamond_0031",
  "method": "single_sentence_oracle",
  "prefix_length": 93,
  "keep_m": 15,
  "kl_to_baseline": 0.04503244484245407,
  "token_kl": 0.08473522754100317,
  "distribution": {
    "A": 0.8601267439808662,
    "B": 0.04282319092194936,
    "C": 0.04852503254859228,
    "D": 0.04852503254859228
  }
}