{
  "question_id": "gpqa_gpqa_diamond_0011",
  "method": "single_sentence_oracle",
  "prefix_length": 109,
  "keep_m": 20,
  "kl_to_baseline": 2.5798459001869735e-05,
  "token_kl": 0.19284075810119816,
  "distribution": {
    "A": 5.1440015477096196e-05,
    "B": 0.9999058822191085,
    "C": 3.1199946522951235e-05,
    "D": 1.1477818891442185e-05
  }
}