{
  "question_id": "gpqa_gpqa_diamond_0001",
  "method": "single_sentence_oracle",
  "prefix_length": 294,
  "keep_m": 10,
  "kl_to_baseline": 0.00953687090958507,
  "token_kl": 0.6580589885221675,
  "distribution": {
    "A": 0.38834516945355374,
    "B": 0.14286420392020244,
    "C": 0.12607721744979267,
    "D": 0.34271340917645104
  }
}