{
  "question_id": "gpqa_gpqa_diamond_0011",
  "method": "single_sentence_oracle",
  "prefix_length": 35,
  "keep_m": 20,
  "kl_to_baseline": 0.016914457699387347,
  "token_kl": 0.04918229278928265,
  "distribution": {
    "A": 0.14529742442233004,
    "B": 0.21140650510062722,
    "C": 0.5746624269805185,
    "D": 0.06863364349652416
  }
}