{
  "question_id": "gpqa_gpqa_diamond_0001",
  "method": "single_sentence_oracle",
  "prefix_length": 308,
  "keep_m": 3,
  "kl_to_baseline": 0.045775601060753825,
  "token_kl": 0.7780400026889168,
  "distribution": {
    "A": 0.29180309992347,
    "B": 0.20055314209537167,
    "C": 0.17698752670277376,
    "D": 0.33065623127838456
  }
}