{
  "question_id": "gpqa_gpqa_diamond_0009",
  "method": "single_sentence_oracle",
  "prefix_length": 93,
  "keep_m": 3,
  "kl_to_baseline": 0.0007123118701542188,
  "token_kl": 0.6434778960825056,
  "distribution": {
    "A": 0.032790029812499205,
    "B": 0.005028515133631321,
    "C": 0.003916211523758483,
    "D": 0.958265243530111
  }
}