{
  "question_id": "gpqa_gpqa_diamond_0023",
  "method": "single_sentence_oracle",
  "prefix_length": 281,
  "keep_m": 15,
  "kl_to_baseline": 0.0024594734631370307,
  "token_kl": 0.5451226274031942,
  "distribution": {
    "A": 0.475069274358235,
    "B": 0.3265099994879087,
    "C": 0.15423240289357393,
    "D": 0.04418832326028239
  }
}