{
  "question_id": "gpqa_gpqa_diamond_0009",
  "method": "single_sentence_oracle",
  "prefix_length": 126,
  "keep_m": 10,
  "kl_to_baseline": 0.0008860179272511177,
  "token_kl": 0.4479563085380098,
  "distribution": {
    "A": 0.02013287366941437,
    "B": 0.0024045288620770417,
    "C": 0.007406470314679404,
    "D": 0.9700561271538293
  }
}