{
  "question_id": "gpqa_gpqa_diamond_0023",
  "method": "single_sentence_oracle",
  "prefix_length": 268,
  "keep_m": 15,
  "kl_to_baseline": 0.0022991476499510926,
  "token_kl": 0.09691262463823214,
  "distribution": {
    "A": 0.5044790161671486,
    "B": 0.21029812903011882,
    "C": 0.238298999593327,
    "D": 0.04692385520940557
  }
}