{
  "question_id": "gpqa_gpqa_diamond_0009",
  "method": "single_sentence_oracle",
  "prefix_length": 102,
  "keep_m": 5,
  "kl_to_baseline": 0.0031095677203184027,
  "token_kl": 0.06927390755099412,
  "distribution": {
    "A": 0.08426453370400942,
    "B": 0.006104102348122936,
    "C": 0.003702325224160439,
    "D": 0.9059290387237072
  }
}