{
  "question_id": "gpqa_gpqa_diamond_0023",
  "method": "single_sentence_oracle",
  "prefix_length": 343,
  "keep_m": 5,
  "kl_to_baseline": 0.03524547254445146,
  "token_kl": 0.1072909080417152,
  "distribution": {
    "A": 0.3986893639124153,
    "B": 0.18832752044581552,
    "C": 0.3518421287461291,
    "D": 0.06114098689564002
  }
}