{
  "question_id": "gpqa_gpqa_diamond_0023",
  "method": "single_sentence_oracle",
  "prefix_length": 112,
  "keep_m": 5,
  "kl_to_baseline": 0.01577022905652569,
  "token_kl": 0.323797728328032,
  "distribution": {
    "A": 0.4584207929186345,
    "B": 0.21654264965577794,
    "C": 0.24537496848043652,
    "D": 0.07966158894515102
  }
}