{
  "question_id": "gpqa_gpqa_diamond_0001",
  "method": "single_sentence_oracle",
  "prefix_length": 416,
  "keep_m": 5,
  "kl_to_baseline": 0.0009436830486030902,
  "token_kl": 0.28404512769256324,
  "distribution": {
    "A": 0.6562043113897603,
    "B": 0.04194974189236674,
    "C": 0.08880760428303781,
    "D": 0.21303834243483505
  }
}