{
  "question_id": "gpqa_gpqa_diamond_0009",
  "method": "single_sentence_oracle",
  "prefix_length": 105,
  "keep_m": 15,
  "kl_to_baseline": 0.035356360050396406,
  "token_kl": 0.03494378694277712,
  "distribution": {
    "A": 0.006623265980040725,
    "B": 0.004552099698662972,
    "C": 0.005845011712379865,
    "D": 0.9829796226089165
  }
}