{
  "question_id": "gpqa_gpqa_diamond_0031",
  "method": "single_sentence_oracle",
  "prefix_length": 138,
  "keep_m": 15,
  "kl_to_baseline": 0.0017669320382672684,
  "token_kl": 0.7679093908854153,
  "distribution": {
    "A": 0.9099416909395288,
    "B": 0.004774936654788575,
    "C": 0.03998004559085926,
    "D": 0.045303326814823366
  }
}