{
  "question_id": "gpqa_gpqa_diamond_0001",
  "method": "single_sentence_oracle",
  "prefix_length": 31,
  "keep_m": 20,
  "kl_to_baseline": 0.008620383221252598,
  "token_kl": 0.035008918171295055,
  "distribution": {
    "A": 0.422846882465159,
    "B": 0.0943498926027152,
    "C": 0.22633362635310258,
    "D": 0.25646959857902324
  }
}