{
  "question_id": "gpqa_gpqa_diamond_0023",
  "method": "single_sentence_oracle",
  "prefix_length": 305,
  "keep_m": 5,
  "kl_to_baseline": 0.10137501708093218,
  "token_kl": 0.3480110514522914,
  "distribution": {
    "A": 0.46997671254146767,
    "B": 0.17289476006801566,
    "C": 0.2850552685167325,
    "D": 0.07207325887378413
  }
}