{
  "question_id": "gpqa_gpqa_diamond_0011",
  "method": "single_sentence_oracle",
  "prefix_length": 118,
  "keep_m": 3,
  "kl_to_baseline": 0.000549281296475839,
  "token_kl": 0.4056246750161595,
  "distribution": {
    "A": 0.00023042672657844505,
    "B": 0.9994222843474069,
    "C": 0.0002958737736108802,
    "D": 5.1415152403926896e-05
  }
}