{
  "question_id": "gpqa_gpqa_diamond_0023",
  "method": "single_sentence_oracle",
  "prefix_length": 363,
  "keep_m": 15,
  "kl_to_baseline": 0.00015079879126693048,
  "token_kl": 1.1149443363555018,
  "distribution": {
    "A": 0.00026102162903483307,
    "B": 0.00048765260324670014,
    "C": 0.9990930081468608,
    "D": 0.00015831762085776358
  }
}