{
  "question_id": "gpqa_gpqa_diamond_0002",
  "method": "single_sentence_oracle",
  "prefix_length": 41,
  "keep_m": 15,
  "kl_to_baseline": 0.10083352944145513,
  "token_kl": 0.181451971038105,
  "distribution": {
    "A": 0.41181125424751097,
    "B": 0.24977615171582984,
    "C": 0.11798591380793934,
    "D": 0.2204266802287198
  }
}