{
  "question_id": "gpqa_gpqa_diamond_0023",
  "method": "single_sentence_oracle",
  "prefix_length": 328,
  "keep_m": 15,
  "kl_to_baseline": 0.03772931904414982,
  "token_kl": 0.45594423923629995,
  "distribution": {
    "A": 0.4944195417582225,
    "B": 0.26464369443521685,
    "C": 0.1818867738849586,
    "D": 0.05904998992160206
  }
}