{
  "question_id": "gpqa_gpqa_diamond_0002",
  "method": "single_sentence_oracle",
  "prefix_length": 73,
  "keep_m": 10,
  "kl_to_baseline": 0.015471616272690817,
  "token_kl": 0.10610910655133036,
  "distribution": {
    "A": 0.00661218018922614,
    "B": 0.009620665407232587,
    "C": 0.002432485152937394,
    "D": 0.981334669250604
  }
}