{
  "question_id": "gpqa_gpqa_diamond_0009",
  "method": "single_sentence_oracle",
  "prefix_length": 54,
  "keep_m": 5,
  "kl_to_baseline": 0.039937677607722336,
  "token_kl": 0.3614721486011054,
  "distribution": {
    "A": 0.6594021648361349,
    "B": 0.07875436486906891,
    "C": 0.04776693687928581,
    "D": 0.21407653341551044
  }
}