{
  "question_id": "gpqa_gpqa_diamond_0023",
  "method": "single_sentence_oracle",
  "prefix_length": 338,
  "keep_m": 20,
  "kl_to_baseline": 0.03921085589034902,
  "token_kl": 0.11616294867558934,
  "distribution": {
    "A": 0.4732546733164501,
    "B": 0.25331497249265117,
    "C": 0.2235496786030666,
    "D": 0.04988067558783227
  }
}