{
  "question_id": "gpqa_gpqa_diamond_0031",
  "method": "single_sentence_oracle",
  "prefix_length": 134,
  "keep_m": 15,
  "kl_to_baseline": 0.0022655371516302637,
  "token_kl": 0.4211048632122083,
  "distribution": {
    "A": 0.8794794137725968,
    "B": 0.008622113811569349,
    "C": 0.03009413422064555,
    "D": 0.0818043381951883
  }
}