{
  "question_id": "gpqa_gpqa_diamond_0031",
  "method": "single_sentence_oracle",
  "prefix_length": 192,
  "keep_m": 20,
  "kl_to_baseline": 0.003953423805600736,
  "token_kl": 0.5771079750659299,
  "distribution": {
    "A": 0.9571252878640921,
    "B": 0.008280757896755093,
    "C": 0.028902678116449403,
    "D": 0.005691276122703456
  }
}