{
  "question_id": "gpqa_gpqa_diamond_0020",
  "method": "single_sentence_oracle",
  "prefix_length": 43,
  "keep_m": 5,
  "kl_to_baseline": 0.09225926236701353,
  "token_kl": 0.04532545143596391,
  "distribution": {
    "A": 0.3827671016736292,
    "B": 0.4914826579261907,
    "C": 0.040343355704192806,
    "D": 0.08540688469598721
  }
}