{
  "question_id": "gpqa_gpqa_diamond_0031",
  "method": "single_sentence_oracle",
  "prefix_length": 145,
  "keep_m": 15,
  "kl_to_baseline": 0.012439672825680736,
  "token_kl": 0.3377046532055255,
  "distribution": {
    "A": 0.8992485080820889,
    "B": 0.016470312908678682,
    "C": 0.04477095228869571,
    "D": 0.03951022672053667
  }
}