{
  "question_id": "gpqa_gpqa_diamond_0002",
  "method": "single_sentence_oracle",
  "prefix_length": 97,
  "keep_m": 5,
  "kl_to_baseline": 0.005317565470058887,
  "token_kl": 0.19254563129382082,
  "distribution": {
    "A": 0.002788379815283588,
    "B": 0.002788379815283588,
    "C": 0.0016912378488933458,
    "D": 0.9927320025205396
  }
}