{
  "question_id": "gpqa_gpqa_diamond_0020",
  "method": "single_sentence_oracle",
  "prefix_length": 39,
  "keep_m": 5,
  "kl_to_baseline": 0.019510413543075394,
  "token_kl": 0.09331840036261393,
  "distribution": {
    "A": 0.6042136696835604,
    "B": 0.3664740938370022,
    "C": 0.011066561364416206,
    "D": 0.018245675115021235
  }
}