{
  "question_id": "gpqa_gpqa_diamond_0031",
  "method": "single_sentence_oracle",
  "prefix_length": 133,
  "keep_m": 15,
  "kl_to_baseline": 0.01863606973618678,
  "token_kl": 0.1711360165831347,
  "distribution": {
    "A": 0.9182639888435985,
    "B": 0.005460197146240184,
    "C": 0.05180490813796555,
    "D": 0.02447090587219573
  }
}