{
  "question_id": "gpqa_gpqa_diamond_0011",
  "method": "single_sentence_oracle",
  "prefix_length": 123,
  "keep_m": 3,
  "kl_to_baseline": 0.000916185714670094,
  "token_kl": 0.05330701494666993,
  "distribution": {
    "A": 0.00048756622649738155,
    "B": 0.9989163593384379,
    "C": 0.0003350990401722212,
    "D": 0.000260975394892602
  }
}