{
  "question_id": "gpqa_gpqa_diamond_0001",
  "method": "single_sentence_oracle",
  "prefix_length": 347,
  "keep_m": 20,
  "kl_to_baseline": 0.0,
  "token_kl": 0.09334054525315093,
  "distribution": {
    "A": 0.4415437440966293,
    "B": 0.11163973513325921,
    "C": 0.14334825742339224,
    "D": 0.30346826334671934
  }
}