{
  "question_id": "gpqa_gpqa_diamond_0002",
  "method": "single_sentence_oracle",
  "prefix_length": 104,
  "keep_m": 20,
  "kl_to_baseline": 8.390911978012984e-05,
  "token_kl": 0.1326060816540889,
  "distribution": {
    "A": 0.0001583480586205342,
    "B": 0.0002610718124217456,
    "C": 0.00029583312038505366,
    "D": 0.9992847470085727
  }
}