{
  "question_id": "gpqa_gpqa_diamond_0002",
  "method": "single_sentence_oracle",
  "prefix_length": 94,
  "keep_m": 20,
  "kl_to_baseline": 0.0011332976184121593,
  "token_kl": 0.06537768778037775,
  "distribution": {
    "A": 0.003584974639886905,
    "B": 0.0014944397688794887,
    "C": 0.0009064235389192717,
    "D": 0.9940141620523144
  }
}