{
  "question_id": "gpqa_gpqa_diamond_0023",
  "method": "single_sentence_oracle",
  "prefix_length": 323,
  "keep_m": 3,
  "kl_to_baseline": 0.05772420558501562,
  "token_kl": 0.6864225001346469,
  "distribution": {
    "A": 0.4861860986462616,
    "B": 0.2602366656874727,
    "C": 0.15784151652083886,
    "D": 0.09573571914542692
  }
}