{
  "question_id": "gpqa_gpqa_diamond_0011",
  "method": "single_sentence_oracle",
  "prefix_length": 106,
  "keep_m": 5,
  "kl_to_baseline": 0.00024709950549961566,
  "token_kl": 0.13968876081572293,
  "distribution": {
    "A": 0.0001794976323047682,
    "B": 0.999651751460644,
    "C": 0.00012336679825143123,
    "D": 4.538410879984659e-05
  }
}