{
  "question_id": "gpqa_gpqa_diamond_0031",
  "method": "single_sentence_oracle",
  "prefix_length": 164,
  "keep_m": 15,
  "kl_to_baseline": 0.009806705333775092,
  "token_kl": 0.20501072328577763,
  "distribution": {
    "A": 0.975063165375461,
    "B": 0.0031034130118077325,
    "C": 0.00955918504812163,
    "D": 0.012274236564609605
  }
}