{
  "question_id": "gpqa_gpqa_diamond_0017",
  "method": "single_sentence_oracle",
  "prefix_length": 127,
  "keep_m": 10,
  "kl_to_baseline": 0.00022608865162929696,
  "token_kl": 0.037354594997869,
  "distribution": {
    "A": 0.9972806569555006,
    "B": 0.00048676801561194674,
    "C": 0.0013231726515130235,
    "D": 0.0009094023773743244
  }
}