{
  "question_id": "gpqa_gpqa_diamond_0011",
  "method": "single_sentence_oracle",
  "prefix_length": 111,
  "keep_m": 20,
  "kl_to_baseline": 0.00046789431924380566,
  "token_kl": 0.23180188027703663,
  "distribution": {
    "A": 0.0002958850798482248,
    "B": 0.9994609665549388,
    "C": 0.0001583758705170163,
    "D": 8.477249469587676e-05
  }
}