{
  "question_id": "gpqa_gpqa_diamond_0031",
  "method": "single_sentence_oracle",
  "prefix_length": 84,
  "keep_m": 15,
  "kl_to_baseline": 0.007542325532103607,
  "token_kl": 0.03689755018075125,
  "distribution": {
    "A": 0.9775711280153737,
    "B": 0.0031113940107455784,
    "C": 0.008457645800586014,
    "D": 0.010859832173294783
  }
}