{
  "question_id": "gpqa_gpqa_diamond_0031",
  "method": "single_sentence_oracle",
  "prefix_length": 100,
  "keep_m": 20,
  "kl_to_baseline": 0.008769120325467398,
  "token_kl": 0.05838333481946118,
  "distribution": {
    "A": 0.9528633064847121,
    "B": 0.007275200363842641,
    "C": 0.022409194739962692,
    "D": 0.01745229841148255
  }
}