{
  "question_id": "gpqa_gpqa_diamond_0023",
  "method": "single_sentence_oracle",
  "prefix_length": 303,
  "keep_m": 10,
  "kl_to_baseline": 0.04338986494422976,
  "token_kl": 0.25815846945312015,
  "distribution": {
    "A": 0.5009630114915055,
    "B": 0.18429399271505786,
    "C": 0.26814617716611855,
    "D": 0.046596818627318126
  }
}