{
  "question_id": "gpqa_gpqa_diamond_0031",
  "method": "single_sentence_oracle",
  "prefix_length": 62,
  "keep_m": 10,
  "kl_to_baseline": 0.0005488160820401057,
  "token_kl": 0.00032789904018185387,
  "distribution": {
    "A": 0.9581289101841953,
    "B": 0.004437016954020018,
    "C": 0.017548742474048532,
    "D": 0.019885330387736204
  }
}