{
  "question_id": "gpqa_gpqa_diamond_0001",
  "method": "single_sentence_oracle",
  "prefix_length": 425,
  "keep_m": 20,
  "kl_to_baseline": 0.0023421195949644997,
  "token_kl": 0.47249795531222116,
  "distribution": {
    "A": 0.8897819703983888,
    "B": 0.020925667806172017,
    "C": 0.03909429428545047,
    "D": 0.05019806750998873
  }
}