{
  "question_id": "gpqa_gpqa_diamond_0004",
  "method": "single_sentence_oracle",
  "prefix_length": 89,
  "keep_m": 15,
  "kl_to_baseline": 0.0033153457229534327,
  "token_kl": 0.5093885579489884,
  "distribution": {
    "A": 0.00017875632632116998,
    "B": 0.0040684752343740594,
    "C": 0.9955232407729145,
    "D": 0.00022952766639011018
  }
}