{
  "question_id": "gpqa_gpqa_diamond_0009",
  "method": "single_sentence_oracle",
  "prefix_length": 99,
  "keep_m": 10,
  "kl_to_baseline": 0.058413184964433866,
  "token_kl": 0.6325905497435002,
  "distribution": {
    "A": 0.019917902813808185,
    "B": 0.008303015215131,
    "C": 0.012080815853459903,
    "D": 0.9596982661176009
  }
}