{
  "question_id": "gpqa_gpqa_diamond_0020",
  "method": "single_sentence_oracle",
  "prefix_length": 57,
  "keep_m": 20,
  "kl_to_baseline": 0.003870909537740519,
  "token_kl": 0.13071560406238142,
  "distribution": {
    "A": 0.48582697231346567,
    "B": 0.42874079825868544,
    "C": 0.027408478977388753,
    "D": 0.05802375045046014
  }
}