{
  "question_id": "gpqa_gpqa_diamond_0031",
  "method": "single_sentence_oracle",
  "prefix_length": 180,
  "keep_m": 20,
  "kl_to_baseline": 0.005098903167597558,
  "token_kl": 0.2753972708516598,
  "distribution": {
    "A": 0.9082431253756973,
    "B": 0.01663505236391179,
    "C": 0.03521640613075397,
    "D": 0.03990541612963696
  }
}