{
  "question_id": "gpqa_gpqa_diamond_0001",
  "method": "single_sentence_oracle",
  "prefix_length": 327,
  "keep_m": 20,
  "kl_to_baseline": 0.012394079612047477,
  "token_kl": 0.14543023726844426,
  "distribution": {
    "A": 0.4509200579382203,
    "B": 0.12919077500051454,
    "C": 0.14639232684233747,
    "D": 0.2734968402189277
  }
}