{
  "question_id": "gpqa_gpqa_diamond_0031",
  "method": "single_sentence_oracle",
  "prefix_length": 136,
  "keep_m": 20,
  "kl_to_baseline": 0.03747486881827171,
  "token_kl": 0.5736845323481372,
  "distribution": {
    "A": 0.9584334795839092,
    "B": 0.006457874516849482,
    "C": 0.01755432294962068,
    "D": 0.01755432294962068
  }
}