{
  "question_id": "gpqa_gpqa_diamond_0001",
  "method": "single_sentence_oracle",
  "prefix_length": 374,
  "keep_m": 5,
  "kl_to_baseline": 0.006676919986483246,
  "token_kl": 0.656709490149461,
  "distribution": {
    "A": 0.5303554031410936,
    "B": 0.0813326352647311,
    "C": 0.10443317088610844,
    "D": 0.28387879070806676
  }
}