{
  "question_id": "gpqa_gpqa_diamond_0023",
  "method": "single_sentence_oracle",
  "prefix_length": 297,
  "keep_m": 20,
  "kl_to_baseline": 0.027948376038313166,
  "token_kl": 0.3130007969948738,
  "distribution": {
    "A": 0.40322942095148767,
    "B": 0.2771352579130493,
    "C": 0.2771352579130493,
    "D": 0.042500063222413724
  }
}