{
  "question_id": "gpqa_gpqa_diamond_0009",
  "method": "single_sentence_oracle",
  "prefix_length": 50,
  "keep_m": 10,
  "kl_to_baseline": 0.004997464711628926,
  "token_kl": 0.02329027778053704,
  "distribution": {
    "A": 0.5200940293519974,
    "B": 0.0426919176836567,
    "C": 0.07975900262752082,
    "D": 0.35745505033682506
  }
}