{
  "question_id": "gpqa_gpqa_diamond_0002",
  "method": "single_sentence_oracle",
  "prefix_length": 70,
  "keep_m": 10,
  "kl_to_baseline": 0.00019528559154945147,
  "token_kl": 0.018829194554791685,
  "distribution": {
    "A": 0.0002958013041531037,
    "B": 0.0002958013041531037,
    "C": 0.0002303702873079799,
    "D": 0.999178027104386
  }
}