{
  "question_id": "gpqa_gpqa_diamond_0023",
  "method": "single_sentence_oracle",
  "prefix_length": 191,
  "keep_m": 5,
  "kl_to_baseline": 0.03989599973053305,
  "token_kl": 0.32572165314236823,
  "distribution": {
    "A": 0.42886486864995427,
    "B": 0.20258141959590695,
    "C": 0.2601196917098286,
    "D": 0.10843402004431012
  }
}