{
  "question_id": "gpqa_gpqa_diamond_0031",
  "method": "single_sentence_oracle",
  "prefix_length": 94,
  "keep_m": 5,
  "kl_to_baseline": 0.02567538430623685,
  "token_kl": 0.41191338759904783,
  "distribution": {
    "A": 0.9120170779115392,
    "B": 0.01670417309472616,
    "C": 0.04007123769681492,
    "D": 0.03120751129691986
  }
}