{
  "question_id": "gpqa_gpqa_diamond_0001",
  "method": "single_sentence_oracle",
  "prefix_length": 23,
  "keep_m": 3,
  "kl_to_baseline": 0.05276994741890564,
  "token_kl": 0.5522754977813437,
  "distribution": {
    "A": 0.37897238681311185,
    "B": 0.12303432043955968,
    "C": 0.2028493011348376,
    "D": 0.29514399161249083
  }
}