{
  "question_id": "gpqa_gpqa_diamond_0031",
  "method": "single_sentence_oracle",
  "prefix_length": 158,
  "keep_m": 15,
  "kl_to_baseline": 0.0018335390788669671,
  "token_kl": 0.5782746531563736,
  "distribution": {
    "A": 0.902343155482752,
    "B": 0.007806798415180295,
    "C": 0.04492502305103382,
    "D": 0.04492502305103382
  }
}