{
  "question_id": "gpqa_gpqa_diamond_0009",
  "method": "single_sentence_oracle",
  "prefix_length": 101,
  "keep_m": 5,
  "kl_to_baseline": 0.07786028158825987,
  "token_kl": 0.48367479218261134,
  "distribution": {
    "A": 0.21332720130306362,
    "B": 0.03271478198304655,
    "C": 0.009372944201061932,
    "D": 0.7445850725128279
  }
}