{
  "question_id": "gpqa_gpqa_diamond_0031",
  "method": "single_sentence_oracle",
  "prefix_length": 83,
  "keep_m": 20,
  "kl_to_baseline": 0.02476888801472994,
  "token_kl": 0.10456229642642689,
  "distribution": {
    "A": 0.942262092172893,
    "B": 0.010467587567899225,
    "C": 0.02511043720407059,
    "D": 0.022159883055137285
  }
}