{
  "question_id": "gpqa_gpqa_diamond_0001",
  "method": "single_sentence_oracle",
  "prefix_length": 337,
  "keep_m": 3,
  "kl_to_baseline": 0.01375176263250271,
  "token_kl": 0.6842841112583435,
  "distribution": {
    "A": 0.39181905048556065,
    "B": 0.0990673703533687,
    "C": 0.16333448073392626,
    "D": 0.3457790984271445
  }
}