{
  "question_id": "gpqa_gpqa_diamond_0031",
  "method": "single_sentence_oracle",
  "prefix_length": 60,
  "keep_m": 15,
  "kl_to_baseline": 0.0007242146254638816,
  "token_kl": 0.0005763645350274746,
  "distribution": {
    "A": 0.9628438580545347,
    "B": 0.00505254071010251,
    "C": 0.012120415081227888,
    "D": 0.01998318615413504
  }
}