{
  "question_id": "gpqa_gpqa_diamond_0001",
  "method": "single_sentence_oracle",
  "prefix_length": 375,
  "keep_m": 20,
  "kl_to_baseline": 0.0047871467404067645,
  "token_kl": 0.23528074599421422,
  "distribution": {
    "A": 0.5323222991956079,
    "B": 0.08163427340974026,
    "C": 0.13459216298878865,
    "D": 0.2514512644058632
  }
}