{
  "question_id": "gpqa_gpqa_diamond_0023",
  "method": "single_sentence_oracle",
  "prefix_length": 272,
  "keep_m": 10,
  "kl_to_baseline": 0.0017237111529291365,
  "token_kl": 0.24420165756787698,
  "distribution": {
    "A": 0.5693270017108947,
    "B": 0.20944371171703438,
    "C": 0.18483342685610377,
    "D": 0.03639585971596727
  }
}