{
  "question_id": "gpqa_gpqa_diamond_0023",
  "method": "single_sentence_oracle",
  "prefix_length": 285,
  "keep_m": 20,
  "kl_to_baseline": 0.0102032895008699,
  "token_kl": 0.17745076198940593,
  "distribution": {
    "A": 0.48602137869301737,
    "B": 0.26014849744999363,
    "C": 0.2026038535289044,
    "D": 0.051226270328084585
  }
}