{
  "question_id": "gpqa_gpqa_diamond_0002",
  "method": "single_sentence_oracle",
  "prefix_length": 55,
  "keep_m": 10,
  "kl_to_baseline": 0.1515365180931064,
  "token_kl": 0.1307064198726434,
  "distribution": {
    "A": 0.29863342676099575,
    "B": 0.23257594661276051,
    "C": 0.2052475525014414,
    "D": 0.2635430741248024
  }
}