{
  "question_id": "gpqa_gpqa_diamond_0001",
  "method": "single_sentence_oracle",
  "prefix_length": 244,
  "keep_m": 15,
  "kl_to_baseline": 0.0015127606446598395,
  "token_kl": 0.11963594842641845,
  "distribution": {
    "A": 0.3583275789139464,
    "B": 0.27906579905426204,
    "C": 0.11633191874911024,
    "D": 0.2462747032826814
  }
}