{
  "question_id": "gpqa_gpqa_diamond_0001",
  "method": "single_sentence_oracle",
  "prefix_length": 58,
  "keep_m": 10,
  "kl_to_baseline": 0.006530732233372473,
  "token_kl": 0.22178616179880917,
  "distribution": {
    "A": 0.21508838138998893,
    "B": 0.515970204135817,
    "C": 0.07912658411559476,
    "D": 0.1898148303585994
  }
}