{
  "question_id": "gpqa_gpqa_diamond_0009",
  "method": "single_sentence_oracle",
  "prefix_length": 53,
  "keep_m": 15,
  "kl_to_baseline": 0.002430468446582231,
  "token_kl": 0.5103787322145623,
  "distribution": {
    "A": 0.695232665960264,
    "B": 0.04444473737587704,
    "C": 0.03461359627173598,
    "D": 0.22570900039212308
  }
}