{
  "question_id": "gpqa_gpqa_diamond_0002",
  "method": "single_sentence_oracle",
  "prefix_length": 35,
  "keep_m": 10,
  "kl_to_baseline": 0.1649330769160649,
  "token_kl": 0.12575317363084784,
  "distribution": {
    "A": 0.28966338381871215,
    "B": 0.19908253815691523,
    "C": 0.2556270390121863,
    "D": 0.2556270390121863
  }
}