{
  "question_id": "gpqa_gpqa_diamond_0031",
  "method": "single_sentence_oracle",
  "prefix_length": 92,
  "keep_m": 15,
  "kl_to_baseline": 0.08394842122701329,
  "token_kl": 0.24518493549670486,
  "distribution": {
    "A": 0.9822785741338784,
    "B": 0.003542650420626335,
    "C": 0.009629922262971359,
    "D": 0.0045488531825237325
  }
}