{
  "question_id": "gpqa_gpqa_diamond_0009",
  "method": "single_sentence_oracle",
  "prefix_length": 111,
  "keep_m": 10,
  "kl_to_baseline": 0.004310652552969909,
  "token_kl": 0.387186495434896,
  "distribution": {
    "A": 0.006679140146430704,
    "B": 0.001024279315708511,
    "C": 0.001024279315708511,
    "D": 0.9912723012221523
  }
}