{
  "question_id": "gpqa_gpqa_diamond_0004",
  "method": "single_sentence_oracle",
  "prefix_length": 45,
  "keep_m": 5,
  "kl_to_baseline": 0.022733271848621117,
  "token_kl": 0.8246838664997025,
  "distribution": {
    "A": 0.0033159341071522454,
    "B": 0.18104388946443065,
    "C": 0.8113824327547718,
    "D": 0.0042577436736452555
  }
}