{
  "question_id": "gpqa_gpqa_diamond_0002",
  "method": "single_sentence_oracle",
  "prefix_length": 28,
  "keep_m": 10,
  "kl_to_baseline": 0.10883864390356453,
  "token_kl": 0.05462843668517807,
  "distribution": {
    "A": 0.43589456091525647,
    "B": 0.20590201109809794,
    "C": 0.23331754535915822,
    "D": 0.12488588262748732
  }
}