{
  "question_id": "gpqa_gpqa_diamond_0023",
  "method": "single_sentence_oracle",
  "prefix_length": 30,
  "keep_m": 15,
  "kl_to_baseline": 0.02573766736324716,
  "token_kl": 0.10127537574284418,
  "distribution": {
    "A": 0.2337616166180735,
    "B": 0.3401211452465684,
    "C": 0.3401211452465684,
    "D": 0.08599609288878982
  }
}