{
  "question_id": "gpqa_gpqa_diamond_0002",
  "method": "single_sentence_oracle",
  "prefix_length": 56,
  "keep_m": 10,
  "kl_to_baseline": 0.005686348425226212,
  "token_kl": 0.22274539720895287,
  "distribution": {
    "A": 0.015468511353071153,
    "B": 0.022506556581623306,
    "C": 0.005021890377135194,
    "D": 0.9570030416881704
  }
}