{
  "question_id": "gpqa_gpqa_diamond_0009",
  "method": "single_sentence_oracle",
  "prefix_length": 98,
  "keep_m": 20,
  "kl_to_baseline": 0.008541190789509302,
  "token_kl": 0.25756752654194237,
  "distribution": {
    "A": 0.03604582748523058,
    "B": 0.01502613644647631,
    "C": 0.019293941111893604,
    "D": 0.9296340949563996
  }
}