{
  "question_id": "gpqa_gpqa_diamond_0001",
  "method": "single_sentence_oracle",
  "prefix_length": 398,
  "keep_m": 20,
  "kl_to_baseline": 0.010985869205938746,
  "token_kl": 0.13458110169952797,
  "distribution": {
    "A": 0.5055494961770453,
    "B": 0.12782292265385722,
    "C": 0.12782292265385722,
    "D": 0.23880465851524038
  }
}