{
  "question_id": "gpqa_gpqa_diamond_0007",
  "method": "single_sentence_oracle",
  "prefix_length": 204,
  "keep_m": 3,
  "kl_to_baseline": 0.006154208078466281,
  "token_kl": 0.4062579899277341,
  "distribution": {
    "A": 0.9897842410072687,
    "B": 0.002165143873160232,
    "C": 0.005885471246410895,
    "D": 0.002165143873160232
  }
}