{
  "question_id": "gpqa_gpqa_diamond_0023",
  "method": "single_sentence_oracle",
  "prefix_length": 300,
  "keep_m": 5,
  "kl_to_baseline": 0.03580304358366882,
  "token_kl": 0.3240494089382917,
  "distribution": {
    "A": 0.5044790012671833,
    "B": 0.23829900675880933,
    "C": 0.21029813535363479,
    "D": 0.04692385662037271
  }
}