{
  "question_id": "gpqa_gpqa_diamond_0002",
  "method": "single_sentence_oracle",
  "prefix_length": 16,
  "keep_m": 5,
  "kl_to_baseline": 0.10765435001399659,
  "token_kl": 0.11019157113898018,
  "distribution": {
    "A": 0.20272680990427036,
    "B": 0.2603063765611073,
    "C": 0.33424000363035195,
    "D": 0.20272680990427036
  }
}