{
  "question_id": "gpqa_gpqa_diamond_0031",
  "method": "single_sentence_oracle",
  "prefix_length": 200,
  "keep_m": 5,
  "kl_to_baseline": 1.8195298540630244e-05,
  "token_kl": 0.5780998096392476,
  "distribution": {
    "A": 0.9816152407562097,
    "B": 0.0021472741486731573,
    "C": 0.009623415083127963,
    "D": 0.006614070011989182
  }
}