{
  "question_id": "gpqa_gpqa_diamond_0023",
  "method": "single_sentence_oracle",
  "prefix_length": 148,
  "keep_m": 3,
  "kl_to_baseline": 0.023967818634915518,
  "token_kl": 0.15655204307550727,
  "distribution": {
    "A": 0.2924273097049657,
    "B": 0.2924273097049657,
    "C": 0.3313635536266756,
    "D": 0.08378182696339309
  }
}