{
  "question_id": "gpqa_gpqa_diamond_0023",
  "method": "single_sentence_oracle",
  "prefix_length": 192,
  "keep_m": 20,
  "kl_to_baseline": 0.017150498111060373,
  "token_kl": 0.2453412022277901,
  "distribution": {
    "A": 0.5102876789967286,
    "B": 0.1877243349967462,
    "C": 0.24104281746662623,
    "D": 0.06094516853989905
  }
}