{
  "question_id": "gpqa_gpqa_diamond_0007",
  "method": "single_sentence_oracle",
  "prefix_length": 216,
  "keep_m": 3,
  "kl_to_baseline": 0.007169509778142679,
  "token_kl": 0.03996249951390707,
  "distribution": {
    "A": 0.9892250346058756,
    "B": 0.0019096537500147921,
    "C": 0.007552827095521495,
    "D": 0.001312484548588142
  }
}