{
  "question_id": "gpqa_gpqa_diamond_0001",
  "method": "single_sentence_oracle",
  "prefix_length": 74,
  "keep_m": 5,
  "kl_to_baseline": 0.0017677334214693495,
  "token_kl": 1.4584770444047575,
  "distribution": {
    "A": 0.33627075818826824,
    "B": 0.09634319674975525,
    "C": 0.2311152868737083,
    "D": 0.33627075818826824
  }
}