{
  "question_id": "gpqa_gpqa_diamond_0001",
  "method": "single_sentence_oracle",
  "prefix_length": 334,
  "keep_m": 15,
  "kl_to_baseline": 0.005477260289467007,
  "token_kl": 0.10179000376749753,
  "distribution": {
    "A": 0.3713976359791227,
    "B": 0.12057517326536026,
    "C": 0.1366295547763944,
    "D": 0.3713976359791227
  }
}