{
  "question_id": "gpqa_gpqa_diamond_0023",
  "method": "single_sentence_oracle",
  "prefix_length": 317,
  "keep_m": 3,
  "kl_to_baseline": 0.08536897267624645,
  "token_kl": 0.3655209778017499,
  "distribution": {
    "A": 0.4720305127304022,
    "B": 0.22297143937716676,
    "C": 0.22297143937716676,
    "D": 0.08202660851526425
  }
}