{
  "question_id": "gpqa_gpqa_diamond_0020",
  "method": "single_sentence_oracle",
  "prefix_length": 35,
  "keep_m": 15,
  "kl_to_baseline": 0.004011672827767602,
  "token_kl": 0.3292652110876372,
  "distribution": {
    "A": 0.9090155331333954,
    "B": 0.0845516205386309,
    "C": 0.002717907388616303,
    "D": 0.003714938939357357
  }
}