{
  "question_id": "gpqa_gpqa_diamond_0031",
  "method": "single_sentence_oracle",
  "prefix_length": 207,
  "keep_m": 3,
  "kl_to_baseline": 0.000819267125717095,
  "token_kl": 0.16531519454249835,
  "distribution": {
    "A": 0.9667981370534957,
    "B": 0.002396452468824371,
    "C": 0.020065255640565126,
    "D": 0.010740154837114857
  }
}