{
  "question_id": "gpqa_gpqa_diamond_0001",
  "method": "single_sentence_oracle",
  "prefix_length": 364,
  "keep_m": 3,
  "kl_to_baseline": 0.10015396581382864,
  "token_kl": 0.3945268806500025,
  "distribution": {
    "A": 0.28421364612008754,
    "B": 0.17238429028054963,
    "C": 0.2213458101579033,
    "D": 0.32205625344145955
  }
}