{
  "question_id": "gpqa_gpqa_diamond_0013",
  "method": "single_sentence_oracle",
  "prefix_length": 28,
  "keep_m": 10,
  "kl_to_baseline": 0.0006053753348643407,
  "token_kl": 0.1721975688262793,
  "distribution": {
    "A": 0.004068436634028687,
    "B": 0.00015775040759801986,
    "C": 0.00026008645246847044,
    "D": 0.9955137265059049
  }
}