{
  "question_id": "gpqa_gpqa_diamond_0023",
  "method": "single_sentence_oracle",
  "prefix_length": 308,
  "keep_m": 3,
  "kl_to_baseline": 0.08471730518394988,
  "token_kl": 0.4309048063532161,
  "distribution": {
    "A": 0.3888795637837316,
    "B": 0.2672727549294688,
    "C": 0.2672727549294688,
    "D": 0.07657492635733082
  }
}