{
  "question_id": "gpqa_gpqa_diamond_0023",
  "method": "single_sentence_oracle",
  "prefix_length": 333,
  "keep_m": 5,
  "kl_to_baseline": 0.004501754826432575,
  "token_kl": 0.8337296416864876,
  "distribution": {
    "A": 0.44986557016441775,
    "B": 0.35035565832091253,
    "C": 0.14604998474396289,
    "D": 0.05372878677070675
  }
}