{
  "question_id": "gpqa_gpqa_diamond_0023",
  "method": "single_sentence_oracle",
  "prefix_length": 167,
  "keep_m": 3,
  "kl_to_baseline": 0.03603072127535976,
  "token_kl": 0.40050303623366523,
  "distribution": {
    "A": 0.43940420719120843,
    "B": 0.2075598506108097,
    "C": 0.2665121236681903,
    "D": 0.08652381852979163
  }
}