{
  "question_id": "gpqa_gpqa_diamond_0023",
  "method": "single_sentence_oracle",
  "prefix_length": 254,
  "keep_m": 10,
  "kl_to_baseline": 0.028748251590937097,
  "token_kl": 0.7562234095055727,
  "distribution": {
    "A": 0.36144170843296086,
    "B": 0.24841501111386655,
    "C": 0.31897118815697245,
    "D": 0.07117209229620021
  }
}