{
  "question_id": "gpqa_gpqa_diamond_0001",
  "method": "single_sentence_oracle",
  "prefix_length": 341,
  "keep_m": 3,
  "kl_to_baseline": 0.07708489409085932,
  "token_kl": 0.3181502285872753,
  "distribution": {
    "A": 0.36978649637665517,
    "B": 0.10594561765573605,
    "C": 0.19793244829760084,
    "D": 0.3263354376700079
  }
}