{
  "question_id": "gpqa_gpqa_diamond_0001",
  "method": "single_sentence_oracle",
  "prefix_length": 293,
  "keep_m": 15,
  "kl_to_baseline": 0.044564797504262024,
  "token_kl": 0.23740848205317827,
  "distribution": {
    "A": 0.3900852433273489,
    "B": 0.16261172238022106,
    "C": 0.14350434132449122,
    "D": 0.3037986929679388
  }
}