{
  "question_id": "gpqa_gpqa_diamond_0002",
  "method": "single_sentence_oracle",
  "prefix_length": 101,
  "keep_m": 20,
  "kl_to_baseline": 0.0013199791530452052,
  "token_kl": 0.06608517373829591,
  "distribution": {
    "A": 0.000802644290211618,
    "B": 0.0011678405512502241,
    "C": 0.0006251000017446001,
    "D": 0.9974044151567935
  }
}