{
  "question_id": "gpqa_gpqa_diamond_0023",
  "method": "single_sentence_oracle",
  "prefix_length": 183,
  "keep_m": 3,
  "kl_to_baseline": 0.05716917126043544,
  "token_kl": 0.5626659900363533,
  "distribution": {
    "A": 0.36779178791187,
    "B": 0.2527793526591913,
    "C": 0.28643653243299644,
    "D": 0.09299232699594225
  }
}