{
  "question_id": "gpqa_gpqa_diamond_0004",
  "method": "single_sentence_oracle",
  "prefix_length": 31,
  "keep_m": 10,
  "kl_to_baseline": 0.04244784505713254,
  "token_kl": 0.0063487478558568716,
  "distribution": {
    "A": 0.0035789152528668284,
    "B": 0.2214196989781608,
    "C": 0.7728306639395955,
    "D": 0.0021707218293769235
  }
}