{
  "question_id": "gpqa_gpqa_diamond_0001",
  "method": "single_sentence_oracle",
  "prefix_length": 56,
  "keep_m": 15,
  "kl_to_baseline": 0.001908656091709822,
  "token_kl": 0.29187579956506887,
  "distribution": {
    "A": 0.2900896107837484,
    "B": 0.22592201603926232,
    "C": 0.15527377946662704,
    "D": 0.3287145937103622
  }
}