{
  "question_id": "gpqa_gpqa_diamond_0002",
  "method": "single_sentence_oracle",
  "prefix_length": 67,
  "keep_m": 20,
  "kl_to_baseline": 0.0011306964135858973,
  "token_kl": 2.5439620622338963,
  "distribution": {
    "A": 0.0008033975642425919,
    "B": 0.0006256866521497899,
    "C": 0.00023017736569839008,
    "D": 0.9983407384179094
  }
}