{
  "question_id": "gpqa_gpqa_diamond_0002",
  "method": "single_sentence_oracle",
  "prefix_length": 70,
  "keep_m": 20,
  "kl_to_baseline": 0.0003155250928613331,
  "token_kl": 0.009287132419156633,
  "distribution": {
    "A": 0.0008035429249094956,
    "B": 0.0003795668014189305,
    "C": 0.0002956070631293698,
    "D": 0.9985212832105421
  }
}