{
  "question_id": "gpqa_gpqa_diamond_0001",
  "method": "single_sentence_oracle",
  "prefix_length": 319,
  "keep_m": 10,
  "kl_to_baseline": 0.03125870755317031,
  "token_kl": 0.06908503682900034,
  "distribution": {
    "A": 0.38109591242791035,
    "B": 0.15886441174592267,
    "C": 0.1237237135208858,
    "D": 0.33631596230528116
  }
}