{
  "question_id": "gpqa_gpqa_diamond_0017",
  "method": "single_sentence_oracle",
  "prefix_length": 100,
  "keep_m": 10,
  "kl_to_baseline": 0.0783406448269155,
  "token_kl": 0.31517851673571995,
  "distribution": {
    "A": 0.7105480408878205,
    "B": 0.05832533843495171,
    "C": 0.17965469016618468,
    "D": 0.05147193051104313
  }
}