{
  "question_id": "gpqa_gpqa_diamond_0031",
  "method": "single_sentence_oracle",
  "prefix_length": 155,
  "keep_m": 20,
  "kl_to_baseline": 0.0035958785080262897,
  "token_kl": 1.3032383391880722,
  "distribution": {
    "A": 0.9258568397513728,
    "B": 0.01028533835864871,
    "C": 0.027958455025681898,
    "D": 0.03589936686429667
  }
}