{
  "question_id": "gpqa_gpqa_diamond_0011",
  "method": "single_sentence_oracle",
  "prefix_length": 44,
  "keep_m": 3,
  "kl_to_baseline": 0.01455781920486511,
  "token_kl": 0.15440213845775377,
  "distribution": {
    "A": 0.15988653102793776,
    "B": 0.14109936839715087,
    "C": 0.6323634783312148,
    "D": 0.06665062224369664
  }
}