{
  "question_id": "gpqa_gpqa_diamond_0023",
  "method": "single_sentence_oracle",
  "prefix_length": 291,
  "keep_m": 20,
  "kl_to_baseline": 0.005243809247918486,
  "token_kl": 0.3923075339656545,
  "distribution": {
    "A": 0.5384504163461508,
    "B": 0.22445952805479014,
    "C": 0.1980848382639524,
    "D": 0.0390052173351067
  }
}