{
  "question_id": "gpqa_gpqa_diamond_0002",
  "method": "single_sentence_oracle",
  "prefix_length": 38,
  "keep_m": 3,
  "kl_to_baseline": 0.10315932813939802,
  "token_kl": 0.07046681815830366,
  "distribution": {
    "A": 0.4124578775795746,
    "B": 0.1948313057831391,
    "C": 0.22077279275715392,
    "D": 0.17193802388013243
  }
}