{
  "question_id": "gpqa_gpqa_diamond_0009",
  "method": "single_sentence_oracle",
  "prefix_length": 104,
  "keep_m": 15,
  "kl_to_baseline": 0.04060936619443598,
  "token_kl": 0.3524765963996359,
  "distribution": {
    "A": 0.007512246807192426,
    "B": 0.004021015957405041,
    "C": 0.0045564080118905455,
    "D": 0.983910329223512
  }
}