{
  "question_id": "gpqa_gpqa_diamond_0001",
  "method": "single_sentence_oracle",
  "prefix_length": 433,
  "keep_m": 3,
  "kl_to_baseline": 0.016168187782783033,
  "token_kl": 0.6044276397352486,
  "distribution": {
    "A": 0.7780726468340582,
    "B": 0.06386809214466697,
    "C": 0.03873795606309212,
    "D": 0.11932130495818274
  }
}