{
  "question_id": "gpqa_gpqa_diamond_0001",
  "method": "single_sentence_oracle",
  "prefix_length": 25,
  "keep_m": 15,
  "kl_to_baseline": 0.025188787774061562,
  "token_kl": 0.010708577120504357,
  "distribution": {
    "A": 0.428864854050405,
    "B": 0.10843402281613719,
    "C": 0.20258142477436167,
    "D": 0.2601196983590961
  }
}