{
  "question_id": "gpqa_gpqa_diamond_0009",
  "method": "single_sentence_oracle",
  "prefix_length": 99,
  "keep_m": 15,
  "kl_to_baseline": 0.13143538609087735,
  "token_kl": 0.3172112432315621,
  "distribution": {
    "A": 0.007399087410261567,
    "B": 0.005762415069125482,
    "C": 0.017749487986379472,
    "D": 0.9690890095342336
  }
}