{
  "question_id": "gpqa_gpqa_diamond_0031",
  "method": "single_sentence_oracle",
  "prefix_length": 197,
  "keep_m": 5,
  "kl_to_baseline": 0.0014235813773887333,
  "token_kl": 0.26418555158608015,
  "distribution": {
    "A": 0.974416327829559,
    "B": 0.00213152715782623,
    "C": 0.013899303046256181,
    "D": 0.009552841966358574
  }
}