{
  "question_id": "gpqa_gpqa_diamond_0009",
  "method": "single_sentence_oracle",
  "prefix_length": 84,
  "keep_m": 20,
  "kl_to_baseline": 0.010168696982977787,
  "token_kl": 0.08902913180653797,
  "distribution": {
    "A": 0.015495176903560826,
    "B": 0.00829397052455443,
    "C": 0.01755833573826676,
    "D": 0.9586525168336181
  }
}