{
  "question_id": "gpqa_gpqa_diamond_0023",
  "method": "single_sentence_oracle",
  "prefix_length": 194,
  "keep_m": 15,
  "kl_to_baseline": 0.006613267912144111,
  "token_kl": 0.7218362887708157,
  "distribution": {
    "A": 0.5501022302598253,
    "B": 0.20237131311741852,
    "C": 0.20237131311741852,
    "D": 0.045155143505337635
  }
}