{
  "question_id": "gpqa_gpqa_diamond_0020",
  "method": "single_sentence_oracle",
  "prefix_length": 58,
  "keep_m": 15,
  "kl_to_baseline": 0.006793239720725824,
  "token_kl": 0.09808633186831574,
  "distribution": {
    "A": 0.3346704881406926,
    "B": 0.6252467865407174,
    "C": 0.0069458635592164475,
    "D": 0.0331368617593735
  }
}