{
  "question_id": "gpqa_gpqa_diamond_0023",
  "method": "single_sentence_oracle",
  "prefix_length": 195,
  "keep_m": 3,
  "kl_to_baseline": 0.0707450691181383,
  "token_kl": 0.35228192623792964,
  "distribution": {
    "A": 0.42434598747113195,
    "B": 0.2004468632187841,
    "C": 0.29164846507047987,
    "D": 0.08355868423960407
  }
}