{
  "question_id": "gpqa_gpqa_diamond_0009",
  "method": "single_sentence_oracle",
  "prefix_length": 50,
  "keep_m": 3,
  "kl_to_baseline": 0.006372738954968885,
  "token_kl": 0.6024579149425351,
  "distribution": {
    "A": 0.5413407832558866,
    "B": 0.07326251259625109,
    "C": 0.05705690217973901,
    "D": 0.3283398019681233
  }
}