{
  "question_id": "gpqa_gpqa_diamond_0031",
  "method": "single_sentence_oracle",
  "prefix_length": 130,
  "keep_m": 15,
  "kl_to_baseline": 0.0072192354972793644,
  "token_kl": 0.5549762628138326,
  "distribution": {
    "A": 0.8471273199991605,
    "B": 0.019922525316291118,
    "C": 0.07879511614025891,
    "D": 0.054155038544289436
  }
}