{
  "question_id": "gpqa_gpqa_diamond_0001",
  "method": "single_sentence_oracle",
  "prefix_length": 285,
  "keep_m": 10,
  "kl_to_baseline": 0.030281352991086388,
  "token_kl": 0.27067173427451563,
  "distribution": {
    "A": 0.3672766904603997,
    "B": 0.13511354364186864,
    "C": 0.17348922417490772,
    "D": 0.32412054172282395
  }
}