{
  "question_id": "gpqa_gpqa_diamond_0002",
  "method": "single_sentence_oracle",
  "prefix_length": 69,
  "keep_m": 5,
  "kl_to_baseline": 0.0006001808561196306,
  "token_kl": 1.5077744532721775,
  "distribution": {
    "A": 0.0015001696716022248,
    "B": 0.00037930229340644577,
    "C": 0.0002954007822676166,
    "D": 0.9978251272527237
  }
}