{
  "question_id": "gpqa_gpqa_diamond_0004",
  "method": "single_sentence_oracle",
  "prefix_length": 119,
  "keep_m": 15,
  "kl_to_baseline": 1.0064710937484256e-05,
  "token_kl": 0.305593899745364,
  "distribution": {
    "A": 0.00013976340006330675,
    "B": 0.00037991612951756784,
    "C": 0.9994402775858755,
    "D": 4.004288454362719e-05
  }
}