{
  "question_id": "gpqa_gpqa_diamond_0004",
  "method": "single_sentence_oracle",
  "prefix_length": 51,
  "keep_m": 3,
  "kl_to_baseline": 0.010250945317647529,
  "token_kl": 0.253913912056131,
  "distribution": {
    "A": 0.023205051492177806,
    "B": 0.2826953996612693,
    "C": 0.6781509695446247,
    "D": 0.015948579301928188
  }
}