{
  "question_id": "gpqa_gpqa_diamond_0031",
  "method": "single_sentence_oracle",
  "prefix_length": 127,
  "keep_m": 15,
  "kl_to_baseline": 0.009955511717858414,
  "token_kl": 0.8558428901065118,
  "distribution": {
    "A": 0.8885568268156013,
    "B": 0.011185279893114238,
    "C": 0.05012894664564221,
    "D": 0.05012894664564221
  }
}