{
  "question_id": "gpqa_gpqa_diamond_0023",
  "method": "single_sentence_oracle",
  "prefix_length": 37,
  "keep_m": 15,
  "kl_to_baseline": 0.12299090742343309,
  "token_kl": 0.022423377797952258,
  "distribution": {
    "A": 0.2993746426506696,
    "B": 0.26419719485158605,
    "C": 0.3844046502752697,
    "D": 0.05202351222247468
  }
}