{
  "question_id": "gpqa_gpqa_diamond_0001",
  "method": "single_sentence_oracle",
  "prefix_length": 318,
  "keep_m": 3,
  "kl_to_baseline": 0.14097487072214326,
  "token_kl": 0.2704069247674234,
  "distribution": {
    "A": 0.27802619293579534,
    "B": 0.14881669719651022,
    "C": 0.16863141021873984,
    "D": 0.40452569964895446
  }
}