{
  "question_id": "gpqa_gpqa_diamond_0031",
  "method": "single_sentence_oracle",
  "prefix_length": 91,
  "keep_m": 5,
  "kl_to_baseline": 0.051198486124045726,
  "token_kl": 0.1383508268051327,
  "distribution": {
    "A": 0.9824534179093675,
    "B": 0.002759508803837319,
    "C": 0.009631632119527537,
    "D": 0.005155441167267699
  }
}