{
  "question_id": "gpqa_gpqa_diamond_0031",
  "method": "single_sentence_oracle",
  "prefix_length": 177,
  "keep_m": 20,
  "kl_to_baseline": 0.010376658200709744,
  "token_kl": 0.12927615807326595,
  "distribution": {
    "A": 0.8870143622966666,
    "B": 0.014337255049233446,
    "C": 0.06425510393318636,
    "D": 0.03439327872091352
  }
}