{
  "question_id": "gpqa_gpqa_diamond_0026",
  "method": "single_sentence_oracle",
  "prefix_length": 68,
  "keep_m": 5,
  "kl_to_baseline": 0.007315260965541037,
  "token_kl": 0.35646379238407055,
  "distribution": {
    "A": 0.003148536243458692,
    "B": 0.9892409042208778,
    "C": 0.0035677589737000527,
    "D": 0.004042800561963503
  }
}