{
  "question_id": "gpqa_gpqa_diamond_0001",
  "method": "single_sentence_oracle",
  "prefix_length": 317,
  "keep_m": 5,
  "kl_to_baseline": 0.08464169528890919,
  "token_kl": 0.15506707456247557,
  "distribution": {
    "A": 0.23773733942650763,
    "B": 0.18515002611067652,
    "C": 0.18515002611067652,
    "D": 0.39196260835213936
  }
}