{
  "question_id": "gpqa_gpqa_diamond_0001",
  "method": "single_sentence_oracle",
  "prefix_length": 417,
  "keep_m": 10,
  "kl_to_baseline": 0.03234822783527166,
  "token_kl": 0.400481984169397,
  "distribution": {
    "A": 0.7839560155168527,
    "B": 0.039030868252304035,
    "C": 0.0567895782121965,
    "D": 0.12022353801864677
  }
}