{
  "question_id": "gpqa_gpqa_diamond_0023",
  "method": "single_sentence_oracle",
  "prefix_length": 20,
  "keep_m": 10,
  "kl_to_baseline": 0.00562293332993693,
  "token_kl": 0.14073523451524156,
  "distribution": {
    "A": 0.5693270309402692,
    "B": 0.2094436975022851,
    "C": 0.18483341431163156,
    "D": 0.03639585724581422
  }
}