{
  "question_id": "gpqa_gpqa_diamond_0011",
  "method": "single_sentence_oracle",
  "prefix_length": 125,
  "keep_m": 20,
  "kl_to_baseline": 0.00015995920641258366,
  "token_kl": 0.05394623469265387,
  "distribution": {
    "A": 0.00012336426549946952,
    "B": 0.9996311096543488,
    "C": 0.00017949394717240854,
    "D": 6.603213297944203e-05
  }
}