{
  "question_id": "gpqa_gpqa_diamond_0023",
  "method": "single_sentence_oracle",
  "prefix_length": 257,
  "keep_m": 15,
  "kl_to_baseline": 0.00368625944148227,
  "token_kl": 0.3554153177890576,
  "distribution": {
    "A": 0.47325468817497535,
    "B": 0.22354967229713776,
    "C": 0.2533149653470976,
    "D": 0.04988067418078935
  }
}