{
  "question_id": "gpqa_gpqa_diamond_0002",
  "method": "single_sentence_oracle",
  "prefix_length": 24,
  "keep_m": 3,
  "kl_to_baseline": 0.033844599018299504,
  "token_kl": 0.46199983313407694,
  "distribution": {
    "A": 0.2731272040287072,
    "B": 0.24103391156692497,
    "C": 0.2731272040287072,
    "D": 0.21271168037566057
  }
}