{
  "question_id": "gpqa_gpqa_diamond_0031",
  "method": "single_sentence_oracle",
  "prefix_length": 117,
  "keep_m": 20,
  "kl_to_baseline": 0.0002501350997702163,
  "token_kl": 0.3038252431670593,
  "distribution": {
    "A": 0.9867488045874154,
    "B": 0.0021585041172556755,
    "C": 0.003558771651013236,
    "D": 0.007533919644315735
  }
}