{
  "question_id": "gpqa_gpqa_diamond_0023",
  "method": "single_sentence_oracle",
  "prefix_length": 70,
  "keep_m": 5,
  "kl_to_baseline": 0.04603310423415208,
  "token_kl": 0.2647957883277476,
  "distribution": {
    "A": 0.19295396068278958,
    "B": 0.40848356231846383,
    "C": 0.31812729924355143,
    "D": 0.08043517775519517
  }
}