{
  "question_id": "gpqa_gpqa_diamond_0009",
  "method": "single_sentence_oracle",
  "prefix_length": 72,
  "keep_m": 3,
  "kl_to_baseline": 0.0007758677467580755,
  "token_kl": 0.2221026097273273,
  "distribution": {
    "A": 0.0031668808594170696,
    "B": 0.0010281356848396825,
    "C": 0.0008007128764567999,
    "D": 0.9950042705792865
  }
}