{
  "question_id": "gpqa_gpqa_diamond_0031",
  "method": "single_sentence_oracle",
  "prefix_length": 214,
  "keep_m": 15,
  "kl_to_baseline": 0.017135916072676935,
  "token_kl": 0.1535120423059426,
  "distribution": {
    "A": 0.9402168538348986,
    "B": 0.006335130856782387,
    "C": 0.028392086720003044,
    "D": 0.025055928588315908
  }
}