{
  "question_id": "gpqa_gpqa_diamond_0031",
  "method": "single_sentence_oracle",
  "prefix_length": 71,
  "keep_m": 5,
  "kl_to_baseline": 0.010153408845056371,
  "token_kl": 0.256215028637913,
  "distribution": {
    "A": 0.9263159806901631,
    "B": 0.010290438722713001,
    "C": 0.03169679029356193,
    "D": 0.03169679029356193
  }
}