{
  "question_id": "gpqa_gpqa_diamond_0001",
  "method": "single_sentence_oracle",
  "prefix_length": 341,
  "keep_m": 15,
  "kl_to_baseline": 0.05732537109561328,
  "token_kl": 0.1978247100302105,
  "distribution": {
    "A": 0.3993599120419085,
    "B": 0.10097401077833462,
    "C": 0.18864426495419118,
    "D": 0.31102181222556574
  }
}