{
  "question_id": "gpqa_gpqa_diamond_0011",
  "method": "single_sentence_oracle",
  "prefix_length": 39,
  "keep_m": 10,
  "kl_to_baseline": 0.04218105734521731,
  "token_kl": 0.0058301825050167235,
  "distribution": {
    "A": 0.16645652196686628,
    "B": 0.24219281036899648,
    "C": 0.512722183574636,
    "D": 0.07862848408950134
  }
}