{
  "question_id": "gpqa_gpqa_diamond_0031",
  "method": "single_sentence_oracle",
  "prefix_length": 145,
  "keep_m": 20,
  "kl_to_baseline": 0.01867934825694203,
  "token_kl": 0.31675613298608296,
  "distribution": {
    "A": 0.8961017714796161,
    "B": 0.018597997271718222,
    "C": 0.050554598029442545,
    "D": 0.034745633219223075
  }
}