{
  "question_id": "gpqa_gpqa_diamond_0001",
  "method": "single_sentence_oracle",
  "prefix_length": 434,
  "keep_m": 3,
  "kl_to_baseline": 0.03655762489211517,
  "token_kl": 0.207017256617973,
  "distribution": {
    "A": 0.8412248014836197,
    "B": 0.06093812477090376,
    "C": 0.028785131928533648,
    "D": 0.06905194181694285
  }
}