{
  "question_id": "gpqa_gpqa_diamond_0001",
  "method": "single_sentence_oracle",
  "prefix_length": 15,
  "keep_m": 5,
  "kl_to_baseline": 0.008891552792269445,
  "token_kl": 0.06427461016169775,
  "distribution": {
    "A": 0.26560468668687814,
    "B": 0.23439531331312188,
    "C": 0.23439531331312188,
    "D": 0.26560468668687814
  }
}