{
  "question_id": "gpqa_gpqa_diamond_0023",
  "method": "single_sentence_oracle",
  "prefix_length": 253,
  "keep_m": 15,
  "kl_to_baseline": 0.005490083508632865,
  "token_kl": 0.18225440919429803,
  "distribution": {
    "A": 0.4516237609341056,
    "B": 0.2133319590883756,
    "C": 0.2739236576612637,
    "D": 0.06112062231625504
  }
}