{
  "question_id": "gpqa_gpqa_diamond_0004",
  "method": "single_sentence_oracle",
  "prefix_length": 122,
  "keep_m": 3,
  "kl_to_baseline": 0.023102310397747423,
  "token_kl": 2.0712595231836075,
  "distribution": {
    "A": 0.00028886708461018474,
    "B": 0.022947565795612027,
    "C": 0.9757553214445973,
    "D": 0.0010082456751805803
  }
}