{
  "question_id": "gpqa_gpqa_diamond_0031",
  "method": "single_sentence_oracle",
  "prefix_length": 87,
  "keep_m": 3,
  "kl_to_baseline": 0.011352925778480806,
  "token_kl": 0.03146256169283349,
  "distribution": {
    "A": 0.977801948868481,
    "B": 0.002423728970950067,
    "C": 0.012308711347037708,
    "D": 0.007465610813531158
  }
}