{
  "question_id": "gpqa_gpqa_diamond_0023",
  "method": "single_sentence_oracle",
  "prefix_length": 331,
  "keep_m": 10,
  "kl_to_baseline": 0.010199669704094068,
  "token_kl": 0.17059915229445924,
  "distribution": {
    "A": 0.40195573087633013,
    "B": 0.3130434379665248,
    "C": 0.2151513987102593,
    "D": 0.06984943244688574
  }
}