{
  "question_id": "gpqa_gpqa_diamond_0001",
  "method": "single_sentence_oracle",
  "prefix_length": 173,
  "keep_m": 3,
  "kl_to_baseline": 0.010975388378011392,
  "token_kl": 0.9368556992636387,
  "distribution": {
    "A": 0.30534905516285177,
    "B": 0.18520356387055378,
    "C": 0.16344157146339197,
    "D": 0.3460058095032025
  }
}