{
  "question_id": "gpqa_gpqa_diamond_0031",
  "method": "single_sentence_oracle",
  "prefix_length": 156,
  "keep_m": 20,
  "kl_to_baseline": 0.0025437469195825242,
  "token_kl": 0.30706889482743427,
  "distribution": {
    "A": 0.9284293033407767,
    "B": 0.008032485853982809,
    "C": 0.03176910540262028,
    "D": 0.03176910540262028
  }
}