{
  "question_id": "gpqa_gpqa_diamond_0031",
  "method": "single_sentence_oracle",
  "prefix_length": 84,
  "keep_m": 5,
  "kl_to_baseline": 0.03730077550111567,
  "token_kl": 0.05685998067660489,
  "distribution": {
    "A": 0.9401895452176418,
    "B": 0.003842340553084936,
    "C": 0.03645510346942258,
    "D": 0.019513010759850728
  }
}