{
  "question_id": "gpqa_gpqa_diamond_0031",
  "method": "single_sentence_oracle",
  "prefix_length": 104,
  "keep_m": 20,
  "kl_to_baseline": 0.0015705698678782603,
  "token_kl": 0.014708619799397225,
  "distribution": {
    "A": 0.973853099534077,
    "B": 0.004509835335162215,
    "C": 0.010818532565380463,
    "D": 0.010818532565380463
  }
}