{
  "question_id": "gpqa_gpqa_diamond_0002",
  "method": "single_sentence_oracle",
  "prefix_length": 91,
  "keep_m": 15,
  "kl_to_baseline": 0.0006579540754587091,
  "token_kl": 0.21436103407370785,
  "distribution": {
    "A": 0.0016976761197835468,
    "B": 0.00116679459598669,
    "C": 0.0006245401422360738,
    "D": 0.9965109891419937
  }
}