{
  "question_id": "gpqa_gpqa_diamond_0002",
  "method": "single_sentence_oracle",
  "prefix_length": 77,
  "keep_m": 15,
  "kl_to_baseline": 0.0497860645678577,
  "token_kl": 0.18387001762090263,
  "distribution": {
    "A": 0.01965795678564488,
    "B": 0.01965795678564488,
    "C": 0.013510699720507755,
    "D": 0.9471733867082026
  }
}