{
  "question_id": "gpqa_gpqa_diamond_0009",
  "method": "single_sentence_oracle",
  "prefix_length": 58,
  "keep_m": 20,
  "kl_to_baseline": 0.0530119467184014,
  "token_kl": 0.1304628543092922,
  "distribution": {
    "A": 0.09581457055152245,
    "B": 0.006125222028164576,
    "C": 0.09581457055152245,
    "D": 0.8022456368687905
  }
}