{
  "question_id": "gpqa_gpqa_diamond_0001",
  "method": "single_sentence_oracle",
  "prefix_length": 432,
  "keep_m": 20,
  "kl_to_baseline": 0.001944997309721936,
  "token_kl": 0.2552891867842486,
  "distribution": {
    "A": 0.7258711685975262,
    "B": 0.05258193422550039,
    "C": 0.05958313742688738,
    "D": 0.161963759750086
  }
}