{
  "question_id": "gpqa_gpqa_diamond_0031",
  "method": "single_sentence_oracle",
  "prefix_length": 143,
  "keep_m": 5,
  "kl_to_baseline": 0.015078084680742107,
  "token_kl": 0.9014662027632124,
  "distribution": {
    "A": 0.9443203750572019,
    "B": 0.004955339207397263,
    "C": 0.02851600146465904,
    "D": 0.02220828427074179
  }
}