{
  "question_id": "gpqa_gpqa_diamond_0026",
  "method": "single_sentence_oracle",
  "prefix_length": 52,
  "keep_m": 5,
  "kl_to_baseline": 0.006516616341365745,
  "token_kl": 0.40079904281348006,
  "distribution": {
    "A": 0.0021555883702531055,
    "B": 0.9854159045353141,
    "C": 0.0027678302553214938,
    "D": 0.009660676839111185
  }
}