{
  "question_id": "gpqa_gpqa_diamond_0023",
  "method": "single_sentence_oracle",
  "prefix_length": 337,
  "keep_m": 10,
  "kl_to_baseline": 0.019194244879514898,
  "token_kl": 0.41836476322077715,
  "distribution": {
    "A": 0.5222530266825319,
    "B": 0.27954190111045835,
    "C": 0.14962797948225204,
    "D": 0.04857709272475766
  }
}