{
  "question_id": "gpqa_gpqa_diamond_0017",
  "method": "single_sentence_oracle",
  "prefix_length": 103,
  "keep_m": 5,
  "kl_to_baseline": 0.03079694452793774,
  "token_kl": 0.901252749682753,
  "distribution": {
    "A": 0.7950521559842909,
    "B": 0.02720518752124895,
    "C": 0.13815934221796464,
    "D": 0.03958331427649544
  }
}