{
  "question_id": "gpqa_gpqa_diamond_0009",
  "method": "single_sentence_oracle",
  "prefix_length": 48,
  "keep_m": 10,
  "kl_to_baseline": 0.0024666009188352954,
  "token_kl": 0.05495455699678181,
  "distribution": {
    "A": 0.7487547810775532,
    "B": 0.03289798617510411,
    "C": 0.029032370900800217,
    "D": 0.18931486184654248
  }
}