{
  "question_id": "gpqa_gpqa_diamond_0020",
  "method": "single_sentence_oracle",
  "prefix_length": 62,
  "keep_m": 3,
  "kl_to_baseline": 0.14196438761979627,
  "token_kl": 0.529872904115517,
  "distribution": {
    "A": 0.13133746881164987,
    "B": 0.7557950170566767,
    "C": 0.03320731252835605,
    "D": 0.07966020160331741
  }
}