{
  "question_id": "gpqa_gpqa_diamond_0023",
  "method": "single_sentence_oracle",
  "prefix_length": 290,
  "keep_m": 3,
  "kl_to_baseline": 0.05065402182673919,
  "token_kl": 0.6530910759647091,
  "distribution": {
    "A": 0.4703895842689206,
    "B": 0.19608755213407614,
    "C": 0.2517814008362364,
    "D": 0.08174146276076692
  }
}