{
  "question_id": "gpqa_gpqa_diamond_0023",
  "method": "single_sentence_oracle",
  "prefix_length": 314,
  "keep_m": 10,
  "kl_to_baseline": 0.03336812600429645,
  "token_kl": 0.5919334818121432,
  "distribution": {
    "A": 0.39558003656482854,
    "B": 0.2718779018295612,
    "C": 0.2718779018295612,
    "D": 0.06066415977604907
  }
}