{
  "question_id": "gpqa_gpqa_diamond_0009",
  "method": "single_sentence_oracle",
  "prefix_length": 81,
  "keep_m": 10,
  "kl_to_baseline": 0.0596393937078224,
  "token_kl": 0.45735105588562963,
  "distribution": {
    "A": 0.002164922161532002,
    "B": 0.0035693532171279098,
    "C": 0.004583140251928395,
    "D": 0.9896825843694117
  }
}