{
  "question_id": "gpqa_gpqa_diamond_0001",
  "method": "single_sentence_oracle",
  "prefix_length": 28,
  "keep_m": 3,
  "kl_to_baseline": 0.028255613785351116,
  "token_kl": 0.29286165507438633,
  "distribution": {
    "A": 0.32185983189480755,
    "B": 0.09221438575447677,
    "C": 0.22121081173476584,
    "D": 0.36471497061594993
  }
}