{
  "question_id": "gpqa_gpqa_diamond_0001",
  "method": "single_sentence_oracle",
  "prefix_length": 399,
  "keep_m": 10,
  "kl_to_baseline": 0.0042573395710126735,
  "token_kl": 0.3403383027553032,
  "distribution": {
    "A": 0.4660103713187301,
    "B": 0.11782585987910965,
    "C": 0.13351419085328173,
    "D": 0.2826495779488786
  }
}