{
  "question_id": "gpqa_gpqa_diamond_0026",
  "method": "single_sentence_oracle",
  "prefix_length": 99,
  "keep_m": 20,
  "kl_to_baseline": 0.00624308054367206,
  "token_kl": 0.2823188107508703,
  "distribution": {
    "A": 0.00953519508733835,
    "B": 0.9726163172417382,
    "C": 0.003974860682136456,
    "D": 0.013873626988786948
  }
}