{
  "question_id": "gpqa_gpqa_diamond_0023",
  "method": "single_sentence_oracle",
  "prefix_length": 347,
  "keep_m": 5,
  "kl_to_baseline": 0.04339814629891186,
  "token_kl": 0.0808038267910473,
  "distribution": {
    "A": 0.4173057267856747,
    "B": 0.28680975199786884,
    "C": 0.22336765944845569,
    "D": 0.07251686176800075
  }
}