{
  "question_id": "gpqa_gpqa_diamond_0011",
  "method": "single_sentence_oracle",
  "prefix_length": 83,
  "keep_m": 5,
  "kl_to_baseline": 0.008566165934378586,
  "token_kl": 0.19869025540767313,
  "distribution": {
    "A": 0.04418399628445153,
    "B": 0.7831800735229887,
    "C": 0.15421730026395558,
    "D": 0.018418629928604175
  }
}