{
  "question_id": "gpqa_gpqa_diamond_0002",
  "method": "single_sentence_oracle",
  "prefix_length": 52,
  "keep_m": 3,
  "kl_to_baseline": 0.1683926868377371,
  "token_kl": 0.29668960499360897,
  "distribution": {
    "A": 0.4403307308948633,
    "B": 0.161988613556941,
    "C": 0.161988613556941,
    "D": 0.23569204199125476
  }
}