{
  "question_id": "gpqa_gpqa_diamond_0002",
  "method": "single_sentence_oracle",
  "prefix_length": 45,
  "keep_m": 15,
  "kl_to_baseline": 0.25326001310729723,
  "token_kl": 0.19797412116574284,
  "distribution": {
    "A": 0.308176776288574,
    "B": 0.2400083146979626,
    "C": 0.21180659431550083,
    "D": 0.2400083146979626
  }
}