{
  "question_id": "gpqa_gpqa_diamond_0031",
  "method": "single_sentence_oracle",
  "prefix_length": 181,
  "keep_m": 15,
  "kl_to_baseline": 0.018532660726908512,
  "token_kl": 0.06891879262345277,
  "distribution": {
    "A": 0.8632315149596326,
    "B": 0.023004338609220618,
    "C": 0.033471115175386014,
    "D": 0.08029303125576072
  }
}