{
  "question_id": "gpqa_gpqa_diamond_0011",
  "method": "single_sentence_oracle",
  "prefix_length": 72,
  "keep_m": 15,
  "kl_to_baseline": 0.015348751065278363,
  "token_kl": 0.8988796851035679,
  "distribution": {
    "A": 0.0378075794566097,
    "B": 0.7593855331520857,
    "C": 0.16944181562662564,
    "D": 0.03336507176467904
  }
}