{
  "question_id": "gpqa_gpqa_diamond_0001",
  "method": "single_sentence_oracle",
  "prefix_length": 52,
  "keep_m": 20,
  "kl_to_baseline": 0.01341913619537817,
  "token_kl": 0.10534542066632052,
  "distribution": {
    "A": 0.23954497035348501,
    "B": 0.3075818303735863,
    "C": 0.14529136889934247,
    "D": 0.3075818303735863
  }
}