{
  "question_id": "gpqa_gpqa_diamond_0002",
  "method": "single_sentence_oracle",
  "prefix_length": 94,
  "keep_m": 3,
  "kl_to_baseline": 0.0008410825768974088,
  "token_kl": 0.10079977251612858,
  "distribution": {
    "A": 0.0005519430243692972,
    "B": 0.000803072361815732,
    "C": 0.0007087088718536789,
    "D": 0.9979362757419614
  }
}