{
  "question_id": "gpqa_gpqa_diamond_0002",
  "method": "single_sentence_oracle",
  "prefix_length": 54,
  "keep_m": 10,
  "kl_to_baseline": 0.07876476874174776,
  "token_kl": 0.01732719592408714,
  "distribution": {
    "A": 0.38157465857881884,
    "B": 0.14037348889698265,
    "C": 0.09647719394537975,
    "D": 0.38157465857881884
  }
}