{
  "question_id": "gpqa_gpqa_diamond_0031",
  "method": "single_sentence_oracle",
  "prefix_length": 176,
  "keep_m": 15,
  "kl_to_baseline": 0.01823426058143464,
  "token_kl": 1.646011745932056,
  "distribution": {
    "A": 0.9488615541852297,
    "B": 0.011944405547351935,
    "C": 0.028653139368666106,
    "D": 0.01054090089875234
  }
}