{
  "question_id": "gpqa_gpqa_diamond_0002",
  "method": "single_sentence_oracle",
  "prefix_length": 27,
  "keep_m": 10,
  "kl_to_baseline": 0.21362372724812972,
  "token_kl": 0.1535379074269575,
  "distribution": {
    "A": 0.27005607679342275,
    "B": 0.23832365129434321,
    "C": 0.30601362565976303,
    "D": 0.18560664625247092
  }
}