{
  "question_id": "gpqa_gpqa_diamond_0031",
  "method": "single_sentence_oracle",
  "prefix_length": 142,
  "keep_m": 10,
  "kl_to_baseline": 0.0013902874269748917,
  "token_kl": 0.03258845905987506,
  "distribution": {
    "A": 0.9394244368043789,
    "B": 0.007172593605540992,
    "C": 0.02503481157783584,
    "D": 0.028368158012244155
  }
}