{
  "question_id": "gpqa_gpqa_diamond_0023",
  "method": "single_sentence_oracle",
  "prefix_length": 258,
  "keep_m": 3,
  "kl_to_baseline": 0.04865931006196963,
  "token_kl": 1.1386659645363657,
  "distribution": {
    "A": 0.4323369207209773,
    "B": 0.20422151303618377,
    "C": 0.2971405481479865,
    "D": 0.06630101809485245
  }
}