{
  "question_id": "gpqa_gpqa_diamond_0002",
  "method": "single_sentence_oracle",
  "prefix_length": 78,
  "keep_m": 3,
  "kl_to_baseline": 0.023208428550374686,
  "token_kl": 0.22228190828100985,
  "distribution": {
    "A": 0.017797147242188,
    "B": 0.007418954743894287,
    "C": 0.003092680458443223,
    "D": 0.9716912175554744
  }
}