{
  "question_id": "gpqa_gpqa_diamond_0031",
  "method": "single_sentence_oracle",
  "prefix_length": 85,
  "keep_m": 10,
  "kl_to_baseline": 0.045267221569990454,
  "token_kl": 0.0883847075166017,
  "distribution": {
    "A": 0.9274374325084064,
    "B": 0.004866744374756156,
    "C": 0.031735167338921566,
    "D": 0.035960655777915844
  }
}