{
  "question_id": "gpqa_gpqa_diamond_0011",
  "method": "single_sentence_oracle",
  "prefix_length": 89,
  "keep_m": 3,
  "kl_to_baseline": 0.11877083375104747,
  "token_kl": 0.2055575826170612,
  "distribution": {
    "A": 0.0277447846616755,
    "B": 0.9187810835679785,
    "C": 0.04036842348316862,
    "D": 0.013105708287177437
  }
}