{
  "question_id": "gpqa_gpqa_diamond_0002",
  "method": "single_sentence_oracle",
  "prefix_length": 47,
  "keep_m": 10,
  "kl_to_baseline": 0.45921541962775186,
  "token_kl": 0.23752832243388353,
  "distribution": {
    "A": 0.32304351211676674,
    "B": 0.19593579452006862,
    "C": 0.19593579452006862,
    "D": 0.2850848988430959
  }
}