{
  "question_id": "gpqa_gpqa_diamond_0017",
  "method": "single_sentence_oracle",
  "prefix_length": 97,
  "keep_m": 20,
  "kl_to_baseline": 0.0003158457254168858,
  "token_kl": 0.15670433816775486,
  "distribution": {
    "A": 0.8865703172002236,
    "B": 0.030336767101462405,
    "C": 0.044139735679899705,
    "D": 0.03895318001841423
  }
}