{
  "question_id": "gpqa_gpqa_diamond_0019",
  "method": "single_sentence_oracle",
  "prefix_length": 22,
  "keep_m": 15,
  "kl_to_baseline": 0.000470946389580527,
  "token_kl": 0.00698746580247512,
  "distribution": {
    "A": 0.0002298967658038816,
    "B": 0.0013229645437000798,
    "C": 0.0013229645437000798,
    "D": 0.997124174146796
  }
}