{
  "question_id": "gpqa_gpqa_diamond_0031",
  "method": "single_sentence_oracle",
  "prefix_length": 203,
  "keep_m": 3,
  "kl_to_baseline": 0.010493083238471913,
  "token_kl": 0.12770735791163026,
  "distribution": {
    "A": 0.9423502055955459,
    "B": 0.0038511696183241113,
    "C": 0.03653887999966886,
    "D": 0.01725974478646119
  }
}