{
  "question_id": "gpqa_gpqa_diamond_0003",
  "method": "single_sentence_oracle",
  "prefix_length": 29,
  "keep_m": 10,
  "kl_to_baseline": 0.006334112006143175,
  "token_kl": 0.2114320508968697,
  "distribution": {
    "A": 0.02914839750166832,
    "B": 0.0016444396677006597,
    "C": 0.9652623571393644,
    "D": 0.003944805691266576
  }
}