{
  "question_id": "gpqa_gpqa_diamond_0001",
  "method": "single_sentence_oracle",
  "prefix_length": 321,
  "keep_m": 20,
  "kl_to_baseline": 0.03124406515321819,
  "token_kl": 0.064956312152858,
  "distribution": {
    "A": 0.4702008212528793,
    "B": 0.1347147988061782,
    "C": 0.17297722567110826,
    "D": 0.22210715426983427
  }
}