{
  "question_id": "gpqa_gpqa_diamond_0002",
  "method": "single_sentence_oracle",
  "prefix_length": 46,
  "keep_m": 5,
  "kl_to_baseline": 0.3204273167537703,
  "token_kl": 0.051165504483155134,
  "distribution": {
    "A": 0.27005607679342275,
    "B": 0.23832365129434321,
    "C": 0.18560664625247092,
    "D": 0.30601362565976303
  }
}