{
  "question_id": "gpqa_gpqa_diamond_0001",
  "method": "single_sentence_oracle",
  "prefix_length": 364,
  "keep_m": 5,
  "kl_to_baseline": 0.013522801477437701,
  "token_kl": 0.34427278231481345,
  "distribution": {
    "A": 0.4313793676370409,
    "B": 0.10906978495185655,
    "C": 0.12359225809452766,
    "D": 0.3359585893165749
  }
}