{
  "question_id": "gpqa_gpqa_diamond_0031",
  "method": "single_sentence_oracle",
  "prefix_length": 64,
  "keep_m": 15,
  "kl_to_baseline": 0.000560528725786753,
  "token_kl": 0.0285961820764328,
  "distribution": {
    "A": 0.9765842468865499,
    "B": 0.0031082539924345357,
    "C": 0.004522482873444997,
    "D": 0.01578501624757054
  }
}