{
  "question_id": "gpqa_gpqa_diamond_0026",
  "method": "single_sentence_oracle",
  "prefix_length": 104,
  "keep_m": 5,
  "kl_to_baseline": 0.008012648554402849,
  "token_kl": 0.6158015014343822,
  "distribution": {
    "A": 0.00656400929679529,
    "B": 0.9741854141820451,
    "C": 0.008428354772459781,
    "D": 0.010822221748699784
  }
}