{
  "question_id": "gpqa_gpqa_diamond_0031",
  "method": "single_sentence_oracle",
  "prefix_length": 173,
  "keep_m": 15,
  "kl_to_baseline": 0.009589869589179264,
  "token_kl": 0.01714383233691796,
  "distribution": {
    "A": 0.9775814622349848,
    "B": 0.003525709566237745,
    "C": 0.012305935554573757,
    "D": 0.006586892644203782
  }
}