{
  "question_id": "gpqa_gpqa_diamond_0009",
  "method": "single_sentence_oracle",
  "prefix_length": 125,
  "keep_m": 10,
  "kl_to_baseline": 0.0011299459320324402,
  "token_kl": 0.5778705673624485,
  "distribution": {
    "A": 0.013975229506514268,
    "B": 0.002751885853490807,
    "C": 0.0035334913797056343,
    "D": 0.9797393932602891
  }
}