{
  "question_id": "gpqa_gpqa_diamond_0023",
  "method": "single_sentence_oracle",
  "prefix_length": 262,
  "keep_m": 20,
  "kl_to_baseline": 0.0003300206358991826,
  "token_kl": 1.6381181393184352,
  "distribution": {
    "A": 0.5631243789959451,
    "B": 0.16133784542773863,
    "C": 0.23474517995035815,
    "D": 0.0407925956259581
  }
}