{
  "question_id": "gpqa_gpqa_diamond_0031",
  "method": "single_sentence_oracle",
  "prefix_length": 218,
  "keep_m": 10,
  "kl_to_baseline": 0.0004883863070723302,
  "token_kl": 0.9332574585966471,
  "distribution": {
    "A": 0.9740822249317366,
    "B": 0.002735996100875918,
    "C": 0.0157445704836418,
    "D": 0.007437208483745808
  }
}