{
  "question_id": "gpqa_gpqa_diamond_0001",
  "method": "single_sentence_oracle",
  "prefix_length": 300,
  "keep_m": 5,
  "kl_to_baseline": 0.04858499183227109,
  "token_kl": 0.4052105203663676,
  "distribution": {
    "A": 0.31680246630096504,
    "B": 0.13206290019822745,
    "C": 0.19215040888411364,
    "D": 0.3589842246166939
  }
}