{
  "question_id": "gpqa_gpqa_diamond_0002",
  "method": "single_sentence_oracle",
  "prefix_length": 105,
  "keep_m": 15,
  "kl_to_baseline": 0.009056470446289329,
  "token_kl": 0.0771333112057504,
  "distribution": {
    "A": 0.0027752941551041485,
    "B": 0.00457568650596995,
    "C": 0.00457568650596995,
    "D": 0.988073332832956
  }
}