{
  "question_id": "gpqa_gpqa_diamond_0017",
  "method": "single_sentence_oracle",
  "prefix_length": 103,
  "keep_m": 10,
  "kl_to_baseline": 0.04131017399786743,
  "token_kl": 0.9666566669364587,
  "distribution": {
    "A": 0.809018201667491,
    "B": 0.0313690431631473,
    "C": 0.12406697243485475,
    "D": 0.03554578273450687
  }
}