{
  "question_id": "gpqa_gpqa_diamond_0009",
  "method": "single_sentence_oracle",
  "prefix_length": 92,
  "keep_m": 20,
  "kl_to_baseline": 0.018552367238803442,
  "token_kl": 0.12337937257718234,
  "distribution": {
    "A": 0.05757769419660349,
    "B": 0.014557920928038523,
    "C": 0.02719777692242592,
    "D": 0.9006666079529321
  }
}