{
  "question_id": "gpqa_gpqa_diamond_0002",
  "method": "single_sentence_oracle",
  "prefix_length": 26,
  "keep_m": 10,
  "kl_to_baseline": 0.20368245592042034,
  "token_kl": 0.5750169692028138,
  "distribution": {
    "A": 0.2954806955802727,
    "B": 0.23012059710039975,
    "C": 0.3348234931078958,
    "D": 0.1395752142114317
  }
}