{
  "question_id": "gpqa_gpqa_diamond_0001",
  "method": "single_sentence_oracle",
  "prefix_length": 310,
  "keep_m": 5,
  "kl_to_baseline": 0.018730117656772165,
  "token_kl": 0.13300603613060147,
  "distribution": {
    "A": 0.4406479132596964,
    "B": 0.14305741522229465,
    "C": 0.20814733575900443,
    "D": 0.20814733575900443
  }
}