{
  "question_id": "gpqa_gpqa_diamond_0002",
  "method": "single_sentence_oracle",
  "prefix_length": 87,
  "keep_m": 15,
  "kl_to_baseline": 0.00021948206338549624,
  "token_kl": 0.5142520715777146,
  "distribution": {
    "A": 0.0021801096757245353,
    "B": 0.000707777985335782,
    "C": 0.00048644822108555693,
    "D": 0.9966256641178541
  }
}