{
  "question_id": "gpqa_gpqa_diamond_0023",
  "method": "single_sentence_oracle",
  "prefix_length": 269,
  "keep_m": 20,
  "kl_to_baseline": 0.002802577171877159,
  "token_kl": 0.20939419498361284,
  "distribution": {
    "A": 0.5361729412253182,
    "B": 0.25327016391961427,
    "C": 0.174069868299583,
    "D": 0.036487026555484504
  }
}