{
  "question_id": "gpqa_gpqa_diamond_0009",
  "method": "single_sentence_oracle",
  "prefix_length": 73,
  "keep_m": 5,
  "kl_to_baseline": 0.004785555215423907,
  "token_kl": 0.3550537100453335,
  "distribution": {
    "A": 0.004577179874693619,
    "B": 0.0024499878383168797,
    "C": 0.004577179874693619,
    "D": 0.9883956524122958
  }
}