{
  "question_id": "gpqa_gpqa_diamond_0020",
  "method": "single_sentence_oracle",
  "prefix_length": 69,
  "keep_m": 20,
  "kl_to_baseline": 0.0015668391026571688,
  "token_kl": 0.15612329936417804,
  "distribution": {
    "A": 0.0058988544357236605,
    "B": 0.9920349736291388,
    "C": 0.0009046186264134612,
    "D": 0.0011615533087240369
  }
}