{
  "question_id": "gpqa_gpqa_diamond_0017",
  "method": "single_sentence_oracle",
  "prefix_length": 102,
  "keep_m": 15,
  "kl_to_baseline": 0.0820193156795262,
  "token_kl": 0.41936035444235525,
  "distribution": {
    "A": 0.8472420810351607,
    "B": 0.028991032791483483,
    "C": 0.10118864713329968,
    "D": 0.022578239040056115
  }
}