{
  "question_id": "gpqa_gpqa_diamond_0017",
  "method": "single_sentence_oracle",
  "prefix_length": 122,
  "keep_m": 20,
  "kl_to_baseline": 0.0007688556398300196,
  "token_kl": 0.04982491190554166,
  "distribution": {
    "A": 0.9964266140038098,
    "B": 0.0011666956474615442,
    "C": 0.0014980668648795837,
    "D": 0.0009086234838490502
  }
}