{
  "question_id": "gpqa_gpqa_diamond_0020",
  "method": "single_sentence_oracle",
  "prefix_length": 51,
  "keep_m": 20,
  "kl_to_baseline": 0.0172954874958947,
  "token_kl": 0.03023014610078944,
  "distribution": {
    "A": 0.49216642040558867,
    "B": 0.4343353415640798,
    "C": 0.02162428205612269,
    "D": 0.05187395597420876
  }
}