{
  "question_id": "gpqa_gpqa_diamond_0023",
  "method": "single_sentence_oracle",
  "prefix_length": 364,
  "keep_m": 3,
  "kl_to_baseline": 0.0007951591759633198,
  "token_kl": 0.834138929236341,
  "distribution": {
    "A": 0.0002956510423237288,
    "B": 0.0009106697562068025,
    "C": 0.9986704335108464,
    "D": 0.00012324569062312576
  }
}