{
  "question_id": "gpqa_gpqa_diamond_0001",
  "method": "single_sentence_oracle",
  "prefix_length": 213,
  "keep_m": 5,
  "kl_to_baseline": 0.11465520306042327,
  "token_kl": 0.3390505364821792,
  "distribution": {
    "A": 0.22592201603926232,
    "B": 0.3287145937103622,
    "C": 0.15527377946662704,
    "D": 0.2900896107837484
  }
}