{
  "question_id": "gpqa_gpqa_diamond_0001",
  "method": "single_sentence_oracle",
  "prefix_length": 344,
  "keep_m": 5,
  "kl_to_baseline": 0.04719191081536547,
  "token_kl": 0.20908047488092674,
  "distribution": {
    "A": 0.40841292859326334,
    "B": 0.10326295363200164,
    "C": 0.17025182812840214,
    "D": 0.31807228964633283
  }
}