{
  "question_id": "gpqa_gpqa_diamond_0020",
  "method": "single_sentence_oracle",
  "prefix_length": 69,
  "keep_m": 5,
  "kl_to_baseline": 0.0001832269667939926,
  "token_kl": 0.07989063404188373,
  "distribution": {
    "A": 0.006689378433866312,
    "B": 0.9927918708668142,
    "C": 0.0002593753496597714,
    "D": 0.0002593753496597714
  }
}