{
  "question_id": "gpqa_gpqa_diamond_0023",
  "method": "single_sentence_oracle",
  "prefix_length": 276,
  "keep_m": 10,
  "kl_to_baseline": 0.003954502170669479,
  "token_kl": 0.7863991734069005,
  "distribution": {
    "A": 0.4701322734651784,
    "B": 0.25164367228785195,
    "C": 0.2220747613490423,
    "D": 0.056149292897927396
  }
}