{
  "question_id": "gpqa_gpqa_diamond_0031",
  "method": "single_sentence_oracle",
  "prefix_length": 87,
  "keep_m": 15,
  "kl_to_baseline": 0.0013164425421096039,
  "token_kl": 0.04058831834582052,
  "distribution": {
    "A": 0.9493523790915217,
    "B": 0.00564505574116838,
    "C": 0.02529938461664347,
    "D": 0.019703180550666586
  }
}