{
  "question_id": "gpqa_gpqa_diamond_0023",
  "method": "single_sentence_oracle",
  "prefix_length": 299,
  "keep_m": 5,
  "kl_to_baseline": 0.02822228336419899,
  "token_kl": 0.45019319119288126,
  "distribution": {
    "A": 0.368741096810297,
    "B": 0.368741096810297,
    "C": 0.22365278071150946,
    "D": 0.038865025667896645
  }
}