{
  "question_id": "gpqa_gpqa_diamond_0009",
  "method": "single_sentence_oracle",
  "prefix_length": 83,
  "keep_m": 10,
  "kl_to_baseline": 0.04041975953824126,
  "token_kl": 0.27855810733576075,
  "distribution": {
    "A": 0.049800083598204876,
    "B": 0.043948419523869714,
    "C": 0.023523893815498385,
    "D": 0.8827276030624269
  }
}