{
  "question_id": "gpqa_gpqa_diamond_0023",
  "method": "single_sentence_oracle",
  "prefix_length": 310,
  "keep_m": 10,
  "kl_to_baseline": 0.02543678029616335,
  "token_kl": 0.367718371413591,
  "distribution": {
    "A": 0.4086344616457142,
    "B": 0.24784932960329184,
    "C": 0.28085008443362014,
    "D": 0.0626661243173737
  }
}