{
  "question_id": "gpqa_gpqa_diamond_0001",
  "method": "single_sentence_oracle",
  "prefix_length": 405,
  "keep_m": 20,
  "kl_to_baseline": 0.06069974692673874,
  "token_kl": 0.37768550606588086,
  "distribution": {
    "A": 0.43940420719120843,
    "B": 0.2665121236681903,
    "C": 0.08652381852979163,
    "D": 0.2075598506108097
  }
}