{
  "question_id": "gpqa_gpqa_diamond_0001",
  "method": "single_sentence_oracle",
  "prefix_length": 302,
  "keep_m": 15,
  "kl_to_baseline": 0.007185709166535072,
  "token_kl": 0.11911136041125495,
  "distribution": {
    "A": 0.2253250920054479,
    "B": 0.19884869576939673,
    "C": 0.15486351997793374,
    "D": 0.4209626922472216
  }
}