{
  "question_id": "gpqa_gpqa_diamond_0020",
  "method": "single_sentence_oracle",
  "prefix_length": 42,
  "keep_m": 5,
  "kl_to_baseline": 0.04535759656642058,
  "token_kl": 0.15662188660513807,
  "distribution": {
    "A": 0.32599740523420967,
    "B": 0.6090433344622062,
    "C": 0.020840314391200137,
    "D": 0.04411894591238406
  }
}