{
  "question_id": "gpqa_gpqa_diamond_0001",
  "method": "single_sentence_oracle",
  "prefix_length": 271,
  "keep_m": 10,
  "kl_to_baseline": 0.0015811931775669245,
  "token_kl": 0.2945459763494178,
  "distribution": {
    "A": 0.4350764809881977,
    "B": 0.14124864462333098,
    "C": 0.12465149137436185,
    "D": 0.29902338301410947
  }
}