{
  "question_id": "gpqa_gpqa_diamond_0002",
  "method": "single_sentence_oracle",
  "prefix_length": 95,
  "keep_m": 15,
  "kl_to_baseline": 0.0008601966709932264,
  "token_kl": 0.5059377434798638,
  "distribution": {
    "A": 0.002176473340201836,
    "B": 0.0016950391416832259,
    "C": 0.0011649822292099329,
    "D": 0.994963505288905
  }
}