{
  "question_id": "gpqa_gpqa_diamond_0023",
  "method": "single_sentence_oracle",
  "prefix_length": 374,
  "keep_m": 3,
  "kl_to_baseline": 0.0033192239734311027,
  "token_kl": 0.3721920627710633,
  "distribution": {
    "A": 0.0007996572244734667,
    "B": 0.0046017096038423275,
    "C": 0.9936925028247885,
    "D": 0.0009061303468958208
  }
}