{
  "question_id": "gpqa_gpqa_diamond_0001",
  "method": "single_sentence_oracle",
  "prefix_length": 318,
  "keep_m": 20,
  "kl_to_baseline": 0.037313999541011875,
  "token_kl": 0.17208787175578424,
  "distribution": {
    "A": 0.4046399755882692,
    "B": 0.14885872809503853,
    "C": 0.131367366466554,
    "D": 0.3151339298501382
  }
}