{
  "question_id": "gpqa_gpqa_diamond_0023",
  "method": "single_sentence_oracle",
  "prefix_length": 332,
  "keep_m": 10,
  "kl_to_baseline": 0.017292571238845013,
  "token_kl": 0.5861325638059798,
  "distribution": {
    "A": 0.3785916682018518,
    "B": 0.3341059745324691,
    "C": 0.17883404120497876,
    "D": 0.10846831606070036
  }
}