{
  "question_id": "gpqa_gpqa_diamond_0009",
  "method": "single_sentence_oracle",
  "prefix_length": 46,
  "keep_m": 15,
  "kl_to_baseline": 0.01267724417590989,
  "token_kl": 0.19602378367626055,
  "distribution": {
    "A": 0.5074407310774027,
    "B": 0.03675888107752987,
    "C": 0.06060514911965995,
    "D": 0.39519523872540746
  }
}