{
  "question_id": "gpqa_gpqa_diamond_0011",
  "method": "single_sentence_oracle",
  "prefix_length": 112,
  "keep_m": 3,
  "kl_to_baseline": 0.005779008058713736,
  "token_kl": 1.093916798331994,
  "distribution": {
    "A": 0.001319070406560856,
    "B": 0.994188741528427,
    "C": 0.0035856051166124597,
    "D": 0.0009065829483997253
  }
}