{
  "question_id": "gpqa_gpqa_diamond_0031",
  "method": "single_sentence_oracle",
  "prefix_length": 137,
  "keep_m": 10,
  "kl_to_baseline": 0.0022311241126525515,
  "token_kl": 0.2708171452889164,
  "distribution": {
    "A": 0.8605712855315092,
    "B": 0.010832994720570081,
    "C": 0.04855011403820889,
    "D": 0.08004560570971189
  }
}