{
  "question_id": "gpqa_gpqa_diamond_0023",
  "method": "single_sentence_oracle",
  "prefix_length": 266,
  "keep_m": 20,
  "kl_to_baseline": 0.0014187713869238967,
  "token_kl": 0.24582615736437935,
  "distribution": {
    "A": 0.5290611440040508,
    "B": 0.1946307180017342,
    "C": 0.2205454970229508,
    "D": 0.05576264097126422
  }
}