{
  "question_id": "gpqa_gpqa_diamond_0031",
  "method": "single_sentence_oracle",
  "prefix_length": 76,
  "keep_m": 10,
  "kl_to_baseline": 0.014718069714664784,
  "token_kl": 0.34077415656760474,
  "distribution": {
    "A": 0.9214523414934581,
    "B": 0.010236411863279797,
    "C": 0.04048579428668598,
    "D": 0.027825452356576068
  }
}