{
  "question_id": "medmcqa_0001",
  "method": "single_sentence_oracle",
  "prefix_length": 21,
  "keep_m": 15,
  "kl_to_baseline": 4.6839996486310754e-05,
  "token_kl": 0.0020872730596489873,
  "distribution": {
    "A": 0.9992646944710237,
    "B": 0.0005526777401284074,
    "C": 2.4282965183156643e-05,
    "D": 0.00015834482366463827
  }
}