{
  "question_id": "medmcqa_0001",
  "method": "single_sentence_oracle",
  "prefix_length": 27,
  "keep_m": 10,
  "kl_to_baseline": 0.09787605846707893,
  "token_kl": 0.03432841307471893,
  "distribution": {
    "A": 0.8966191550852451,
    "B": 0.034765696170055156,
    "C": 0.0036642774176771898,
    "D": 0.06495087132702243
  }
}