{
  "question_id": "medmcqa_0001",
  "method": "single_sentence_oracle",
  "prefix_length": 70,
  "keep_m": 10,
  "kl_to_baseline": 0.00046946722194702065,
  "token_kl": 0.16363313790197867,
  "distribution": {
    "A": 0.9906601877667216,
    "B": 0.00458766788169882,
    "C": 0.0007035416558934658,
    "D": 0.004048602695686041
  }
}