{
  "question_id": "medmcqa_0001",
  "method": "single_sentence_oracle",
  "prefix_length": 32,
  "keep_m": 3,
  "kl_to_baseline": 0.12105714286993598,
  "token_kl": 0.4955337519720031,
  "distribution": {
    "A": 0.8682363574148219,
    "B": 0.026218466967423734,
    "C": 0.014033734082561186,
    "D": 0.09151144153519335
  }
}