{
  "question_id": "medmcqa_0001",
  "method": "single_sentence_oracle",
  "prefix_length": 28,
  "keep_m": 15,
  "kl_to_baseline": 0.01740224626571305,
  "token_kl": 0.07699426576928702,
  "distribution": {
    "A": 0.975732988345818,
    "B": 0.012282663680403217,
    "C": 0.0024185998812779087,
    "D": 0.00956574809250073
  }
}