{
  "question_id": "medmcqa_0001",
  "method": "single_sentence_oracle",
  "prefix_length": 90,
  "keep_m": 5,
  "kl_to_baseline": 0.002303042999780968,
  "token_kl": 0.5317539521819445,
  "distribution": {
    "A": 0.9746916639357174,
    "B": 0.005795729180207946,
    "C": 0.0016605042114321534,
    "D": 0.017852102672642402
  }
}