{
  "question_id": "medmcqa_0001",
  "method": "single_sentence_oracle",
  "prefix_length": 58,
  "keep_m": 15,
  "kl_to_baseline": 0.06970854652225714,
  "token_kl": 0.03000069000957643,
  "distribution": {
    "A": 0.9036414997442437,
    "B": 0.027287608844095854,
    "C": 0.0240812302838546,
    "D": 0.04498966112780577
  }
}