{
  "question_id": "medmcqa_0001",
  "method": "single_sentence_oracle",
  "prefix_length": 58,
  "keep_m": 3,
  "kl_to_baseline": 0.013098761556977518,
  "token_kl": 0.1338025921909878,
  "distribution": {
    "A": 0.9664657087635198,
    "B": 0.012166009627226549,
    "C": 0.0057468160282270015,
    "D": 0.01562146558102664
  }
}