{
  "question_id": "medmcqa_0001",
  "method": "single_sentence_oracle",
  "prefix_length": 31,
  "keep_m": 3,
  "kl_to_baseline": 0.4455202349089793,
  "token_kl": 0.7270410432046204,
  "distribution": {
    "A": 0.6251262246070266,
    "B": 0.02139064311332835,
    "C": 0.018877176291804777,
    "D": 0.33460595598784026
  }
}