{
  "question_id": "medmcqa_0001",
  "method": "single_sentence_oracle",
  "prefix_length": 89,
  "keep_m": 10,
  "kl_to_baseline": 0.006758504132375026,
  "token_kl": 0.15617962823172873,
  "distribution": {
    "A": 0.9741662704563187,
    "B": 0.008428189554956491,
    "C": 0.0016596089242049735,
    "D": 0.015745931064519946
  }
}