{
  "question_id": "medmcqa_0001",
  "method": "single_sentence_oracle",
  "prefix_length": 89,
  "keep_m": 15,
  "kl_to_baseline": 0.06430918314031947,
  "token_kl": 0.3222067447915486,
  "distribution": {
    "A": 0.8611143042504341,
    "B": 0.015771858638574526,
    "C": 0.006574688846160108,
    "D": 0.11653914826483118
  }
}