{
  "question_id": "medmcqa_0001",
  "method": "single_sentence_oracle",
  "prefix_length": 85,
  "keep_m": 10,
  "kl_to_baseline": 0.014383200580501633,
  "token_kl": 0.21321471812873374,
  "distribution": {
    "A": 0.9582145647543825,
    "B": 0.009394004203262661,
    "C": 0.003455861016658448,
    "D": 0.028935570025696453
  }
}