{
  "question_id": "medmcqa_0001",
  "method": "single_sentence_oracle",
  "prefix_length": 72,
  "keep_m": 5,
  "kl_to_baseline": 0.032880182285636335,
  "token_kl": 0.351252476878389,
  "distribution": {
    "A": 0.9436977187483679,
    "B": 0.022193645429397175,
    "C": 0.005611431001933075,
    "D": 0.028497204820301696
  }
}