{
  "question_id": "medmcqa_0001",
  "method": "single_sentence_oracle",
  "prefix_length": 22,
  "keep_m": 15,
  "kl_to_baseline": 7.707508749362333e-05,
  "token_kl": 0.003131087819940439,
  "distribution": {
    "A": 0.9983398698160204,
    "B": 0.001324578074179984,
    "C": 3.999879197880921e-05,
    "D": 0.0002955533178208786
  }
}