{
  "question_id": "medmcqa_0001",
  "method": "single_sentence_oracle",
  "prefix_length": 72,
  "keep_m": 15,
  "kl_to_baseline": 0.09076574548622046,
  "token_kl": 0.058088276270040116,
  "distribution": {
    "A": 0.8825839267057077,
    "B": 0.026651726825674366,
    "C": 0.01831744174133279,
    "D": 0.07244690472728511
  }
}