{
  "question_id": "medmcqa_0001",
  "method": "single_sentence_oracle",
  "prefix_length": 74,
  "keep_m": 3,
  "kl_to_baseline": 0.017977214880809653,
  "token_kl": 0.05502985391072564,
  "distribution": {
    "A": 0.9661288340648716,
    "B": 0.013781086032496484,
    "C": 0.004474063583327674,
    "D": 0.015616016319304236
  }
}