{
  "question_id": "medmcqa_0001",
  "method": "single_sentence_oracle",
  "prefix_length": 53,
  "keep_m": 20,
  "kl_to_baseline": 0.15488531171901218,
  "token_kl": 0.08321005239934166,
  "distribution": {
    "A": 0.8354348809641501,
    "B": 0.03239332570437389,
    "C": 0.03239332570437389,
    "D": 0.09977846762710202
  }
}