{
  "question_id": "medmcqa_0001",
  "method": "single_sentence_oracle",
  "prefix_length": 25,
  "keep_m": 5,
  "kl_to_baseline": 0.06399014265580259,
  "token_kl": 0.07283155185616183,
  "distribution": {
    "A": 0.9323866005484875,
    "B": 0.040966208179653386,
    "C": 0.0017999299987288223,
    "D": 0.024847261273130247
  }
}