{
  "question_id": "medmcqa_0001",
  "method": "single_sentence_oracle",
  "prefix_length": 29,
  "keep_m": 20,
  "kl_to_baseline": 0.00035028229016530947,
  "token_kl": 0.046778140530530685,
  "distribution": {
    "A": 0.9929197898938468,
    "B": 0.0016915574426423976,
    "C": 0.0001782889277711244,
    "D": 0.005210363735739809
  }
}