{
  "question_id": "waffle",
  "method": "single_sentence_oracle",
  "prefix_length": 244,
  "keep_m": 5,
  "kl_to_baseline": 0.006272423733249564,
  "token_kl": 0.45667007723513275,
  "distribution": {
    "A": 0.13010204963124375,
    "B": 0.01210137857690367,
    "C": 0.8483720086799166,
    "D": 0.009424563111936101
  }
}