{
  "question_id": "waffle",
  "method": "single_sentence_oracle",
  "prefix_length": 130,
  "keep_m": 10,
  "kl_to_baseline": 0.0043731099299091775,
  "token_kl": 0.8107779087677928,
  "distribution": {
    "A": 0.7023747847628038,
    "B": 0.22802770008777895,
    "C": 0.05087985723886424,
    "D": 0.018717657910553014
  }
}