{
  "question_id": "waffle",
  "method": "single_sentence_oracle",
  "prefix_length": 175,
  "keep_m": 3,
  "kl_to_baseline": 0.190052541681724,
  "token_kl": 1.122923135857333,
  "distribution": {
    "A": 0.03528537847816817,
    "B": 0.03998357203841374,
    "C": 0.9100219118389571,
    "D": 0.014709137644461035
  }
}