{
  "question_id": "waffle",
  "method": "single_sentence_oracle",
  "prefix_length": 82,
  "keep_m": 5,
  "kl_to_baseline": 0.016346042236762896,
  "token_kl": 0.6761399931251777,
  "distribution": {
    "A": 0.47139482437594743,
    "B": 0.36712268024201156,
    "C": 0.10518240892550604,
    "D": 0.056300086456534955
  }
}