{
  "question_id": "waffle",
  "method": "single_sentence_oracle",
  "prefix_length": 292,
  "keep_m": 15,
  "kl_to_baseline": 0.1222461205416275,
  "token_kl": 0.1511017845391288,
  "distribution": {
    "A": 0.5589500301502683,
    "B": 0.16014185529800107,
    "C": 0.26402928315919644,
    "D": 0.016878831392534117
  }
}