{
  "question_id": "waffle",
  "method": "single_sentence_oracle",
  "prefix_length": 274,
  "keep_m": 5,
  "kl_to_baseline": 0.3164930014209312,
  "token_kl": 0.8395140125222196,
  "distribution": {
    "A": 0.41181125424751097,
    "B": 0.2204266802287198,
    "C": 0.24977615171582984,
    "D": 0.11798591380793934
  }
}