{
  "question_id": "waffle",
  "method": "single_sentence_oracle",
  "prefix_length": 20,
  "keep_m": 10,
  "kl_to_baseline": 0.12151087763542949,
  "token_kl": 0.2242980742921582,
  "distribution": {
    "A": 0.5777518135484442,
    "B": 0.18756855178926365,
    "C": 0.08860109964924419,
    "D": 0.14607853501304788
  }
}