{
  "question_id": "waffle",
  "method": "single_sentence_oracle",
  "prefix_length": 220,
  "keep_m": 5,
  "kl_to_baseline": 0.4683865741292339,
  "token_kl": 0.5462823281359079,
  "distribution": {
    "A": 0.04980008556336596,
    "B": 0.043948421258118285,
    "C": 0.882727598434741,
    "D": 0.023523894743774754
  }
}