{
  "question_id": "waffle",
  "method": "single_sentence_oracle",
  "prefix_length": 86,
  "keep_m": 5,
  "kl_to_baseline": 0.005079402032448917,
  "token_kl": 0.47716628238844144,
  "distribution": {
    "A": 0.7338116487826392,
    "B": 0.16373551559135216,
    "C": 0.07734318106115969,
    "D": 0.02510965456484908
  }
}