{
  "question_id": "waffle",
  "method": "single_sentence_oracle",
  "prefix_length": 268,
  "keep_m": 20,
  "kl_to_baseline": 0.132569275700783,
  "token_kl": 2.4997587801044583,
  "distribution": {
    "A": 0.24522753090836066,
    "B": 0.1487380161015482,
    "C": 0.5882702302329801,
    "D": 0.017764222757111037
  }
}