{
  "question_id": "waffle",
  "method": "single_sentence_oracle",
  "prefix_length": 85,
  "keep_m": 3,
  "kl_to_baseline": 0.008265581405000494,
  "token_kl": 0.6818803979990938,
  "distribution": {
    "A": 0.6594021814749089,
    "B": 0.21407653243735142,
    "C": 0.07875435512097298,
    "D": 0.04776693096676675
  }
}