{
  "question_id": "waffle",
  "method": "single_sentence_oracle",
  "prefix_length": 291,
  "keep_m": 10,
  "kl_to_baseline": 0.03583994540757327,
  "token_kl": 1.1541310905997955,
  "distribution": {
    "A": 0.37526794961538246,
    "B": 0.05754920397123126,
    "C": 0.5460116774165883,
    "D": 0.021171168996797905
  }
}