{
  "question_id": "waffle",
  "method": "single_sentence_oracle",
  "prefix_length": 189,
  "keep_m": 20,
  "kl_to_baseline": 0.09089571174119694,
  "token_kl": 0.20227711379861765,
  "distribution": {
    "A": 0.18534321823860464,
    "B": 0.06818395955053455,
    "C": 0.7330466045137101,
    "D": 0.013426217697150765
  }
}