{
  "question_id": "waffle",
  "method": "single_sentence_oracle",
  "prefix_length": 107,
  "keep_m": 20,
  "kl_to_baseline": 0.007019459387667429,
  "token_kl": 0.25770247597327306,
  "distribution": {
    "A": 0.755895837585736,
    "B": 0.14884471122296655,
    "C": 0.06204770693887018,
    "D": 0.03321174425242731
  }
}