{
  "question_id": "waffle",
  "method": "single_sentence_oracle",
  "prefix_length": 16,
  "keep_m": 3,
  "kl_to_baseline": 0.050365259256959546,
  "token_kl": 0.04717650813282793,
  "distribution": {
    "A": 0.47030692981589656,
    "B": 0.25173715909563726,
    "C": 0.17301625051972877,
    "D": 0.10493966056873734
  }
}