{
  "question_id": "waffle",
  "method": "single_sentence_oracle",
  "prefix_length": 226,
  "keep_m": 5,
  "kl_to_baseline": 0.27908130953541177,
  "token_kl": 0.8299374988903013,
  "distribution": {
    "A": 0.4766244298250697,
    "B": 0.22514142544914478,
    "C": 0.22514142544914478,
    "D": 0.0730927192766408
  }
}