{
  "question_id": "waffle",
  "method": "single_sentence_oracle",
  "prefix_length": 246,
  "keep_m": 15,
  "kl_to_baseline": 0.06563241957209479,
  "token_kl": 0.27549220495530174,
  "distribution": {
    "A": 0.07446536107370802,
    "B": 0.008893619106085987,
    "C": 0.9071738115620515,
    "D": 0.009467208258154539
  }
}