{
  "question_id": "waffle",
  "method": "single_sentence_oracle",
  "prefix_length": 227,
  "keep_m": 3,
  "kl_to_baseline": 0.23674101635005315,
  "token_kl": 0.4534588662683904,
  "distribution": {
    "A": 0.4733159850105568,
    "B": 0.15366320237382494,
    "C": 0.2533477902776236,
    "D": 0.11967302233799461
  }
}