{
  "question_id": "waffle",
  "method": "single_sentence_oracle",
  "prefix_length": 113,
  "keep_m": 5,
  "kl_to_baseline": 0.0012716489046275562,
  "token_kl": 1.0270747566688343,
  "distribution": {
    "A": 0.6105381775332896,
    "B": 0.2883978142381816,
    "C": 0.08262735718323308,
    "D": 0.01843665104529564
  }
}