{
  "question_id": "waffle",
  "method": "single_sentence_oracle",
  "prefix_length": 105,
  "keep_m": 15,
  "kl_to_baseline": 0.004595991266255775,
  "token_kl": 0.15093662705754474,
  "distribution": {
    "A": 0.75199956900816,
    "B": 0.16779376426176432,
    "C": 0.05447465957492707,
    "D": 0.02573200715514861
  }
}