{
  "question_id": "waffle",
  "method": "single_sentence_oracle",
  "prefix_length": 275,
  "keep_m": 3,
  "kl_to_baseline": 0.02365693817840781,
  "token_kl": 0.4469046528222404,
  "distribution": {
    "A": 0.06644171077348601,
    "B": 0.011545838090702589,
    "C": 0.9171994297504401,
    "D": 0.0048130213853713345
  }
}