{
  "question_id": "waffle",
  "method": "single_sentence_oracle",
  "prefix_length": 63,
  "keep_m": 10,
  "kl_to_baseline": 0.01285331387430928,
  "token_kl": 0.21953872882640577,
  "distribution": {
    "A": 0.4466120964250256,
    "B": 0.3478218504249717,
    "C": 0.12795650796155558,
    "D": 0.07760954518844715
  }
}