{
  "question_id": "waffle",
  "method": "single_sentence_oracle",
  "prefix_length": 66,
  "keep_m": 5,
  "kl_to_baseline": 0.016445675835807895,
  "token_kl": 0.8366354299788592,
  "distribution": {
    "A": 0.36312566929592566,
    "B": 0.4114753149573734,
    "C": 0.13358646829559112,
    "D": 0.09181254745110988
  }
}