{
  "question_id": "waffle",
  "method": "single_sentence_oracle",
  "prefix_length": 180,
  "keep_m": 20,
  "kl_to_baseline": 0.060756638196507146,
  "token_kl": 0.27917645785472056,
  "distribution": {
    "A": 0.08853900006971512,
    "B": 0.06085190550278834,
    "C": 0.8400346188418033,
    "D": 0.010574475585693372
  }
}