{
  "question_id": "waffle",
  "method": "single_sentence_oracle",
  "prefix_length": 291,
  "keep_m": 5,
  "kl_to_baseline": 0.38834330238423925,
  "token_kl": 1.3747760007095122,
  "distribution": {
    "A": 0.4288648832495037,
    "B": 0.20258141441745223,
    "C": 0.2601196850605611,
    "D": 0.10843401727248304
  }
}