{
  "question_id": "waffle",
  "method": "single_sentence_oracle",
  "prefix_length": 178,
  "keep_m": 15,
  "kl_to_baseline": 0.02885271417883028,
  "token_kl": 0.5645634678346663,
  "distribution": {
    "A": 0.160246050304239,
    "B": 0.021686944605472668,
    "C": 0.8137965924979642,
    "D": 0.004270412592324183
  }
}