{
  "question_id": "waffle",
  "method": "single_sentence_oracle",
  "prefix_length": 85,
  "keep_m": 10,
  "kl_to_baseline": 0.007254857545905251,
  "token_kl": 0.3126029036025941,
  "distribution": {
    "A": 0.6869430076779605,
    "B": 0.19681246100383357,
    "C": 0.08204364977232036,
    "D": 0.03420088154588566
  }
}