{
  "question_id": "waffle",
  "method": "single_sentence_oracle",
  "prefix_length": 242,
  "keep_m": 5,
  "kl_to_baseline": 0.18781066078099762,
  "token_kl": 0.8853493246450812,
  "distribution": {
    "A": 0.0467153019310949,
    "B": 0.013384161281063126,
    "C": 0.9383020266782841,
    "D": 0.0015985101095578698
  }
}