{
  "question_id": "waffle",
  "method": "single_sentence_oracle",
  "prefix_length": 192,
  "keep_m": 5,
  "kl_to_baseline": 0.21081482381575314,
  "token_kl": 1.464651272257381,
  "distribution": {
    "A": 0.47617856154650484,
    "B": 0.17517630311954946,
    "C": 0.2548800170835001,
    "D": 0.09376511825044569
  }
}