{
  "question_id": "waffle",
  "method": "single_sentence_oracle",
  "prefix_length": 241,
  "keep_m": 15,
  "kl_to_baseline": 0.024254475197535687,
  "token_kl": 0.5141903372374262,
  "distribution": {
    "A": 0.058573096262435245,
    "B": 0.01901590022241774,
    "C": 0.916237444588899,
    "D": 0.00617355892624811
  }
}