{
  "question_id": "waffle",
  "method": "single_sentence_oracle",
  "prefix_length": 181,
  "keep_m": 15,
  "kl_to_baseline": 0.13735073403531747,
  "token_kl": 0.37119343514794356,
  "distribution": {
    "A": 0.11370105717067025,
    "B": 0.03257589828747174,
    "C": 0.8401433897889009,
    "D": 0.013579654752957134
  }
}