{
  "question_id": "waffle",
  "method": "single_sentence_oracle",
  "prefix_length": 112,
  "keep_m": 3,
  "kl_to_baseline": 0.003552621273666897,
  "token_kl": 1.7888314883602803,
  "distribution": {
    "A": 0.5537730965161922,
    "B": 0.33588034154104485,
    "C": 0.07494503439876266,
    "D": 0.03540152754400027
  }
}