{
  "question_id": "waffle",
  "method": "single_sentence_oracle",
  "prefix_length": 55,
  "keep_m": 15,
  "kl_to_baseline": 0.0034922793898124783,
  "token_kl": 0.12013217659644272,
  "distribution": {
    "A": 0.41774176855171846,
    "B": 0.41774176855171846,
    "C": 0.0822582314482816,
    "D": 0.0822582314482816
  }
}