{
  "question_id": "waffle",
  "method": "single_sentence_oracle",
  "prefix_length": 193,
  "keep_m": 10,
  "kl_to_baseline": 0.2713094960255325,
  "token_kl": 0.4770776361277774,
  "distribution": {
    "A": 0.5443943211945877,
    "B": 0.12147077759159815,
    "C": 0.22693731623468646,
    "D": 0.10719758497912765
  }
}