{
  "question_id": "waffle",
  "method": "single_sentence_oracle",
  "prefix_length": 93,
  "keep_m": 10,
  "kl_to_baseline": 0.009650847638099654,
  "token_kl": 0.17023630094347741,
  "distribution": {
    "A": 0.46183045580841453,
    "B": 0.3174111398154489,
    "C": 0.14993440591621982,
    "D": 0.07082399845991676
  }
}