{
  "question_id": "waffle",
  "method": "single_sentence_oracle",
  "prefix_length": 265,
  "keep_m": 3,
  "kl_to_baseline": 0.2092373556155973,
  "token_kl": 0.4212154743954143,
  "distribution": {
    "A": 0.6373550272042582,
    "B": 0.14221313352977458,
    "C": 0.16114859226505007,
    "D": 0.059283247000917055
  }
}