{
  "question_id": "waffle",
  "method": "single_sentence_oracle",
  "prefix_length": 66,
  "keep_m": 3,
  "kl_to_baseline": 0.0065674698830114914,
  "token_kl": 1.0153447351540692,
  "distribution": {
    "A": 0.3783889350097941,
    "B": 0.428770836363952,
    "C": 0.10841024495912473,
    "D": 0.08442998366712917
  }
}