{
  "question_id": "waffle",
  "method": "single_sentence_oracle",
  "prefix_length": 232,
  "keep_m": 5,
  "kl_to_baseline": 0.26379118036726334,
  "token_kl": 0.526364187405712,
  "distribution": {
    "A": 0.4201996305711603,
    "B": 0.15458280527496496,
    "C": 0.2887987010434857,
    "D": 0.136418863110389
  }
}