{
  "question_id": "waffle",
  "method": "single_sentence_oracle",
  "prefix_length": 195,
  "keep_m": 3,
  "kl_to_baseline": 0.05217387255223799,
  "token_kl": 0.5522159296645914,
  "distribution": {
    "A": 0.6387729682587199,
    "B": 0.12578184026061529,
    "C": 0.18301151951074518,
    "D": 0.05243367196991962
  }
}