{
  "question_id": "waffle",
  "method": "single_sentence_oracle",
  "prefix_length": 76,
  "keep_m": 10,
  "kl_to_baseline": 0.006219274775653406,
  "token_kl": 0.2069054582861965,
  "distribution": {
    "A": 0.4577206837744873,
    "B": 0.3564732269515496,
    "C": 0.13113915589051026,
    "D": 0.054666933383452875
  }
}