{
  "question_id": "waffle",
  "method": "single_sentence_oracle",
  "prefix_length": 204,
  "keep_m": 15,
  "kl_to_baseline": 0.0086707499980222,
  "token_kl": 0.38897647091055276,
  "distribution": {
    "A": 0.03253585479248065,
    "B": 0.01274122380547472,
    "C": 0.9508370676890837,
    "D": 0.003885853712960939
  }
}