{
  "question_id": "waffle",
  "method": "single_sentence_oracle",
  "prefix_length": 136,
  "keep_m": 15,
  "kl_to_baseline": 0.0071533786003860934,
  "token_kl": 0.3238305288526161,
  "distribution": {
    "A": 0.7344132065568366,
    "B": 0.16386973151045017,
    "C": 0.04143275667973455,
    "D": 0.060284305252978704
  }
}