{
  "question_id": "waffle",
  "method": "single_sentence_oracle",
  "prefix_length": 180,
  "keep_m": 5,
  "kl_to_baseline": 0.0030372344300916097,
  "token_kl": 0.5642960601369491,
  "distribution": {
    "A": 0.21430750846251598,
    "B": 0.025595384908730888,
    "C": 0.7480067028933366,
    "D": 0.0120904037354166
  }
}