{
  "question_id": "waffle",
  "method": "single_sentence_oracle",
  "prefix_length": 120,
  "keep_m": 20,
  "kl_to_baseline": 0.002086433840032203,
  "token_kl": 0.5102366587392984,
  "distribution": {
    "A": 0.7272375970917279,
    "B": 0.18387446010268754,
    "C": 0.05268091483949762,
    "D": 0.03620702796608695
  }
}