{
  "question_id": "waffle",
  "method": "single_sentence_oracle",
  "prefix_length": 136,
  "keep_m": 20,
  "kl_to_baseline": 0.04061542074764619,
  "token_kl": 0.24057490467848475,
  "distribution": {
    "A": 0.6118893754922848,
    "B": 0.2550734560910974,
    "C": 0.08281022687759644,
    "D": 0.050226941539021415
  }
}