{
  "question_id": "waffle",
  "method": "single_sentence_oracle",
  "prefix_length": 220,
  "keep_m": 10,
  "kl_to_baseline": 0.4625244901827481,
  "token_kl": 0.43686735142404315,
  "distribution": {
    "A": 0.4118112456020423,
    "B": 0.24977616135990696,
    "C": 0.220426688739588,
    "D": 0.11798590429846269
  }
}