{
  "question_id": "waffle",
  "method": "single_sentence_oracle",
  "prefix_length": 102,
  "keep_m": 20,
  "kl_to_baseline": 0.0006232653965438783,
  "token_kl": 0.42469000524624057,
  "distribution": {
    "A": 0.6147667602716581,
    "B": 0.25627292859311324,
    "C": 0.09427754175820344,
    "D": 0.0346827693770252
  }
}