{
  "question_id": "waffle",
  "method": "single_sentence_oracle",
  "prefix_length": 285,
  "keep_m": 3,
  "kl_to_baseline": 0.2198701940918581,
  "token_kl": 0.7039999440532809,
  "distribution": {
    "A": 0.5327250856531552,
    "B": 0.15262830154474002,
    "C": 0.22207286837535473,
    "D": 0.09257374442674994
  }
}