{
  "question_id": "waffle",
  "method": "single_sentence_oracle",
  "prefix_length": 72,
  "keep_m": 20,
  "kl_to_baseline": 1.182376132437682e-16,
  "token_kl": 0.3740875925779657,
  "distribution": {
    "A": 0.4426772665619814,
    "B": 0.3906613165855639,
    "C": 0.09877465526947214,
    "D": 0.0678867615829824
  }
}