{
  "question_id": "waffle",
  "method": "single_sentence_oracle",
  "prefix_length": 268,
  "keep_m": 3,
  "kl_to_baseline": 0.40948280994195624,
  "token_kl": 1.2434745255405986,
  "distribution": {
    "A": 0.4479780449407606,
    "B": 0.271712435330018,
    "C": 0.21160985740525645,
    "D": 0.06869966232396506
  }
}