{
  "question_id": "waffle",
  "method": "single_sentence_oracle",
  "prefix_length": 183,
  "keep_m": 10,
  "kl_to_baseline": 0.21682740909533232,
  "token_kl": 0.4447639621437222,
  "distribution": {
    "A": 0.24246899648369083,
    "B": 0.008296832808589867,
    "C": 0.7468570883093113,
    "D": 0.0023770823984080006
  }
}