{
  "question_id": "waffle",
  "method": "single_sentence_oracle",
  "prefix_length": 286,
  "keep_m": 10,
  "kl_to_baseline": 0.10108420967015437,
  "token_kl": 1.3024313950709177,
  "distribution": {
    "A": 0.318874136355616,
    "B": 0.11730723908653032,
    "C": 0.5257345399494158,
    "D": 0.03808408460843791
  }
}