{
  "question_id": "waffle",
  "method": "single_sentence_oracle",
  "prefix_length": 222,
  "keep_m": 5,
  "kl_to_baseline": 0.5509181524481239,
  "token_kl": 0.6361379133862829,
  "distribution": {
    "A": 0.3689108554330873,
    "B": 0.2535484757687672,
    "C": 0.2237557445209824,
    "D": 0.153784924277163
  }
}