{
  "question_id": "waffle",
  "method": "single_sentence_oracle",
  "prefix_length": 73,
  "keep_m": 10,
  "kl_to_baseline": 0.04111657646305999,
  "token_kl": 0.5992922501901675,
  "distribution": {
    "A": 0.5613323726846683,
    "B": 0.2651546220225438,
    "C": 0.09754493417367842,
    "D": 0.0759680711191094
  }
}