{
  "question_id": "waffle",
  "method": "single_sentence_oracle",
  "prefix_length": 83,
  "keep_m": 10,
  "kl_to_baseline": 0.020505163938520896,
  "token_kl": 0.39619745657696415,
  "distribution": {
    "A": 0.5730151832370176,
    "B": 0.27067320677393086,
    "C": 0.08787471395147059,
    "D": 0.068436896037581
  }
}