{
  "question_id": "waffle",
  "method": "single_sentence_oracle",
  "prefix_length": 200,
  "keep_m": 3,
  "kl_to_baseline": 0.20862470373415437,
  "token_kl": 1.0654696366513872,
  "distribution": {
    "A": 0.38109591242791035,
    "B": 0.15886441174592267,
    "C": 0.33631596230528116,
    "D": 0.1237237135208858
  }
}