{
  "question_id": "waffle",
  "method": "single_sentence_oracle",
  "prefix_length": 124,
  "keep_m": 15,
  "kl_to_baseline": 0.0007341765233383531,
  "token_kl": 0.13823277886713786,
  "distribution": {
    "A": 0.7731612150296295,
    "B": 0.15224445644267873,
    "C": 0.046431935846798424,
    "D": 0.028162392680893322
  }
}