{
  "question_id": "waffle",
  "method": "single_sentence_oracle",
  "prefix_length": 229,
  "keep_m": 15,
  "kl_to_baseline": 0.6922112568081867,
  "token_kl": 0.9619025220124984,
  "distribution": {
    "A": 0.015563284970831077,
    "B": 0.017635512289335423,
    "C": 0.9628661880584145,
    "D": 0.003935014681419015
  }
}