{
  "question_id": "waffle",
  "method": "single_sentence_oracle",
  "prefix_length": 161,
  "keep_m": 5,
  "kl_to_baseline": 0.012525472776838078,
  "token_kl": 0.7968391829837492,
  "distribution": {
    "A": 0.7702768916099442,
    "B": 0.11812577661298963,
    "C": 0.05579866588853309,
    "D": 0.05579866588853309
  }
}