{
  "question_id": "waffle",
  "method": "single_sentence_oracle",
  "prefix_length": 248,
  "keep_m": 20,
  "kl_to_baseline": 0.034366329245945675,
  "token_kl": 1.6251749299676903,
  "distribution": {
    "A": 0.1036732859132887,
    "B": 0.012382011218689528,
    "C": 0.8680458857535116,
    "D": 0.015898817114510112
  }
}