{
  "question_id": "waffle",
  "method": "single_sentence_oracle",
  "prefix_length": 118,
  "keep_m": 15,
  "kl_to_baseline": 0.03941591067466485,
  "token_kl": 0.1497047288628143,
  "distribution": {
    "A": 0.5978283568129581,
    "B": 0.24921192138794518,
    "C": 0.10388698487774049,
    "D": 0.049072736921356205
  }
}