{
  "question_id": "waffle",
  "method": "single_sentence_oracle",
  "prefix_length": 286,
  "keep_m": 5,
  "kl_to_baseline": 0.22040155400071093,
  "token_kl": 2.109666601866296,
  "distribution": {
    "A": 0.5528630996364458,
    "B": 0.15839793005283492,
    "C": 0.2304676283201692,
    "D": 0.05827134199055012
  }
}