{
  "question_id": "waffle",
  "method": "single_sentence_oracle",
  "prefix_length": 195,
  "keep_m": 10,
  "kl_to_baseline": 0.08555974162253197,
  "token_kl": 0.33532519716833137,
  "distribution": {
    "A": 0.60791374755879,
    "B": 0.13564388376421918,
    "C": 0.1741701943714951,
    "D": 0.08227217430549565
  }
}