{
  "question_id": "waffle",
  "method": "single_sentence_oracle",
  "prefix_length": 263,
  "keep_m": 15,
  "kl_to_baseline": 0.13684522729890458,
  "token_kl": 0.5433243278895297,
  "distribution": {
    "A": 0.31115205388767847,
    "B": 0.14697782307320914,
    "C": 0.45272356704739214,
    "D": 0.08914655599172025
  }
}