{
  "question_id": "waffle",
  "method": "single_sentence_oracle",
  "prefix_length": 226,
  "keep_m": 3,
  "kl_to_baseline": 0.25508796280201373,
  "token_kl": 0.796190485714901,
  "distribution": {
    "A": 0.428864854050405,
    "B": 0.20258142477436167,
    "C": 0.2601196983590961,
    "D": 0.10843402281613719
  }
}