{
  "question_id": "waffle",
  "method": "single_sentence_oracle",
  "prefix_length": 134,
  "keep_m": 5,
  "kl_to_baseline": 0.01843677568934663,
  "token_kl": 0.19742200243710045,
  "distribution": {
    "A": 0.835011694831431,
    "B": 0.09972792376508019,
    "C": 0.03668785286388591,
    "D": 0.028572528539602824
  }
}