{
  "question_id": "waffle",
  "method": "single_sentence_oracle",
  "prefix_length": 96,
  "keep_m": 15,
  "kl_to_baseline": 0.0008492619652023957,
  "token_kl": 0.18723395622246858,
  "distribution": {
    "A": 0.516779840047422,
    "B": 0.313442817310152,
    "C": 0.11530915472533797,
    "D": 0.05446818791708818
  }
}