{
  "question_id": "waffle",
  "method": "single_sentence_oracle",
  "prefix_length": 168,
  "keep_m": 3,
  "kl_to_baseline": 0.0013678210188325407,
  "token_kl": 0.896558901285235,
  "distribution": {
    "A": 0.8447028201400295,
    "B": 0.11431809371094405,
    "C": 0.015471271591440246,
    "D": 0.025507814557586155
  }
}