{
  "question_id": "waffle",
  "method": "single_sentence_oracle",
  "prefix_length": 262,
  "keep_m": 20,
  "kl_to_baseline": 0.028378087219349576,
  "token_kl": 1.0806626451044254,
  "distribution": {
    "A": 0.5936135837188606,
    "B": 0.06256640395486024,
    "C": 0.3177384548096346,
    "D": 0.026081557516644458
  }
}