{
  "question_id": "waffle",
  "method": "single_sentence_oracle",
  "prefix_length": 124,
  "keep_m": 20,
  "kl_to_baseline": 0.02150969227800678,
  "token_kl": 0.17302031997683504,
  "distribution": {
    "A": 0.727404658837093,
    "B": 0.14323445284806885,
    "C": 0.07666787784459328,
    "D": 0.052693010470244876
  }
}