{
  "question_id": "waffle",
  "method": "single_sentence_oracle",
  "prefix_length": 275,
  "keep_m": 5,
  "kl_to_baseline": 0.012803335445820406,
  "token_kl": 0.5056486094330536,
  "distribution": {
    "A": 0.10413316432448563,
    "B": 0.018095630608639075,
    "C": 0.8718964139413753,
    "D": 0.0058747911254999514
  }
}