{
  "question_id": "waffle",
  "method": "single_sentence_oracle",
  "prefix_length": 190,
  "keep_m": 10,
  "kl_to_baseline": 0.2525979911966234,
  "token_kl": 0.3060594613136412,
  "distribution": {
    "A": 0.29190112974904,
    "B": 0.1770469847975482,
    "C": 0.37480846975763354,
    "D": 0.15624341569577824
  }
}