{
  "question_id": "waffle",
  "method": "single_sentence_oracle",
  "prefix_length": 237,
  "keep_m": 5,
  "kl_to_baseline": 0.6002292139940927,
  "token_kl": 1.3249228061724376,
  "distribution": {
    "A": 0.0011686717187195308,
    "B": 0.0006658890730751568,
    "C": 0.9981140913564724,
    "D": 5.1347851732933485e-05
  }
}