{
  "question_id": "waffle",
  "method": "single_sentence_oracle",
  "prefix_length": 105,
  "keep_m": 3,
  "kl_to_baseline": 0.004847386980545997,
  "token_kl": 0.2900030329841881,
  "distribution": {
    "A": 0.8087865296265603,
    "B": 0.12403142773908124,
    "C": 0.04562861232434934,
    "D": 0.02155343031000908
  }
}