{
  "question_id": "waffle",
  "method": "single_sentence_oracle",
  "prefix_length": 129,
  "keep_m": 20,
  "kl_to_baseline": 0.004093502987705421,
  "token_kl": 0.1836791932550953,
  "distribution": {
    "A": 0.6019442755278855,
    "B": 0.3221975528078847,
    "C": 0.04941058913816867,
    "D": 0.026447582526061063
  }
}