{
  "question_id": "bigbench_logical_deduction_0006",
  "question_type": "multiple_choice",
  "source_rollout_idx": 1,
  "num_sentences": 5,
  "correct_answer": "E",
  "sentence_summaries": [
    {
      "sentence_idx": 0,
      "partial_cot_length": 51,
      "total_forces": 1,
      "valid_answers": 1,
      "answer_distribution": {
        "A": 0.0006254085968038364,
        "B": 0.0013239900098234313,
        "C": 0.00010867966631189652,
        "D": 4.530442519676353e-05,
        "E": 0.9978966173018641
      },
      "answer_counts": {
        "A": 0.0006254085968038364,
        "B": 0.0013239900098234313,
        "C": 0.00010867966631189652,
        "D": 4.530442519676353e-05,
        "E": 0.9978966173018641
      },
      "most_common": "E"
    },
    {
      "sentence_idx": 8,
      "partial_cot_length": 472,
      "total_forces": 1,
      "valid_answers": 1,
      "answer_distribution": {
        "A": 5.82655127861882e-05,
        "B": 6.602347568081455e-05,
        "C": 0.00033529487579824467,
        "D": 4.0045262261205456e-05,
        "E": 0.9995003708734734
      },
      "answer_counts": {
        "A": 5.82655127861882e-05,
        "B": 6.602347568081455e-05,
        "C": 0.00033529487579824467,
        "D": 4.0045262261205456e-05,
        "E": 0.9995003708734734
      },
      "most_common": "E"
    },
    {
      "sentence_idx": 50,
      "partial_cot_length": 1796,
      "total_forces": 1,
      "valid_answers": 1,
      "answer_distribution": {
        "A": 0.0002299590407148856,
        "B": 0.0006250937797330178,
        "C": 0.0016991810625310434,
        "D": 5.1310797582291724e-05,
        "E": 0.9973944553194388
      },
      "answer_counts": {
        "A": 0.0002299590407148856,
        "B": 0.0006250937797330178,
        "C": 0.0016991810625310434,
        "D": 5.1310797582291724e-05,
        "E": 0.9973944553194388
      },
      "most_common": "E"
    },
    {
      "sentence_idx": 54,
      "partial_cot_length": 1904,
      "total_forces": 1,
      "valid_answers": 1,
      "answer_distribution": {
        "A": 3.118351167283464e-05,
        "B": 0.00033525434518281115,
        "C": 0.00017944871971975015,
        "D": 7.480535573109763e-05,
        "E": 0.9993793080676936
      },
      "answer_counts": {
        "A": 3.118351167283464e-05,
        "B": 0.00033525434518281115,
        "C": 0.00017944871971975015,
        "D": 7.480535573109763e-05,
        "E": 0.9993793080676936
      },
      "most_common": "E"
    },
    {
      "sentence_idx": 59,
      "partial_cot_length": 2040,
      "total_forces": 1,
      "valid_answers": 1,
      "answer_distribution": {
        "A": 6.961751465280527e-06,
        "B": 3.535469117339695e-05,
        "C": 2.4298900198441543e-05,
        "D": 1.3006264031658195e-05,
        "E": 0.9999203783931312
      },
      "answer_counts": {
        "A": 6.961751465280527e-06,
        "B": 3.535469117339695e-05,
        "C": 2.4298900198441543e-05,
        "D": 1.3006264031658195e-05,
        "E": 0.9999203783931312
      },
      "most_common": "E"
    }
  ]
}