{
  "question_id": "bigbench_logical_deduction_0001",
  "question_type": "multiple_choice",
  "source_rollout_idx": 8,
  "num_sentences": 5,
  "correct_answer": "A",
  "sentence_summaries": [
    {
      "sentence_idx": 0,
      "partial_cot_length": 35,
      "total_forces": 1,
      "valid_answers": 1,
      "answer_distribution": {
        "A": 0.9948211431737921,
        "B": 5.117844119196888e-05,
        "C": 0.004606936460533497,
        "D": 3.517439393647447e-05,
        "E": 0.0004855675305460105
      },
      "answer_counts": {
        "A": 0.9948211431737921,
        "B": 5.117844119196888e-05,
        "C": 0.004606936460533497,
        "D": 3.517439393647447e-05,
        "E": 0.0004855675305460105
      },
      "most_common": "A"
    },
    {
      "sentence_idx": 43,
      "partial_cot_length": 2863,
      "total_forces": 1,
      "valid_answers": 1,
      "answer_distribution": {
        "A": 0.9845123345223153,
        "B": 0.00022698911720501046,
        "C": 0.007516843621637297,
        "D": 0.00022698911720501046,
        "E": 0.007516843621637297
      },
      "answer_counts": {
        "A": 0.9845123345223153,
        "B": 0.00022698911720501046,
        "C": 0.007516843621637297,
        "D": 0.00022698911720501046,
        "E": 0.007516843621637297
      },
      "most_common": "A"
    },
    {
      "sentence_idx": 45,
      "partial_cot_length": 3101,
      "total_forces": 1,
      "valid_answers": 1,
      "answer_distribution": {
        "A": 0.9959902908695751,
        "B": 0.0001084721049453397,
        "C": 0.0027975311241066406,
        "D": 7.455171477682118e-05,
        "E": 0.0010291541865960678
      },
      "answer_counts": {
        "A": 0.9959902908695751,
        "B": 0.0001084721049453397,
        "C": 0.0027975311241066406,
        "D": 7.455171477682118e-05,
        "E": 0.0010291541865960678
      },
      "most_common": "A"
    },
    {
      "sentence_idx": 161,
      "partial_cot_length": 9055,
      "total_forces": 1,
      "valid_answers": 1,
      "answer_distribution": {
        "A": 0.9998492306864291,
        "B": 1.8922649556691647e-05,
        "C": 0.00010889232977605638,
        "D": 1.1477167119131153e-05,
        "E": 1.1477167119131153e-05
      },
      "answer_counts": {
        "A": 0.9998492306864291,
        "B": 1.8922649556691647e-05,
        "C": 0.00010889232977605638,
        "D": 1.1477167119131153e-05,
        "E": 1.1477167119131153e-05
      },
      "most_common": "A"
    },
    {
      "sentence_idx": 271,
      "partial_cot_length": 13771,
      "total_forces": 1,
      "valid_answers": 1,
      "answer_distribution": {
        "A": 0.9999278745439271,
        "B": 2.26016611394254e-06,
        "C": 6.605173590658778e-05,
        "D": 1.5533879383993626e-06,
        "E": 2.26016611394254e-06
      },
      "answer_counts": {
        "A": 0.9999278745439271,
        "B": 2.26016611394254e-06,
        "C": 6.605173590658778e-05,
        "D": 1.5533879383993626e-06,
        "E": 2.26016611394254e-06
      },
      "most_common": "A"
    }
  ]
}