{
  "question_id": "bigbench_logical_deduction_0001",
  "method": "faithful_monitor",
  "prefix_length": 81,
  "keep_m": 3,
  "kl_to_baseline": 0.04898527117805826,
  "token_kl": 0.9145224374152521,
  "selected_indices": [
    14,
    18,
    49
  ],
  "distribution": {
    "A": 0.9443727594451177,
    "B": 0.0002795766713368414,
    "C": 0.05327787030231103,
    "D": 0.00024672554648967393,
    "E": 0.0018230680347447346
  }
}