{
  "question_id": "bigbench_logical_deduction_0009",
  "method": "faithful_monitor",
  "prefix_length": 34,
  "keep_m": 3,
  "kl_to_baseline": 1.3286845106924738,
  "token_kl": 0.14537393493314268,
  "selected_indices": [
    15,
    16,
    20
  ],
  "distribution": {
    "A": 0.39267815672177464,
    "B": 0.02215338434925714,
    "C": 0.34653723636436495,
    "D": 0.18548801617141297,
    "E": 0.053143206393190326
  }
}