{
  "question_id": "bigbench_logical_deduction_0009",
  "method": "faithful_monitor",
  "prefix_length": 63,
  "keep_m": 5,
  "kl_to_baseline": 3.966125282484334,
  "token_kl": 0.058043683209808856,
  "selected_indices": [
    12,
    15,
    20,
    31,
    56
  ],
  "distribution": {
    "A": 0.018879850814872902,
    "B": 0.7084612595778313,
    "C": 0.17912705851498045,
    "D": 0.0846136210466291,
    "E": 0.00891821004568615
  }
}