{
  "question_id": "bigbench_logical_deduction_0009",
  "method": "faithful_monitor",
  "prefix_length": 65,
  "keep_m": 15,
  "kl_to_baseline": 1.123395535962952,
  "token_kl": 0.020758380825717036,
  "selected_indices": [
    1,
    6,
    8,
    10,
    12,
    14,
    15,
    16,
    18,
    19,
    20,
    31,
    34,
    36,
    56
  ],
  "distribution": {
    "A": 0.322723923187551,
    "B": 0.02337804537172664,
    "C": 0.3656941143276307,
    "D": 0.19574195403599456,
    "E": 0.09246196307709716
  }
}