{
  "question_id": "bigbench_logical_deduction_0009",
  "method": "faithful_monitor",
  "prefix_length": 28,
  "keep_m": 10,
  "kl_to_baseline": 0.4550420068229213,
  "token_kl": 0.3442906282098704,
  "selected_indices": [
    1,
    6,
    8,
    10,
    12,
    14,
    15,
    16,
    18,
    20
  ],
  "distribution": {
    "A": 0.6040754998504555,
    "B": 0.012537187025120413,
    "C": 0.10497258175081244,
    "D": 0.22222695731034528,
    "E": 0.05618777406326635
  }
}