{
  "question_id": "bigbench_logical_deduction_0009",
  "method": "faithful_monitor",
  "prefix_length": 44,
  "keep_m": 20,
  "kl_to_baseline": 0.043618860517710856,
  "token_kl": 0.17237434207860808,
  "selected_indices": [
    0,
    1,
    2,
    4,
    6,
    8,
    10,
    12,
    13,
    14,
    15,
    16,
    17,
    18,
    19,
    20,
    28,
    30,
    31,
    36
  ],
  "distribution": {
    "A": 0.20432610321438904,
    "B": 0.02765252445827632,
    "C": 0.3817314163281613,
    "D": 0.123930046179135,
    "E": 0.2623599098200384
  }
}