{
  "question_id": "bigbench_logical_deduction_0001",
  "method": "faithful_monitor",
  "prefix_length": 129,
  "keep_m": 3,
  "kl_to_baseline": 0.03586530098680572,
  "token_kl": 0.41382385812817457,
  "selected_indices": [
    13,
    22,
    75
  ],
  "distribution": {
    "A": 0.9615805630637899,
    "B": 0.0012758063357146874,
    "C": 0.029037218360523025,
    "D": 0.005045911941339755,
    "E": 0.0030605002986326567
  }
}