{
  "question_id": "bigbench_logical_deduction_0001",
  "method": "faithful_monitor",
  "prefix_length": 62,
  "keep_m": 15,
  "kl_to_baseline": 0.003941381712118053,
  "token_kl": 0.13139741938808738,
  "selected_indices": [
    1,
    2,
    5,
    7,
    9,
    11,
    13,
    16,
    18,
    19,
    22,
    28,
    29,
    54,
    56
  ],
  "distribution": {
    "A": 0.9919042079165817,
    "B": 0.0010249321288053142,
    "C": 0.005205034834742414,
    "D": 0.0007044248636163002,
    "E": 0.0011614002562542309
  }
}