{
  "question_id": "bigbench_logical_deduction_0009",
  "method": "faithful_monitor",
  "prefix_length": 34,
  "keep_m": 5,
  "kl_to_baseline": 1.3804488174223652,
  "token_kl": 0.1743684824404208,
  "selected_indices": [
    10,
    12,
    18,
    20,
    28
  ],
  "distribution": {
    "A": 0.42792564995352006,
    "B": 0.035126278481254984,
    "C": 0.3776430831297624,
    "D": 0.10819655481774845,
    "E": 0.05110843361771407
  }
}