{
  "question_id": "bigbench_logical_deduction_0009",
  "method": "faithful_monitor",
  "prefix_length": 38,
  "keep_m": 15,
  "kl_to_baseline": 0.12591485053293078,
  "token_kl": 0.020978100346256003,
  "selected_indices": [
    0,
    1,
    6,
    8,
    10,
    12,
    14,
    15,
    16,
    17,
    18,
    19,
    20,
    28,
    31
  ],
  "distribution": {
    "A": 0.3174776800494191,
    "B": 0.005131547539885824,
    "C": 0.2801730692833556,
    "D": 0.24725186583018055,
    "E": 0.14996583729715893
  }
}