{
  "question_id": "bigbench_logical_deduction_0009",
  "method": "faithful_monitor",
  "prefix_length": 28,
  "keep_m": 15,
  "kl_to_baseline": 0.31292343616815566,
  "token_kl": 0.11349845918562347,
  "selected_indices": [
    0,
    1,
    2,
    4,
    6,
    8,
    10,
    12,
    14,
    15,
    16,
    17,
    18,
    19,
    20
  ],
  "distribution": {
    "A": 0.5824728289767632,
    "B": 0.025592066973378087,
    "C": 0.1472721770895194,
    "D": 0.1299672401183909,
    "E": 0.11469568684194832
  }
}