{
  "question_id": "bigbench_logical_deduction_0001",
  "method": "faithful_monitor",
  "prefix_length": 62,
  "keep_m": 5,
  "kl_to_baseline": 0.060769925934541905,
  "token_kl": 1.0057456363114492,
  "selected_indices": [
    14,
    42,
    20,
    49,
    56
  ],
  "distribution": {
    "A": 0.9334271946729099,
    "B": 0.002041863652178148,
    "C": 0.04647260251885999,
    "D": 0.00297089408374017,
    "E": 0.015087445072311752
  }
}