{
  "question_id": "bigbench_logical_deduction_0001",
  "method": "faithful_monitor",
  "prefix_length": 116,
  "keep_m": 3,
  "kl_to_baseline": 0.009580699751290946,
  "token_kl": 1.3220429613438116,
  "selected_indices": [
    13,
    22,
    75
  ],
  "distribution": {
    "A": 0.9804558759588249,
    "B": 0.0010131028074732383,
    "C": 0.015847594278141426,
    "D": 0.0016703241480871445,
    "E": 0.0010131028074732383
  }
}