{
  "question_id": "bigbench_logical_deduction_0001",
  "method": "faithful_monitor",
  "prefix_length": 83,
  "keep_m": 20,
  "kl_to_baseline": 0.01121242851245971,
  "token_kl": 0.6565198356837672,
  "selected_indices": [
    1,
    5,
    7,
    9,
    11,
    12,
    13,
    14,
    16,
    18,
    19,
    20,
    22,
    24,
    28,
    29,
    54,
    56,
    57,
    75
  ],
  "distribution": {
    "A": 0.9841391886386099,
    "B": 0.0002913492486582623,
    "C": 0.008514473122238641,
    "D": 0.0004239106554532352,
    "E": 0.006631078335039883
  }
}