{
  "question_id": "bigbench_logical_deduction_0009",
  "method": "faithful_monitor",
  "prefix_length": 53,
  "keep_m": 10,
  "kl_to_baseline": 0.42539007013682295,
  "token_kl": 0.0696679253254588,
  "selected_indices": [
    6,
    8,
    15,
    16,
    18,
    20,
    31,
    34,
    35,
    36
  ],
  "distribution": {
    "A": 0.24499195261564954,
    "B": 0.061943666274756434,
    "C": 0.587705177380397,
    "D": 0.07953724189961055,
    "E": 0.025821961829586477
  }
}