{
  "question_id": "bigbench_logical_deduction_0009",
  "method": "faithful_monitor",
  "prefix_length": 25,
  "keep_m": 5,
  "kl_to_baseline": 0.48163494398633877,
  "token_kl": 0.08256704055729465,
  "selected_indices": [
    1,
    10,
    12,
    17,
    19
  ],
  "distribution": {
    "A": 0.2892554593992626,
    "B": 0.004126007532326118,
    "C": 0.25526704697553343,
    "D": 0.4208641849719098,
    "E": 0.03048730112096811
  }
}