{
  "question_id": "bigbench_logical_deduction_0009",
  "method": "faithful_monitor",
  "prefix_length": 28,
  "keep_m": 20,
  "kl_to_baseline": 0.052734327512290874,
  "token_kl": 0.039214917548042905,
  "selected_indices": [
    0,
    1,
    2,
    3,
    4,
    6,
    8,
    9,
    10,
    12,
    13,
    14,
    15,
    16,
    17,
    18,
    19,
    20,
    21,
    22
  ],
  "distribution": {
    "A": 0.18285624915646276,
    "B": 0.015009758538984416,
    "C": 0.09787589713711266,
    "D": 0.20720327586524792,
    "E": 0.4970548193021923
  }
}