{
  "question_id": "bookworm_nm",
  "method": "faithful_monitor",
  "prefix_length": 55,
  "keep_m": 10,
  "kl_to_baseline": 0.08911617622145739,
  "token_kl": 0.0011527289384926987,
  "selected_indices": [
    1,
    2,
    3,
    5,
    11,
    14,
    18,
    20,
    27,
    41
  ],
  "distribution": {
    "A": 0.22270013882530884,
    "B": 0.7772998611746911
  }
}