{
  "question_id": "bookworm_nm",
  "method": "faithful_monitor",
  "prefix_length": 100,
  "keep_m": 3,
  "kl_to_baseline": 0.019613533200002073,
  "token_kl": 0.1341181317930046,
  "selected_indices": [
    20,
    69,
    94
  ],
  "distribution": {
    "A": 0.03732688600549891,
    "B": 0.9626731139945011
  }
}