{
  "question_id": "bookworm_nm",
  "method": "faithful_monitor",
  "prefix_length": 101,
  "keep_m": 10,
  "kl_to_baseline": 0.1682339749685806,
  "token_kl": 0.1815910801624475,
  "selected_indices": [
    2,
    3,
    4,
    5,
    11,
    18,
    20,
    27,
    69,
    92
  ],
  "distribution": {
    "A": 0.18242550602671442,
    "B": 0.8175744939732856
  }
}