{
  "question_id": "bookworm_nm",
  "method": "faithful_monitor",
  "prefix_length": 54,
  "keep_m": 5,
  "kl_to_baseline": 1.226758151226727,
  "token_kl": 0.012292016803683673,
  "selected_indices": [
    2,
    11,
    17,
    27,
    44
  ],
  "distribution": {
    "A": 0.7772998611746911,
    "B": 0.22270013882530884
  }
}