{
  "question_id": "bookworm_nm",
  "method": "faithful_monitor",
  "prefix_length": 68,
  "keep_m": 5,
  "kl_to_baseline": 0.3027904954527043,
  "token_kl": 0.0947031202453191,
  "selected_indices": [
    2,
    3,
    11,
    20,
    51
  ],
  "distribution": {
    "A": 0.32082130082460697,
    "B": 0.679178699175393
  }
}