{
  "question_id": "bookworm_nm",
  "method": "faithful_monitor",
  "prefix_length": 65,
  "keep_m": 3,
  "kl_to_baseline": 0.7889406278944211,
  "token_kl": 0.2140640823144142,
  "selected_indices": [
    11,
    20,
    27
  ],
  "distribution": {
    "A": 0.6513548646660542,
    "B": 0.34864513533394575
  }
}