{
  "question_id": "bookworm_nm",
  "method": "faithful_monitor",
  "prefix_length": 62,
  "keep_m": 3,
  "kl_to_baseline": 1.1180781974719658,
  "token_kl": 0.2655923679459418,
  "selected_indices": [
    11,
    18,
    27
  ],
  "distribution": {
    "A": 0.743168019989179,
    "B": 0.256831980010821
  }
}