{
  "question_id": "bookworm_nm",
  "method": "faithful_monitor",
  "prefix_length": 35,
  "keep_m": 5,
  "kl_to_baseline": 0.1328121257656953,
  "token_kl": 0.15774270041695726,
  "selected_indices": [
    9,
    11,
    18,
    20,
    27
  ],
  "distribution": {
    "A": 0.24508500210441886,
    "B": 0.754914997895581
  }
}