{
  "question_id": "bookworm_nm",
  "method": "faithful_monitor",
  "prefix_length": 34,
  "keep_m": 15,
  "kl_to_baseline": 0.5337934215233019,
  "token_kl": 0.10381523944459058,
  "selected_indices": [
    1,
    2,
    3,
    4,
    5,
    8,
    9,
    11,
    12,
    14,
    17,
    20,
    22,
    26,
    27
  ],
  "distribution": {
    "A": 0.5,
    "B": 0.5
  }
}