{
  "question_id": "bookworm_nm",
  "method": "faithful_monitor",
  "prefix_length": 87,
  "keep_m": 5,
  "kl_to_baseline": 0.2858423561554501,
  "token_kl": 0.28748483268340735,
  "selected_indices": [
    11,
    18,
    26,
    69,
    78
  ],
  "distribution": {
    "A": 0.2689414213699951,
    "B": 0.7310585786300049
  }
}