{
  "question_id": "bookworm_nm",
  "method": "faithful_monitor",
  "prefix_length": 75,
  "keep_m": 3,
  "kl_to_baseline": 0.5573793463860427,
  "token_kl": 0.2883526524773152,
  "selected_indices": [
    11,
    20,
    69
  ],
  "distribution": {
    "A": 0.4378234991142019,
    "B": 0.5621765008857981
  }
}