{
  "question_id": "bookworm_nm",
  "method": "faithful_monitor",
  "prefix_length": 100,
  "keep_m": 5,
  "kl_to_baseline": 0.06465537435289008,
  "token_kl": 0.16047082697341822,
  "selected_indices": [
    11,
    20,
    41,
    69,
    92
  ],
  "distribution": {
    "A": 0.0850990357257195,
    "B": 0.9149009642742806
  }
}