{
  "question_id": "bookworm_nm",
  "method": "faithful_monitor",
  "prefix_length": 69,
  "keep_m": 10,
  "kl_to_baseline": 0.12893918649485805,
  "token_kl": 0.04395918747433827,
  "selected_indices": [
    1,
    2,
    3,
    4,
    5,
    11,
    17,
    18,
    20,
    63
  ],
  "distribution": {
    "A": 0.1480472055495773,
    "B": 0.8519527944504226
  }
}