{
  "question_id": "bookworm_nm",
  "method": "faithful_monitor",
  "prefix_length": 39,
  "keep_m": 20,
  "kl_to_baseline": 0.04979062663068437,
  "token_kl": 0.08007724649387786,
  "selected_indices": [
    0,
    1,
    2,
    3,
    4,
    5,
    6,
    7,
    8,
    9,
    10,
    11,
    13,
    14,
    15,
    16,
    17,
    18,
    20,
    27
  ],
  "distribution": {
    "A": 0.06008664933244599,
    "B": 0.939913350667554
  }
}