{
  "question_id": "bookworm_nm",
  "method": "faithful_monitor",
  "prefix_length": 101,
  "keep_m": 3,
  "kl_to_baseline": 0.022132811333391345,
  "token_kl": 0.11806699117215459,
  "selected_indices": [
    20,
    69,
    94
  ],
  "distribution": {
    "A": 0.042087725512577126,
    "B": 0.957912274487423
  }
}