{
  "question_id": "dilemma_45012",
  "method": "faithful_monitor",
  "prefix_length": 36,
  "keep_m": 10,
  "kl_to_baseline": 0.005747365546698975,
  "token_kl": 0.23390924514170083,
  "selected_indices": [
    0,
    2,
    3,
    5,
    8,
    9,
    11,
    15,
    20,
    27
  ],
  "distribution": {
    "A": 0.010986942478793704,
    "B": 0.9890130575212062
  }
}