{
  "question_id": "dilemma_32747",
  "method": "faithful_monitor",
  "prefix_length": 21,
  "keep_m": 15,
  "kl_to_baseline": 3.6557770236747574e-06,
  "token_kl": 0.025091919085450002,
  "selected_indices": [
    0,
    1,
    2,
    3,
    4,
    5,
    6,
    8,
    9,
    10,
    11,
    12,
    13,
    14,
    15
  ],
  "distribution": {
    "A": 0.00043055702901827615,
    "B": 0.9995694429709818
  }
}