{
  "question_id": "dilemma_32747",
  "method": "faithful_monitor",
  "prefix_length": 40,
  "keep_m": 3,
  "kl_to_baseline": 0.001435913593873106,
  "token_kl": 1.1822225232181987,
  "selected_indices": [
    11,
    19,
    32
  ],
  "distribution": {
    "A": 0.0035936034251185488,
    "B": 0.9964063965748814
  }
}