{
  "question_id": "dilemma_3081",
  "method": "faithful_monitor",
  "prefix_length": 49,
  "keep_m": 20,
  "kl_to_baseline": 0.02615136504643363,
  "token_kl": 0.13716347520210845,
  "selected_indices": [
    0,
    2,
    3,
    4,
    5,
    6,
    8,
    9,
    10,
    12,
    15,
    18,
    20,
    21,
    23,
    28,
    34,
    35,
    36,
    37
  ],
  "distribution": {
    "A": 0.22270012850745968,
    "B": 0.7772998714925403
  }
}