{
  "question_id": "dilemma_19599",
  "method": "faithful_monitor",
  "prefix_length": 20,
  "keep_m": 5,
  "kl_to_baseline": 0.015945347624253647,
  "token_kl": 2.879045975481188,
  "selected_indices": [
    1,
    3,
    4,
    10,
    11
  ],
  "distribution": {
    "A": 0.7057850278370112,
    "B": 0.29421497216298875
  }
}