{
  "question_id": "dilemma_12903",
  "method": "faithful_monitor",
  "prefix_length": 43,
  "keep_m": 15,
  "kl_to_baseline": 0.007721885479231923,
  "token_kl": 0.15220162425063247,
  "selected_indices": [
    1,
    2,
    3,
    4,
    5,
    7,
    8,
    9,
    10,
    18,
    19,
    24,
    26,
    28,
    31
  ],
  "distribution": {
    "A": 0.5926665999540697,
    "B": 0.4073334000459302
  }
}