{
  "question_id": "dilemma_23322",
  "method": "faithful_monitor",
  "prefix_length": 29,
  "keep_m": 3,
  "kl_to_baseline": 0.015744755922217895,
  "token_kl": 0.6171756960116981,
  "selected_indices": [
    5,
    9,
    16
  ],
  "distribution": {
    "A": 0.06008665480259672,
    "B": 0.9399133451974032
  }
}