{
  "question_id": "dilemma_3081",
  "method": "faithful_monitor",
  "prefix_length": 52,
  "keep_m": 20,
  "kl_to_baseline": 0.010490774677701223,
  "token_kl": 0.07708845823742483,
  "selected_indices": [
    0,
    2,
    3,
    4,
    5,
    6,
    8,
    9,
    10,
    11,
    12,
    18,
    19,
    20,
    21,
    23,
    28,
    34,
    35,
    46
  ],
  "distribution": {
    "A": 0.22270013882530884,
    "B": 0.7772998611746911
  }
}