{
  "question_id": "dilemma_25447",
  "method": "faithful_monitor",
  "prefix_length": 35,
  "keep_m": 10,
  "kl_to_baseline": 0.09085142320672693,
  "token_kl": 0.3863153496257091,
  "selected_indices": [
    1,
    2,
    4,
    6,
    7,
    15,
    17,
    19,
    21,
    29
  ],
  "distribution": {
    "A": 0.8670357649558007,
    "B": 0.13296423504419938
  }
}