{
  "question_id": "dilemma_3297",
  "method": "faithful_monitor",
  "prefix_length": 24,
  "keep_m": 5,
  "kl_to_baseline": 0.09386831505453368,
  "token_kl": 0.21570658241850335,
  "selected_indices": [
    1,
    2,
    5,
    9,
    18
  ],
  "distribution": {
    "A": 0.2689414330889798,
    "B": 0.7310585669110203
  }
}