{
  "question_id": "dilemma_24577",
  "method": "faithful_monitor",
  "prefix_length": 19,
  "keep_m": 3,
  "kl_to_baseline": 0.2946636903450568,
  "token_kl": 0.4343249032651502,
  "selected_indices": [
    3,
    4,
    5
  ],
  "distribution": {
    "A": 0.622459324198198,
    "B": 0.37754067580180184
  }
}