{
  "question_id": "dilemma_2081",
  "method": "faithful_monitor",
  "prefix_length": 36,
  "keep_m": 5,
  "kl_to_baseline": 0.10925133034001255,
  "token_kl": 0.17447845052876595,
  "selected_indices": [
    12,
    15,
    20,
    21,
    23
  ],
  "distribution": {
    "A": 0.37754066879814546,
    "B": 0.6224593312018546
  }
}