{
  "question_id": "dilemma_12903",
  "method": "faithful_monitor",
  "prefix_length": 37,
  "keep_m": 10,
  "kl_to_baseline": 0.060227274416008766,
  "token_kl": 0.2115405667779292,
  "selected_indices": [
    5,
    7,
    8,
    9,
    10,
    18,
    19,
    24,
    26,
    31
  ],
  "distribution": {
    "A": 0.8807970889295664,
    "B": 0.11920291107043361
  }
}