{
  "question_id": "dilemma_2081",
  "method": "faithful_monitor",
  "prefix_length": 18,
  "keep_m": 10,
  "kl_to_baseline": 0.0011040850018887612,
  "token_kl": 0.024057447855654984,
  "selected_indices": [
    0,
    2,
    4,
    5,
    6,
    8,
    9,
    10,
    11,
    12
  ],
  "distribution": {
    "A": 0.18242552602881168,
    "B": 0.8175744739711884
  }
}