{
  "question_id": "dilemma_32747",
  "method": "faithful_monitor",
  "prefix_length": 26,
  "keep_m": 5,
  "kl_to_baseline": 0.0016380496491817406,
  "token_kl": 1.1382685555401786,
  "selected_indices": [
    2,
    11,
    14,
    17,
    19
  ],
  "distribution": {
    "A": 0.004609571683681904,
    "B": 0.9953904283163181
  }
}