{
  "question_id": "dilemma_12903",
  "method": "faithful_monitor",
  "prefix_length": 33,
  "keep_m": 5,
  "kl_to_baseline": 0.42329882587216805,
  "token_kl": 0.19521174715646966,
  "selected_indices": [
    5,
    8,
    18,
    24,
    26
  ],
  "distribution": {
    "A": 0.5926665999540697,
    "B": 0.4073334000459302
  }
}