{
  "question_id": "dilemma_12903",
  "method": "faithful_monitor",
  "prefix_length": 34,
  "keep_m": 5,
  "kl_to_baseline": 0.7578330826033266,
  "token_kl": 0.24029505491548403,
  "selected_indices": [
    7,
    8,
    9,
    24,
    26
  ],
  "distribution": {
    "A": 0.9046505286741726,
    "B": 0.09534947132582737
  }
}