{
  "question_id": "dilemma_15721",
  "method": "faithful_monitor",
  "prefix_length": 27,
  "keep_m": 10,
  "kl_to_baseline": 0.3420786525599304,
  "token_kl": 0.16119395007988205,
  "selected_indices": [
    2,
    4,
    7,
    8,
    10,
    13,
    15,
    17,
    19,
    20
  ],
  "distribution": {
    "A": 0.3486451488696663,
    "B": 0.6513548511303336
  }
}