{
  "question_id": "dilemma_3081",
  "method": "faithful_monitor",
  "prefix_length": 33,
  "keep_m": 20,
  "kl_to_baseline": 2.821474440083771e-17,
  "token_kl": 0.04709407441362378,
  "selected_indices": [
    0,
    2,
    3,
    4,
    5,
    6,
    7,
    8,
    9,
    10,
    11,
    12,
    15,
    17,
    18,
    19,
    20,
    21,
    23,
    26
  ],
  "distribution": {
    "A": 0.24508500761839525,
    "B": 0.7549149923816048
  }
}