{
  "question_id": "dilemma_32747",
  "method": "faithful_monitor",
  "prefix_length": 32,
  "keep_m": 15,
  "kl_to_baseline": 0.004086919380907693,
  "token_kl": 0.16035137724349885,
  "selected_indices": [
    1,
    2,
    3,
    8,
    9,
    10,
    11,
    12,
    13,
    14,
    15,
    16,
    17,
    19,
    22
  ],
  "distribution": {
    "A": 0.0052201248568884894,
    "B": 0.9947798751431116
  }
}