{
  "question_id": "dilemma_15721",
  "method": "faithful_monitor",
  "prefix_length": 21,
  "keep_m": 15,
  "kl_to_baseline": 0.0004705636469318898,
  "token_kl": 0.0050356271254701325,
  "selected_indices": [
    0,
    2,
    3,
    4,
    5,
    6,
    7,
    8,
    9,
    10,
    11,
    12,
    13,
    14,
    15
  ],
  "distribution": {
    "A": 0.017986210685877357,
    "B": 0.9820137893141225
  }
}