{
  "question_id": "dilemma_25447",
  "method": "faithful_monitor",
  "prefix_length": 24,
  "keep_m": 5,
  "kl_to_baseline": 0.06317446748690259,
  "token_kl": 0.8661471248633538,
  "selected_indices": [
    1,
    6,
    7,
    15,
    17
  ],
  "distribution": {
    "A": 0.679178699175393,
    "B": 0.32082130082460697
  }
}