{
  "question_id": "dilemma_12903",
  "method": "faithful_monitor",
  "prefix_length": 37,
  "keep_m": 20,
  "kl_to_baseline": 0.3578625689126943,
  "token_kl": 0.16280941591300702,
  "selected_indices": [
    1,
    2,
    3,
    4,
    5,
    7,
    8,
    9,
    10,
    11,
    13,
    14,
    16,
    18,
    19,
    21,
    22,
    24,
    26,
    31
  ],
  "distribution": {
    "A": 0.9740426401649208,
    "B": 0.025957359835079137
  }
}