{
  "question_id": "dilemma_12903",
  "method": "faithful_monitor",
  "prefix_length": 29,
  "keep_m": 15,
  "kl_to_baseline": 0.17009263265338956,
  "token_kl": 0.06067782044528277,
  "selected_indices": [
    1,
    2,
    3,
    5,
    7,
    8,
    9,
    10,
    11,
    13,
    14,
    16,
    18,
    19,
    22
  ],
  "distribution": {
    "A": 0.46879062662624377,
    "B": 0.5312093733737563
  }
}