{
  "question_id": "dilemma_24577",
  "method": "faithful_monitor",
  "prefix_length": 40,
  "keep_m": 15,
  "kl_to_baseline": 0.09477705414255624,
  "token_kl": 0.30836591822709297,
  "selected_indices": [
    1,
    2,
    3,
    4,
    6,
    9,
    10,
    12,
    14,
    17,
    18,
    21,
    29,
    31,
    33
  ],
  "distribution": {
    "A": 0.9046505267461572,
    "B": 0.0953494732538428
  }
}