{
  "question_id": "dilemma_24577",
  "method": "faithful_monitor",
  "prefix_length": 34,
  "keep_m": 20,
  "kl_to_baseline": 0.07280528526748528,
  "token_kl": 0.10062568951491371,
  "selected_indices": [
    1,
    2,
    3,
    4,
    5,
    6,
    7,
    9,
    10,
    12,
    14,
    15,
    17,
    19,
    21,
    22,
    24,
    25,
    26,
    28
  ],
  "distribution": {
    "A": 0.29421496597446145,
    "B": 0.7057850340255386
  }
}