{
  "question_id": "dilemma_3297",
  "method": "faithful_monitor",
  "prefix_length": 24,
  "keep_m": 15,
  "kl_to_baseline": 0.0006970381414239286,
  "token_kl": 0.010087357993727791,
  "selected_indices": [
    0,
    1,
    2,
    3,
    5,
    6,
    7,
    8,
    9,
    13,
    14,
    15,
    16,
    17,
    18
  ],
  "distribution": {
    "A": 0.10669059962643358,
    "B": 0.8933094003735664
  }
}