{
  "question_id": "dilemma_3081",
  "method": "faithful_monitor",
  "prefix_length": 17,
  "keep_m": 5,
  "kl_to_baseline": 0.04177319192755287,
  "token_kl": 0.11185749997168701,
  "selected_indices": [
    2,
    3,
    6,
    8,
    10
  ],
  "distribution": {
    "A": 0.4073334000459302,
    "B": 0.5926665999540697
  }
}