{
  "question_id": "dilemma_31754",
  "method": "faithful_monitor",
  "prefix_length": 28,
  "keep_m": 10,
  "kl_to_baseline": 5.184094357417065e-16,
  "token_kl": 0.12681425123081472,
  "selected_indices": [
    0,
    1,
    2,
    3,
    4,
    5,
    7,
    10,
    17,
    19
  ],
  "distribution": {
    "A": 0.3486451421018059,
    "B": 0.651354857898194
  }
}