{
  "question_id": "dilemma_24577",
  "method": "faithful_monitor",
  "prefix_length": 32,
  "keep_m": 15,
  "kl_to_baseline": 0.6676127051230059,
  "token_kl": 0.07196365851034925,
  "selected_indices": [
    1,
    2,
    3,
    4,
    5,
    7,
    9,
    10,
    11,
    14,
    15,
    17,
    19,
    21,
    22
  ],
  "distribution": {
    "A": 0.6224593312018546,
    "B": 0.37754066879814546
  }
}