{
  "question_id": "dilemma_3081",
  "method": "faithful_monitor",
  "prefix_length": 46,
  "keep_m": 20,
  "kl_to_baseline": 0.0010145832722309196,
  "token_kl": 0.17781996852543872,
  "selected_indices": [
    0,
    2,
    3,
    4,
    5,
    6,
    8,
    9,
    10,
    11,
    12,
    19,
    20,
    21,
    23,
    26,
    28,
    34,
    36,
    37
  ],
  "distribution": {
    "A": 0.16451645470385742,
    "B": 0.8354835452961425
  }
}