{
  "question_id": "dilemma_45012",
  "method": "faithful_monitor",
  "prefix_length": 35,
  "keep_m": 10,
  "kl_to_baseline": 0.002264074530051151,
  "token_kl": 0.09898376064645367,
  "selected_indices": [
    0,
    2,
    3,
    5,
    6,
    8,
    9,
    11,
    15,
    27
  ],
  "distribution": {
    "A": 0.008577486086902267,
    "B": 0.9914225139130977
  }
}