{
  "question_id": "dilemma_2081",
  "method": "faithful_monitor",
  "prefix_length": 35,
  "keep_m": 20,
  "kl_to_baseline": 0.02615136879444417,
  "token_kl": 0.03674946557091159,
  "selected_indices": [
    0,
    2,
    4,
    5,
    6,
    7,
    8,
    9,
    10,
    11,
    12,
    14,
    15,
    17,
    18,
    19,
    20,
    21,
    22,
    29
  ],
  "distribution": {
    "A": 0.22270013366638422,
    "B": 0.7772998663336157
  }
}