{
  "question_id": "dilemma_3081",
  "method": "faithful_monitor",
  "prefix_length": 53,
  "keep_m": 20,
  "kl_to_baseline": 0.012169070867389574,
  "token_kl": 0.09231123189282524,
  "selected_indices": [
    0,
    2,
    3,
    4,
    5,
    6,
    8,
    10,
    11,
    12,
    18,
    20,
    21,
    23,
    26,
    28,
    29,
    34,
    35,
    41
  ],
  "distribution": {
    "A": 0.2689414096510108,
    "B": 0.7310585903489892
  }
}