{
  "question_id": "dilemma_32747",
  "method": "faithful_monitor",
  "prefix_length": 33,
  "keep_m": 20,
  "kl_to_baseline": 0.0011191371354924186,
  "token_kl": 0.11498451818869669,
  "selected_indices": [
    1,
    2,
    3,
    8,
    9,
    11,
    12,
    13,
    14,
    15,
    16,
    17,
    18,
    19,
    20,
    21,
    22,
    24,
    25,
    27
  ],
  "distribution": {
    "A": 0.0028009263571255436,
    "B": 0.9971990736428745
  }
}