{
  "question_id": "dilemma_15721",
  "method": "faithful_monitor",
  "prefix_length": 26,
  "keep_m": 20,
  "kl_to_baseline": 0.004180820344822627,
  "token_kl": 0.0038946999905534567,
  "selected_indices": [
    0,
    2,
    3,
    4,
    5,
    6,
    7,
    8,
    9,
    10,
    11,
    12,
    13,
    14,
    15,
    16,
    17,
    18,
    19,
    20
  ],
  "distribution": {
    "A": 0.04742587788985982,
    "B": 0.9525741221101401
  }
}