{
  "question_id": "dilemma_2081",
  "method": "faithful_monitor",
  "prefix_length": 21,
  "keep_m": 15,
  "kl_to_baseline": 0.009670804112457188,
  "token_kl": 0.004506311866917113,
  "selected_indices": [
    0,
    2,
    3,
    4,
    5,
    6,
    7,
    8,
    9,
    10,
    11,
    12,
    13,
    14,
    15
  ],
  "distribution": {
    "A": 0.20181322466072713,
    "B": 0.798186775339273
  }
}