{
  "question_id": "dilemma_3081",
  "method": "faithful_monitor",
  "prefix_length": 45,
  "keep_m": 15,
  "kl_to_baseline": 0.0034954052146756766,
  "token_kl": 0.1032583283147996,
  "selected_indices": [
    0,
    2,
    3,
    5,
    6,
    8,
    10,
    12,
    18,
    20,
    21,
    23,
    28,
    34,
    35
  ],
  "distribution": {
    "A": 0.14804719051380197,
    "B": 0.851952809486198
  }
}