{
  "question_id": "dilemma_15721",
  "method": "faithful_monitor",
  "prefix_length": 18,
  "keep_m": 3,
  "kl_to_baseline": 0.11887745450606724,
  "token_kl": 0.12331397092864248,
  "selected_indices": [
    2,
    4,
    11
  ],
  "distribution": {
    "A": 0.16451646494473965,
    "B": 0.8354835350552604
  }
}