{
  "question_id": "dilemma_24577",
  "method": "faithful_monitor",
  "prefix_length": 36,
  "keep_m": 10,
  "kl_to_baseline": 0.42134997241682287,
  "token_kl": 0.6436698742975369,
  "selected_indices": [
    1,
    2,
    3,
    4,
    6,
    10,
    14,
    18,
    21,
    29
  ],
  "distribution": {
    "A": 0.9241418257242036,
    "B": 0.07585817427579646
  }
}