{
  "question_id": "dilemma_2081",
  "method": "faithful_monitor",
  "prefix_length": 25,
  "keep_m": 5,
  "kl_to_baseline": 0.2850339221664726,
  "token_kl": 0.8422341411300135,
  "selected_indices": [
    2,
    4,
    6,
    8,
    12
  ],
  "distribution": {
    "A": 0.4378234991142019,
    "B": 0.5621765008857981
  }
}