{
  "question_id": "dilemma_24577",
  "method": "faithful_monitor",
  "prefix_length": 35,
  "keep_m": 15,
  "kl_to_baseline": 0.9688683487446762,
  "token_kl": 0.25027878323092334,
  "selected_indices": [
    1,
    2,
    3,
    4,
    5,
    6,
    7,
    9,
    10,
    11,
    14,
    16,
    17,
    19,
    29
  ],
  "distribution": {
    "A": 0.7310585786300049,
    "B": 0.2689414213699951
  }
}