{
  "question_id": "dilemma_31754",
  "method": "faithful_monitor",
  "prefix_length": 30,
  "keep_m": 5,
  "kl_to_baseline": 0.15807301593453943,
  "token_kl": 0.2756257617816221,
  "selected_indices": [
    2,
    3,
    8,
    17,
    24
  ],
  "distribution": {
    "A": 0.851952809486198,
    "B": 0.14804719051380197
  }
}