{
  "question_id": "dilemma_24577",
  "method": "faithful_monitor",
  "prefix_length": 16,
  "keep_m": 3,
  "kl_to_baseline": 0.22570037459884104,
  "token_kl": 0.7053702242274729,
  "selected_indices": [
    2,
    4,
    10
  ],
  "distribution": {
    "A": 0.6513548646660542,
    "B": 0.34864513533394575
  }
}