{
  "question_id": "dilemma_15721",
  "method": "faithful_monitor",
  "prefix_length": 35,
  "keep_m": 10,
  "kl_to_baseline": 0.02359185793633513,
  "token_kl": 0.1881060242681292,
  "selected_indices": [
    0,
    2,
    4,
    9,
    10,
    13,
    15,
    17,
    19,
    20
  ],
  "distribution": {
    "A": 0.32082130082460697,
    "B": 0.679178699175393
  }
}