{
  "question_id": "dilemma_3081",
  "method": "faithful_monitor",
  "prefix_length": 16,
  "keep_m": 10,
  "kl_to_baseline": 0.006373963172910432,
  "token_kl": 0.04373419873972214,
  "selected_indices": [
    0,
    2,
    3,
    4,
    5,
    6,
    7,
    8,
    9,
    10
  ],
  "distribution": {
    "A": 0.32082129433083023,
    "B": 0.6791787056691698
  }
}