{
  "question_id": "gpqa_gpqa_diamond_0002",
  "method": "faithful_monitor",
  "prefix_length": 37,
  "keep_m": 15,
  "kl_to_baseline": 0.21240674139575516,
  "token_kl": 0.14681392586786823,
  "selected_indices": [
    0,
    1,
    3,
    5,
    7,
    8,
    9,
    10,
    11,
    12,
    13,
    16,
    19,
    21,
    24
  ],
  "distribution": {
    "A": 0.28108825044289903,
    "B": 0.21891174955710094,
    "C": 0.28108825044289903,
    "D": 0.21891174955710094
  }
}