{
  "question_id": "gpqa_gpqa_diamond_0023",
  "method": "faithful_monitor",
  "prefix_length": 314,
  "keep_m": 3,
  "kl_to_baseline": 0.19044848962081606,
  "token_kl": 0.38053827951988534,
  "selected_indices": [
    28,
    66,
    291
  ],
  "distribution": {
    "A": 0.5731662979611333,
    "B": 0.18607986393095685,
    "C": 0.12789069547862955,
    "D": 0.11286314262928031
  }
}