{
  "question_id": "gpqa_gpqa_diamond_0023",
  "method": "faithful_monitor",
  "prefix_length": 164,
  "keep_m": 5,
  "kl_to_baseline": 0.11826786122661415,
  "token_kl": 0.45397526313525327,
  "selected_indices": [
    1,
    6,
    24,
    28,
    66
  ],
  "distribution": {
    "A": 0.5701639411223154,
    "B": 0.09307671029908504,
    "C": 0.2376797062109206,
    "D": 0.09907964236767888
  }
}