{
  "question_id": "gpqa_gpqa_diamond_0023",
  "method": "faithful_monitor",
  "prefix_length": 336,
  "keep_m": 15,
  "kl_to_baseline": 0.05554357437209861,
  "token_kl": 1.3378378091461784,
  "selected_indices": [
    1,
    2,
    3,
    4,
    6,
    11,
    14,
    33,
    35,
    39,
    45,
    59,
    66,
    79,
    311
  ],
  "distribution": {
    "A": 0.6400597094819422,
    "B": 0.2077969515543172,
    "C": 0.11122569313085524,
    "D": 0.04091764583288535
  }
}