{
  "question_id": "gpqa_gpqa_diamond_0031",
  "method": "faithful_monitor",
  "prefix_length": 88,
  "keep_m": 10,
  "kl_to_baseline": 0.06325796448528413,
  "token_kl": 0.19132890334619237,
  "selected_indices": [
    1,
    5,
    7,
    10,
    15,
    16,
    22,
    54,
    65,
    67
  ],
  "distribution": {
    "A": 0.8962680676401679,
    "B": 0.014486822549754315,
    "C": 0.044622554905038914,
    "D": 0.044622554905038914
  }
}