{
  "question_id": "gpqa_gpqa_diamond_0017",
  "method": "faithful_monitor",
  "prefix_length": 36,
  "keep_m": 5,
  "kl_to_baseline": 0.02067052394299211,
  "token_kl": 0.0982292014172718,
  "selected_indices": [
    4,
    10,
    12,
    14,
    29
  ],
  "distribution": {
    "A": 0.8202677279472111,
    "B": 0.04083872605980466,
    "C": 0.08645558374704694,
    "D": 0.052437962245937206
  }
}