{
  "question_id": "gpqa_gpqa_diamond_0023",
  "method": "faithful_monitor",
  "prefix_length": 339,
  "keep_m": 3,
  "kl_to_baseline": 0.10762421821521034,
  "token_kl": 0.6488377658237521,
  "selected_indices": [
    6,
    28,
    311
  ],
  "distribution": {
    "A": 0.4039766927120693,
    "B": 0.2162331416294394,
    "C": 0.2776488497824403,
    "D": 0.10214131587605085
  }
}