{
  "question_id": "gpqa_gpqa_diamond_0023",
  "method": "faithful_monitor",
  "prefix_length": 308,
  "keep_m": 3,
  "kl_to_baseline": 0.16331601795210704,
  "token_kl": 0.49605668969196665,
  "selected_indices": [
    6,
    28,
    66
  ],
  "distribution": {
    "A": 0.47617857641384276,
    "B": 0.17517629814761607,
    "C": 0.2548800098493797,
    "D": 0.09376511558916154
  }
}