{
  "question_id": "gpqa_gpqa_diamond_0001",
  "method": "faithful_monitor",
  "prefix_length": 368,
  "keep_m": 5,
  "kl_to_baseline": 0.057591248635474136,
  "token_kl": 1.5690087744956163,
  "selected_indices": [
    11,
    51,
    62,
    66,
    295
  ],
  "distribution": {
    "A": 0.30534905516285177,
    "B": 0.16344157146339197,
    "C": 0.18520356387055378,
    "D": 0.3460058095032025
  }
}