{
  "question_id": "gpqa_gpqa_diamond_0023",
  "method": "faithful_monitor",
  "prefix_length": 262,
  "keep_m": 15,
  "kl_to_baseline": 0.01847215783428236,
  "token_kl": 1.6741262965251344,
  "selected_indices": [
    1,
    2,
    3,
    4,
    6,
    10,
    11,
    14,
    24,
    28,
    36,
    45,
    59,
    66,
    75
  ],
  "distribution": {
    "A": 0.5786281812670064,
    "B": 0.10055050684360375,
    "C": 0.2733246155953149,
    "D": 0.04749669629407491
  }
}