{
  "question_id": "gpqa_gpqa_diamond_0031",
  "method": "faithful_monitor",
  "prefix_length": 212,
  "keep_m": 15,
  "kl_to_baseline": 0.029251199758346377,
  "token_kl": 0.6222587220743055,
  "selected_indices": [
    1,
    5,
    6,
    7,
    10,
    15,
    16,
    20,
    24,
    45,
    54,
    65,
    129,
    135,
    145
  ],
  "distribution": {
    "A": 0.9206070116141776,
    "B": 0.009025314103374841,
    "C": 0.024533347323338974,
    "D": 0.04583432695910867
  }
}