{
  "question_id": "gpqa_gpqa_diamond_0031",
  "method": "faithful_monitor",
  "prefix_length": 124,
  "keep_m": 5,
  "kl_to_baseline": 0.06786705963819295,
  "token_kl": 0.284446446908826,
  "selected_indices": [
    7,
    11,
    15,
    55,
    65
  ],
  "distribution": {
    "A": 0.8286491767363295,
    "B": 0.017198061148682265,
    "C": 0.07707638105749408,
    "D": 0.07707638105749408
  }
}