{
  "question_id": "gpqa_gpqa_diamond_0001",
  "method": "faithful_monitor",
  "prefix_length": 414,
  "keep_m": 15,
  "kl_to_baseline": 0.06817632630890269,
  "token_kl": 1.1243952240565585,
  "selected_indices": [
    1,
    11,
    15,
    18,
    21,
    62,
    66,
    68,
    134,
    138,
    241,
    248,
    295,
    297,
    318
  ],
  "distribution": {
    "A": 0.8440335148161502,
    "B": 0.053957259801053835,
    "C": 0.03272673238341914,
    "D": 0.06928249299937687
  }
}