{
  "question_id": "gpqa_gpqa_diamond_0001",
  "method": "faithful_monitor",
  "prefix_length": 318,
  "keep_m": 20,
  "kl_to_baseline": 0.31916408672717567,
  "token_kl": 0.18158206736926752,
  "selected_indices": [
    0,
    2,
    11,
    15,
    18,
    19,
    21,
    23,
    49,
    51,
    52,
    58,
    62,
    66,
    68,
    258,
    292,
    295,
    297,
    300
  ],
  "distribution": {
    "A": 0.17628801857160256,
    "B": 0.12116086514356625,
    "C": 0.3293493780401331,
    "D": 0.37320173824469816
  }
}