{
  "question_id": "gpqa_gpqa_diamond_0001",
  "method": "faithful_monitor",
  "prefix_length": 233,
  "keep_m": 20,
  "kl_to_baseline": 0.02022565211014722,
  "token_kl": 1.934455979134378,
  "selected_indices": [
    0,
    1,
    2,
    4,
    9,
    11,
    14,
    15,
    18,
    19,
    21,
    49,
    51,
    58,
    62,
    66,
    68,
    84,
    104,
    167
  ],
  "distribution": {
    "A": 0.29800049176271115,
    "B": 0.15950816892027034,
    "C": 0.2048125430629488,
    "D": 0.33767879625406966
  }
}