{
  "question_id": "gpqa_gpqa_diamond_0001",
  "method": "faithful_monitor",
  "prefix_length": 339,
  "keep_m": 10,
  "kl_to_baseline": 0.14545896811328282,
  "token_kl": 0.07791084268561496,
  "selected_indices": [
    11,
    14,
    15,
    18,
    49,
    52,
    62,
    68,
    138,
    296
  ],
  "distribution": {
    "A": 0.23705066575334718,
    "B": 0.1629223811025378,
    "C": 0.20919647828294513,
    "D": 0.3908304748611699
  }
}