{
  "question_id": "gpqa_gpqa_diamond_0031",
  "method": "faithful_monitor",
  "prefix_length": 91,
  "keep_m": 15,
  "kl_to_baseline": 0.045267738007946604,
  "token_kl": 0.09781508772031206,
  "selected_indices": [
    1,
    2,
    5,
    7,
    10,
    15,
    16,
    22,
    30,
    45,
    54,
    56,
    65,
    67,
    74
  ],
  "distribution": {
    "A": 0.8642131478096658,
    "B": 0.017936170595456314,
    "C": 0.0626033867216851,
    "D": 0.055247294873192694
  }
}