{
  "question_id": "gpqa_gpqa_diamond_0031",
  "method": "faithful_monitor",
  "prefix_length": 80,
  "keep_m": 20,
  "kl_to_baseline": 0.1199374131063837,
  "token_kl": 0.14302093372302563,
  "selected_indices": [
    1,
    2,
    5,
    6,
    7,
    10,
    11,
    15,
    16,
    20,
    21,
    22,
    29,
    37,
    45,
    54,
    55,
    66,
    67,
    70
  ],
  "distribution": {
    "A": 0.8363185874008595,
    "B": 0.032427594103874566,
    "C": 0.07778975433857782,
    "D": 0.05346406415668805
  }
}