{
  "question_id": "gpqa_gpqa_diamond_0020",
  "method": "faithful_monitor",
  "prefix_length": 60,
  "keep_m": 10,
  "kl_to_baseline": 0.24656790206360227,
  "token_kl": 0.20028403944994366,
  "selected_indices": [
    1,
    2,
    11,
    19,
    33,
    35,
    36,
    40,
    47,
    53
  ],
  "distribution": {
    "A": 0.552633936628113,
    "B": 0.3798193797405516,
    "C": 0.02751402030537864,
    "D": 0.040032663325956785
  }
}