{
  "question_id": "gpqa_gpqa_diamond_0023",
  "method": "faithful_monitor",
  "prefix_length": 68,
  "keep_m": 20,
  "kl_to_baseline": 0.34775954564065575,
  "token_kl": 0.5365269861593771,
  "selected_indices": [
    1,
    2,
    3,
    4,
    5,
    6,
    9,
    10,
    11,
    14,
    16,
    19,
    25,
    26,
    28,
    32,
    33,
    36,
    39,
    45
  ],
  "distribution": {
    "A": 0.5217975788069056,
    "B": 0.16940287142127483,
    "C": 0.2464797235296259,
    "D": 0.06231982624219363
  }
}