{
  "question_id": "gpqa_gpqa_diamond_0023",
  "method": "faithful_monitor",
  "prefix_length": 69,
  "keep_m": 5,
  "kl_to_baseline": 0.20386032673926696,
  "token_kl": 0.1650401841030687,
  "selected_indices": [
    6,
    19,
    28,
    45,
    59
  ],
  "distribution": {
    "A": 0.23252428374476364,
    "B": 0.29856709032538875,
    "C": 0.38336773256430384,
    "D": 0.08554089336554381
  }
}