{
  "question_id": "gpqa_gpqa_diamond_0002",
  "method": "faithful_monitor",
  "prefix_length": 64,
  "keep_m": 10,
  "kl_to_baseline": 1.3578956541468978,
  "token_kl": 0.7740974872232896,
  "selected_indices": [
    0,
    3,
    10,
    11,
    13,
    21,
    28,
    36,
    41,
    58
  ],
  "distribution": {
    "A": 0.19908253815691523,
    "B": 0.2556270390121863,
    "C": 0.28966338381871215,
    "D": 0.2556270390121863
  }
}