{
  "question_id": "gpqa_gpqa_diamond_0026",
  "method": "faithful_monitor",
  "prefix_length": 101,
  "keep_m": 3,
  "kl_to_baseline": 0.1420053874744564,
  "token_kl": 1.010926968292778,
  "selected_indices": [
    20,
    23,
    47
  ],
  "distribution": {
    "A": 0.03229142540608233,
    "B": 0.832806874862915,
    "C": 0.0221935504784788,
    "D": 0.11270814925252386
  }
}