{
  "question_id": "gpqa_gpqa_diamond_0001",
  "method": "faithful_monitor",
  "prefix_length": 281,
  "keep_m": 5,
  "kl_to_baseline": 0.12837301207419727,
  "token_kl": 0.25979246800085365,
  "selected_indices": [
    11,
    15,
    21,
    63,
    138
  ],
  "distribution": {
    "A": 0.29514399161249083,
    "B": 0.12303432043955968,
    "C": 0.2028493011348376,
    "D": 0.37897238681311185
  }
}