{
  "question_id": "gpqa_gpqa_diamond_0007",
  "method": "faithful_monitor",
  "prefix_length": 201,
  "keep_m": 15,
  "kl_to_baseline": 0.02400842267555994,
  "token_kl": 0.5332592051846229,
  "selected_indices": [
    0,
    5,
    6,
    7,
    8,
    10,
    14,
    18,
    21,
    22,
    26,
    27,
    29,
    47,
    58
  ],
  "distribution": {
    "A": 0.970814678778054,
    "B": 0.008399193513028437,
    "C": 0.01569175932640632,
    "D": 0.0050943683825112095
  }
}