{
  "question_id": "gpqa_gpqa_diamond_0011",
  "method": "faithful_monitor",
  "prefix_length": 30,
  "keep_m": 20,
  "kl_to_baseline": 0.014814220211449208,
  "token_kl": 0.018909213480533957,
  "selected_indices": [
    1,
    2,
    3,
    5,
    6,
    7,
    8,
    9,
    11,
    12,
    13,
    14,
    15,
    16,
    17,
    19,
    20,
    21,
    23,
    24
  ],
  "distribution": {
    "A": 0.15430679846774822,
    "B": 0.2245150669877947,
    "C": 0.5385836473203887,
    "D": 0.0825944872240684
  }
}