{
  "question_id": "gpqa_gpqa_diamond_0001",
  "method": "faithful_monitor",
  "prefix_length": 293,
  "keep_m": 3,
  "kl_to_baseline": 0.254917219094088,
  "token_kl": 0.8189199419449846,
  "selected_indices": [
    15,
    21,
    66
  ],
  "distribution": {
    "A": 0.22042668642932925,
    "B": 0.11798588899685544,
    "C": 0.24977615874204084,
    "D": 0.41181126583177446
  }
}