{
  "question_id": "gpqa_gpqa_diamond_0023",
  "method": "faithful_monitor",
  "prefix_length": 332,
  "keep_m": 5,
  "kl_to_baseline": 0.218469140352946,
  "token_kl": 2.1387233610360306,
  "selected_indices": [
    6,
    24,
    28,
    45,
    66
  ],
  "distribution": {
    "A": 0.4392175765597299,
    "B": 0.1425930699372712,
    "C": 0.23509622746001002,
    "D": 0.1830931260429889
  }
}