{
  "question_id": "gpqa_gpqa_diamond_0023",
  "method": "faithful_monitor",
  "prefix_length": 276,
  "keep_m": 15,
  "kl_to_baseline": 0.002595986450640183,
  "token_kl": 0.29776399844247603,
  "selected_indices": [
    1,
    2,
    4,
    6,
    9,
    10,
    14,
    19,
    25,
    28,
    33,
    36,
    45,
    59,
    75
  ],
  "distribution": {
    "A": 0.459575282695378,
    "B": 0.24599292232754683,
    "C": 0.24599292232754683,
    "D": 0.04843887264952849
  }
}