{
  "question_id": "gpqa_gpqa_diamond_0009",
  "method": "faithful_monitor",
  "prefix_length": 85,
  "keep_m": 5,
  "kl_to_baseline": 0.03652765974980254,
  "token_kl": 0.1540605849518392,
  "selected_indices": [
    7,
    9,
    41,
    58,
    66
  ],
  "distribution": {
    "A": 0.031285232731117996,
    "B": 0.018975448323568303,
    "C": 0.035450813073102,
    "D": 0.9142885058722116
  }
}