{
  "question_id": "gpqa_gpqa_diamond_0004",
  "method": "faithful_monitor",
  "prefix_length": 49,
  "keep_m": 15,
  "kl_to_baseline": 0.07154197126047546,
  "token_kl": 0.6276200697013008,
  "selected_indices": [
    1,
    4,
    6,
    7,
    8,
    11,
    12,
    13,
    16,
    17,
    20,
    22,
    24,
    32,
    41
  ],
  "distribution": {
    "A": 0.0025288811023472997,
    "B": 0.09489554064426635,
    "C": 0.9003438485135601,
    "D": 0.002231729739826209
  }
}