{
  "question_id": "gpqa_gpqa_diamond_0020",
  "method": "faithful_monitor",
  "prefix_length": 44,
  "keep_m": 15,
  "kl_to_baseline": 0.24140659025215463,
  "token_kl": 0.09119484421360319,
  "selected_indices": [
    1,
    2,
    4,
    8,
    9,
    11,
    12,
    14,
    16,
    19,
    21,
    22,
    24,
    29,
    33
  ],
  "distribution": {
    "A": 0.47495142270765867,
    "B": 0.2542231921485108,
    "C": 0.07283616402365815,
    "D": 0.19798922112017242
  }
}