{
  "question_id": "gpqa_gpqa_diamond_0009",
  "method": "faithful_monitor",
  "prefix_length": 67,
  "keep_m": 3,
  "kl_to_baseline": 0.03860776039768743,
  "token_kl": 0.34905207327479426,
  "selected_indices": [
    14,
    37,
    58
  ],
  "distribution": {
    "A": 0.0526754474303792,
    "B": 0.008078039568272627,
    "C": 0.005551949988923032,
    "D": 0.9336945630124251
  }
}