{
  "question_id": "gpqa_gpqa_diamond_0023",
  "method": "faithful_monitor",
  "prefix_length": 34,
  "keep_m": 20,
  "kl_to_baseline": 0.5474329420039633,
  "token_kl": 0.8006343009052764,
  "selected_indices": [
    1,
    2,
    3,
    4,
    5,
    6,
    9,
    10,
    11,
    13,
    14,
    16,
    19,
    20,
    23,
    24,
    25,
    26,
    27,
    28
  ],
  "distribution": {
    "A": 0.5695371069633592,
    "B": 0.05297521572099003,
    "C": 0.3245124615946607,
    "D": 0.05297521572099003
  }
}