{
  "question_id": "gpqa_gpqa_diamond_0001",
  "method": "faithful_monitor",
  "prefix_length": 171,
  "keep_m": 3,
  "kl_to_baseline": 0.397907817409398,
  "token_kl": 0.2677670970399443,
  "selected_indices": [
    11,
    64,
    68
  ],
  "distribution": {
    "A": 0.2954663421692654,
    "B": 0.4871416721463356,
    "C": 0.10869599284219951,
    "D": 0.10869599284219951
  }
}