{
  "question_id": "gpqa_gpqa_diamond_0031",
  "method": "faithful_monitor",
  "prefix_length": 65,
  "keep_m": 10,
  "kl_to_baseline": 0.16085120735145453,
  "token_kl": 0.22323265440668677,
  "selected_indices": [
    1,
    6,
    7,
    10,
    15,
    16,
    22,
    30,
    45,
    55
  ],
  "distribution": {
    "A": 0.8142673636722321,
    "B": 0.06683913343455944,
    "C": 0.06683913343455944,
    "D": 0.05205436945864901
  }
}