{
  "question_id": "gpqa_gpqa_diamond_0011",
  "method": "faithful_monitor",
  "prefix_length": 108,
  "keep_m": 15,
  "kl_to_baseline": 0.32115332725689716,
  "token_kl": 0.06178662385785604,
  "selected_indices": [
    1,
    2,
    3,
    5,
    7,
    9,
    11,
    15,
    24,
    33,
    41,
    57,
    67,
    82,
    96
  ],
  "distribution": {
    "A": 0.18335086837561435,
    "B": 0.7251667516396669,
    "C": 0.0764320224122735,
    "D": 0.01505035757244528
  }
}