{
  "question_id": "gpqa_gpqa_diamond_0011",
  "method": "faithful_monitor",
  "prefix_length": 105,
  "keep_m": 15,
  "kl_to_baseline": 0.06402215423654391,
  "token_kl": 0.06572166026907024,
  "selected_indices": [
    1,
    2,
    3,
    5,
    7,
    9,
    15,
    24,
    41,
    57,
    63,
    64,
    74,
    88,
    96
  ],
  "distribution": {
    "A": 0.02831869382468073,
    "B": 0.937786330910026,
    "C": 0.02831869382468073,
    "D": 0.005576281440612547
  }
}