{
  "question_id": "gpqa_gpqa_diamond_0023",
  "method": "faithful_monitor",
  "prefix_length": 137,
  "keep_m": 10,
  "kl_to_baseline": 0.38128163443657587,
  "token_kl": 1.0301609958586768,
  "selected_indices": [
    1,
    2,
    3,
    6,
    19,
    28,
    33,
    36,
    45,
    75
  ],
  "distribution": {
    "A": 0.6117450621057694,
    "B": 0.10630535182845702,
    "C": 0.22504843158685975,
    "D": 0.05690115447891376
  }
}