{
  "question_id": "gpqa_gpqa_diamond_0023",
  "method": "faithful_monitor",
  "prefix_length": 371,
  "keep_m": 15,
  "kl_to_baseline": 0.24901867815674933,
  "token_kl": 0.2273230822737369,
  "selected_indices": [
    1,
    6,
    14,
    19,
    24,
    26,
    33,
    36,
    45,
    58,
    66,
    79,
    311,
    321,
    349
  ],
  "distribution": {
    "A": 0.11801646908060526,
    "B": 0.09191131853529762,
    "C": 0.7695640251598628,
    "D": 0.020508187224234305
  }
}