{
  "question_id": "gpqa_gpqa_diamond_0001",
  "method": "faithful_monitor",
  "prefix_length": 378,
  "keep_m": 5,
  "kl_to_baseline": 0.026189531325241266,
  "token_kl": 1.1340556383179345,
  "selected_indices": [
    11,
    68,
    295,
    371,
    372
  ],
  "distribution": {
    "A": 0.4588123418081377,
    "B": 0.1314519446218348,
    "C": 0.1314519446218348,
    "D": 0.2782837689481927
  }
}