{
  "question_id": "gpqa_gpqa_diamond_0001",
  "method": "faithful_monitor",
  "prefix_length": 264,
  "keep_m": 5,
  "kl_to_baseline": 0.218724099681464,
  "token_kl": 1.33561639754413,
  "selected_indices": [
    11,
    15,
    52,
    64,
    138
  ],
  "distribution": {
    "A": 0.21013692271380066,
    "B": 0.12745447116982628,
    "C": 0.2698211497490676,
    "D": 0.3925874563673054
  }
}