{
  "question_id": "gpqa_gpqa_diamond_0001",
  "method": "faithful_monitor",
  "prefix_length": 300,
  "keep_m": 3,
  "kl_to_baseline": 0.06701417784467481,
  "token_kl": 0.8592940844073612,
  "selected_indices": [
    15,
    21,
    68
  ],
  "distribution": {
    "A": 0.2903869178267122,
    "B": 0.1371690836867204,
    "C": 0.19957981532345434,
    "D": 0.3728641831631131
  }
}