{
  "question_id": "gpqa_gpqa_diamond_0002",
  "method": "faithful_monitor",
  "prefix_length": 36,
  "keep_m": 10,
  "kl_to_baseline": 0.2501022145200391,
  "token_kl": 0.014369558422988482,
  "selected_indices": [
    0,
    3,
    5,
    7,
    10,
    11,
    13,
    21,
    28,
    30
  ],
  "distribution": {
    "A": 0.23705066575334718,
    "B": 0.20919647828294513,
    "C": 0.3908304748611699,
    "D": 0.1629223811025378
  }
}