{
  "question_id": "gpqa_gpqa_diamond_0023",
  "method": "faithful_monitor",
  "prefix_length": 99,
  "keep_m": 20,
  "kl_to_baseline": 0.13576024582816373,
  "token_kl": 0.12300502778084804,
  "selected_indices": [
    1,
    2,
    3,
    4,
    6,
    10,
    11,
    13,
    19,
    24,
    26,
    28,
    33,
    36,
    39,
    45,
    46,
    59,
    60,
    66
  ],
  "distribution": {
    "A": 0.5658366067810816,
    "B": 0.23587579071079565,
    "C": 0.16211488275627187,
    "D": 0.03617271975185088
  }
}