{
  "question_id": "gpqa_gpqa_diamond_0017",
  "method": "faithful_monitor",
  "prefix_length": 116,
  "keep_m": 3,
  "kl_to_baseline": 0.04264560925965724,
  "token_kl": 1.4423446526241495,
  "selected_indices": [
    29,
    97,
    108
  ],
  "distribution": {
    "A": 0.9545298912552808,
    "B": 0.009357879579015503,
    "C": 0.028824305221678604,
    "D": 0.007287923944025183
  }
}