{
  "question_id": "gpqa_gpqa_diamond_0023",
  "method": "faithful_monitor",
  "prefix_length": 135,
  "keep_m": 15,
  "kl_to_baseline": 0.06142281563094794,
  "token_kl": 0.25465274265344673,
  "selected_indices": [
    1,
    2,
    3,
    4,
    6,
    9,
    11,
    14,
    19,
    24,
    26,
    28,
    33,
    45,
    66
  ],
  "distribution": {
    "A": 0.300783317901063,
    "B": 0.300783317901063,
    "C": 0.300783317901063,
    "D": 0.09765004629681098
  }
}