{
  "question_id": "gpqa_gpqa_diamond_0009",
  "method": "faithful_monitor",
  "prefix_length": 51,
  "keep_m": 15,
  "kl_to_baseline": 0.0021457891092737475,
  "token_kl": 0.15840874119619644,
  "selected_indices": [
    3,
    4,
    5,
    6,
    7,
    9,
    12,
    14,
    16,
    21,
    23,
    29,
    34,
    37,
    43
  ],
  "distribution": {
    "A": 0.5789936113423312,
    "B": 0.07835825504217117,
    "C": 0.06915091736664981,
    "D": 0.2734972162488479
  }
}