{
  "question_id": "gpqa_gpqa_diamond_0011",
  "method": "faithful_monitor",
  "prefix_length": 127,
  "keep_m": 5,
  "kl_to_baseline": 0.21183392953929026,
  "token_kl": 0.4301883919628283,
  "selected_indices": [
    3,
    7,
    24,
    67,
    82
  ],
  "distribution": {
    "A": 0.03554691516846414,
    "B": 0.8090441324669168,
    "C": 0.14059079351415252,
    "D": 0.014818158850466567
  }
}