{
  "question_id": "gpqa_gpqa_diamond_0002",
  "method": "faithful_monitor",
  "prefix_length": 31,
  "keep_m": 10,
  "kl_to_baseline": 0.4512731613676339,
  "token_kl": 0.17918924893381752,
  "selected_indices": [
    0,
    3,
    5,
    8,
    10,
    11,
    13,
    14,
    21,
    24
  ],
  "distribution": {
    "A": 0.2635430741248024,
    "B": 0.23257594661276051,
    "C": 0.2052475525014414,
    "D": 0.29863342676099575
  }
}