{
  "question_id": "gpqa_gpqa_diamond_0001",
  "method": "faithful_monitor",
  "prefix_length": 54,
  "keep_m": 20,
  "kl_to_baseline": 0.03670268620527772,
  "token_kl": 0.2587827213143007,
  "selected_indices": [
    0,
    1,
    2,
    3,
    6,
    8,
    9,
    10,
    11,
    14,
    15,
    18,
    19,
    20,
    21,
    22,
    23,
    34,
    35,
    38
  ],
  "distribution": {
    "A": 0.3160424181481998,
    "B": 0.24613408273759835,
    "C": 0.19168941637660356,
    "D": 0.24613408273759835
  }
}