{
  "question_id": "gpqa_gpqa_diamond_0009",
  "method": "faithful_monitor",
  "prefix_length": 115,
  "keep_m": 15,
  "kl_to_baseline": 0.06551475350344281,
  "token_kl": 0.10979528744237846,
  "selected_indices": [
    1,
    7,
    9,
    10,
    12,
    14,
    16,
    21,
    24,
    37,
    40,
    43,
    51,
    58,
    75
  ],
  "distribution": {
    "A": 0.057466298156829465,
    "B": 0.01646437007972954,
    "C": 0.027145157159128856,
    "D": 0.8989241746043121
  }
}