{
  "question_id": "gpqa_gpqa_diamond_0002",
  "method": "faithful_monitor",
  "prefix_length": 101,
  "keep_m": 5,
  "kl_to_baseline": 0.10395227044443231,
  "token_kl": 0.17290622207253212,
  "selected_indices": [
    0,
    21,
    50,
    56,
    82
  ],
  "distribution": {
    "A": 0.05066532689229892,
    "B": 0.03482173597951698,
    "C": 0.016448623385102196,
    "D": 0.8980643137430819
  }
}