{
  "question_id": "gpqa_gpqa_diamond_0023",
  "method": "faithful_monitor",
  "prefix_length": 372,
  "keep_m": 5,
  "kl_to_baseline": 1.6030930103812273,
  "token_kl": 0.7280398430731787,
  "selected_indices": [
    6,
    24,
    28,
    45,
    311
  ],
  "distribution": {
    "A": 0.5401621751871098,
    "B": 0.15475904504918314,
    "C": 0.19871454730547433,
    "D": 0.10636423245823266
  }
}