{
  "question_id": "gpqa_gpqa_diamond_0023",
  "method": "faithful_monitor",
  "prefix_length": 285,
  "keep_m": 15,
  "kl_to_baseline": 0.05440737529388512,
  "token_kl": 0.34794859218180835,
  "selected_indices": [
    1,
    2,
    3,
    4,
    6,
    9,
    10,
    11,
    14,
    19,
    24,
    28,
    45,
    59,
    66
  ],
  "distribution": {
    "A": 0.5600526693052441,
    "B": 0.18182247010311334,
    "C": 0.2060318507301321,
    "D": 0.05209300986151047
  }
}