{
  "question_id": "gpqa_gpqa_diamond_0017",
  "method": "faithful_monitor",
  "prefix_length": 122,
  "keep_m": 5,
  "kl_to_baseline": 0.018979787972102233,
  "token_kl": 0.02351792083885258,
  "selected_indices": [
    29,
    54,
    74,
    96,
    108
  ],
  "distribution": {
    "A": 0.9696203945068023,
    "B": 0.0044902328144244864,
    "C": 0.02280328380614401,
    "D": 0.0030860888726293627
  }
}