{
  "question_id": "gpqa_gpqa_diamond_0026",
  "method": "faithful_monitor",
  "prefix_length": 103,
  "keep_m": 20,
  "kl_to_baseline": 0.0036747882307574314,
  "token_kl": 0.14179549789866908,
  "selected_indices": [
    1,
    2,
    6,
    8,
    10,
    14,
    16,
    18,
    20,
    23,
    25,
    26,
    27,
    32,
    33,
    39,
    41,
    46,
    54,
    81
  ],
  "distribution": {
    "A": 0.0010243250422193285,
    "B": 0.9913164951263419,
    "C": 0.0024572280367717515,
    "D": 0.005201951794666928
  }
}