{
  "question_id": "gpqa_gpqa_diamond_0009",
  "method": "faithful_monitor",
  "prefix_length": 94,
  "keep_m": 5,
  "kl_to_baseline": 0.03620531179535494,
  "token_kl": 1.4973764946047503,
  "selected_indices": [
    7,
    9,
    24,
    58,
    75
  ],
  "distribution": {
    "A": 0.0019172939009138971,
    "B": 0.001317735542389442,
    "C": 0.0035819765795918443,
    "D": 0.9931829939771047
  }
}