{
  "question_id": "gpqa_gpqa_diamond_0001",
  "method": "faithful_monitor",
  "prefix_length": 25,
  "keep_m": 15,
  "kl_to_baseline": 0.03731411222394178,
  "token_kl": 0.029551885929902356,
  "selected_indices": [
    0,
    1,
    2,
    3,
    4,
    6,
    7,
    8,
    9,
    10,
    11,
    12,
    14,
    15,
    18
  ],
  "distribution": {
    "A": 0.3941364563532779,
    "B": 0.0879437201427325,
    "C": 0.21096604265906818,
    "D": 0.3069537808449214
  }
}