{
  "question_id": "gpqa_gpqa_diamond_0031",
  "method": "faithful_monitor",
  "prefix_length": 212,
  "keep_m": 20,
  "kl_to_baseline": 0.03546846434281769,
  "token_kl": 0.5363612500786227,
  "selected_indices": [
    1,
    2,
    5,
    6,
    7,
    10,
    11,
    15,
    21,
    24,
    45,
    54,
    55,
    56,
    58,
    65,
    106,
    129,
    135,
    145
  ],
  "distribution": {
    "A": 0.9115974869148826,
    "B": 0.013003240462381594,
    "C": 0.03534647225997528,
    "D": 0.040052800362760474
  }
}