{
  "question_id": "gpqa_gpqa_diamond_0001",
  "method": "faithful_monitor",
  "prefix_length": 366,
  "keep_m": 20,
  "kl_to_baseline": 0.11499441658988795,
  "token_kl": 0.3221266989599694,
  "selected_indices": [
    4,
    11,
    15,
    18,
    21,
    23,
    49,
    51,
    58,
    62,
    64,
    68,
    71,
    104,
    138,
    167,
    176,
    295,
    297,
    315
  ],
  "distribution": {
    "A": 0.30369251056833996,
    "B": 0.1434541843104309,
    "C": 0.20872460656273403,
    "D": 0.3441286985584952
  }
}