{
  "question_id": "gpqa_gpqa_diamond_0009",
  "method": "faithful_monitor",
  "prefix_length": 114,
  "keep_m": 5,
  "kl_to_baseline": 0.013385304677981696,
  "token_kl": 0.0661091814349854,
  "selected_indices": [
    7,
    9,
    34,
    58,
    75
  ],
  "distribution": {
    "A": 0.004046754063400625,
    "B": 0.0011594144508777447,
    "C": 0.004585573106884311,
    "D": 0.9902082583788372
  }
}