{
  "question_id": "gpqa_gpqa_diamond_0004",
  "method": "faithful_monitor",
  "prefix_length": 53,
  "keep_m": 20,
  "kl_to_baseline": 0.16608357725605782,
  "token_kl": 0.9395067766075881,
  "selected_indices": [
    1,
    2,
    4,
    6,
    7,
    8,
    9,
    11,
    12,
    13,
    14,
    16,
    17,
    20,
    21,
    22,
    24,
    26,
    32,
    42
  ],
  "distribution": {
    "A": 0.0024937616117826173,
    "B": 0.10603741670192417,
    "C": 0.887840419951045,
    "D": 0.0036284017352481565
  }
}