{
  "question_id": "gpqa_gpqa_diamond_0023",
  "method": "faithful_monitor",
  "prefix_length": 324,
  "keep_m": 5,
  "kl_to_baseline": 0.20979864718497648,
  "token_kl": 0.20516151746072273,
  "selected_indices": [
    24,
    28,
    45,
    66,
    79
  ],
  "distribution": {
    "A": 0.37897238681311185,
    "B": 0.2028493011348376,
    "C": 0.29514399161249083,
    "D": 0.12303432043955968
  }
}