{
  "question_id": "gpqa_gpqa_diamond_0001",
  "method": "faithful_monitor",
  "prefix_length": 246,
  "keep_m": 3,
  "kl_to_baseline": 0.31196058028649276,
  "token_kl": 0.4238421001655198,
  "selected_indices": [
    9,
    68,
    138
  ],
  "distribution": {
    "A": 0.19034772595000135,
    "B": 0.5174187645383909,
    "C": 0.1018857835616064,
    "D": 0.19034772595000135
  }
}