{
  "question_id": "gpqa_gpqa_diamond_0001",
  "method": "faithful_monitor",
  "prefix_length": 372,
  "keep_m": 15,
  "kl_to_baseline": 0.013365025349667181,
  "token_kl": 0.46767401265015823,
  "selected_indices": [
    0,
    4,
    11,
    15,
    18,
    21,
    23,
    62,
    66,
    104,
    138,
    167,
    295,
    315,
    337
  ],
  "distribution": {
    "A": 0.800027628359731,
    "B": 0.07441415898858411,
    "C": 0.07441415898858411,
    "D": 0.051144053663100715
  }
}