{
  "question_id": "gpqa_gpqa_diamond_0001",
  "method": "faithful_monitor",
  "prefix_length": 213,
  "keep_m": 3,
  "kl_to_baseline": 1.1585396655701947,
  "token_kl": 0.5655057586179555,
  "selected_indices": [
    11,
    64,
    68
  ],
  "distribution": {
    "A": 0.08699159635663065,
    "B": 0.8253532370199523,
    "C": 0.04109192048841943,
    "D": 0.0465632461349975
  }
}