{
  "question_id": "gpqa_gpqa_diamond_0020",
  "method": "faithful_monitor",
  "prefix_length": 57,
  "keep_m": 20,
  "kl_to_baseline": 0.003000940632290623,
  "token_kl": 0.23620901092387028,
  "selected_indices": [
    1,
    2,
    8,
    9,
    11,
    14,
    19,
    21,
    22,
    24,
    30,
    33,
    34,
    37,
    38,
    40,
    41,
    45,
    47,
    50
  ],
  "distribution": {
    "A": 0.5233758337295195,
    "B": 0.4076055091491992,
    "C": 0.02605734996911842,
    "D": 0.04296130715216287
  }
}