{
  "question_id": "gpqa_gpqa_diamond_0001",
  "method": "faithful_monitor",
  "prefix_length": 173,
  "keep_m": 20,
  "kl_to_baseline": 0.0914787712214432,
  "token_kl": 0.22474345485712785,
  "selected_indices": [
    0,
    1,
    2,
    6,
    8,
    9,
    11,
    14,
    15,
    18,
    21,
    23,
    34,
    58,
    62,
    64,
    66,
    68,
    138,
    167
  ],
  "distribution": {
    "A": 0.2048125430629488,
    "B": 0.15950816892027034,
    "C": 0.29800049176271115,
    "D": 0.33767879625406966
  }
}