{
  "question_id": "gpqa_gpqa_diamond_0023",
  "method": "faithful_monitor",
  "prefix_length": 294,
  "keep_m": 5,
  "kl_to_baseline": 0.06788429763498241,
  "token_kl": 1.000815346637364,
  "selected_indices": [
    6,
    28,
    45,
    66,
    79
  ],
  "distribution": {
    "A": 0.47617857641384276,
    "B": 0.17517629814761607,
    "C": 0.2548800098493797,
    "D": 0.09376511558916154
  }
}