{
  "question_id": "gpqa_gpqa_diamond_0009",
  "method": "faithful_monitor",
  "prefix_length": 94,
  "keep_m": 15,
  "kl_to_baseline": 0.01517320744383862,
  "token_kl": 1.3218450468915866,
  "selected_indices": [
    1,
    7,
    9,
    10,
    12,
    14,
    16,
    18,
    21,
    24,
    37,
    40,
    41,
    58,
    73
  ],
  "distribution": {
    "A": 0.007441714938485659,
    "B": 0.002132087026742276,
    "C": 0.015754110648400932,
    "D": 0.9746720873863711
  }
}