{
  "question_id": "gpqa_gpqa_diamond_0031",
  "method": "faithful_monitor",
  "prefix_length": 141,
  "keep_m": 15,
  "kl_to_baseline": 0.023747675390332366,
  "token_kl": 0.36140100762554916,
  "selected_indices": [
    1,
    2,
    5,
    6,
    7,
    10,
    15,
    16,
    21,
    24,
    39,
    45,
    54,
    56,
    129
  ],
  "distribution": {
    "A": 0.8527606675616839,
    "B": 0.022725303050366987,
    "C": 0.06999886135250871,
    "D": 0.05451516803544049
  }
}