{
  "question_id": "gpqa_gpqa_diamond_0023",
  "method": "faithful_monitor",
  "prefix_length": 90,
  "keep_m": 10,
  "kl_to_baseline": 0.2726627253248948,
  "token_kl": 0.3953439397950838,
  "selected_indices": [
    1,
    2,
    4,
    6,
    10,
    24,
    28,
    39,
    45,
    59
  ],
  "distribution": {
    "A": 0.33086540546313337,
    "B": 0.1562897509998784,
    "C": 0.3749196223738778,
    "D": 0.13792522116311037
  }
}