{
  "question_id": "gpqa_gpqa_diamond_0011",
  "method": "faithful_monitor",
  "prefix_length": 70,
  "keep_m": 20,
  "kl_to_baseline": 0.4307941625780076,
  "token_kl": 0.4912648340061168,
  "selected_indices": [
    1,
    2,
    3,
    5,
    7,
    8,
    9,
    11,
    15,
    16,
    20,
    24,
    27,
    33,
    41,
    44,
    51,
    58,
    59,
    64
  ],
  "distribution": {
    "A": 0.0779552818083527,
    "B": 0.7396191869736413,
    "C": 0.16503135255659754,
    "D": 0.017394178661408584
  }
}