{
  "question_id": "gpqa_gpqa_diamond_0031",
  "method": "faithful_monitor",
  "prefix_length": 166,
  "keep_m": 3,
  "kl_to_baseline": 0.08411284604045478,
  "token_kl": 2.8287182655178063,
  "selected_indices": [
    7,
    65,
    129
  ],
  "distribution": {
    "A": 0.8604546209820609,
    "B": 0.013907952158893327,
    "C": 0.07063040901191368,
    "D": 0.05500701784713198
  }
}