{
  "question_id": "gpqa_gpqa_diamond_0023",
  "method": "faithful_monitor",
  "prefix_length": 182,
  "keep_m": 3,
  "kl_to_baseline": 0.14810191735337866,
  "token_kl": 0.6357946725611645,
  "selected_indices": [
    6,
    28,
    45
  ],
  "distribution": {
    "A": 0.3179559008971605,
    "B": 0.21852768181494325,
    "C": 0.36029123724508655,
    "D": 0.10322518004280971
  }
}