{
  "question_id": "gpqa_gpqa_diamond_0002",
  "method": "faithful_monitor",
  "prefix_length": 27,
  "keep_m": 15,
  "kl_to_baseline": 0.10615638898990892,
  "token_kl": 0.04283356525795319,
  "selected_indices": [
    0,
    3,
    5,
    6,
    7,
    8,
    9,
    10,
    11,
    12,
    13,
    14,
    18,
    19,
    21
  ],
  "distribution": {
    "A": 0.32659802886351824,
    "B": 0.2244673237121606,
    "C": 0.2244673237121606,
    "D": 0.2244673237121606
  }
}