{
  "question_id": "gpqa_gpqa_diamond_0031",
  "method": "faithful_monitor",
  "prefix_length": 139,
  "keep_m": 15,
  "kl_to_baseline": 0.022550497268646264,
  "token_kl": 0.06493179529642026,
  "selected_indices": [
    1,
    2,
    5,
    6,
    7,
    10,
    11,
    15,
    16,
    21,
    30,
    55,
    65,
    67,
    129
  ],
  "distribution": {
    "A": 0.8621541724002539,
    "B": 0.020275921808802676,
    "C": 0.06245423598281857,
    "D": 0.055115669808124775
  }
}