{
  "question_id": "gpqa_gpqa_diamond_0002",
  "method": "faithful_monitor",
  "prefix_length": 22,
  "keep_m": 15,
  "kl_to_baseline": 0.03892200720110977,
  "token_kl": 0.0033562963732604034,
  "selected_indices": [
    0,
    1,
    3,
    4,
    5,
    6,
    7,
    8,
    9,
    10,
    11,
    12,
    13,
    14,
    16
  ],
  "distribution": {
    "A": 0.2617501108999154,
    "B": 0.17989804494385983,
    "C": 0.29660173325630934,
    "D": 0.2617501108999154
  }
}