{
  "question_id": "gpqa_gpqa_diamond_0023",
  "method": "faithful_monitor",
  "prefix_length": 186,
  "keep_m": 20,
  "kl_to_baseline": 0.1269567894481073,
  "token_kl": 0.6387722093893266,
  "selected_indices": [
    1,
    2,
    3,
    4,
    5,
    6,
    8,
    10,
    11,
    14,
    16,
    19,
    24,
    26,
    28,
    33,
    36,
    45,
    59,
    66
  ],
  "distribution": {
    "A": 0.34679742261431146,
    "B": 0.163815522548122,
    "C": 0.44529670507857605,
    "D": 0.04409034975899034
  }
}