{
  "question_id": "gpqa_gpqa_diamond_0001",
  "method": "faithful_monitor",
  "prefix_length": 384,
  "keep_m": 5,
  "kl_to_baseline": 0.11159799933433479,
  "token_kl": 0.11831724938346966,
  "selected_indices": [
    11,
    15,
    68,
    296,
    371
  ],
  "distribution": {
    "A": 0.57595191084186,
    "B": 0.11341165560092728,
    "C": 0.14562344834022728,
    "D": 0.16501298521698543
  }
}