{
  "question_id": "gpqa_gpqa_diamond_0002",
  "method": "faithful_monitor",
  "prefix_length": 65,
  "keep_m": 10,
  "kl_to_baseline": 0.04371481531491516,
  "token_kl": 0.5679554262443134,
  "selected_indices": [
    0,
    3,
    10,
    11,
    13,
    21,
    28,
    36,
    56,
    58
  ],
  "distribution": {
    "A": 0.02545592147613546,
    "B": 0.012024523007658038,
    "C": 0.007293241872564569,
    "D": 0.955226313643642
  }
}