{
  "question_id": "gpqa_gpqa_diamond_0011",
  "method": "faithful_monitor",
  "prefix_length": 106,
  "keep_m": 20,
  "kl_to_baseline": 0.4068972187140654,
  "token_kl": 0.20969427432607385,
  "selected_indices": [
    1,
    2,
    3,
    5,
    6,
    7,
    9,
    11,
    15,
    16,
    20,
    24,
    26,
    33,
    41,
    44,
    57,
    67,
    82,
    96
  ],
  "distribution": {
    "A": 0.14849417788749988,
    "B": 0.6655047737144191,
    "C": 0.16826594796265065,
    "D": 0.017735100435430393
  }
}