{
  "question_id": "gpqa_gpqa_diamond_0001",
  "method": "faithful_monitor",
  "prefix_length": 43,
  "keep_m": 10,
  "kl_to_baseline": 0.11608053959127815,
  "token_kl": 0.6534907123136016,
  "selected_indices": [
    1,
    2,
    6,
    8,
    9,
    11,
    14,
    15,
    18,
    23
  ],
  "distribution": {
    "A": 0.37480846975763354,
    "B": 0.15624341569577824,
    "C": 0.1770469847975482,
    "D": 0.29190112974904
  }
}