{
  "question_id": "gpqa_gpqa_diamond_0009",
  "method": "faithful_monitor",
  "prefix_length": 108,
  "keep_m": 15,
  "kl_to_baseline": 0.5125752460990927,
  "token_kl": 0.3209175361433419,
  "selected_indices": [
    1,
    4,
    5,
    6,
    7,
    9,
    10,
    14,
    16,
    21,
    24,
    37,
    40,
    58,
    75
  ],
  "distribution": {
    "A": 0.3662620210121202,
    "B": 0.08172410340472196,
    "C": 0.08172410340472196,
    "D": 0.4702897721784359
  }
}