{
  "question_id": "gpqa_gpqa_diamond_0023",
  "method": "faithful_monitor",
  "prefix_length": 373,
  "keep_m": 20,
  "kl_to_baseline": 1.229994541201533,
  "token_kl": 2.7538640727745083,
  "selected_indices": [
    1,
    2,
    3,
    4,
    6,
    9,
    10,
    14,
    19,
    24,
    26,
    28,
    33,
    36,
    45,
    59,
    79,
    311,
    321,
    345
  ],
  "distribution": {
    "A": 0.3688734908995027,
    "B": 0.2872789635668155,
    "C": 0.2872789635668155,
    "D": 0.05656858196686627
  }
}