{
  "question_id": "gpqa_gpqa_diamond_0009",
  "method": "faithful_monitor",
  "prefix_length": 56,
  "keep_m": 5,
  "kl_to_baseline": 0.07264364758102781,
  "token_kl": 1.7344911055605694,
  "selected_indices": [
    7,
    9,
    14,
    32,
    37
  ],
  "distribution": {
    "A": 0.7480252768455511,
    "B": 0.08933887116468098,
    "C": 0.06140164833077317,
    "D": 0.10123420365899474
  }
}