{
  "question_id": "gpqa_gpqa_diamond_0023",
  "method": "faithful_monitor",
  "prefix_length": 301,
  "keep_m": 3,
  "kl_to_baseline": 0.1758729192198517,
  "token_kl": 0.8779741723946239,
  "selected_indices": [
    24,
    28,
    66
  ],
  "distribution": {
    "A": 0.36464267153587787,
    "B": 0.19517915726527493,
    "C": 0.3217960281805842,
    "D": 0.11838214301826304
  }
}