{
  "question_id": "gpqa_gpqa_diamond_0031",
  "method": "faithful_monitor",
  "prefix_length": 175,
  "keep_m": 3,
  "kl_to_baseline": 0.08239138415341399,
  "token_kl": 0.4416090557334468,
  "selected_indices": [
    7,
    65,
    129
  ],
  "distribution": {
    "A": 0.8724965685858492,
    "B": 0.012445493470036914,
    "C": 0.04343905084195622,
    "D": 0.07161888710215754
  }
}