{
  "question_id": "gpqa_gpqa_diamond_0031",
  "method": "faithful_monitor",
  "prefix_length": 87,
  "keep_m": 5,
  "kl_to_baseline": 0.35918984770256335,
  "token_kl": 0.04187516104194164,
  "selected_indices": [
    7,
    15,
    16,
    65,
    67
  ],
  "distribution": {
    "A": 0.5905829581199221,
    "B": 0.04847799841505793,
    "C": 0.16920484035984373,
    "D": 0.19173420310517622
  }
}