{
  "question_id": "gpqa_gpqa_diamond_0020",
  "method": "faithful_monitor",
  "prefix_length": 48,
  "keep_m": 3,
  "kl_to_baseline": 0.06709112883023852,
  "token_kl": 0.14664291529758208,
  "selected_indices": [
    11,
    35,
    41
  ],
  "distribution": {
    "A": 0.13826267481543725,
    "B": 0.7956467466285647,
    "C": 0.02120326538458615,
    "D": 0.04488731317141183
  }
}