{
  "question_id": "gpqa_gpqa_diamond_0009",
  "method": "faithful_monitor",
  "prefix_length": 77,
  "keep_m": 3,
  "kl_to_baseline": 1.9057934258045044,
  "token_kl": 0.45062816135772893,
  "selected_indices": [
    7,
    14,
    40
  ],
  "distribution": {
    "A": 0.7556269648974265,
    "B": 0.09024678207832613,
    "C": 0.02281795990336302,
    "D": 0.1313082931208843
  }
}