{
  "question_id": "gpqa_gpqa_diamond_0023",
  "method": "faithful_monitor",
  "prefix_length": 337,
  "keep_m": 10,
  "kl_to_baseline": 0.20553373515546233,
  "token_kl": 0.41288321492372543,
  "selected_indices": [
    1,
    2,
    4,
    6,
    28,
    33,
    45,
    66,
    79,
    312
  ],
  "distribution": {
    "A": 0.37189335471027196,
    "B": 0.19906014456911988,
    "C": 0.3083104199126076,
    "D": 0.12073608080800047
  }
}