{
  "question_id": "gpqa_gpqa_diamond_0020",
  "method": "faithful_monitor",
  "prefix_length": 73,
  "keep_m": 15,
  "kl_to_baseline": 0.5191039402053252,
  "token_kl": 0.28717902981070687,
  "selected_indices": [
    0,
    1,
    2,
    8,
    11,
    21,
    33,
    40,
    41,
    45,
    47,
    53,
    55,
    56,
    60
  ],
  "distribution": {
    "A": 0.2733246061686422,
    "B": 0.5786281957996683,
    "C": 0.04749669465596482,
    "D": 0.10055050337572466
  }
}