{
  "question_id": "gpqa_gpqa_diamond_0023",
  "method": "faithful_monitor",
  "prefix_length": 258,
  "keep_m": 15,
  "kl_to_baseline": 0.025263854769237037,
  "token_kl": 2.09890224508818,
  "selected_indices": [
    1,
    2,
    3,
    6,
    10,
    11,
    14,
    19,
    24,
    26,
    28,
    33,
    45,
    59,
    228
  ],
  "distribution": {
    "A": 0.5635019005898578,
    "B": 0.20730076428804253,
    "C": 0.18294228238761684,
    "D": 0.046255052734482834
  }
}