{
  "question_id": "gpqa_gpqa_diamond_0001",
  "method": "faithful_monitor",
  "prefix_length": 377,
  "keep_m": 20,
  "kl_to_baseline": 0.3725447398551348,
  "token_kl": 0.3230414151174428,
  "selected_indices": [
    0,
    1,
    2,
    11,
    15,
    18,
    21,
    23,
    49,
    51,
    58,
    62,
    66,
    68,
    134,
    167,
    176,
    295,
    297,
    363
  ],
  "distribution": {
    "A": 0.1369007841441588,
    "B": 0.050362983966885384,
    "C": 0.1991894655842506,
    "D": 0.6135467663047053
  }
}