{
  "question_id": "gpqa_gpqa_diamond_0009",
  "method": "faithful_monitor",
  "prefix_length": 109,
  "keep_m": 3,
  "kl_to_baseline": 2.35346439106245,
  "token_kl": 0.42399761546815357,
  "selected_indices": [
    7,
    41,
    73
  ],
  "distribution": {
    "A": 0.7629363349392754,
    "B": 0.13257845157288167,
    "C": 0.03352108210810656,
    "D": 0.07096413137973642
  }
}