{
  "question_id": "gpqa_gpqa_diamond_0023",
  "method": "faithful_monitor",
  "prefix_length": 305,
  "keep_m": 15,
  "kl_to_baseline": 0.14307281312891654,
  "token_kl": 0.5083765981847573,
  "selected_indices": [
    1,
    2,
    3,
    4,
    6,
    14,
    19,
    24,
    26,
    28,
    33,
    36,
    45,
    59,
    286
  ],
  "distribution": {
    "A": 0.3219961664311401,
    "B": 0.28416061951959504,
    "C": 0.3219961664311401,
    "D": 0.07184704761812474
  }
}