{
  "question_id": "gpqa_gpqa_diamond_0031",
  "method": "faithful_monitor",
  "prefix_length": 137,
  "keep_m": 5,
  "kl_to_baseline": 0.048175349956529306,
  "token_kl": 0.3649322987995528,
  "selected_indices": [
    5,
    7,
    15,
    54,
    119
  ],
  "distribution": {
    "A": 0.7798657867033019,
    "B": 0.018340684280294856,
    "C": 0.11959628473488464,
    "D": 0.08219724428151862
  }
}