{
  "question_id": "gpqa_gpqa_diamond_0001",
  "method": "faithful_monitor",
  "prefix_length": 31,
  "keep_m": 5,
  "kl_to_baseline": 0.05817506330770646,
  "token_kl": 0.40177537297690463,
  "selected_indices": [
    6,
    8,
    9,
    11,
    15
  ],
  "distribution": {
    "A": 0.3672766904603997,
    "B": 0.13511354364186864,
    "C": 0.17348922417490772,
    "D": 0.32412054172282395
  }
}