{
  "question_id": "gpqa_gpqa_diamond_0023",
  "method": "faithful_monitor",
  "prefix_length": 284,
  "keep_m": 15,
  "kl_to_baseline": 0.09188173562348559,
  "token_kl": 1.2519179870497268,
  "selected_indices": [
    1,
    2,
    3,
    4,
    6,
    11,
    14,
    19,
    24,
    28,
    33,
    36,
    45,
    57,
    79
  ],
  "distribution": {
    "A": 0.6865930209972938,
    "B": 0.15319962899473824,
    "C": 0.13519819806496566,
    "D": 0.025009151943002347
  }
}