{
  "question_id": "gpqa_gpqa_diamond_0020",
  "method": "faithful_monitor",
  "prefix_length": 51,
  "keep_m": 15,
  "kl_to_baseline": 0.21063180808119247,
  "token_kl": 0.1688653214276852,
  "selected_indices": [
    1,
    2,
    8,
    11,
    14,
    16,
    19,
    21,
    22,
    30,
    33,
    35,
    36,
    40,
    41
  ],
  "distribution": {
    "A": 0.6980718797542539,
    "B": 0.2266307446474543,
    "C": 0.044626239581304156,
    "D": 0.030671136016987673
  }
}