{
  "question_id": "gpqa_gpqa_diamond_0031",
  "method": "faithful_monitor",
  "prefix_length": 91,
  "keep_m": 3,
  "kl_to_baseline": 0.4724628589093985,
  "token_kl": 0.12048898005687236,
  "selected_indices": [
    7,
    54,
    66
  ],
  "distribution": {
    "A": 0.5120515317160201,
    "B": 0.04762821451096619,
    "C": 0.274081450678181,
    "D": 0.16623880309483272
  }
}