{
  "question_id": "gpqa_gpqa_diamond_0001",
  "method": "faithful_monitor",
  "prefix_length": 174,
  "keep_m": 15,
  "kl_to_baseline": 0.12438147134068198,
  "token_kl": 0.1378664480831526,
  "selected_indices": [
    1,
    2,
    11,
    14,
    15,
    18,
    34,
    51,
    62,
    64,
    66,
    68,
    104,
    138,
    167
  ],
  "distribution": {
    "A": 0.3908304748611699,
    "B": 0.23705066575334718,
    "C": 0.1629223811025378,
    "D": 0.20919647828294513
  }
}