{
  "question_id": "gpqa_gpqa_diamond_0017",
  "method": "faithful_monitor",
  "prefix_length": 121,
  "keep_m": 15,
  "kl_to_baseline": 0.11411331398563725,
  "token_kl": 0.5110629535969642,
  "selected_indices": [
    1,
    4,
    8,
    10,
    12,
    29,
    30,
    32,
    52,
    54,
    61,
    64,
    66,
    74,
    98
  ],
  "distribution": {
    "A": 0.8749050653243243,
    "B": 0.018158073980270386,
    "C": 0.06337790563810784,
    "D": 0.04355895505729743
  }
}