{
  "question_id": "gpqa_gpqa_diamond_0031",
  "method": "faithful_monitor",
  "prefix_length": 84,
  "keep_m": 15,
  "kl_to_baseline": 0.11954047483393726,
  "token_kl": 0.06277753521557379,
  "selected_indices": [
    1,
    2,
    5,
    6,
    7,
    10,
    11,
    15,
    16,
    20,
    22,
    30,
    54,
    65,
    67
  ],
  "distribution": {
    "A": 0.8598328660532621,
    "B": 0.022913770423334458,
    "C": 0.06228608576323237,
    "D": 0.05496727776017104
  }
}