{
  "question_id": "gpqa_gpqa_diamond_0023",
  "method": "faithful_monitor",
  "prefix_length": 292,
  "keep_m": 15,
  "kl_to_baseline": 0.03711579033893894,
  "token_kl": 0.30308780162139326,
  "selected_indices": [
    1,
    2,
    3,
    4,
    6,
    9,
    11,
    14,
    19,
    24,
    26,
    28,
    33,
    45,
    59
  ],
  "distribution": {
    "A": 0.4387718460501942,
    "B": 0.3015631856256215,
    "C": 0.20726114435854145,
    "D": 0.05240382396564283
  }
}