{
  "question_id": "gpqa_gpqa_diamond_0011",
  "method": "faithful_monitor",
  "prefix_length": 114,
  "keep_m": 5,
  "kl_to_baseline": 0.021983137586979184,
  "token_kl": 0.41414601394778094,
  "selected_indices": [
    3,
    7,
    24,
    67,
    82
  ],
  "distribution": {
    "A": 0.008463191596363948,
    "B": 0.9782121531972939,
    "C": 0.012313871112978454,
    "D": 0.0010107840933637035
  }
}