{
  "question_id": "gpqa_gpqa_diamond_0023",
  "method": "faithful_monitor",
  "prefix_length": 16,
  "keep_m": 10,
  "kl_to_baseline": 0.12355142274340851,
  "token_kl": 0.05926020204834021,
  "selected_indices": [
    1,
    2,
    3,
    4,
    5,
    6,
    7,
    8,
    9,
    10
  ],
  "distribution": {
    "A": 0.6635482850184099,
    "B": 0.11530739528457247,
    "C": 0.19010975527470228,
    "D": 0.03103456442231539
  }
}