{
  "question_id": "gpqa_gpqa_diamond_0009",
  "method": "faithful_monitor",
  "prefix_length": 48,
  "keep_m": 5,
  "kl_to_baseline": 0.06238823447826372,
  "token_kl": 0.6402810223985094,
  "selected_indices": [
    7,
    14,
    16,
    29,
    36
  ],
  "distribution": {
    "A": 0.8159027964490655,
    "B": 0.046030090101403104,
    "C": 0.040621411940178084,
    "D": 0.09744570150935328
  }
}