{
  "question_id": "gpqa_gpqa_diamond_0009",
  "method": "faithful_monitor",
  "prefix_length": 109,
  "keep_m": 20,
  "kl_to_baseline": 0.1680610680606977,
  "token_kl": 0.15676741626344223,
  "selected_indices": [
    1,
    3,
    4,
    5,
    6,
    7,
    9,
    10,
    12,
    14,
    16,
    21,
    23,
    24,
    38,
    40,
    58,
    66,
    73,
    80
  ],
  "distribution": {
    "A": 0.21192310751780138,
    "B": 0.028680673780304776,
    "C": 0.019711914898017515,
    "D": 0.7396843038038763
  }
}