{
  "question_id": "gpqa_gpqa_diamond_0002",
  "method": "faithful_monitor",
  "prefix_length": 71,
  "keep_m": 15,
  "kl_to_baseline": 1.478894947420484,
  "token_kl": 0.2572322903582878,
  "selected_indices": [
    0,
    3,
    5,
    7,
    10,
    11,
    13,
    21,
    22,
    28,
    30,
    32,
    36,
    41,
    58
  ],
  "distribution": {
    "A": 0.37238013739438836,
    "B": 0.22585997039769945,
    "C": 0.17589992181021266,
    "D": 0.22585997039769945
  }
}