{
  "question_id": "gpqa_gpqa_diamond_0026",
  "method": "faithful_monitor",
  "prefix_length": 94,
  "keep_m": 5,
  "kl_to_baseline": 0.059437474129653,
  "token_kl": 0.8123257222500223,
  "selected_indices": [
    8,
    16,
    23,
    39,
    47
  ],
  "distribution": {
    "A": 0.030635886342793257,
    "B": 0.8953118497126361,
    "C": 0.03471500721766729,
    "D": 0.0393372567269034
  }
}