{
  "question_id": "gpqa_gpqa_diamond_0003",
  "method": "faithful_monitor",
  "prefix_length": 39,
  "keep_m": 15,
  "kl_to_baseline": 0.030081125519339936,
  "token_kl": 0.058507898521569304,
  "selected_indices": [
    0,
    2,
    3,
    5,
    6,
    7,
    8,
    14,
    17,
    18,
    19,
    22,
    25,
    31,
    32
  ],
  "distribution": {
    "A": 0.06724032832223618,
    "B": 0.0015813409527569622,
    "C": 0.9282239968826966,
    "D": 0.0029543338423102137
  }
}