{
  "question_id": "gpqa_gpqa_diamond_0011",
  "method": "faithful_monitor",
  "prefix_length": 105,
  "keep_m": 10,
  "kl_to_baseline": 0.012297001748385711,
  "token_kl": 0.08446703158486787,
  "selected_indices": [
    1,
    3,
    5,
    7,
    9,
    15,
    24,
    41,
    82,
    96
  ],
  "distribution": {
    "A": 0.003143348165315723,
    "B": 0.9876107698568573,
    "C": 0.008544506198297809,
    "D": 0.0007013757795291703
  }
}