{
  "question_id": "gpqa_gpqa_diamond_0001",
  "method": "faithful_monitor",
  "prefix_length": 372,
  "keep_m": 10,
  "kl_to_baseline": 0.013055239326704741,
  "token_kl": 0.45115244848692443,
  "selected_indices": [
    11,
    15,
    18,
    21,
    66,
    68,
    134,
    167,
    295,
    315
  ],
  "distribution": {
    "A": 0.8344029861625447,
    "B": 0.06849196286788044,
    "C": 0.03666110588673132,
    "D": 0.06044394508284361
  }
}