{
  "question_id": "gpqa_gpqa_diamond_0031",
  "method": "faithful_monitor",
  "prefix_length": 116,
  "keep_m": 3,
  "kl_to_baseline": 0.008535597043133933,
  "token_kl": 0.039325167389753696,
  "selected_indices": [
    7,
    20,
    65
  ],
  "distribution": {
    "A": 0.961360370158383,
    "B": 0.003928860629735758,
    "C": 0.022609026503118336,
    "D": 0.012101742708762788
  }
}