{
  "question_id": "gpqa_gpqa_diamond_0001",
  "method": "faithful_monitor",
  "prefix_length": 379,
  "keep_m": 15,
  "kl_to_baseline": 0.08337112942386782,
  "token_kl": 0.39474561803393626,
  "selected_indices": [
    0,
    4,
    6,
    9,
    11,
    15,
    18,
    21,
    23,
    63,
    68,
    138,
    208,
    295,
    371
  ],
  "distribution": {
    "A": 0.37578679581609836,
    "B": 0.10766473243266848,
    "C": 0.25827423587561654,
    "D": 0.25827423587561654
  }
}