{
  "question_id": "gpqa_gpqa_diamond_0002",
  "method": "faithful_monitor",
  "prefix_length": 70,
  "keep_m": 20,
  "kl_to_baseline": 1.189953376801641,
  "token_kl": 0.00727547517904511,
  "selected_indices": [
    0,
    3,
    5,
    7,
    8,
    10,
    11,
    13,
    16,
    19,
    22,
    24,
    25,
    28,
    30,
    32,
    36,
    41,
    42,
    58
  ],
  "distribution": {
    "A": 0.388225909182026,
    "B": 0.18338493440505985,
    "C": 0.12603851433334418,
    "D": 0.30235064207956996
  }
}