{
  "question_id": "gpqa_gpqa_diamond_0026",
  "method": "faithful_monitor",
  "prefix_length": 87,
  "keep_m": 15,
  "kl_to_baseline": 0.04527831353557389,
  "token_kl": 0.45637637754167504,
  "selected_indices": [
    1,
    2,
    6,
    8,
    10,
    14,
    16,
    18,
    23,
    25,
    32,
    39,
    41,
    47,
    54
  ],
  "distribution": {
    "A": 0.019579717488521595,
    "B": 0.9434037258079635,
    "C": 0.0251408549068272,
    "D": 0.011875701796687598
  }
}