{
  "question_id": "gpqa_gpqa_diamond_0001",
  "method": "faithful_monitor",
  "prefix_length": 423,
  "keep_m": 3,
  "kl_to_baseline": 0.16823590796405768,
  "token_kl": 0.4293584865429412,
  "selected_indices": [
    15,
    295,
    372
  ],
  "distribution": {
    "A": 0.5026135455643435,
    "B": 0.05297507795677107,
    "C": 0.0989704752373944,
    "D": 0.34544090124149107
  }
}