{
  "question_id": "gpqa_gpqa_diamond_0011",
  "method": "faithful_monitor",
  "prefix_length": 114,
  "keep_m": 15,
  "kl_to_baseline": 0.012035659776920449,
  "token_kl": 0.47086509939567317,
  "selected_indices": [
    1,
    3,
    5,
    7,
    9,
    11,
    15,
    24,
    33,
    41,
    57,
    67,
    82,
    89,
    98
  ],
  "distribution": {
    "A": 0.006657052371556577,
    "B": 0.9879943899273763,
    "C": 0.004037706366661761,
    "D": 0.0013108513344052583
  }
}