{
  "question_id": "gpqa_gpqa_diamond_0031",
  "method": "faithful_monitor",
  "prefix_length": 161,
  "keep_m": 3,
  "kl_to_baseline": 0.6727528056044727,
  "token_kl": 0.890920617167855,
  "selected_indices": [
    7,
    54,
    129
  ],
  "distribution": {
    "A": 0.44403405367985443,
    "B": 0.04680084772646572,
    "C": 0.3458140893283662,
    "D": 0.16335100926531368
  }
}