{
  "question_id": "gpqa_gpqa_diamond_0009",
  "method": "faithful_monitor",
  "prefix_length": 86,
  "keep_m": 20,
  "kl_to_baseline": 0.53882321647449,
  "token_kl": 0.36938997310173266,
  "selected_indices": [
    1,
    4,
    5,
    6,
    7,
    9,
    10,
    12,
    14,
    15,
    17,
    21,
    23,
    24,
    37,
    40,
    41,
    58,
    71,
    78
  ],
  "distribution": {
    "A": 0.3283397807794201,
    "B": 0.057056898497694505,
    "C": 0.07326250786841236,
    "D": 0.541340812854473
  }
}