{
  "question_id": "gpqa_gpqa_diamond_0004",
  "method": "faithful_monitor",
  "prefix_length": 45,
  "keep_m": 15,
  "kl_to_baseline": 0.06710155538305124,
  "token_kl": 0.6835962963206648,
  "selected_indices": [
    1,
    4,
    6,
    11,
    12,
    13,
    14,
    16,
    17,
    20,
    22,
    24,
    32,
    38,
    39
  ],
  "distribution": {
    "A": 0.001147351408549996,
    "B": 0.13261579165851226,
    "C": 0.8647636285624871,
    "D": 0.0014732283704506756
  }
}