{
  "question_id": "gpqa_gpqa_diamond_0009",
  "method": "faithful_monitor",
  "prefix_length": 108,
  "keep_m": 20,
  "kl_to_baseline": 0.14287325678403348,
  "token_kl": 0.23639681167986148,
  "selected_indices": [
    1,
    3,
    4,
    5,
    6,
    7,
    9,
    10,
    12,
    14,
    18,
    21,
    23,
    24,
    37,
    38,
    40,
    41,
    58,
    75
  ],
  "distribution": {
    "A": 0.20904977910525674,
    "B": 0.024967435634042877,
    "C": 0.036327404492564934,
    "D": 0.7296553807681355
  }
}