{
  "question_id": "gpqa_gpqa_diamond_0001",
  "method": "faithful_monitor",
  "prefix_length": 60,
  "keep_m": 20,
  "kl_to_baseline": 0.02989725821870455,
  "token_kl": 0.06198098401509727,
  "selected_indices": [
    0,
    1,
    2,
    3,
    4,
    6,
    7,
    8,
    9,
    10,
    11,
    14,
    15,
    18,
    19,
    21,
    22,
    23,
    34,
    35
  ],
  "distribution": {
    "A": 0.39666589335380015,
    "B": 0.16535494544104495,
    "C": 0.16535494544104495,
    "D": 0.27262421576411
  }
}