{
  "question_id": "gpqa_gpqa_diamond_0031",
  "method": "faithful_monitor",
  "prefix_length": 72,
  "keep_m": 3,
  "kl_to_baseline": 0.02486749884781742,
  "token_kl": 0.8835680551372912,
  "selected_indices": [
    7,
    15,
    65
  ],
  "distribution": {
    "A": 0.900992214944652,
    "B": 0.01456318072865844,
    "C": 0.044857765349175495,
    "D": 0.03958683897751397
  }
}