{
  "question_id": "gpqa_gpqa_diamond_0011",
  "method": "faithful_monitor",
  "prefix_length": 71,
  "keep_m": 20,
  "kl_to_baseline": 0.3359575939093747,
  "token_kl": 0.14962261143653427,
  "selected_indices": [
    1,
    2,
    3,
    5,
    6,
    7,
    8,
    9,
    11,
    12,
    15,
    16,
    19,
    20,
    21,
    24,
    26,
    41,
    44,
    57
  ],
  "distribution": {
    "A": 0.10457144507029761,
    "B": 0.6818915597427503,
    "C": 0.19536520280477485,
    "D": 0.018171792382177226
  }
}