{
  "question_id": "gpqa_gpqa_diamond_0031",
  "method": "faithful_monitor",
  "prefix_length": 94,
  "keep_m": 15,
  "kl_to_baseline": 0.10394222849049473,
  "token_kl": 1.678493678701868,
  "selected_indices": [
    1,
    2,
    5,
    7,
    10,
    11,
    15,
    16,
    22,
    29,
    55,
    56,
    65,
    67,
    74
  ],
  "distribution": {
    "A": 0.7606833380481025,
    "B": 0.033422090344083596,
    "C": 0.10294728580390693,
    "D": 0.10294728580390693
  }
}