{
  "question_id": "gpqa_gpqa_diamond_0023",
  "method": "faithful_monitor",
  "prefix_length": 170,
  "keep_m": 10,
  "kl_to_baseline": 0.12813234863701253,
  "token_kl": 0.7919368248624282,
  "selected_indices": [
    1,
    2,
    3,
    6,
    14,
    24,
    28,
    33,
    45,
    59
  ],
  "distribution": {
    "A": 0.3978449249254529,
    "B": 0.12133584672140815,
    "C": 0.37374071944901704,
    "D": 0.10707850890412192
  }
}