{
  "question_id": "gpqa_gpqa_diamond_0026",
  "method": "faithful_monitor",
  "prefix_length": 100,
  "keep_m": 3,
  "kl_to_baseline": 0.1412674764296858,
  "token_kl": 0.25300642427686176,
  "selected_indices": [
    20,
    23,
    47
  ],
  "distribution": {
    "A": 0.06919946392556138,
    "B": 0.8430221392911263,
    "C": 0.00936513128300864,
    "D": 0.07841326550030353
  }
}