{
  "question_id": "gpqa_gpqa_diamond_0023",
  "method": "faithful_monitor",
  "prefix_length": 285,
  "keep_m": 3,
  "kl_to_baseline": 0.13030774651092272,
  "token_kl": 0.3124863429238137,
  "selected_indices": [
    24,
    25,
    59
  ],
  "distribution": {
    "A": 0.29856708728081965,
    "B": 0.2325242813736508,
    "C": 0.3833677286549997,
    "D": 0.08554090269052987
  }
}