{
  "question_id": "gpqa_gpqa_diamond_0020",
  "method": "faithful_monitor",
  "prefix_length": 45,
  "keep_m": 5,
  "kl_to_baseline": 0.11745148023700588,
  "token_kl": 0.15211835714594488,
  "selected_indices": [
    11,
    14,
    21,
    33,
    36
  ],
  "distribution": {
    "A": 0.41774176855171846,
    "B": 0.41774176855171846,
    "C": 0.0822582314482816,
    "D": 0.0822582314482816
  }
}