{
  "question_id": "gpqa_gpqa_diamond_0023",
  "method": "faithful_monitor",
  "prefix_length": 70,
  "keep_m": 20,
  "kl_to_baseline": 0.17392993699832027,
  "token_kl": 0.18284458004747287,
  "selected_indices": [
    1,
    2,
    3,
    4,
    5,
    6,
    7,
    9,
    10,
    11,
    13,
    14,
    16,
    19,
    23,
    24,
    26,
    28,
    33,
    45
  ],
  "distribution": {
    "A": 0.48602139061457045,
    "B": 0.2026038464224164,
    "C": 0.2601484883250824,
    "D": 0.0512262746379307
  }
}