{
  "question_id": "gpqa_gpqa_diamond_0011",
  "method": "faithful_monitor",
  "prefix_length": 48,
  "keep_m": 15,
  "kl_to_baseline": 0.02440627175209951,
  "token_kl": 0.4494890733906077,
  "selected_indices": [
    1,
    2,
    3,
    5,
    6,
    7,
    8,
    9,
    11,
    12,
    15,
    20,
    24,
    27,
    33
  ],
  "distribution": {
    "A": 0.1584879088388023,
    "B": 0.20350250318671192,
    "C": 0.553177123486441,
    "D": 0.08483246448804482
  }
}