{
  "question_id": "gpqa_gpqa_diamond_0031",
  "method": "faithful_monitor",
  "prefix_length": 156,
  "keep_m": 15,
  "kl_to_baseline": 0.028919896710893005,
  "token_kl": 0.4991423315619781,
  "selected_indices": [
    1,
    5,
    6,
    7,
    10,
    15,
    21,
    37,
    39,
    54,
    65,
    74,
    105,
    129,
    135
  ],
  "distribution": {
    "A": 0.8582584089931163,
    "B": 0.02287181392590258,
    "C": 0.07045014661988319,
    "D": 0.04841963046109777
  }
}