{
  "question_id": "gpqa_gpqa_diamond_0009",
  "method": "faithful_monitor",
  "prefix_length": 51,
  "keep_m": 3,
  "kl_to_baseline": 0.21122363128382096,
  "token_kl": 0.19699469837458525,
  "selected_indices": [
    14,
    37,
    43
  ],
  "distribution": {
    "A": 0.32106693860894725,
    "B": 0.04923720972537778,
    "C": 0.029863877297142676,
    "D": 0.5998319743685323
  }
}