{
  "question_id": "gpqa_gpqa_diamond_0023",
  "method": "faithful_monitor",
  "prefix_length": 195,
  "keep_m": 3,
  "kl_to_baseline": 0.21363782940382126,
  "token_kl": 0.31228718680049783,
  "selected_indices": [
    24,
    28,
    59
  ],
  "distribution": {
    "A": 0.2698787448938019,
    "B": 0.23816715644219838,
    "C": 0.3926712568084175,
    "D": 0.09928284185558209
  }
}