{
  "question_id": "gpqa_gpqa_diamond_0009",
  "method": "faithful_monitor",
  "prefix_length": 71,
  "keep_m": 5,
  "kl_to_baseline": 0.10358263001559824,
  "token_kl": 0.2155644826782999,
  "selected_indices": [
    9,
    14,
    15,
    37,
    58
  ],
  "distribution": {
    "A": 0.11782446316938182,
    "B": 0.0075322641324151425,
    "C": 0.0040317304594988815,
    "D": 0.8706115422387042
  }
}