{
  "question_id": "gpqa_gpqa_diamond_0026",
  "method": "faithful_monitor",
  "prefix_length": 92,
  "keep_m": 5,
  "kl_to_baseline": 0.16263869919316734,
  "token_kl": 0.7398836378463373,
  "selected_indices": [
    8,
    18,
    23,
    39,
    47
  ],
  "distribution": {
    "A": 0.02474805001665167,
    "B": 0.928663822481993,
    "C": 0.02474805001665167,
    "D": 0.021840077484703745
  }
}