{
  "question_id": "gpqa_gpqa_diamond_0017",
  "method": "faithful_monitor",
  "prefix_length": 130,
  "keep_m": 15,
  "kl_to_baseline": 0.10462959913559462,
  "token_kl": 0.07875181955796831,
  "selected_indices": [
    1,
    4,
    8,
    10,
    12,
    29,
    32,
    54,
    61,
    66,
    74,
    76,
    78,
    96,
    98
  ],
  "distribution": {
    "A": 0.8975435908036203,
    "B": 0.021108204107698165,
    "C": 0.05063594933397194,
    "D": 0.030712255754709487
  }
}