{
  "question_id": "gpqa_gpqa_diamond_0004",
  "method": "faithful_monitor",
  "prefix_length": 89,
  "keep_m": 3,
  "kl_to_baseline": 0.0059594173057870015,
  "token_kl": 0.44035041719040746,
  "selected_indices": [
    12,
    22,
    65
  ],
  "distribution": {
    "A": 0.0010257939720091434,
    "B": 0.005903036736354363,
    "C": 0.9927381427476224,
    "D": 0.00033302654401409033
  }
}