{
  "question_id": "gpqa_gpqa_diamond_0026",
  "method": "faithful_monitor",
  "prefix_length": 103,
  "keep_m": 5,
  "kl_to_baseline": 0.09588336597247152,
  "token_kl": 0.4179696745981876,
  "selected_indices": [
    8,
    16,
    25,
    39,
    47
  ],
  "distribution": {
    "A": 0.023596820392596727,
    "B": 0.885464179067908,
    "C": 0.03433317108351593,
    "D": 0.056605829455979285
  }
}