{
  "question_id": "gpqa_gpqa_diamond_0011",
  "method": "faithful_monitor",
  "prefix_length": 96,
  "keep_m": 5,
  "kl_to_baseline": 0.0004655110353323947,
  "token_kl": 0.7092046466172843,
  "selected_indices": [
    5,
    3,
    7,
    27,
    89
  ],
  "distribution": {
    "A": 0.0004877513754545214,
    "B": 0.9992956452392155,
    "C": 0.00015834976300577218,
    "D": 5.82536223241938e-05
  }
}