{
  "question_id": "gpqa_gpqa_diamond_0031",
  "method": "faithful_monitor",
  "prefix_length": 134,
  "keep_m": 3,
  "kl_to_baseline": 0.009685612011932387,
  "token_kl": 0.523543213349124,
  "selected_indices": [
    7,
    55,
    65
  ],
  "distribution": {
    "A": 0.8394452176113714,
    "B": 0.013568370051583227,
    "C": 0.06890585234502698,
    "D": 0.07808055999201846
  }
}