{
  "question_id": "gpqa_gpqa_diamond_0001",
  "method": "faithful_monitor",
  "prefix_length": 347,
  "keep_m": 3,
  "kl_to_baseline": 0.06566053668250117,
  "token_kl": 0.7383662023089695,
  "selected_indices": [
    11,
    62,
    295
  ],
  "distribution": {
    "A": 0.2916484547887156,
    "B": 0.08355869125480091,
    "C": 0.20044685615223776,
    "D": 0.42434599780424576
  }
}