{
  "question_id": "gpqa_gpqa_diamond_0031",
  "method": "faithful_monitor",
  "prefix_length": 140,
  "keep_m": 20,
  "kl_to_baseline": 0.053364695034322215,
  "token_kl": 0.12437468488774382,
  "selected_indices": [
    1,
    2,
    5,
    6,
    7,
    10,
    15,
    16,
    22,
    30,
    45,
    54,
    65,
    67,
    70,
    74,
    89,
    105,
    129,
    133
  ],
  "distribution": {
    "A": 0.9361552870782658,
    "B": 0.010399746695735313,
    "C": 0.0362986826388468,
    "D": 0.017146283587152183
  }
}