{
  "question_id": "gpqa_gpqa_diamond_0009",
  "method": "faithful_monitor",
  "prefix_length": 101,
  "keep_m": 20,
  "kl_to_baseline": 0.02687881102155134,
  "token_kl": 0.07029658225405472,
  "selected_indices": [
    0,
    1,
    4,
    5,
    6,
    7,
    9,
    10,
    14,
    16,
    18,
    37,
    40,
    41,
    51,
    52,
    58,
    74,
    77,
    78
  ],
  "distribution": {
    "A": 0.07227063404611254,
    "B": 0.020705883326338614,
    "C": 0.026586880465989695,
    "D": 0.8804366021615592
  }
}