{
  "question_id": "gpqa_gpqa_diamond_0009",
  "method": "faithful_monitor",
  "prefix_length": 117,
  "keep_m": 10,
  "kl_to_baseline": 2.30305430115406,
  "token_kl": 0.024595250383586294,
  "selected_indices": [
    1,
    7,
    9,
    10,
    14,
    16,
    21,
    24,
    38,
    75
  ],
  "distribution": {
    "A": 0.8062616446682378,
    "B": 0.06618198303452942,
    "C": 0.031262155179584986,
    "D": 0.09629421711764777
  }
}