{
  "question_id": "gpqa_gpqa_diamond_0017",
  "method": "faithful_monitor",
  "prefix_length": 100,
  "keep_m": 20,
  "kl_to_baseline": 0.2578749693827473,
  "token_kl": 0.2636647522561492,
  "selected_indices": [
    1,
    4,
    8,
    10,
    12,
    14,
    18,
    21,
    22,
    24,
    29,
    31,
    32,
    37,
    43,
    54,
    61,
    64,
    66,
    74
  ],
  "distribution": {
    "A": 0.8525157017879104,
    "B": 0.025743740835154905,
    "C": 0.07929630427462328,
    "D": 0.04244425310231137
  }
}