{
  "question_id": "gpqa_gpqa_diamond_0004",
  "method": "faithful_monitor",
  "prefix_length": 45,
  "keep_m": 10,
  "kl_to_baseline": 0.08267162173825869,
  "token_kl": 1.0105997772768602,
  "selected_indices": [
    1,
    4,
    6,
    8,
    11,
    12,
    13,
    22,
    32,
    35
  ],
  "distribution": {
    "A": 0.0021724446557843616,
    "B": 0.11861145925521696,
    "C": 0.8764266219346241,
    "D": 0.002789474154374572
  }
}