{
  "question_id": "gpqa_gpqa_diamond_0001",
  "method": "faithful_monitor",
  "prefix_length": 52,
  "keep_m": 15,
  "kl_to_baseline": 0.0444273472901745,
  "token_kl": 0.0432512004049608,
  "selected_indices": [
    0,
    1,
    2,
    4,
    8,
    9,
    10,
    11,
    14,
    15,
    18,
    21,
    22,
    23,
    34
  ],
  "distribution": {
    "A": 0.2778365467729137,
    "B": 0.31483005318115603,
    "C": 0.19095407985333004,
    "D": 0.21637932019260017
  }
}