{
  "question_id": "gpqa_gpqa_diamond_0009",
  "method": "faithful_monitor",
  "prefix_length": 54,
  "keep_m": 3,
  "kl_to_baseline": 0.39939842163916467,
  "token_kl": 0.4933924638759621,
  "selected_indices": [
    30,
    32,
    37
  ],
  "distribution": {
    "A": 0.7875681182233246,
    "B": 0.13685881967886881,
    "C": 0.01852182491669449,
    "D": 0.057051237181112185
  }
}