{
  "question_id": "gpqa_gpqa_diamond_0031",
  "method": "faithful_monitor",
  "prefix_length": 203,
  "keep_m": 5,
  "kl_to_baseline": 0.6620227168697062,
  "token_kl": 0.03143764161233025,
  "selected_indices": [
    7,
    15,
    55,
    117,
    129
  ],
  "distribution": {
    "A": 0.4479780633493925,
    "B": 0.06869965286256405,
    "C": 0.2717124303000949,
    "D": 0.21160985348794845
  }
}