{
  "question_id": "gpqa_gpqa_diamond_0001",
  "method": "faithful_monitor",
  "prefix_length": 28,
  "keep_m": 3,
  "kl_to_baseline": 0.05737501251629713,
  "token_kl": 0.7574680236740483,
  "selected_indices": [
    8,
    10,
    15
  ],
  "distribution": {
    "A": 0.2809665322945598,
    "B": 0.11712429007667963,
    "C": 0.19310528534512839,
    "D": 0.4088038922836321
  }
}