{
  "question_id": "gpqa_gpqa_diamond_0031",
  "method": "faithful_monitor",
  "prefix_length": 79,
  "keep_m": 3,
  "kl_to_baseline": 1.0482490827751063,
  "token_kl": 0.3651166917532043,
  "selected_indices": [
    55,
    66,
    70
  ],
  "distribution": {
    "A": 0.29856708728081965,
    "B": 0.08554090269052987,
    "C": 0.3833677286549997,
    "D": 0.2325242813736508
  }
}