{
  "question_id": "gpqa_gpqa_diamond_0001",
  "method": "faithful_monitor",
  "prefix_length": 252,
  "keep_m": 20,
  "kl_to_baseline": 0.0920443407106406,
  "token_kl": 0.8489798638694986,
  "selected_indices": [
    0,
    1,
    2,
    4,
    6,
    9,
    11,
    14,
    15,
    18,
    19,
    21,
    49,
    51,
    58,
    62,
    64,
    68,
    138,
    167
  ],
  "distribution": {
    "A": 0.2409784232302793,
    "B": 0.08865099710430745,
    "C": 0.27306432750587395,
    "D": 0.39730625215953935
  }
}