{
  "question_id": "gpqa_gpqa_diamond_0001",
  "method": "faithful_monitor",
  "prefix_length": 379,
  "keep_m": 10,
  "kl_to_baseline": 0.6519871071473387,
  "token_kl": 0.4815909908362184,
  "selected_indices": [
    11,
    15,
    18,
    21,
    64,
    68,
    138,
    295,
    300,
    372
  ],
  "distribution": {
    "A": 0.10433273435895983,
    "B": 0.04349235436345731,
    "C": 0.08125441521873879,
    "D": 0.7709204960588439
  }
}