{
  "question_id": "gpqa_gpqa_diamond_0011",
  "method": "faithful_monitor",
  "prefix_length": 70,
  "keep_m": 10,
  "kl_to_baseline": 0.3679917629504267,
  "token_kl": 0.6648159574162704,
  "selected_indices": [
    1,
    3,
    5,
    7,
    9,
    11,
    15,
    24,
    35,
    51
  ],
  "distribution": {
    "A": 0.0657933255502295,
    "B": 0.7073449527073752,
    "C": 0.20265770990616613,
    "D": 0.02420401183622921
  }
}