{
  "question_id": "gpqa_gpqa_diamond_0020",
  "method": "faithful_monitor",
  "prefix_length": 74,
  "keep_m": 15,
  "kl_to_baseline": 1.7874724524258487,
  "token_kl": 0.4193062161178862,
  "selected_indices": [
    1,
    2,
    8,
    11,
    14,
    19,
    21,
    22,
    30,
    33,
    35,
    36,
    40,
    41,
    56
  ],
  "distribution": {
    "A": 0.7830834976308919,
    "B": 0.15419828334325847,
    "C": 0.012657365876038926,
    "D": 0.05006085314981078
  }
}