{
  "question_id": "gpqa_gpqa_diamond_0031",
  "method": "faithful_monitor",
  "prefix_length": 95,
  "keep_m": 3,
  "kl_to_baseline": 1.1587528006979961,
  "token_kl": 2.6595298491907875,
  "selected_indices": [
    55,
    66,
    67
  ],
  "distribution": {
    "A": 0.2288413508720962,
    "B": 0.05786015465791298,
    "C": 0.4844571435978946,
    "D": 0.2288413508720962
  }
}