{
  "question_id": "gpqa_gpqa_diamond_0002",
  "method": "faithful_monitor",
  "prefix_length": 64,
  "keep_m": 15,
  "kl_to_baseline": 1.7213381915155113,
  "token_kl": 0.7361466004519263,
  "selected_indices": [
    0,
    3,
    5,
    7,
    10,
    11,
    13,
    16,
    21,
    24,
    28,
    30,
    32,
    41,
    58
  ],
  "distribution": {
    "A": 0.48280111371476736,
    "B": 0.20126144736617113,
    "C": 0.13832483500872297,
    "D": 0.1776126039103386
  }
}