{
  "question_id": "gpqa_gpqa_diamond_0020",
  "method": "faithful_monitor",
  "prefix_length": 48,
  "keep_m": 15,
  "kl_to_baseline": 0.6987716538373138,
  "token_kl": 0.12327415203574245,
  "selected_indices": [
    1,
    2,
    8,
    11,
    14,
    19,
    21,
    22,
    24,
    29,
    33,
    35,
    36,
    40,
    41
  ],
  "distribution": {
    "A": 0.7826681534389456,
    "B": 0.19788950546231707,
    "C": 0.0031985851879927562,
    "D": 0.01624375591074464
  }
}