{
  "question_id": "gpqa_gpqa_diamond_0023",
  "method": "faithful_monitor",
  "prefix_length": 281,
  "keep_m": 3,
  "kl_to_baseline": 0.16616797483364756,
  "token_kl": 0.6425382152507911,
  "selected_indices": [
    33,
    38,
    66
  ],
  "distribution": {
    "A": 0.30040753536993337,
    "B": 0.23395762378665486,
    "C": 0.3404063339940579,
    "D": 0.1252285068493538
  }
}