{
  "question_id": "gpqa_gpqa_diamond_0002",
  "method": "faithful_monitor",
  "prefix_length": 49,
  "keep_m": 20,
  "kl_to_baseline": 0.010204157545725713,
  "token_kl": 0.5469041757633382,
  "selected_indices": [
    0,
    3,
    5,
    7,
    8,
    10,
    11,
    13,
    16,
    18,
    19,
    21,
    22,
    24,
    25,
    28,
    30,
    32,
    41,
    42
  ],
  "distribution": {
    "A": 0.503775129406036,
    "B": 0.1273742925034063,
    "C": 0.099199198744819,
    "D": 0.2696513793457388
  }
}