{
  "question_id": "gpqa_gpqa_diamond_0020",
  "method": "faithful_monitor",
  "prefix_length": 45,
  "keep_m": 20,
  "kl_to_baseline": 0.09860551013077244,
  "token_kl": 0.06071021945005331,
  "selected_indices": [
    0,
    1,
    2,
    4,
    6,
    7,
    8,
    9,
    11,
    12,
    14,
    15,
    19,
    21,
    22,
    24,
    29,
    33,
    35,
    38
  ],
  "distribution": {
    "A": 0.4562863637936424,
    "B": 0.4026713027394773,
    "C": 0.06175164796170162,
    "D": 0.07929068550517865
  }
}