{
  "question_id": "gpqa_gpqa_diamond_0002",
  "method": "faithful_monitor",
  "prefix_length": 95,
  "keep_m": 15,
  "kl_to_baseline": 0.6567823059021225,
  "token_kl": 0.5510794015215286,
  "selected_indices": [
    0,
    3,
    10,
    11,
    13,
    14,
    19,
    22,
    28,
    30,
    32,
    50,
    55,
    58,
    82
  ],
  "distribution": {
    "A": 0.21218188624019768,
    "B": 0.1652474191574337,
    "C": 0.11357277953478209,
    "D": 0.5089979150675865
  }
}