{
  "question_id": "gpqa_gpqa_diamond_0011",
  "method": "faithful_monitor",
  "prefix_length": 75,
  "keep_m": 5,
  "kl_to_baseline": 0.83639727619251,
  "token_kl": 0.48513554679654847,
  "selected_indices": [
    3,
    5,
    7,
    16,
    24
  ],
  "distribution": {
    "A": 0.013798186301641676,
    "B": 0.9673275583308893,
    "C": 0.013798186301641676,
    "D": 0.00507606906582739
  }
}