{
  "question_id": "gpqa_gpqa_diamond_0011",
  "method": "faithful_monitor",
  "prefix_length": 88,
  "keep_m": 5,
  "kl_to_baseline": 0.06139261662053533,
  "token_kl": 0.21166081108249057,
  "selected_indices": [
    3,
    7,
    16,
    27,
    82
  ],
  "distribution": {
    "A": 0.09643125284449464,
    "B": 0.5549236118215596,
    "C": 0.2970292051825256,
    "D": 0.05161593015142014
  }
}