{
  "question_id": "gpqa_gpqa_diamond_0023",
  "method": "faithful_monitor",
  "prefix_length": 136,
  "keep_m": 3,
  "kl_to_baseline": 0.28056425336402135,
  "token_kl": 1.0362152044858122,
  "selected_indices": [
    1,
    28,
    45
  ],
  "distribution": {
    "A": 0.4028736763775812,
    "B": 0.16794273441006427,
    "C": 0.313758334641716,
    "D": 0.11542525457063864
  }
}