{
  "question_id": "gpqa_gpqa_diamond_0031",
  "method": "faithful_monitor",
  "prefix_length": 127,
  "keep_m": 15,
  "kl_to_baseline": 0.03701773774861711,
  "token_kl": 0.8512930121498895,
  "selected_indices": [
    1,
    2,
    5,
    6,
    7,
    10,
    15,
    22,
    54,
    65,
    67,
    70,
    74,
    105,
    117
  ],
  "distribution": {
    "A": 0.8448861338168859,
    "B": 0.02251545248271687,
    "C": 0.07858665100711756,
    "D": 0.054011762693279654
  }
}