{
  "question_id": "gpqa_gpqa_diamond_0002",
  "method": "faithful_monitor",
  "prefix_length": 29,
  "keep_m": 15,
  "kl_to_baseline": 0.6313951548880213,
  "token_kl": 0.025164551154037127,
  "selected_indices": [
    0,
    1,
    3,
    5,
    6,
    7,
    8,
    9,
    10,
    11,
    13,
    14,
    16,
    21,
    23
  ],
  "distribution": {
    "A": 0.21891174955710094,
    "B": 0.28108825044289903,
    "C": 0.21891174955710094,
    "D": 0.28108825044289903
  }
}