{
  "question_id": "gpqa_gpqa_diamond_0031",
  "method": "faithful_monitor",
  "prefix_length": 141,
  "keep_m": 10,
  "kl_to_baseline": 0.09583271381776826,
  "token_kl": 0.273552855901575,
  "selected_indices": [
    1,
    7,
    10,
    16,
    20,
    24,
    46,
    54,
    117,
    129
  ],
  "distribution": {
    "A": 0.7262607213061555,
    "B": 0.03615839326216782,
    "C": 0.11137569215593354,
    "D": 0.12620519327574314
  }
}