{
  "question_id": "gpqa_gpqa_diamond_0011",
  "method": "faithful_monitor",
  "prefix_length": 39,
  "keep_m": 15,
  "kl_to_baseline": 0.03740530192981125,
  "token_kl": 0.0026319549951199,
  "selected_indices": [
    1,
    2,
    3,
    5,
    6,
    7,
    8,
    9,
    11,
    12,
    15,
    19,
    20,
    24,
    33
  ],
  "distribution": {
    "A": 0.17761272777764398,
    "B": 0.20126158772621658,
    "C": 0.5470856840741417,
    "D": 0.07404000042199776
  }
}