{
  "question_id": "gpqa_gpqa_diamond_0007",
  "method": "faithful_monitor",
  "prefix_length": 194,
  "keep_m": 3,
  "kl_to_baseline": 0.05335705209978397,
  "token_kl": 1.1845997566478637,
  "selected_indices": [
    22,
    26,
    88
  ],
  "distribution": {
    "A": 0.9436049417454444,
    "B": 0.00816378170947837,
    "C": 0.04697932007169086,
    "D": 0.0012519564733862888
  }
}