{
  "question_id": "gpqa_gpqa_diamond_0009",
  "method": "faithful_monitor",
  "prefix_length": 42,
  "keep_m": 5,
  "kl_to_baseline": 0.5116040179569963,
  "token_kl": 0.3523993261990812,
  "selected_indices": [
    7,
    9,
    14,
    15,
    24
  ],
  "distribution": {
    "A": 0.351230273750164,
    "B": 0.03266950450819302,
    "C": 0.03701939849591862,
    "D": 0.5790808232457243
  }
}