{
  "question_id": "gpqa_gpqa_diamond_0002",
  "method": "faithful_monitor",
  "prefix_length": 20,
  "keep_m": 3,
  "kl_to_baseline": 0.10686896213289702,
  "token_kl": 0.20718266012024458,
  "selected_indices": [
    0,
    3,
    11
  ],
  "distribution": {
    "A": 0.13750971809988968,
    "B": 0.2267152241858257,
    "C": 0.47995613336773935,
    "D": 0.15581892434654535
  }
}