{
  "question_id": "gpqa_gpqa_diamond_0023",
  "method": "faithful_monitor",
  "prefix_length": 71,
  "keep_m": 5,
  "kl_to_baseline": 0.1007577142367881,
  "token_kl": 0.3865947253627137,
  "selected_indices": [
    6,
    24,
    28,
    45,
    59
  ],
  "distribution": {
    "A": 0.42439547121220145,
    "B": 0.13778103686475068,
    "C": 0.33051952531202033,
    "D": 0.10730396661102755
  }
}