{
  "question_id": "gpqa_gpqa_diamond_0001",
  "method": "faithful_monitor",
  "prefix_length": 332,
  "keep_m": 20,
  "kl_to_baseline": 0.22394994692603545,
  "token_kl": 0.5925191931065905,
  "selected_indices": [
    0,
    2,
    4,
    6,
    9,
    11,
    14,
    15,
    18,
    21,
    23,
    49,
    51,
    58,
    62,
    66,
    68,
    138,
    297,
    300
  ],
  "distribution": {
    "A": 0.240622991154595,
    "B": 0.10030658607378833,
    "C": 0.3089660364819296,
    "D": 0.3501043862896871
  }
}