{
  "question_id": "gpqa_gpqa_diamond_0023",
  "method": "faithful_monitor",
  "prefix_length": 219,
  "keep_m": 20,
  "kl_to_baseline": 0.06081948072184356,
  "token_kl": 0.31661878920491304,
  "selected_indices": [
    1,
    2,
    3,
    4,
    6,
    9,
    10,
    11,
    14,
    19,
    24,
    26,
    28,
    33,
    36,
    39,
    45,
    46,
    59,
    66
  ],
  "distribution": {
    "A": 0.47773127431339796,
    "B": 0.13687228538447094,
    "C": 0.3283395829787474,
    "D": 0.05705685732338375
  }
}