{
  "question_id": "gpqa_gpqa_diamond_0011",
  "method": "faithful_monitor",
  "prefix_length": 70,
  "keep_m": 5,
  "kl_to_baseline": 0.9623470773171248,
  "token_kl": 0.6780997324071236,
  "selected_indices": [
    2,
    3,
    5,
    6,
    24
  ],
  "distribution": {
    "A": 0.02069218632485285,
    "B": 0.8798540990362532,
    "C": 0.09273594529349179,
    "D": 0.006717769345402181
  }
}