{
  "question_id": "gpqa_gpqa_diamond_0001",
  "method": "faithful_monitor",
  "prefix_length": 430,
  "keep_m": 3,
  "kl_to_baseline": 0.6677545201957856,
  "token_kl": 0.5225681447865982,
  "selected_indices": [
    21,
    68,
    295
  ],
  "distribution": {
    "A": 0.24788967705302675,
    "B": 0.15035268935892396,
    "C": 0.19305667460421488,
    "D": 0.40870095898383446
  }
}