{
  "question_id": "gpqa_gpqa_diamond_0001",
  "method": "faithful_monitor",
  "prefix_length": 360,
  "keep_m": 15,
  "kl_to_baseline": 0.2964224086237868,
  "token_kl": 0.1694630161533363,
  "selected_indices": [
    0,
    4,
    11,
    15,
    18,
    21,
    23,
    49,
    58,
    62,
    66,
    68,
    134,
    295,
    315
  ],
  "distribution": {
    "A": 0.2069234958781698,
    "B": 0.11075816599789257,
    "C": 0.34115916906196886,
    "D": 0.34115916906196886
  }
}