{
  "question_id": "gpqa_gpqa_diamond_0011",
  "method": "faithful_monitor",
  "prefix_length": 77,
  "keep_m": 5,
  "kl_to_baseline": 0.5574743855180073,
  "token_kl": 0.17938174503882107,
  "selected_indices": [
    3,
    5,
    7,
    24,
    68
  ],
  "distribution": {
    "A": 0.01652982627299579,
    "B": 0.9024979752196362,
    "C": 0.07408154174227222,
    "D": 0.006890656765095897
  }
}