{
  "question_id": "gpqa_gpqa_diamond_0002",
  "method": "faithful_monitor",
  "prefix_length": 75,
  "keep_m": 15,
  "kl_to_baseline": 1.4724654569059796,
  "token_kl": 0.19897612567420697,
  "selected_indices": [
    0,
    3,
    5,
    7,
    10,
    11,
    13,
    18,
    21,
    24,
    28,
    30,
    32,
    41,
    58
  ],
  "distribution": {
    "A": 0.2906893535433972,
    "B": 0.22638909617011818,
    "C": 0.25653245411636644,
    "D": 0.22638909617011818
  }
}