{
  "question_id": "gpqa_gpqa_diamond_0023",
  "method": "faithful_monitor",
  "prefix_length": 96,
  "keep_m": 5,
  "kl_to_baseline": 0.1481096987594112,
  "token_kl": 0.27113612458642666,
  "selected_indices": [
    1,
    2,
    24,
    28,
    45
  ],
  "distribution": {
    "A": 0.46990389268705346,
    "B": 0.1525554490891315,
    "C": 0.2850111010450271,
    "D": 0.09252955717878798
  }
}