{
  "question_id": "gpqa_gpqa_diamond_0011",
  "method": "faithful_monitor",
  "prefix_length": 95,
  "keep_m": 15,
  "kl_to_baseline": 0.00900790848833897,
  "token_kl": 6.725088675611909e-06,
  "selected_indices": [
    1,
    2,
    3,
    5,
    7,
    9,
    15,
    16,
    24,
    33,
    41,
    57,
    67,
    82,
    89
  ],
  "distribution": {
    "A": 0.00020337041322936782,
    "B": 0.9995184433795716,
    "C": 0.00020337041322936782,
    "D": 7.481579396962513e-05
  }
}