{
  "question_id": "gpqa_gpqa_diamond_0023",
  "method": "faithful_monitor",
  "prefix_length": 301,
  "keep_m": 10,
  "kl_to_baseline": 0.1623278399187455,
  "token_kl": 0.7557238944572845,
  "selected_indices": [
    1,
    2,
    6,
    13,
    24,
    28,
    33,
    45,
    59,
    286
  ],
  "distribution": {
    "A": 0.7145058497972797,
    "B": 0.12416249913768473,
    "C": 0.10957302090616927,
    "D": 0.05175863015886631
  }
}