{
  "question_id": "gpqa_gpqa_diamond_0023",
  "method": "faithful_monitor",
  "prefix_length": 336,
  "keep_m": 10,
  "kl_to_baseline": 0.05661415118063888,
  "token_kl": 0.7315333656134697,
  "selected_indices": [
    1,
    6,
    14,
    24,
    28,
    33,
    45,
    59,
    79,
    312
  ],
  "distribution": {
    "A": 0.46532510250190984,
    "B": 0.24907057909091782,
    "C": 0.19397636203605506,
    "D": 0.0916279563711173
  }
}