{
  "question_id": "gpqa_gpqa_diamond_0017",
  "method": "faithful_monitor",
  "prefix_length": 125,
  "keep_m": 10,
  "kl_to_baseline": 0.18295312403627692,
  "token_kl": 0.32215650489449493,
  "selected_indices": [
    4,
    8,
    10,
    12,
    29,
    54,
    61,
    74,
    96,
    98
  ],
  "distribution": {
    "A": 0.8219539319346888,
    "B": 0.031870613534754996,
    "C": 0.08663330963336541,
    "D": 0.05954214489719069
  }
}