{
  "question_id": "gpqa_gpqa_diamond_0009",
  "method": "faithful_monitor",
  "prefix_length": 56,
  "keep_m": 3,
  "kl_to_baseline": 0.08821761645689967,
  "token_kl": 1.2557550339019097,
  "selected_indices": [
    30,
    32,
    37
  ],
  "distribution": {
    "A": 0.6942453303877777,
    "B": 0.15490707636831497,
    "C": 0.04438162044711004,
    "D": 0.10646597279679726
  }
}