{
  "question_id": "gpqa_gpqa_diamond_0020",
  "method": "faithful_monitor",
  "prefix_length": 52,
  "keep_m": 5,
  "kl_to_baseline": 0.1539582722387422,
  "token_kl": 0.27882889006645684,
  "selected_indices": [
    11,
    19,
    33,
    35,
    40
  ],
  "distribution": {
    "A": 0.2151793758517087,
    "B": 0.7510498638611051,
    "C": 0.013755960553670175,
    "D": 0.020014799733516064
  }
}