{
  "question_id": "gpqa_gpqa_diamond_0004",
  "method": "faithful_monitor",
  "prefix_length": 58,
  "keep_m": 20,
  "kl_to_baseline": 0.05454065097327691,
  "token_kl": 0.32135632882743026,
  "selected_indices": [
    1,
    4,
    6,
    7,
    8,
    10,
    11,
    12,
    13,
    16,
    17,
    19,
    20,
    21,
    22,
    24,
    26,
    32,
    34,
    42
  ],
  "distribution": {
    "A": 0.0020330712708011662,
    "B": 0.06732607399681355,
    "C": 0.9294077346732634,
    "D": 0.0012331200591218334
  }
}