{
  "question_id": "gpqa_gpqa_diamond_0011",
  "method": "faithful_monitor",
  "prefix_length": 75,
  "keep_m": 20,
  "kl_to_baseline": 0.1129909475412876,
  "token_kl": 0.21973995331077584,
  "selected_indices": [
    1,
    2,
    3,
    5,
    7,
    8,
    9,
    11,
    13,
    15,
    16,
    19,
    20,
    24,
    26,
    27,
    41,
    44,
    57,
    65
  ],
  "distribution": {
    "A": 0.11162956690198061,
    "B": 0.7279162793293887,
    "C": 0.14333520115598777,
    "D": 0.017118952612642832
  }
}