{
  "question_id": "gpqa_gpqa_diamond_0001",
  "method": "faithful_monitor",
  "prefix_length": 418,
  "keep_m": 5,
  "kl_to_baseline": 0.10141580318109457,
  "token_kl": 0.17026887824589387,
  "selected_indices": [
    15,
    65,
    295,
    371,
    372
  ],
  "distribution": {
    "A": 0.46601035735609475,
    "B": 0.11782587039474046,
    "C": 0.13351420276905251,
    "D": 0.2826495694801122
  }
}