{
  "question_id": "gpqa_gpqa_diamond_0009",
  "method": "faithful_monitor",
  "prefix_length": 88,
  "keep_m": 3,
  "kl_to_baseline": 1.5478832330660917,
  "token_kl": 0.5710585646588521,
  "selected_indices": [
    7,
    41,
    80
  ],
  "distribution": {
    "A": 0.6555481008165538,
    "B": 0.12908507855575058,
    "C": 0.06909426354823713,
    "D": 0.1462725570794585
  }
}