{
  "question_id": "gpqa_gpqa_diamond_0002",
  "method": "faithful_monitor",
  "prefix_length": 81,
  "keep_m": 10,
  "kl_to_baseline": 0.3295290840053608,
  "token_kl": 1.2077639679978904,
  "selected_indices": [
    0,
    3,
    10,
    11,
    13,
    22,
    28,
    36,
    41,
    58
  ],
  "distribution": {
    "A": 0.08400455485795934,
    "B": 0.13850009643001335,
    "C": 0.07413375946514685,
    "D": 0.7033615892468804
  }
}