{
  "question_id": "gpqa_gpqa_diamond_0031",
  "method": "faithful_monitor",
  "prefix_length": 217,
  "keep_m": 20,
  "kl_to_baseline": 0.023356161434007743,
  "token_kl": 0.04548041346141206,
  "selected_indices": [
    1,
    2,
    5,
    6,
    7,
    10,
    11,
    15,
    16,
    21,
    22,
    24,
    39,
    40,
    45,
    54,
    65,
    119,
    135,
    145
  ],
  "distribution": {
    "A": 0.9342965232208391,
    "B": 0.011761055603128064,
    "C": 0.03196987135168985,
    "D": 0.02197254982434308
  }
}