{
  "question_id": "gpqa_gpqa_diamond_0023",
  "method": "faithful_monitor",
  "prefix_length": 169,
  "keep_m": 20,
  "kl_to_baseline": 0.010553222968439451,
  "token_kl": 2.36967293824078,
  "selected_indices": [
    1,
    2,
    3,
    4,
    6,
    9,
    10,
    11,
    14,
    19,
    24,
    26,
    28,
    33,
    35,
    45,
    46,
    59,
    61,
    75
  ],
  "distribution": {
    "A": 0.4844571435978946,
    "B": 0.2288413508720962,
    "C": 0.2288413508720962,
    "D": 0.05786015465791298
  }
}