{
  "question_id": "gpqa_gpqa_diamond_0023",
  "method": "faithful_monitor",
  "prefix_length": 30,
  "keep_m": 20,
  "kl_to_baseline": 0.07805742119596172,
  "token_kl": 0.16909422086479814,
  "selected_indices": [
    1,
    2,
    3,
    4,
    5,
    6,
    7,
    8,
    9,
    10,
    11,
    13,
    14,
    16,
    19,
    20,
    21,
    22,
    23,
    24
  ],
  "distribution": {
    "A": 0.3219961636732958,
    "B": 0.3219961636732958,
    "C": 0.284160617085806,
    "D": 0.07184705556760251
  }
}