{
  "question_id": "gpqa_gpqa_diamond_0031",
  "method": "faithful_monitor",
  "prefix_length": 63,
  "keep_m": 5,
  "kl_to_baseline": 0.11122982586917807,
  "token_kl": 0.002320535529424561,
  "selected_indices": [
    7,
    15,
    16,
    30,
    54
  ],
  "distribution": {
    "A": 0.8494189561893902,
    "B": 0.0329355481250476,
    "C": 0.06972455592787331,
    "D": 0.04792093975768885
  }
}