{
  "question_id": "gpqa_gpqa_diamond_0020",
  "method": "faithful_monitor",
  "prefix_length": 69,
  "keep_m": 10,
  "kl_to_baseline": 1.195278071310619,
  "token_kl": 0.14354802051751592,
  "selected_indices": [
    1,
    2,
    11,
    19,
    30,
    33,
    37,
    40,
    47,
    53
  ],
  "distribution": {
    "A": 0.5400716679215393,
    "B": 0.28907953247431684,
    "C": 0.0645023700659088,
    "D": 0.10634642953823503
  }
}