{
  "question_id": "gpqa_gpqa_diamond_0023",
  "method": "faithful_monitor",
  "prefix_length": 373,
  "keep_m": 3,
  "kl_to_baseline": 1.994821882390453,
  "token_kl": 1.912849042950785,
  "selected_indices": [
    28,
    45,
    311
  ],
  "distribution": {
    "A": 0.4658923420760485,
    "B": 0.15125308936296253,
    "C": 0.13348038286916541,
    "D": 0.2493741856918236
  }
}