{
  "question_id": "gpqa_gpqa_diamond_0031",
  "method": "faithful_monitor",
  "prefix_length": 201,
  "keep_m": 3,
  "kl_to_baseline": 0.5375480981782267,
  "token_kl": 1.9704114503558114,
  "selected_indices": [
    20,
    55,
    117
  ],
  "distribution": {
    "A": 0.5188968077601183,
    "B": 0.05469132116554325,
    "C": 0.2777454465756248,
    "D": 0.14866642449871378
  }
}