{
  "question_id": "gpqa_gpqa_diamond_0002",
  "method": "faithful_monitor",
  "prefix_length": 106,
  "keep_m": 15,
  "kl_to_baseline": 1.8138893214028673,
  "token_kl": 0.49801366036615224,
  "selected_indices": [
    0,
    3,
    10,
    11,
    13,
    19,
    22,
    28,
    32,
    36,
    41,
    42,
    58,
    84,
    93
  ],
  "distribution": {
    "A": 0.2650373598170415,
    "B": 0.34031470637689565,
    "C": 0.23389464910773808,
    "D": 0.16075328469832478
  }
}