{
  "question_id": "gpqa_gpqa_diamond_0001",
  "method": "faithful_monitor",
  "prefix_length": 315,
  "keep_m": 15,
  "kl_to_baseline": 0.13058678928524264,
  "token_kl": 0.26135519506818644,
  "selected_indices": [
    0,
    4,
    11,
    15,
    18,
    21,
    23,
    62,
    64,
    68,
    69,
    138,
    140,
    296,
    297
  ],
  "distribution": {
    "A": 0.21224449212702542,
    "B": 0.16529617667112,
    "C": 0.27252732244308187,
    "D": 0.3499320087587727
  }
}