{
  "question_id": "gpqa_gpqa_diamond_0031",
  "method": "faithful_monitor",
  "prefix_length": 160,
  "keep_m": 10,
  "kl_to_baseline": 0.018420601228176396,
  "token_kl": 0.3607782065083146,
  "selected_indices": [
    6,
    7,
    11,
    20,
    24,
    54,
    65,
    67,
    129,
    146
  ],
  "distribution": {
    "A": 0.9185626161220384,
    "B": 0.010204306717846003,
    "C": 0.03561653858005786,
    "D": 0.03561653858005786
  }
}