{
  "question_id": "gpqa_gpqa_diamond_0020",
  "method": "faithful_monitor",
  "prefix_length": 39,
  "keep_m": 3,
  "kl_to_baseline": 0.026284126328824584,
  "token_kl": 0.15507772455645666,
  "selected_indices": [
    11,
    14,
    19
  ],
  "distribution": {
    "A": 0.5999068660818953,
    "B": 0.3638619072507904,
    "C": 0.018115613333657164,
    "D": 0.018115613333657164
  }
}