{
  "question_id": "gpqa_gpqa_diamond_0020",
  "method": "faithful_monitor",
  "prefix_length": 60,
  "keep_m": 3,
  "kl_to_baseline": 0.4620756800663139,
  "token_kl": 0.2736395795777223,
  "selected_indices": [
    11,
    47,
    53
  ],
  "distribution": {
    "A": 0.39768392807440706,
    "B": 0.30971655459926045,
    "C": 0.1462997586631662,
    "D": 0.1462997586631662
  }
}