{
  "question_id": "gpqa_gpqa_diamond_0031",
  "method": "faithful_monitor",
  "prefix_length": 74,
  "keep_m": 3,
  "kl_to_baseline": 0.0980187332899665,
  "token_kl": 0.4224772961208654,
  "selected_indices": [
    7,
    15,
    65
  ],
  "distribution": {
    "A": 0.8545657572213543,
    "B": 0.017735942496373537,
    "C": 0.07948699858931671,
    "D": 0.04821130169295542
  }
}