{
  "question_id": "gpqa_gpqa_diamond_0001",
  "method": "faithful_monitor",
  "prefix_length": 311,
  "keep_m": 5,
  "kl_to_baseline": 0.24384945318884943,
  "token_kl": 0.8921099671655299,
  "selected_indices": [
    15,
    62,
    68,
    296,
    297
  ],
  "distribution": {
    "A": 0.1470609704624088,
    "B": 0.3113280769119955,
    "C": 0.1888300238764981,
    "D": 0.3527809287490976
  }
}