{
  "question_id": "gpqa_gpqa_diamond_0001",
  "method": "faithful_monitor",
  "prefix_length": 334,
  "keep_m": 10,
  "kl_to_baseline": 0.07236428580614662,
  "token_kl": 0.8083678659852849,
  "selected_indices": [
    6,
    11,
    15,
    18,
    21,
    63,
    84,
    134,
    295,
    318
  ],
  "distribution": {
    "A": 0.24591295508962827,
    "B": 0.1316277039413547,
    "C": 0.21701742117202166,
    "D": 0.40544191979699545
  }
}