{
  "question_id": "gpqa_gpqa_diamond_0023",
  "method": "faithful_monitor",
  "prefix_length": 310,
  "keep_m": 3,
  "kl_to_baseline": 0.12317561878014797,
  "token_kl": 0.48981498229396475,
  "selected_indices": [
    6,
    28,
    66
  ],
  "distribution": {
    "A": 0.4619154283166679,
    "B": 0.1699291896376032,
    "C": 0.2181933985318337,
    "D": 0.14996198351389517
  }
}