{
  "question_id": "gpqa_gpqa_diamond_0023",
  "method": "faithful_monitor",
  "prefix_length": 294,
  "keep_m": 3,
  "kl_to_baseline": 0.05914459521433123,
  "token_kl": 1.21447724019916,
  "selected_indices": [
    24,
    28,
    66
  ],
  "distribution": {
    "A": 0.5074099654220176,
    "B": 0.1647318972364729,
    "C": 0.23968349619283588,
    "D": 0.08817464114867368
  }
}