{
  "question_id": "gpqa_gpqa_diamond_0001",
  "method": "faithful_monitor",
  "prefix_length": 399,
  "keep_m": 5,
  "kl_to_baseline": 0.13933069605473664,
  "token_kl": 0.8061636645779311,
  "selected_indices": [
    11,
    15,
    52,
    68,
    295
  ],
  "distribution": {
    "A": 0.22950131440499777,
    "B": 0.13919958363097978,
    "C": 0.2025341991015039,
    "D": 0.4287649028625185
  }
}