{
  "question_id": "gpqa_gpqa_diamond_0011",
  "method": "faithful_monitor",
  "prefix_length": 127,
  "keep_m": 3,
  "kl_to_baseline": 1.6681418018724659,
  "token_kl": 0.5202065311355712,
  "selected_indices": [
    3,
    24,
    82
  ],
  "distribution": {
    "A": 0.1296095473352323,
    "B": 0.1885807786253144,
    "C": 0.580869657081244,
    "D": 0.10094001695820924
  }
}