{
  "question_id": "gpqa_gpqa_diamond_0009",
  "method": "faithful_monitor",
  "prefix_length": 37,
  "keep_m": 10,
  "kl_to_baseline": 0.05286136658792837,
  "token_kl": 0.1469332487097069,
  "selected_indices": [
    3,
    4,
    5,
    6,
    7,
    9,
    10,
    14,
    21,
    29
  ],
  "distribution": {
    "A": 0.7351419066063515,
    "B": 0.14475802865678722,
    "C": 0.03229988211695992,
    "D": 0.08780018261990144
  }
}