{
  "question_id": "gpqa_gpqa_diamond_0001",
  "method": "faithful_monitor",
  "prefix_length": 380,
  "keep_m": 10,
  "kl_to_baseline": 0.041775497417209435,
  "token_kl": 0.3088617446765536,
  "selected_indices": [
    11,
    15,
    18,
    21,
    66,
    138,
    295,
    297,
    371,
    372
  ],
  "distribution": {
    "A": 0.46382609490402926,
    "B": 0.11727360235922873,
    "C": 0.17063208459402665,
    "D": 0.24826821814271546
  }
}