{
  "question_id": "gpqa_gpqa_diamond_0001",
  "method": "faithful_monitor",
  "prefix_length": 414,
  "keep_m": 20,
  "kl_to_baseline": 0.08455149204841253,
  "token_kl": 1.123932881186322,
  "selected_indices": [
    0,
    3,
    11,
    15,
    18,
    21,
    23,
    49,
    51,
    58,
    62,
    66,
    68,
    84,
    134,
    138,
    167,
    295,
    297,
    318
  ],
  "distribution": {
    "A": 0.5199028257152745,
    "B": 0.07036120036754617,
    "C": 0.13145202814674675,
    "D": 0.2782839457704327
  }
}