{
  "question_id": "gpqa_gpqa_diamond_0031",
  "method": "faithful_monitor",
  "prefix_length": 167,
  "keep_m": 15,
  "kl_to_baseline": 0.036125744650781555,
  "token_kl": 0.06208432866316295,
  "selected_indices": [
    1,
    2,
    7,
    10,
    11,
    15,
    20,
    37,
    45,
    54,
    65,
    129,
    135,
    145,
    146
  ],
  "distribution": {
    "A": 0.8962680620986275,
    "B": 0.014486823323665599,
    "C": 0.04462255728885349,
    "D": 0.04462255728885349
  }
}