{
  "question_id": "gpqa_gpqa_diamond_0001",
  "method": "faithful_monitor",
  "prefix_length": 251,
  "keep_m": 10,
  "kl_to_baseline": 0.03503958538688342,
  "token_kl": 1.1128738857809388,
  "selected_indices": [
    0,
    11,
    15,
    18,
    49,
    51,
    61,
    64,
    68,
    138
  ],
  "distribution": {
    "A": 0.3468666740605408,
    "B": 0.14459554230804392,
    "C": 0.23839774625169233,
    "D": 0.2701400373797229
  }
}