{
  "question_id": "gpqa_gpqa_diamond_0007",
  "method": "faithful_monitor",
  "prefix_length": 63,
  "keep_m": 15,
  "kl_to_baseline": 0.01091538442001804,
  "token_kl": 0.08922816919248079,
  "selected_indices": [
    1,
    2,
    5,
    6,
    7,
    8,
    9,
    10,
    14,
    15,
    18,
    21,
    22,
    32,
    46
  ],
  "distribution": {
    "A": 0.9776814389893111,
    "B": 0.0027461056327972473,
    "C": 0.017906858116790512,
    "D": 0.001665597261101093
  }
}