{
  "question_id": "gpqa_gpqa_diamond_0003",
  "method": "faithful_monitor",
  "prefix_length": 37,
  "keep_m": 5,
  "kl_to_baseline": 0.03937151275299223,
  "token_kl": 0.4509620091777632,
  "selected_indices": [
    3,
    6,
    18,
    19,
    25
  ],
  "distribution": {
    "A": 0.05996048021021009,
    "B": 0.0012444400653519871,
    "C": 0.9379397894094237,
    "D": 0.0008552903150143577
  }
}