{
  "question_id": "gpqa_gpqa_diamond_0009",
  "method": "faithful_monitor",
  "prefix_length": 106,
  "keep_m": 10,
  "kl_to_baseline": 0.01438974180835726,
  "token_kl": 0.9128250678408759,
  "selected_indices": [
    7,
    9,
    14,
    16,
    21,
    37,
    40,
    43,
    58,
    75
  ],
  "distribution": {
    "A": 0.008420994407528283,
    "B": 0.007431501481325909,
    "C": 0.010812770853051643,
    "D": 0.9733347332580942
  }
}