{
  "question_id": "gpqa_gpqa_diamond_0031",
  "method": "faithful_monitor",
  "prefix_length": 119,
  "keep_m": 10,
  "kl_to_baseline": 0.13746274683033724,
  "token_kl": 0.6411510824105845,
  "selected_indices": [
    2,
    7,
    10,
    15,
    21,
    32,
    54,
    66,
    75,
    105
  ],
  "distribution": {
    "A": 0.846820105231994,
    "B": 0.037206678200122294,
    "C": 0.07876653836776133,
    "D": 0.037206678200122294
  }
}