{
  "question_id": "gpqa_gpqa_diamond_0023",
  "method": "faithful_monitor",
  "prefix_length": 361,
  "keep_m": 15,
  "kl_to_baseline": 0.08151379065627458,
  "token_kl": 0.41395130641096584,
  "selected_indices": [
    1,
    2,
    3,
    6,
    14,
    24,
    28,
    33,
    36,
    45,
    57,
    79,
    311,
    346,
    349
  ],
  "distribution": {
    "A": 0.045645093372430036,
    "B": 0.031371383304284024,
    "C": 0.9168061331561713,
    "D": 0.00617739016711469
  }
}