{
  "question_id": "gpqa_gpqa_diamond_0023",
  "method": "faithful_monitor",
  "prefix_length": 137,
  "keep_m": 20,
  "kl_to_baseline": 0.24752138898806852,
  "token_kl": 0.9268537215965489,
  "selected_indices": [
    1,
    2,
    3,
    4,
    6,
    9,
    10,
    14,
    19,
    24,
    26,
    28,
    30,
    33,
    36,
    45,
    59,
    61,
    63,
    87
  ],
  "distribution": {
    "A": 0.5265974244868993,
    "B": 0.14173177405084106,
    "C": 0.3000461680201744,
    "D": 0.03162463344208524
  }
}