{
  "question_id": "gpqa_gpqa_diamond_0011",
  "method": "faithful_monitor",
  "prefix_length": 71,
  "keep_m": 3,
  "kl_to_baseline": 2.1667249752608746,
  "token_kl": 0.2743072435739405,
  "selected_indices": [
    3,
    7,
    24
  ],
  "distribution": {
    "A": 0.0024193338049810164,
    "B": 0.9760288561878336,
    "C": 0.02025683393866693,
    "D": 0.0012949760685184231
  }
}