{
  "question_id": "gpqa_gpqa_diamond_0007",
  "method": "faithful_monitor",
  "prefix_length": 204,
  "keep_m": 3,
  "kl_to_baseline": 0.4373028938130028,
  "token_kl": 0.35578145121811877,
  "selected_indices": [
    26,
    71,
    88
  ],
  "distribution": {
    "A": 0.6401582136079386,
    "B": 0.009131364864855322,
    "C": 0.34265202031760145,
    "D": 0.008058401209604625
  }
}