{
  "question_id": "gpqa_gpqa_diamond_0013",
  "method": "faithful_monitor",
  "prefix_length": 28,
  "keep_m": 10,
  "kl_to_baseline": 0.009461323971565941,
  "token_kl": 0.2130629457017621,
  "selected_indices": [
    1,
    4,
    5,
    6,
    7,
    9,
    12,
    16,
    19,
    21
  ],
  "distribution": {
    "A": 0.015894407340143843,
    "B": 0.00032987790023955853,
    "C": 0.0004235716083111764,
    "D": 0.9833521431513054
  }
}