{
  "question_id": "gpqa_gpqa_diamond_0031",
  "method": "faithful_monitor",
  "prefix_length": 136,
  "keep_m": 10,
  "kl_to_baseline": 0.05219530331246048,
  "token_kl": 0.787912110884831,
  "selected_indices": [
    7,
    10,
    11,
    20,
    24,
    45,
    55,
    65,
    67,
    129
  ],
  "distribution": {
    "A": 0.7734117784188728,
    "B": 0.026464694160154283,
    "C": 0.08151699685356985,
    "D": 0.11860653056740306
  }
}