{
  "question_id": "gpqa_gpqa_diamond_0001",
  "method": "faithful_monitor",
  "prefix_length": 31,
  "keep_m": 10,
  "kl_to_baseline": 0.07820632296289054,
  "token_kl": 0.2534524460095703,
  "selected_indices": [
    0,
    1,
    2,
    6,
    8,
    9,
    10,
    11,
    15,
    23
  ],
  "distribution": {
    "A": 0.2866962688957339,
    "B": 0.1354257282219888,
    "C": 0.25300856928304544,
    "D": 0.32486943359923176
  }
}