{
  "question_id": "gpqa_gpqa_diamond_0001",
  "method": "faithful_monitor",
  "prefix_length": 393,
  "keep_m": 15,
  "kl_to_baseline": 0.11912354367720483,
  "token_kl": 1.028020989712341,
  "selected_indices": [
    0,
    4,
    11,
    15,
    18,
    21,
    62,
    66,
    68,
    104,
    138,
    167,
    295,
    297,
    315
  ],
  "distribution": {
    "A": 0.24721281828833164,
    "B": 0.19252953646824159,
    "C": 0.2801288226217134,
    "D": 0.2801288226217134
  }
}