{
  "question_id": "gpqa_gpqa_diamond_0023",
  "method": "faithful_monitor",
  "prefix_length": 288,
  "keep_m": 5,
  "kl_to_baseline": 0.05863548636328838,
  "token_kl": 0.8887249587693403,
  "selected_indices": [
    1,
    19,
    28,
    45,
    75
  ],
  "distribution": {
    "A": 0.4861793465314849,
    "B": 0.20266969224103684,
    "C": 0.20266969224103684,
    "D": 0.10848126898644149
  }
}