{
  "question_id": "gpqa_gpqa_diamond_0023",
  "method": "faithful_monitor",
  "prefix_length": 37,
  "keep_m": 3,
  "kl_to_baseline": 0.15571695572954394,
  "token_kl": 0.871423766660053,
  "selected_indices": [
    6,
    10,
    28
  ],
  "distribution": {
    "A": 0.20654244961409096,
    "B": 0.3858720965296739,
    "C": 0.3405309299812612,
    "D": 0.06705452387497393
  }
}