{
  "question_id": "gpqa_gpqa_diamond_0001",
  "method": "faithful_monitor",
  "prefix_length": 382,
  "keep_m": 15,
  "kl_to_baseline": 0.19116705817512294,
  "token_kl": 0.7119441536729019,
  "selected_indices": [
    0,
    9,
    10,
    11,
    14,
    15,
    21,
    62,
    64,
    68,
    134,
    138,
    167,
    295,
    297
  ],
  "distribution": {
    "A": 0.2641970714423969,
    "B": 0.09719267100136059,
    "C": 0.2993745028097379,
    "D": 0.3392357547465047
  }
}