{
  "question_id": "gpqa_gpqa_diamond_0009",
  "method": "faithful_monitor",
  "prefix_length": 77,
  "keep_m": 20,
  "kl_to_baseline": 0.3851580651486129,
  "token_kl": 0.33286745374134646,
  "selected_indices": [
    1,
    4,
    5,
    6,
    7,
    9,
    14,
    15,
    16,
    18,
    21,
    23,
    24,
    28,
    29,
    30,
    36,
    40,
    58,
    59
  ],
  "distribution": {
    "A": 0.25983295160418507,
    "B": 0.051164141773630364,
    "C": 0.06569605846035641,
    "D": 0.6233068481618282
  }
}