{
  "question_id": "gpqa_gpqa_diamond_0009",
  "method": "faithful_monitor",
  "prefix_length": 102,
  "keep_m": 15,
  "kl_to_baseline": 0.08750254984289492,
  "token_kl": 0.0708235879337874,
  "selected_indices": [
    1,
    7,
    9,
    14,
    16,
    18,
    21,
    24,
    37,
    40,
    41,
    44,
    58,
    71,
    75
  ],
  "distribution": {
    "A": 0.00835505547245496,
    "B": 0.012156533981080788,
    "C": 0.013775157675316002,
    "D": 0.9657132528711483
  }
}