{
  "question_id": "gpqa_gpqa_diamond_0009",
  "method": "faithful_monitor",
  "prefix_length": 89,
  "keep_m": 5,
  "kl_to_baseline": 1.5345667939299792,
  "token_kl": 0.133440299836534,
  "selected_indices": [
    7,
    9,
    24,
    41,
    75
  ],
  "distribution": {
    "A": 0.6639368193868885,
    "B": 0.13073691133521664,
    "C": 0.03745675222422493,
    "D": 0.16786951705366987
  }
}