{
  "question_id": "gpqa_gpqa_diamond_0009",
  "method": "faithful_monitor",
  "prefix_length": 104,
  "keep_m": 5,
  "kl_to_baseline": 2.660666401729681,
  "token_kl": 0.9225034707525577,
  "selected_indices": [
    7,
    9,
    36,
    40,
    77
  ],
  "distribution": {
    "A": 0.8605712214934141,
    "B": 0.0706399822689648,
    "C": 0.02023869377017719,
    "D": 0.04855010246744388
  }
}