{
  "question_id": "gpqa_gpqa_diamond_0002",
  "method": "faithful_monitor",
  "prefix_length": 54,
  "keep_m": 10,
  "kl_to_baseline": 0.1083595823443411,
  "token_kl": 0.07291452190808015,
  "selected_indices": [
    0,
    3,
    10,
    11,
    13,
    21,
    24,
    28,
    32,
    41
  ],
  "distribution": {
    "A": 0.37106890620496596,
    "B": 0.1986188728142493,
    "C": 0.1752805400534187,
    "D": 0.255031680927366
  }
}