{
  "question_id": "gpqa_gpqa_diamond_0007",
  "method": "faithful_monitor",
  "prefix_length": 194,
  "keep_m": 5,
  "kl_to_baseline": 0.1613824388141601,
  "token_kl": 1.241115596332267,
  "selected_indices": [
    6,
    15,
    22,
    58,
    88
  ],
  "distribution": {
    "A": 0.8459223802537846,
    "B": 0.028945874246645756,
    "C": 0.11448315345749482,
    "D": 0.010648592042074885
  }
}