{
  "question_id": "gpqa_gpqa_diamond_0011",
  "method": "faithful_monitor",
  "prefix_length": 124,
  "keep_m": 15,
  "kl_to_baseline": 0.02485402430480693,
  "token_kl": 0.06646618026772978,
  "selected_indices": [
    1,
    2,
    3,
    5,
    7,
    11,
    15,
    24,
    33,
    41,
    57,
    67,
    82,
    86,
    96
  ],
  "distribution": {
    "A": 0.01082426800760869,
    "B": 0.9743694383190536,
    "C": 0.01082426800760869,
    "D": 0.003982025665729007
  }
}