{
  "question_id": "gpqa_gpqa_diamond_0031",
  "method": "faithful_monitor",
  "prefix_length": 179,
  "keep_m": 5,
  "kl_to_baseline": 0.13064591411249535,
  "token_kl": 3.4482039980362003,
  "selected_indices": [
    7,
    10,
    20,
    65,
    129
  ],
  "distribution": {
    "A": 0.7100999106160798,
    "B": 0.03535379490510716,
    "C": 0.15844471622119233,
    "D": 0.09610157825762077
  }
}