{
  "question_id": "gpqa_gpqa_diamond_0001",
  "method": "faithful_monitor",
  "prefix_length": 340,
  "keep_m": 5,
  "kl_to_baseline": 0.5039991540348521,
  "token_kl": 1.1313811771377098,
  "selected_indices": [
    15,
    51,
    62,
    68,
    295
  ],
  "distribution": {
    "A": 0.17297721597533586,
    "B": 0.470200850949345,
    "C": 0.13471479125510308,
    "D": 0.2221071418202161
  }
}