{
  "question_id": "gpqa_gpqa_diamond_0001",
  "method": "faithful_monitor",
  "prefix_length": 427,
  "keep_m": 5,
  "kl_to_baseline": 2.0075667752711897,
  "token_kl": 0.0857140789150536,
  "selected_indices": [
    11,
    21,
    66,
    295,
    411
  ],
  "distribution": {
    "A": 0.07202451939278863,
    "B": 0.07202451939278863,
    "C": 0.08161447273282006,
    "D": 0.7743364884816026
  }
}