{
  "question_id": "gpqa_gpqa_diamond_0003",
  "method": "faithful_monitor",
  "prefix_length": 27,
  "keep_m": 20,
  "kl_to_baseline": 0.006757662157494916,
  "token_kl": 0.019219358093647824,
  "selected_indices": [
    0,
    2,
    3,
    4,
    5,
    6,
    7,
    8,
    10,
    11,
    12,
    13,
    14,
    15,
    16,
    17,
    18,
    19,
    20,
    21
  ],
  "distribution": {
    "A": 0.07577556929994929,
    "B": 0.0005785536110928652,
    "C": 0.9231353053191893,
    "D": 0.0005105717697685861
  }
}