{
  "question_id": "gpqa_gpqa_diamond_0009",
  "method": "faithful_monitor",
  "prefix_length": 43,
  "keep_m": 15,
  "kl_to_baseline": 0.15640663951405195,
  "token_kl": 0.31906933324761333,
  "selected_indices": [
    1,
    3,
    4,
    5,
    6,
    7,
    9,
    14,
    15,
    16,
    18,
    29,
    32,
    36,
    37
  ],
  "distribution": {
    "A": 0.42025318818725266,
    "B": 0.03908964029823812,
    "C": 0.06444792142372209,
    "D": 0.4762092500907872
  }
}