{
  "question_id": "gpqa_gpqa_diamond_0011",
  "method": "faithful_monitor",
  "prefix_length": 110,
  "keep_m": 10,
  "kl_to_baseline": 0.06805353425163328,
  "token_kl": 0.15633555846811348,
  "selected_indices": [
    1,
    3,
    5,
    7,
    9,
    16,
    24,
    41,
    82,
    89
  ],
  "distribution": {
    "A": 0.0465046998232912,
    "B": 0.9340718445243416,
    "C": 0.01710812298283804,
    "D": 0.0023153326695291897
  }
}