{
  "question_id": "gpqa_gpqa_diamond_0011",
  "method": "faithful_monitor",
  "prefix_length": 75,
  "keep_m": 15,
  "kl_to_baseline": 0.09473012455045489,
  "token_kl": 0.13963436681470623,
  "selected_indices": [
    1,
    2,
    3,
    5,
    6,
    7,
    8,
    9,
    11,
    15,
    24,
    26,
    41,
    50,
    67
  ],
  "distribution": {
    "A": 0.19615347541748207,
    "B": 0.6041952039419155,
    "C": 0.1731048344871315,
    "D": 0.02654648615347088
  }
}