{
  "question_id": "gpqa_gpqa_diamond_0020",
  "method": "faithful_monitor",
  "prefix_length": 49,
  "keep_m": 15,
  "kl_to_baseline": 0.40015295893547276,
  "token_kl": 0.5977177222134675,
  "selected_indices": [
    1,
    2,
    8,
    11,
    14,
    19,
    21,
    22,
    24,
    30,
    33,
    36,
    38,
    40,
    41
  ],
  "distribution": {
    "A": 0.6092120421745112,
    "B": 0.32608768852895875,
    "C": 0.03033087978640703,
    "D": 0.034369389510123
  }
}