{
  "question_id": "gpqa_gpqa_diamond_0009",
  "method": "faithful_monitor",
  "prefix_length": 100,
  "keep_m": 5,
  "kl_to_baseline": 0.2132099453482837,
  "token_kl": 0.2614691668667968,
  "selected_indices": [
    7,
    38,
    41,
    58,
    75
  ],
  "distribution": {
    "A": 0.0013219751404783399,
    "B": 0.0008018184540780287,
    "C": 0.0014979940854258312,
    "D": 0.9963782123200178
  }
}