{
  "question_id": "gpqa_gpqa_diamond_0031",
  "method": "faithful_monitor",
  "prefix_length": 136,
  "keep_m": 20,
  "kl_to_baseline": 0.0074433848830743644,
  "token_kl": 0.6272154332168826,
  "selected_indices": [
    1,
    2,
    5,
    6,
    7,
    10,
    11,
    15,
    16,
    21,
    22,
    24,
    39,
    45,
    54,
    55,
    56,
    65,
    67,
    129
  ],
  "distribution": {
    "A": 0.9258568354351628,
    "B": 0.010285341069443042,
    "C": 0.02795845572857054,
    "D": 0.035899367766823564
  }
}