{
  "question_id": "gpqa_gpqa_diamond_0001",
  "method": "faithful_monitor",
  "prefix_length": 40,
  "keep_m": 10,
  "kl_to_baseline": 0.028160049651728893,
  "token_kl": 0.41824723221396254,
  "selected_indices": [
    1,
    2,
    6,
    8,
    9,
    10,
    11,
    15,
    18,
    21
  ],
  "distribution": {
    "A": 0.32214925106965087,
    "B": 0.13429177142998594,
    "C": 0.22140972643071222,
    "D": 0.32214925106965087
  }
}