{
  "question_id": "gpqa_gpqa_diamond_0009",
  "method": "faithful_monitor",
  "prefix_length": 35,
  "keep_m": 20,
  "kl_to_baseline": 0.10971413218199237,
  "token_kl": 0.549770953248027,
  "selected_indices": [
    1,
    3,
    4,
    5,
    6,
    7,
    9,
    12,
    14,
    15,
    16,
    18,
    19,
    20,
    21,
    24,
    26,
    27,
    28,
    29
  ],
  "distribution": {
    "A": 0.6505757913603881,
    "B": 0.07770019784464123,
    "C": 0.06051297492620968,
    "D": 0.21121103586876094
  }
}