{
  "question_id": "gpqa_gpqa_diamond_0031",
  "method": "faithful_monitor",
  "prefix_length": 181,
  "keep_m": 15,
  "kl_to_baseline": 0.060707908711801546,
  "token_kl": 0.2153159729772626,
  "selected_indices": [
    1,
    5,
    6,
    7,
    10,
    15,
    16,
    20,
    22,
    24,
    39,
    54,
    65,
    117,
    129
  ],
  "distribution": {
    "A": 0.8092342721451015,
    "B": 0.02769047530397671,
    "C": 0.09664925546600615,
    "D": 0.0664259970849158
  }
}