{
  "question_id": "gpqa_gpqa_diamond_0004",
  "method": "faithful_monitor",
  "prefix_length": 45,
  "keep_m": 20,
  "kl_to_baseline": 0.14529303958781817,
  "token_kl": 1.0760016060692934,
  "selected_indices": [
    1,
    4,
    6,
    7,
    8,
    11,
    12,
    13,
    14,
    16,
    17,
    18,
    20,
    21,
    22,
    24,
    25,
    26,
    32,
    35
  ],
  "distribution": {
    "A": 0.0019922307299516107,
    "B": 0.08471182642818825,
    "C": 0.9107378679486959,
    "D": 0.00255807489316424
  }
}