{
  "question_id": "gpqa_gpqa_diamond_0009",
  "method": "faithful_monitor",
  "prefix_length": 76,
  "keep_m": 15,
  "kl_to_baseline": 0.2716333117626536,
  "token_kl": 0.4093998530234459,
  "selected_indices": [
    1,
    4,
    6,
    7,
    9,
    10,
    14,
    16,
    18,
    21,
    24,
    26,
    41,
    51,
    58
  ],
  "distribution": {
    "A": 0.21661376580112263,
    "B": 0.02587082193301763,
    "C": 0.09029804113765742,
    "D": 0.6672173711282023
  }
}