{
  "question_id": "gpqa_gpqa_diamond_0031",
  "method": "faithful_monitor",
  "prefix_length": 62,
  "keep_m": 3,
  "kl_to_baseline": 0.2690953621141621,
  "token_kl": 0.0005598032302105288,
  "selected_indices": [
    20,
    32,
    55
  ],
  "distribution": {
    "A": 0.6612770154140863,
    "B": 0.02262765515022461,
    "C": 0.2146852146615486,
    "D": 0.10141011477414047
  }
}