{
  "question_id": "gpqa_gpqa_diamond_0002",
  "method": "faithful_monitor",
  "prefix_length": 100,
  "keep_m": 20,
  "kl_to_baseline": 0.35367428270948015,
  "token_kl": 0.12064826424821554,
  "selected_indices": [
    0,
    3,
    5,
    7,
    10,
    11,
    13,
    16,
    19,
    22,
    28,
    30,
    32,
    36,
    41,
    42,
    50,
    55,
    58,
    82
  ],
  "distribution": {
    "A": 0.1769731962746317,
    "B": 0.08359621865180676,
    "C": 0.03948805762673808,
    "D": 0.6999425274468235
  }
}