{
  "question_id": "gpqa_gpqa_diamond_0001",
  "method": "faithful_monitor",
  "prefix_length": 318,
  "keep_m": 3,
  "kl_to_baseline": 0.21368820344692818,
  "token_kl": 0.5741716145665465,
  "selected_indices": [
    11,
    68,
    296
  ],
  "distribution": {
    "A": 0.22594542506792864,
    "B": 0.17596647397430426,
    "C": 0.17596647397430426,
    "D": 0.4221216269834628
  }
}