{
  "question_id": "gpqa_gpqa_diamond_0017",
  "method": "faithful_monitor",
  "prefix_length": 130,
  "keep_m": 20,
  "kl_to_baseline": 0.14650435182405128,
  "token_kl": 0.09423749331278043,
  "selected_indices": [
    1,
    4,
    8,
    10,
    12,
    18,
    20,
    22,
    24,
    29,
    30,
    54,
    61,
    64,
    66,
    74,
    77,
    78,
    95,
    98
  ],
  "distribution": {
    "A": 0.8605712107656154,
    "B": 0.02023869532736385,
    "C": 0.07063998770408028,
    "D": 0.048550106202940486
  }
}