{
  "question_id": "gpqa_gpqa_diamond_0023",
  "method": "faithful_monitor",
  "prefix_length": 195,
  "keep_m": 20,
  "kl_to_baseline": 0.05111959323972342,
  "token_kl": 0.24540991122317607,
  "selected_indices": [
    1,
    2,
    3,
    4,
    6,
    10,
    11,
    14,
    19,
    25,
    28,
    33,
    36,
    39,
    45,
    46,
    59,
    63,
    66,
    104
  ],
  "distribution": {
    "A": 0.5843813329133496,
    "B": 0.13880272458438705,
    "C": 0.22884700445341055,
    "D": 0.04796893804885285
  }
}