{
  "question_id": "gpqa_gpqa_diamond_0001",
  "method": "faithful_monitor",
  "prefix_length": 188,
  "keep_m": 10,
  "kl_to_baseline": 0.04300005689678092,
  "token_kl": 0.24283050254689992,
  "selected_indices": [
    0,
    11,
    15,
    18,
    49,
    51,
    63,
    68,
    104,
    167
  ],
  "distribution": {
    "A": 0.4287649028625185,
    "B": 0.13919958363097978,
    "C": 0.2025341991015039,
    "D": 0.22950131440499777
  }
}