{
  "question_id": "gpqa_gpqa_diamond_0023",
  "method": "faithful_monitor",
  "prefix_length": 317,
  "keep_m": 3,
  "kl_to_baseline": 0.21279124728553714,
  "token_kl": 0.46216000229101556,
  "selected_indices": [
    28,
    45,
    66
  ],
  "distribution": {
    "A": 0.37106890620496596,
    "B": 0.1986188728142493,
    "C": 0.255031680927366,
    "D": 0.1752805400534187
  }
}