{
  "question_id": "gpqa_gpqa_diamond_0023",
  "method": "faithful_monitor",
  "prefix_length": 170,
  "keep_m": 3,
  "kl_to_baseline": 0.11050381904668147,
  "token_kl": 0.8735757091918595,
  "selected_indices": [
    24,
    26,
    45
  ],
  "distribution": {
    "A": 0.3253855358875744,
    "B": 0.223633990289185,
    "C": 0.3687101166413252,
    "D": 0.08227035718191537
  }
}