{
  "question_id": "gpqa_gpqa_diamond_0009",
  "method": "faithful_monitor",
  "prefix_length": 101,
  "keep_m": 10,
  "kl_to_baseline": 0.07400199168715989,
  "token_kl": 0.09295442905351982,
  "selected_indices": [
    7,
    9,
    10,
    12,
    21,
    24,
    37,
    40,
    58,
    75
  ],
  "distribution": {
    "A": 0.21384099382055505,
    "B": 0.019890310812519574,
    "C": 0.019890310812519574,
    "D": 0.7463783845544059
  }
}