{
  "question_id": "gpqa_gpqa_diamond_0009",
  "method": "faithful_monitor",
  "prefix_length": 100,
  "keep_m": 3,
  "kl_to_baseline": 0.01091283324324243,
  "token_kl": 0.37183855981258496,
  "selected_indices": [
    7,
    58,
    75
  ],
  "distribution": {
    "A": 0.104343873959671,
    "B": 0.010997763403130233,
    "C": 0.010997763403130233,
    "D": 0.8736605992340686
  }
}