{
  "question_id": "gpqa_gpqa_diamond_0009",
  "method": "faithful_monitor",
  "prefix_length": 28,
  "keep_m": 15,
  "kl_to_baseline": 0.06621232276206583,
  "token_kl": 0.05433575683399731,
  "selected_indices": [
    0,
    1,
    4,
    5,
    6,
    7,
    9,
    10,
    12,
    14,
    15,
    16,
    18,
    20,
    22
  ],
  "distribution": {
    "A": 0.593745205821396,
    "B": 0.11691537009144898,
    "C": 0.07091275655211324,
    "D": 0.21842666753504172
  }
}