{
  "question_id": "gpqa_gpqa_diamond_0011",
  "method": "faithful_monitor",
  "prefix_length": 55,
  "keep_m": 10,
  "kl_to_baseline": 0.05409283029343806,
  "token_kl": 0.5200695514324969,
  "selected_indices": [
    1,
    3,
    5,
    7,
    9,
    11,
    20,
    24,
    41,
    44
  ],
  "distribution": {
    "A": 0.09257381272427123,
    "B": 0.22207303221259125,
    "C": 0.6036570520735217,
    "D": 0.08169610298961577
  }
}