{
  "question_id": "gpqa_gpqa_diamond_0031",
  "method": "faithful_monitor",
  "prefix_length": 247,
  "keep_m": 15,
  "kl_to_baseline": 0.0024107371481572075,
  "token_kl": 0.0018187417433198553,
  "selected_indices": [
    1,
    2,
    5,
    6,
    7,
    10,
    15,
    16,
    24,
    54,
    55,
    65,
    129,
    145,
    217
  ],
  "distribution": {
    "A": 0.9300362053855973,
    "B": 0.009117755758806769,
    "C": 0.03606141496921935,
    "D": 0.024784623886376738
  }
}