{
  "question_id": "gpqa_gpqa_diamond_0002",
  "method": "faithful_monitor",
  "prefix_length": 80,
  "keep_m": 5,
  "kl_to_baseline": 0.10031084021196005,
  "token_kl": 0.13390112933961068,
  "selected_indices": [
    5,
    22,
    36,
    56,
    58
  ],
  "distribution": {
    "A": 0.034745635384941936,
    "B": 0.0505546011805449,
    "C": 0.018598002865052886,
    "D": 0.8961017605694603
  }
}