{
  "question_id": "gpqa_gpqa_diamond_0031",
  "method": "faithful_monitor",
  "prefix_length": 116,
  "keep_m": 5,
  "kl_to_baseline": 0.003063600401695135,
  "token_kl": 0.0239160122777555,
  "selected_indices": [
    7,
    15,
    46,
    55,
    65
  ],
  "distribution": {
    "A": 0.9788201576573708,
    "B": 0.0031153705174802528,
    "C": 0.00959601675856516,
    "D": 0.008468455066583624
  }
}