{
  "question_id": "gpqa_gpqa_diamond_0001",
  "method": "faithful_monitor",
  "prefix_length": 361,
  "keep_m": 20,
  "kl_to_baseline": 0.021917883894570625,
  "token_kl": 0.4407770754552639,
  "selected_indices": [
    0,
    11,
    14,
    15,
    18,
    21,
    23,
    61,
    62,
    64,
    68,
    69,
    104,
    105,
    138,
    140,
    167,
    295,
    297,
    315
  ],
  "distribution": {
    "A": 0.29554977724383813,
    "B": 0.10872668689080742,
    "C": 0.26082176297725423,
    "D": 0.33490177288810025
  }
}