{
  "question_id": "gpqa_gpqa_diamond_0023",
  "method": "faithful_monitor",
  "prefix_length": 163,
  "keep_m": 20,
  "kl_to_baseline": 0.10107287649285521,
  "token_kl": 0.3553085388268922,
  "selected_indices": [
    1,
    2,
    3,
    4,
    6,
    14,
    16,
    19,
    24,
    26,
    27,
    28,
    39,
    45,
    46,
    59,
    66,
    75,
    79,
    83
  ],
  "distribution": {
    "A": 0.7172553689066709,
    "B": 0.10999467331802944,
    "C": 0.14123595624061475,
    "D": 0.031514001534685
  }
}