{
  "question_id": "gpqa_gpqa_diamond_0026",
  "method": "faithful_monitor",
  "prefix_length": 58,
  "keep_m": 15,
  "kl_to_baseline": 0.030407792473620375,
  "token_kl": 0.251587737616924,
  "selected_indices": [
    1,
    3,
    6,
    8,
    10,
    14,
    16,
    18,
    23,
    26,
    32,
    39,
    41,
    47,
    48
  ],
  "distribution": {
    "A": 0.028871122784975407,
    "B": 0.9560802582093009,
    "C": 0.010621089983863364,
    "D": 0.004427529021860458
  }
}