{
  "question_id": "gpqa_gpqa_diamond_0023",
  "method": "faithful_monitor",
  "prefix_length": 188,
  "keep_m": 3,
  "kl_to_baseline": 0.07986750435412593,
  "token_kl": 1.2204804863968917,
  "selected_indices": [
    33,
    38,
    45
  ],
  "distribution": {
    "A": 0.39855634852953997,
    "B": 0.21333184045923412,
    "C": 0.2739235053384309,
    "D": 0.11418830567279496
  }
}