{
  "question_id": "gpqa_gpqa_diamond_0009",
  "method": "faithful_monitor",
  "prefix_length": 77,
  "keep_m": 15,
  "kl_to_baseline": 0.11413145849900116,
  "token_kl": 0.26559295404310374,
  "selected_indices": [
    1,
    4,
    5,
    7,
    9,
    10,
    14,
    16,
    21,
    24,
    37,
    40,
    58,
    59,
    66
  ],
  "distribution": {
    "A": 0.053464056827658174,
    "B": 0.032427589658593235,
    "C": 0.07778974367490227,
    "D": 0.8363186098388462
  }
}