{
  "question_id": "gpqa_gpqa_diamond_0023",
  "method": "faithful_monitor",
  "prefix_length": 337,
  "keep_m": 15,
  "kl_to_baseline": 0.0684583574642141,
  "token_kl": 0.5054995686648115,
  "selected_indices": [
    1,
    2,
    3,
    6,
    9,
    10,
    24,
    26,
    27,
    28,
    33,
    36,
    45,
    59,
    311
  ],
  "distribution": {
    "A": 0.5600526693052441,
    "B": 0.2060318507301321,
    "C": 0.18182247010311334,
    "D": 0.05209300986151047
  }
}