{
  "question_id": "gpqa_gpqa_diamond_0001",
  "method": "faithful_monitor",
  "prefix_length": 318,
  "keep_m": 5,
  "kl_to_baseline": 0.24775044412667452,
  "token_kl": 0.41573014429429833,
  "selected_indices": [
    15,
    62,
    68,
    296,
    297
  ],
  "distribution": {
    "A": 0.217017417766748,
    "B": 0.24591295123094764,
    "C": 0.13162771756719782,
    "D": 0.40544191343510666
  }
}