{
  "question_id": "gpqa_gpqa_diamond_0001",
  "method": "faithful_monitor",
  "prefix_length": 397,
  "keep_m": 15,
  "kl_to_baseline": 0.17905928906936536,
  "token_kl": 0.42873381072360744,
  "selected_indices": [
    0,
    11,
    15,
    18,
    21,
    51,
    62,
    64,
    68,
    134,
    138,
    167,
    248,
    295,
    315
  ],
  "distribution": {
    "A": 0.2662129000749814,
    "B": 0.12575006990360718,
    "C": 0.2662129000749814,
    "D": 0.3418241299464301
  }
}