{
  "question_id": "gpqa_gpqa_diamond_0026",
  "method": "faithful_monitor",
  "prefix_length": 99,
  "keep_m": 5,
  "kl_to_baseline": 0.05043085514444172,
  "token_kl": 1.6312762430555439,
  "selected_indices": [
    8,
    16,
    23,
    39,
    47
  ],
  "distribution": {
    "A": 0.016845263500781683,
    "B": 0.9197201691439313,
    "C": 0.027773144244287267,
    "D": 0.03566142311099971
  }
}