{
  "question_id": "gpqa_gpqa_diamond_0009",
  "method": "faithful_monitor",
  "prefix_length": 70,
  "keep_m": 15,
  "kl_to_baseline": 1.7546199371247353,
  "token_kl": 0.10720698878329889,
  "selected_indices": [
    1,
    3,
    4,
    5,
    6,
    7,
    9,
    12,
    14,
    15,
    16,
    36,
    40,
    49,
    51
  ],
  "distribution": {
    "A": 0.683123231348881,
    "B": 0.07200066744751502,
    "C": 0.09245068702109098,
    "D": 0.15242541418251296
  }
}