{
  "question_id": "gpqa_gpqa_diamond_0002",
  "method": "faithful_monitor",
  "prefix_length": 96,
  "keep_m": 5,
  "kl_to_baseline": 1.5794763745178775,
  "token_kl": 0.2587491087770302,
  "selected_indices": [
    5,
    22,
    55,
    58,
    83
  ],
  "distribution": {
    "A": 0.3788721596190015,
    "B": 0.2603947733385217,
    "C": 0.15793741365873518,
    "D": 0.20279565338374164
  }
}