{
  "question_id": "gpqa_gpqa_diamond_0001",
  "method": "faithful_monitor",
  "prefix_length": 385,
  "keep_m": 3,
  "kl_to_baseline": 0.11537220100727125,
  "token_kl": 0.6338385730160021,
  "selected_indices": [
    11,
    68,
    295
  ],
  "distribution": {
    "A": 0.29800049176271115,
    "B": 0.15950816892027034,
    "C": 0.2048125430629488,
    "D": 0.33767879625406966
  }
}