{
  "question_id": "medmcqa_0001",
  "method": "faithful_monitor",
  "prefix_length": 35,
  "keep_m": 5,
  "kl_to_baseline": 0.4612468968245635,
  "token_kl": 0.06922824112764858,
  "selected_indices": [
    6,
    8,
    23,
    28,
    29
  ],
  "distribution": {
    "A": 0.6054595112506579,
    "B": 0.04385933466063386,
    "C": 0.026602031186271427,
    "D": 0.3240791229024368
  }
}