{
  "question_id": "medmcqa_0001",
  "method": "faithful_monitor",
  "prefix_length": 28,
  "keep_m": 3,
  "kl_to_baseline": 0.05565308052929851,
  "token_kl": 0.2002663134596046,
  "selected_indices": [
    7,
    8,
    9
  ],
  "distribution": {
    "A": 0.9379599698339057,
    "B": 0.010419793514460122,
    "C": 0.004921961942698711,
    "D": 0.04669827470893538
  }
}