{
  "question_id": "medmcqa_0001",
  "method": "faithful_monitor",
  "prefix_length": 93,
  "keep_m": 20,
  "kl_to_baseline": 0.0007476682938576739,
  "token_kl": 0.16504301417072578,
  "selected_indices": [
    1,
    4,
    5,
    6,
    7,
    8,
    11,
    16,
    17,
    20,
    21,
    22,
    23,
    24,
    26,
    28,
    29,
    31,
    46,
    47
  ],
  "distribution": {
    "A": 0.9880651212465462,
    "B": 0.004575649475956085,
    "C": 0.0007016985736792598,
    "D": 0.006657530703818375
  }
}