{
  "question_id": "medmcqa_0001",
  "method": "faithful_monitor",
  "prefix_length": 31,
  "keep_m": 3,
  "kl_to_baseline": 0.07666405039258645,
  "token_kl": 0.6485897479920364,
  "selected_indices": [
    6,
    8,
    23
  ],
  "distribution": {
    "A": 0.9093635000370192,
    "B": 0.04527453869972374,
    "C": 0.010102115070715643,
    "D": 0.03525984619254147
  }
}