{
  "question_id": "medmcqa_0001",
  "method": "faithful_monitor",
  "prefix_length": 57,
  "keep_m": 3,
  "kl_to_baseline": 0.12461530047381777,
  "token_kl": 0.19648459899956197,
  "selected_indices": [
    8,
    39,
    47
  ],
  "distribution": {
    "A": 0.8682363574148219,
    "B": 0.026218466967423734,
    "C": 0.014033734082561186,
    "D": 0.09151144153519335
  }
}