{
  "question_id": "medmcqa_0001",
  "method": "faithful_monitor",
  "prefix_length": 21,
  "keep_m": 15,
  "kl_to_baseline": 4.1633644274536146e-05,
  "token_kl": 0.001560432938587332,
  "selected_indices": [
    0,
    1,
    2,
    3,
    4,
    5,
    6,
    7,
    8,
    9,
    10,
    11,
    12,
    13,
    14
  ],
  "distribution": {
    "A": 0.9992800562647497,
    "B": 0.0005526862260740095,
    "C": 2.751661380257636e-05,
    "D": 0.00013974089537373597
  }
}