{
  "question_id": "medmcqa_0001",
  "method": "faithful_monitor",
  "prefix_length": 70,
  "keep_m": 10,
  "kl_to_baseline": 0.0053792794384570275,
  "token_kl": 0.25461133137171493,
  "selected_indices": [
    1,
    5,
    6,
    7,
    8,
    13,
    17,
    21,
    23,
    46
  ],
  "distribution": {
    "A": 0.9813680735522429,
    "B": 0.01090201335405155,
    "C": 0.0018944858520829517,
    "D": 0.005835427241622741
  }
}