{
  "question_id": "medmcqa_0001",
  "method": "faithful_monitor",
  "prefix_length": 40,
  "keep_m": 10,
  "kl_to_baseline": 0.20984166876316723,
  "token_kl": 0.3949298528716446,
  "selected_indices": [
    1,
    5,
    6,
    8,
    9,
    13,
    18,
    21,
    23,
    29
  ],
  "distribution": {
    "A": 0.793929174252596,
    "B": 0.04479042305532892,
    "C": 0.03952740961178142,
    "D": 0.12175299308029365
  }
}