{
  "question_id": "medmcqa_0001",
  "method": "faithful_monitor",
  "prefix_length": 92,
  "keep_m": 10,
  "kl_to_baseline": 0.03388570793131593,
  "token_kl": 0.25183042264024336,
  "selected_indices": [
    1,
    4,
    6,
    8,
    20,
    21,
    22,
    29,
    46,
    81
  ],
  "distribution": {
    "A": 0.9295405779067678,
    "B": 0.019291995771513203,
    "C": 0.010326261215642478,
    "D": 0.040841165106076494
  }
}