{
  "question_id": "race_high_0001",
  "method": "faithful_monitor",
  "prefix_length": 16,
  "keep_m": 10,
  "kl_to_baseline": 0.04472710574437215,
  "token_kl": 0.07361580187355463,
  "selected_indices": [
    1,
    2,
    3,
    4,
    5,
    6,
    7,
    8,
    9,
    10
  ],
  "distribution": {
    "A": 0.041891438847436374,
    "B": 0.00389651078669404,
    "C": 0.0007672684664591354,
    "D": 0.9534447818994105
  }
}