{
  "question_id": "race_high_0001",
  "method": "faithful_monitor",
  "prefix_length": 19,
  "keep_m": 10,
  "kl_to_baseline": 0.004126490167676623,
  "token_kl": 0.38658463246684305,
  "selected_indices": [
    1,
    2,
    3,
    5,
    6,
    7,
    8,
    10,
    12,
    13
  ],
  "distribution": {
    "A": 0.004069475788424005,
    "B": 0.00012288752071088158,
    "C": 3.9895736806338e-05,
    "D": 0.9957677409540587
  }
}