{
  "question_id": "race_high_0001",
  "method": "faithful_monitor",
  "prefix_length": 18,
  "keep_m": 5,
  "kl_to_baseline": 0.016150111885655346,
  "token_kl": 0.3119422441260681,
  "selected_indices": [
    1,
    7,
    9,
    10,
    11
  ],
  "distribution": {
    "A": 0.014030173498873214,
    "B": 0.0018987775043288236,
    "C": 0.00048008613671764503,
    "D": 0.9835909628600803
  }
}