{
  "question_id": "race_high_0001",
  "method": "faithful_monitor",
  "prefix_length": 17,
  "keep_m": 10,
  "kl_to_baseline": 0.0005606489379072605,
  "token_kl": 0.08246554037394664,
  "selected_indices": [
    1,
    2,
    3,
    4,
    5,
    6,
    7,
    8,
    10,
    11
  ],
  "distribution": {
    "A": 0.0005526853172547566,
    "B": 0.00012332082215467594,
    "C": 4.536719513906501e-05,
    "D": 0.9992786266654515
  }
}