{
  "question_id": "race_high_0001",
  "method": "faithful_monitor",
  "prefix_length": 18,
  "keep_m": 3,
  "kl_to_baseline": 0.008181266123057274,
  "token_kl": 0.34484991813336424,
  "selected_indices": [
    1,
    7,
    10
  ],
  "distribution": {
    "A": 0.0066806468812848985,
    "B": 0.0014906538085162077,
    "C": 0.00033260982302008827,
    "D": 0.9914960894871788
  }
}