{
  "question_id": "starfish",
  "method": "faithful_monitor",
  "prefix_length": 42,
  "keep_m": 15,
  "kl_to_baseline": 0.1742213361129139,
  "token_kl": 0.1893556277811272,
  "selected_indices": [
    1,
    2,
    3,
    7,
    9,
    10,
    11,
    13,
    14,
    17,
    18,
    20,
    21,
    27,
    31
  ],
  "distribution": {
    "A": 0.6633024507777807,
    "B": 0.16770913354719486,
    "C": 0.08976823039815363,
    "D": 0.0792201852768709
  }
}