{
  "question_id": "starfish",
  "method": "faithful_monitor",
  "prefix_length": 58,
  "keep_m": 10,
  "kl_to_baseline": 0.12722344673950514,
  "token_kl": 0.4963763516074235,
  "selected_indices": [
    1,
    2,
    7,
    10,
    13,
    17,
    21,
    25,
    31,
    33
  ],
  "distribution": {
    "A": 0.6495721772444571,
    "B": 0.14493914393651997,
    "C": 0.07758033323178122,
    "D": 0.1279083455872417
  }
}