{
  "question_id": "starfish",
  "method": "faithful_monitor",
  "prefix_length": 24,
  "keep_m": 10,
  "kl_to_baseline": 0.3775842227288879,
  "token_kl": 0.26286621633379004,
  "selected_indices": [
    1,
    2,
    3,
    5,
    7,
    9,
    11,
    13,
    15,
    17
  ],
  "distribution": {
    "A": 0.6927860297465326,
    "B": 0.19848650888938973,
    "C": 0.0644391348482854,
    "D": 0.04428832651579227
  }
}