{
  "question_id": "starfish",
  "method": "faithful_monitor",
  "prefix_length": 43,
  "keep_m": 20,
  "kl_to_baseline": 0.05866843504784618,
  "token_kl": 0.170865730043203,
  "selected_indices": [
    0,
    1,
    2,
    3,
    4,
    5,
    7,
    10,
    11,
    13,
    14,
    15,
    17,
    18,
    20,
    21,
    25,
    26,
    27,
    31
  ],
  "distribution": {
    "A": 0.4242631597241338,
    "B": 0.2270917049419204,
    "C": 0.12155343039202535,
    "D": 0.2270917049419204
  }
}