{
  "question_id": "starfish",
  "method": "faithful_monitor",
  "prefix_length": 45,
  "keep_m": 15,
  "kl_to_baseline": 0.015094133878483094,
  "token_kl": 0.3103984883628236,
  "selected_indices": [
    1,
    2,
    3,
    4,
    5,
    7,
    10,
    13,
    14,
    17,
    18,
    21,
    25,
    31,
    33
  ],
  "distribution": {
    "A": 0.5357296199014007,
    "B": 0.2233253313536975,
    "C": 0.13545364440916693,
    "D": 0.10549140433573483
  }
}