{
  "question_id": "starfish",
  "method": "faithful_monitor",
  "prefix_length": 60,
  "keep_m": 15,
  "kl_to_baseline": 0.19333337086237523,
  "token_kl": 0.14288158420442515,
  "selected_indices": [
    1,
    2,
    3,
    4,
    7,
    10,
    11,
    13,
    14,
    17,
    18,
    21,
    25,
    28,
    31
  ],
  "distribution": {
    "A": 0.5512254759736537,
    "B": 0.20278449588685293,
    "C": 0.1229950140697467,
    "D": 0.1229950140697467
  }
}