{
  "question_id": "starfish",
  "method": "faithful_monitor",
  "prefix_length": 22,
  "keep_m": 3,
  "kl_to_baseline": 0.14092785883414546,
  "token_kl": 0.23739727996045487,
  "selected_indices": [
    7,
    13,
    16
  ],
  "distribution": {
    "A": 0.5970437726821497,
    "B": 0.11756488244166086,
    "C": 0.09155962250726313,
    "D": 0.1938317223689263
  }
}