{
  "question_id": "starfish",
  "method": "faithful_monitor",
  "prefix_length": 60,
  "keep_m": 20,
  "kl_to_baseline": 0.06748759154957616,
  "token_kl": 0.17524896189410194,
  "selected_indices": [
    0,
    1,
    2,
    3,
    4,
    5,
    7,
    9,
    10,
    11,
    13,
    14,
    15,
    17,
    20,
    21,
    25,
    27,
    31,
    33
  ],
  "distribution": {
    "A": 0.4536094699873549,
    "B": 0.24279962395120122,
    "C": 0.21426991608563964,
    "D": 0.08932098997580426
  }
}