{
  "question_id": "starfish",
  "method": "faithful_monitor",
  "prefix_length": 23,
  "keep_m": 15,
  "kl_to_baseline": 0.011486097166800649,
  "token_kl": 0.04765473789224832,
  "selected_indices": [
    0,
    1,
    2,
    3,
    4,
    5,
    7,
    9,
    10,
    11,
    13,
    14,
    15,
    16,
    17
  ],
  "distribution": {
    "A": 0.4978741782212558,
    "B": 0.20754483547909033,
    "C": 0.02808814244222618,
    "D": 0.2664928438574277
  }
}