{
  "question_id": "starfish",
  "method": "faithful_monitor",
  "prefix_length": 24,
  "keep_m": 5,
  "kl_to_baseline": 0.15873341311398464,
  "token_kl": 0.5114197992224737,
  "selected_indices": [
    3,
    7,
    13,
    15,
    17
  ],
  "distribution": {
    "A": 0.5731662979611333,
    "B": 0.12789069547862955,
    "C": 0.11286314262928031,
    "D": 0.18607986393095685
  }
}