{
  "question_id": "starfish",
  "method": "faithful_monitor",
  "prefix_length": 24,
  "keep_m": 15,
  "kl_to_baseline": 0.07763283178187343,
  "token_kl": 0.23762573286054156,
  "selected_indices": [
    1,
    2,
    3,
    4,
    5,
    7,
    9,
    10,
    11,
    13,
    14,
    15,
    16,
    17,
    18
  ],
  "distribution": {
    "A": 0.4481816948533577,
    "B": 0.21170604219950595,
    "C": 0.1284062207476304,
    "D": 0.21170604219950595
  }
}