{
  "question_id": "starfish",
  "method": "faithful_monitor",
  "prefix_length": 44,
  "keep_m": 15,
  "kl_to_baseline": 0.01399445129262751,
  "token_kl": 0.24334750468797106,
  "selected_indices": [
    0,
    1,
    2,
    3,
    4,
    5,
    7,
    10,
    13,
    14,
    17,
    18,
    20,
    21,
    31
  ],
  "distribution": {
    "A": 0.4766244149564775,
    "B": 0.2251414318451942,
    "C": 0.07309272135313404,
    "D": 0.2251414318451942
  }
}