{
  "question_id": "starfish",
  "method": "faithful_monitor",
  "prefix_length": 38,
  "keep_m": 5,
  "kl_to_baseline": 0.1580894245089278,
  "token_kl": 0.4333852743997349,
  "selected_indices": [
    7,
    13,
    15,
    21,
    31
  ],
  "distribution": {
    "A": 0.4252043488999938,
    "B": 0.12182308560566212,
    "C": 0.12182308560566212,
    "D": 0.33114947988868204
  }
}