{
  "question_id": "starfish",
  "method": "faithful_monitor",
  "prefix_length": 33,
  "keep_m": 20,
  "kl_to_baseline": 0.0250763396981491,
  "token_kl": 0.06279982251642555,
  "selected_indices": [
    0,
    1,
    2,
    3,
    4,
    7,
    8,
    9,
    10,
    11,
    13,
    14,
    15,
    17,
    18,
    20,
    21,
    25,
    26,
    27
  ],
  "distribution": {
    "A": 0.46454998140218834,
    "B": 0.17089838755444098,
    "C": 0.17089838755444098,
    "D": 0.19365324348892976
  }
}