{
  "question_id": "starfish",
  "method": "faithful_monitor",
  "prefix_length": 41,
  "keep_m": 10,
  "kl_to_baseline": 0.6591177367913703,
  "token_kl": 0.29670573497030905,
  "selected_indices": [
    1,
    2,
    3,
    5,
    7,
    13,
    15,
    18,
    21,
    31
  ],
  "distribution": {
    "A": 0.8778652040471372,
    "B": 0.05612003823249313,
    "C": 0.03197623390811733,
    "D": 0.03403852381225227
  }
}