{
  "question_id": "waffle",
  "method": "faithful_monitor",
  "prefix_length": 156,
  "keep_m": 15,
  "kl_to_baseline": 0.03468867720348058,
  "token_kl": 0.32521746326294754,
  "selected_indices": [
    1,
    2,
    6,
    7,
    8,
    10,
    13,
    15,
    16,
    20,
    27,
    34,
    61,
    81,
    111
  ],
  "distribution": {
    "A": 0.6238889307788257,
    "B": 0.17874717137610863,
    "C": 0.12285099985603073,
    "D": 0.07451289798903496
  }
}