{
  "question_id": "waffle",
  "method": "faithful_monitor",
  "prefix_length": 272,
  "keep_m": 10,
  "kl_to_baseline": 1.1317067702918269,
  "token_kl": 1.0336657696951967,
  "selected_indices": [
    5,
    6,
    7,
    9,
    10,
    13,
    33,
    34,
    111,
    171
  ],
  "distribution": {
    "A": 0.05091764163029661,
    "B": 0.03965469917382417,
    "C": 0.9025367057441027,
    "D": 0.006890953451776534
  }
}