{
  "question_id": "waffle",
  "method": "faithful_monitor",
  "prefix_length": 147,
  "keep_m": 10,
  "kl_to_baseline": 0.12014766111133626,
  "token_kl": 0.3492688295832764,
  "selected_indices": [
    5,
    6,
    7,
    8,
    10,
    11,
    20,
    63,
    111,
    114
  ],
  "distribution": {
    "A": 0.4451323540538549,
    "B": 0.2699864203637221,
    "C": 0.1855587721351388,
    "D": 0.0993224534472842
  }
}