{
  "question_id": "waffle",
  "method": "faithful_monitor",
  "prefix_length": 126,
  "keep_m": 10,
  "kl_to_baseline": 0.1648192129482593,
  "token_kl": 1.2000126299273302,
  "selected_indices": [
    1,
    6,
    7,
    8,
    9,
    10,
    13,
    20,
    34,
    114
  ],
  "distribution": {
    "A": 0.5530762562180136,
    "B": 0.17955757121849694,
    "C": 0.15845900043593641,
    "D": 0.1089071721275531
  }
}