{
  "question_id": "waffle",
  "method": "faithful_monitor",
  "prefix_length": 197,
  "keep_m": 20,
  "kl_to_baseline": 1.0241481837401032,
  "token_kl": 0.30322322447803257,
  "selected_indices": [
    1,
    2,
    5,
    6,
    7,
    8,
    9,
    10,
    13,
    15,
    16,
    19,
    20,
    23,
    34,
    40,
    41,
    52,
    54,
    171
  ],
  "distribution": {
    "A": 0.058777483352806664,
    "B": 0.01157397271128779,
    "C": 0.9194345488675953,
    "D": 0.010213995068310106
  }
}