{
  "question_id": "waffle",
  "method": "faithful_monitor",
  "prefix_length": 294,
  "keep_m": 3,
  "kl_to_baseline": 0.3040660463925026,
  "token_kl": 0.6936008413180231,
  "selected_indices": [
    9,
    10,
    114
  ],
  "distribution": {
    "A": 0.40006943344474327,
    "B": 0.2426543773980996,
    "C": 0.2426543773980996,
    "D": 0.1146218117590575
  }
}