{
  "question_id": "waffle",
  "method": "faithful_monitor",
  "prefix_length": 104,
  "keep_m": 10,
  "kl_to_baseline": 0.04178131148255931,
  "token_kl": 0.44456869370710755,
  "selected_indices": [
    6,
    7,
    8,
    9,
    10,
    15,
    16,
    20,
    34,
    45
  ],
  "distribution": {
    "A": 0.8240691919960934,
    "B": 0.11152563750535788,
    "C": 0.03620707338982734,
    "D": 0.028198097108721357
  }
}