{
  "question_id": "waffle",
  "method": "faithful_monitor",
  "prefix_length": 90,
  "keep_m": 3,
  "kl_to_baseline": 0.13809816309315637,
  "token_kl": 0.4260522941382872,
  "selected_indices": [
    9,
    10,
    63
  ],
  "distribution": {
    "A": 0.38754811993034344,
    "B": 0.235059816851742,
    "C": 0.26635766784372295,
    "D": 0.11103439537419163
  }
}