{
  "question_id": "waffle",
  "method": "faithful_monitor",
  "prefix_length": 267,
  "keep_m": 10,
  "kl_to_baseline": 1.566201614865639,
  "token_kl": 1.6210829415335553,
  "selected_indices": [
    5,
    6,
    7,
    8,
    9,
    10,
    13,
    20,
    111,
    171
  ],
  "distribution": {
    "A": 0.042426060488311726,
    "B": 0.08981597075856626,
    "C": 0.8521502933295761,
    "D": 0.015607675423545927
  }
}