{
  "question_id": "waffle",
  "method": "faithful_monitor",
  "prefix_length": 280,
  "keep_m": 5,
  "kl_to_baseline": 0.501992957443332,
  "token_kl": 0.8164719654470991,
  "selected_indices": [
    8,
    10,
    63,
    111,
    170
  ],
  "distribution": {
    "A": 0.34549013979219634,
    "B": 0.30489397824013215,
    "C": 0.2374516690071708,
    "D": 0.11216421296050076
  }
}