{
  "question_id": "waffle",
  "method": "faithful_monitor",
  "prefix_length": 221,
  "keep_m": 15,
  "kl_to_baseline": 0.16094506738709385,
  "token_kl": 0.6127373455830928,
  "selected_indices": [
    1,
    2,
    6,
    7,
    8,
    10,
    11,
    13,
    17,
    20,
    63,
    111,
    114,
    170,
    171
  ],
  "distribution": {
    "A": 0.1417870791058255,
    "B": 0.08599821062878368,
    "C": 0.7200541588386087,
    "D": 0.05216055142678217
  }
}