{
  "question_id": "waffle",
  "method": "faithful_monitor",
  "prefix_length": 219,
  "keep_m": 20,
  "kl_to_baseline": 0.030891056521619446,
  "token_kl": 1.8781679621165273,
  "selected_indices": [
    1,
    2,
    4,
    6,
    7,
    8,
    9,
    10,
    13,
    15,
    16,
    19,
    20,
    23,
    31,
    35,
    45,
    51,
    111,
    171
  ],
  "distribution": {
    "A": 0.09037318934562562,
    "B": 0.022849920665733804,
    "C": 0.85743701108454,
    "D": 0.02933987890410068
  }
}