{
  "question_id": "waffle",
  "method": "faithful_monitor",
  "prefix_length": 97,
  "keep_m": 10,
  "kl_to_baseline": 0.031991815101003185,
  "token_kl": 0.7457199942063061,
  "selected_indices": [
    1,
    4,
    6,
    8,
    9,
    10,
    13,
    20,
    33,
    34
  ],
  "distribution": {
    "A": 0.5408762698280217,
    "B": 0.2554918590380815,
    "C": 0.12068580870721184,
    "D": 0.08294606242668486
  }
}