{
  "question_id": "waffle",
  "method": "faithful_monitor",
  "prefix_length": 220,
  "keep_m": 15,
  "kl_to_baseline": 1.1567746987475303,
  "token_kl": 0.6885358038116391,
  "selected_indices": [
    1,
    2,
    5,
    6,
    7,
    8,
    9,
    10,
    11,
    13,
    17,
    20,
    61,
    111,
    171
  ],
  "distribution": {
    "A": 0.007474207659182436,
    "B": 0.009597072603992436,
    "C": 0.9789280646681235,
    "D": 0.004000655068701569
  }
}