{
  "question_id": "waffle",
  "method": "faithful_monitor",
  "prefix_length": 125,
  "keep_m": 5,
  "kl_to_baseline": 0.6498202578331965,
  "token_kl": 0.39050641190836943,
  "selected_indices": [
    8,
    9,
    10,
    81,
    111
  ],
  "distribution": {
    "A": 0.23954497035348501,
    "B": 0.3075818303735863,
    "C": 0.3075818303735863,
    "D": 0.14529136889934247
  }
}