{
  "question_id": "waffle",
  "method": "faithful_monitor",
  "prefix_length": 135,
  "keep_m": 15,
  "kl_to_baseline": 0.39875057669911856,
  "token_kl": 0.436307871485532,
  "selected_indices": [
    1,
    2,
    5,
    6,
    7,
    8,
    9,
    10,
    13,
    20,
    23,
    34,
    41,
    81,
    111
  ],
  "distribution": {
    "A": 0.43773637094464235,
    "B": 0.3409094284705224,
    "C": 0.11067710029241765,
    "D": 0.11067710029241765
  }
}