{
  "question_id": "waffle",
  "method": "faithful_monitor",
  "prefix_length": 121,
  "keep_m": 20,
  "kl_to_baseline": 0.19836240285929962,
  "token_kl": 0.5557880995391767,
  "selected_indices": [
    1,
    5,
    6,
    7,
    8,
    9,
    10,
    11,
    13,
    16,
    20,
    23,
    24,
    33,
    34,
    45,
    80,
    81,
    111,
    114
  ],
  "distribution": {
    "A": 0.45505422841540133,
    "B": 0.27600434136581675,
    "C": 0.1674050952521597,
    "D": 0.10153633496662229
  }
}