{
  "question_id": "waffle",
  "method": "faithful_monitor",
  "prefix_length": 158,
  "keep_m": 10,
  "kl_to_baseline": 0.22767151667324126,
  "token_kl": 1.0089073261985215,
  "selected_indices": [
    1,
    6,
    7,
    8,
    9,
    10,
    20,
    42,
    111,
    114
  ],
  "distribution": {
    "A": 0.42089211552482236,
    "B": 0.2892746557699743,
    "C": 0.2252873284363671,
    "D": 0.06454590026883628
  }
}