{
  "question_id": "waffle",
  "method": "faithful_monitor",
  "prefix_length": 83,
  "keep_m": 20,
  "kl_to_baseline": 0.08635726323171264,
  "token_kl": 0.25188049634303233,
  "selected_indices": [
    1,
    2,
    5,
    6,
    7,
    8,
    9,
    10,
    11,
    13,
    15,
    16,
    19,
    20,
    23,
    24,
    31,
    33,
    34,
    63
  ],
  "distribution": {
    "A": 0.6487062204267993,
    "B": 0.1640186185687367,
    "C": 0.09948232092565067,
    "D": 0.0877928400788134
  }
}