{
  "question_id": "waffle",
  "method": "faithful_monitor",
  "prefix_length": 233,
  "keep_m": 15,
  "kl_to_baseline": 0.8128149991442682,
  "token_kl": 0.8425919104811047,
  "selected_indices": [
    1,
    2,
    5,
    6,
    7,
    8,
    10,
    13,
    15,
    19,
    20,
    27,
    45,
    111,
    170
  ],
  "distribution": {
    "A": 0.5732746572879964,
    "B": 0.21089596056085827,
    "C": 0.12791486608970687,
    "D": 0.08791451606143844
  }
}