{
  "question_id": "waffle",
  "method": "faithful_monitor",
  "prefix_length": 275,
  "keep_m": 10,
  "kl_to_baseline": 0.3168557430455943,
  "token_kl": 0.5368868904188174,
  "selected_indices": [
    6,
    7,
    8,
    9,
    10,
    13,
    20,
    63,
    111,
    170
  ],
  "distribution": {
    "A": 0.0035185372849142462,
    "B": 0.01576899009337715,
    "C": 0.9755930310801443,
    "D": 0.0051194415415642645
  }
}