{
  "question_id": "waffle",
  "method": "faithful_monitor",
  "prefix_length": 201,
  "keep_m": 3,
  "kl_to_baseline": 0.8124070991742426,
  "token_kl": 1.0891384890604685,
  "selected_indices": [
    110,
    111,
    114
  ],
  "distribution": {
    "A": 0.17082726242450658,
    "B": 0.4097932749405995,
    "C": 0.17082726242450658,
    "D": 0.24855220021038751
  }
}