{
  "question_id": "waffle",
  "method": "faithful_monitor",
  "prefix_length": 69,
  "keep_m": 5,
  "kl_to_baseline": 0.3387648717043931,
  "token_kl": 0.3631426894430809,
  "selected_indices": [
    6,
    8,
    10,
    33,
    56
  ],
  "distribution": {
    "A": 0.6495721772444571,
    "B": 0.1279083455872417,
    "C": 0.14493914393651997,
    "D": 0.07758033323178122
  }
}