{
  "question_id": "waffle",
  "method": "faithful_monitor",
  "prefix_length": 287,
  "keep_m": 3,
  "kl_to_baseline": 0.27178594740576484,
  "token_kl": 0.6294719565856515,
  "selected_indices": [
    112,
    170,
    171
  ],
  "distribution": {
    "A": 0.017440496224111313,
    "B": 0.019762666605282107,
    "C": 0.9522186414900806,
    "D": 0.010578195680525928
  }
}