{
  "question_id": "waffle",
  "method": "faithful_monitor",
  "prefix_length": 186,
  "keep_m": 5,
  "kl_to_baseline": 2.1035301179027543,
  "token_kl": 0.6685685591128948,
  "selected_indices": [
    6,
    8,
    10,
    63,
    171
  ],
  "distribution": {
    "A": 0.001695039147965936,
    "B": 0.0021764733482689948,
    "C": 0.9949635052702371,
    "D": 0.001164982233527972
  }
}