{
  "question_id": "waffle",
  "method": "faithful_monitor",
  "prefix_length": 136,
  "keep_m": 15,
  "kl_to_baseline": 0.4500581217862655,
  "token_kl": 0.42867454024947227,
  "selected_indices": [
    1,
    6,
    7,
    8,
    9,
    10,
    13,
    20,
    23,
    33,
    34,
    79,
    81,
    111,
    114
  ],
  "distribution": {
    "A": 0.2826495694801122,
    "B": 0.46601035735609475,
    "C": 0.13351420276905251,
    "D": 0.11782587039474046
  }
}