{
  "question_id": "waffle",
  "method": "faithful_monitor",
  "prefix_length": 184,
  "keep_m": 20,
  "kl_to_baseline": 0.3056778241592092,
  "token_kl": 1.0209839434202141,
  "selected_indices": [
    1,
    2,
    6,
    7,
    8,
    9,
    10,
    11,
    15,
    16,
    20,
    23,
    61,
    63,
    77,
    81,
    111,
    114,
    171,
    172
  ],
  "distribution": {
    "A": 0.09934996413705595,
    "B": 0.036548809287142985,
    "C": 0.8318470155867422,
    "D": 0.03225421098905877
  }
}