{
  "question_id": "waffle",
  "method": "faithful_monitor",
  "prefix_length": 219,
  "keep_m": 5,
  "kl_to_baseline": 0.3855842016563819,
  "token_kl": 2.024560189066997,
  "selected_indices": [
    6,
    8,
    10,
    63,
    171
  ],
  "distribution": {
    "A": 0.0030896275270599597,
    "B": 0.008398478363513946,
    "C": 0.970732315274346,
    "D": 0.01777957883508021
  }
}