{
  "question_id": "waffle",
  "method": "faithful_monitor",
  "prefix_length": 120,
  "keep_m": 20,
  "kl_to_baseline": 0.1179733080650871,
  "token_kl": 0.4267715107009092,
  "selected_indices": [
    1,
    2,
    5,
    6,
    7,
    8,
    9,
    10,
    11,
    13,
    15,
    16,
    19,
    20,
    34,
    45,
    63,
    81,
    111,
    114
  ],
  "distribution": {
    "A": 0.5512254464841422,
    "B": 0.20278450921206503,
    "C": 0.12299502215189638,
    "D": 0.12299502215189638
  }
}