{
  "question_id": "waffle",
  "method": "faithful_monitor",
  "prefix_length": 252,
  "keep_m": 15,
  "kl_to_baseline": 0.2209886733344129,
  "token_kl": 0.359744474502562,
  "selected_indices": [
    1,
    2,
    5,
    6,
    7,
    8,
    10,
    11,
    13,
    15,
    16,
    20,
    63,
    111,
    171
  ],
  "distribution": {
    "A": 0.04618741648971374,
    "B": 0.021817390707259576,
    "C": 0.9276990938502759,
    "D": 0.004296098952750899
  }
}