{
  "question_id": "waffle",
  "method": "faithful_monitor",
  "prefix_length": 80,
  "keep_m": 15,
  "kl_to_baseline": 0.1554379429162853,
  "token_kl": 0.209079231355271,
  "selected_indices": [
    1,
    2,
    5,
    6,
    7,
    8,
    9,
    10,
    13,
    20,
    23,
    33,
    34,
    52,
    63
  ],
  "distribution": {
    "A": 0.6330269101910209,
    "B": 0.18136523550110145,
    "C": 0.1100035759374202,
    "D": 0.07560427837045747
  }
}