{
  "question_id": "waffle",
  "method": "faithful_monitor",
  "prefix_length": 181,
  "keep_m": 20,
  "kl_to_baseline": 0.11024128842809724,
  "token_kl": 0.27176374641607376,
  "selected_indices": [
    1,
    2,
    5,
    6,
    7,
    8,
    9,
    10,
    11,
    13,
    17,
    20,
    23,
    33,
    34,
    40,
    52,
    111,
    171,
    173
  ],
  "distribution": {
    "A": 0.14442665547187394,
    "B": 0.0152224538634828,
    "C": 0.8311180056803799,
    "D": 0.009232884984263348
  }
}