{
  "question_id": "waffle",
  "method": "faithful_monitor",
  "prefix_length": 221,
  "keep_m": 20,
  "kl_to_baseline": 0.12465125133535933,
  "token_kl": 0.7796774140308044,
  "selected_indices": [
    1,
    2,
    5,
    6,
    7,
    8,
    9,
    10,
    11,
    13,
    15,
    16,
    17,
    20,
    23,
    24,
    33,
    34,
    111,
    171
  ],
  "distribution": {
    "A": 0.20350265148407845,
    "B": 0.08483252630758456,
    "C": 0.6268322959007524,
    "D": 0.08483252630758456
  }
}