{
  "question_id": "waffle",
  "method": "faithful_monitor",
  "prefix_length": 186,
  "keep_m": 20,
  "kl_to_baseline": 0.4784671384903819,
  "token_kl": 0.7664001888136497,
  "selected_indices": [
    1,
    2,
    6,
    7,
    8,
    9,
    10,
    13,
    15,
    20,
    23,
    31,
    33,
    34,
    63,
    111,
    114,
    170,
    171,
    172
  ],
  "distribution": {
    "A": 0.06898189908484587,
    "B": 0.053723157025030596,
    "C": 0.8403715940440161,
    "D": 0.03692334984610742
  }
}