{
  "question_id": "waffle",
  "method": "faithful_monitor",
  "prefix_length": 56,
  "keep_m": 20,
  "kl_to_baseline": 0.07866976071868687,
  "token_kl": 0.293997452366251,
  "selected_indices": [
    1,
    2,
    5,
    6,
    7,
    8,
    9,
    10,
    11,
    13,
    15,
    16,
    17,
    19,
    20,
    23,
    24,
    31,
    33,
    35
  ],
  "distribution": {
    "A": 0.5367334211805229,
    "B": 0.2237437646461003,
    "C": 0.11976140708668838,
    "D": 0.11976140708668838
  }
}