{
  "question_id": "waffle",
  "method": "faithful_monitor",
  "prefix_length": 194,
  "keep_m": 20,
  "kl_to_baseline": 0.24799484458167229,
  "token_kl": 0.40143542604319776,
  "selected_indices": [
    1,
    2,
    5,
    6,
    7,
    8,
    10,
    11,
    13,
    15,
    16,
    19,
    20,
    23,
    31,
    41,
    81,
    111,
    114,
    172
  ],
  "distribution": {
    "A": 0.43041065969982023,
    "B": 0.23038223829257787,
    "C": 0.23038223829257787,
    "D": 0.10882486371502398
  }
}