{
  "question_id": "waffle",
  "method": "faithful_monitor",
  "prefix_length": 264,
  "keep_m": 3,
  "kl_to_baseline": 1.5260008146412256,
  "token_kl": 0.5807299528460896,
  "selected_indices": [
    9,
    10,
    171
  ],
  "distribution": {
    "A": 0.03607305783222849,
    "B": 0.021879415564833526,
    "C": 0.9303363193725446,
    "D": 0.011711207230393423
  }
}