{
  "question_id": "waffle",
  "method": "faithful_monitor",
  "prefix_length": 62,
  "keep_m": 3,
  "kl_to_baseline": 0.44095401555913327,
  "token_kl": 0.44626586789449646,
  "selected_indices": [
    9,
    10,
    33
  ],
  "distribution": {
    "A": 0.24855218806832274,
    "B": 0.17082725407939564,
    "C": 0.4097933037728859,
    "D": 0.17082725407939564
  }
}