{
  "question_id": "waffle",
  "method": "faithful_monitor",
  "prefix_length": 21,
  "keep_m": 3,
  "kl_to_baseline": 0.5341938332101452,
  "token_kl": 0.29313096460788074,
  "selected_indices": [
    6,
    8,
    10
  ],
  "distribution": {
    "A": 0.8748679330067155,
    "B": 0.04935667209135992,
    "C": 0.04935667209135992,
    "D": 0.026418722810564687
  }
}