{
  "question_id": "waffle",
  "method": "faithful_monitor",
  "prefix_length": 232,
  "keep_m": 3,
  "kl_to_baseline": 1.4196840167091946,
  "token_kl": 0.5740259130298171,
  "selected_indices": [
    6,
    112,
    171
  ],
  "distribution": {
    "A": 0.010933598376533717,
    "B": 0.0035496196900469184,
    "C": 0.9842109498254737,
    "D": 0.0013058321079456084
  }
}