{
  "question_id": "waffle",
  "method": "faithful_monitor",
  "prefix_length": 199,
  "keep_m": 5,
  "kl_to_baseline": 2.131107738625234,
  "token_kl": 1.401200594987055,
  "selected_indices": [
    6,
    8,
    10,
    63,
    171
  ],
  "distribution": {
    "A": 0.000709009074033051,
    "B": 0.0005521768220616717,
    "C": 0.9983593088941054,
    "D": 0.00037950520979985737
  }
}