{
  "question_id": "waffle",
  "method": "faithful_monitor",
  "prefix_length": 254,
  "keep_m": 15,
  "kl_to_baseline": 0.1888320875422483,
  "token_kl": 0.6587644095466306,
  "selected_indices": [
    1,
    6,
    7,
    8,
    10,
    13,
    15,
    16,
    20,
    33,
    34,
    53,
    54,
    111,
    171
  ],
  "distribution": {
    "A": 0.1088604270020664,
    "B": 0.05142202463288097,
    "C": 0.8043757421411483,
    "D": 0.03534180622390438
  }
}