{
  "question_id": "waffle",
  "method": "faithful_monitor",
  "prefix_length": 86,
  "keep_m": 10,
  "kl_to_baseline": 0.03600609594544568,
  "token_kl": 0.4926425988652461,
  "selected_indices": [
    1,
    5,
    6,
    8,
    9,
    10,
    13,
    20,
    34,
    42
  ],
  "distribution": {
    "A": 0.6711776230093499,
    "B": 0.14975996158372915,
    "C": 0.11663317535415177,
    "D": 0.062429240052769154
  }
}