{
  "question_id": "waffle",
  "method": "faithful_monitor",
  "prefix_length": 118,
  "keep_m": 15,
  "kl_to_baseline": 0.1948683373908831,
  "token_kl": 0.35282011083623316,
  "selected_indices": [
    1,
    2,
    6,
    7,
    8,
    9,
    10,
    11,
    15,
    16,
    20,
    23,
    34,
    81,
    111
  ],
  "distribution": {
    "A": 0.43932247639970834,
    "B": 0.2664625514373029,
    "C": 0.18313685480214625,
    "D": 0.11107811736084253
  }
}