{
  "question_id": "waffle",
  "method": "faithful_monitor",
  "prefix_length": 69,
  "keep_m": 10,
  "kl_to_baseline": 0.07632107005717646,
  "token_kl": 0.29565024923796185,
  "selected_indices": [
    1,
    5,
    6,
    7,
    8,
    9,
    10,
    20,
    34,
    52
  ],
  "distribution": {
    "A": 0.45505423392341127,
    "B": 0.27600434470659363,
    "C": 0.16740509727844333,
    "D": 0.1015363240915518
  }
}