{
  "question_id": "waffle",
  "method": "faithful_monitor",
  "prefix_length": 230,
  "keep_m": 5,
  "kl_to_baseline": 2.5398111792753726,
  "token_kl": 1.1464458908364132,
  "selected_indices": [
    6,
    8,
    10,
    111,
    171
  ],
  "distribution": {
    "A": 0.00043046050577281016,
    "B": 0.00013974999866145786,
    "C": 0.9993450268366828,
    "D": 8.476265888297368e-05
  }
}