{
  "question_id": "waffle",
  "method": "faithful_monitor",
  "prefix_length": 224,
  "keep_m": 15,
  "kl_to_baseline": 0.2192620591461291,
  "token_kl": 1.633014701030317,
  "selected_indices": [
    1,
    2,
    5,
    6,
    7,
    8,
    10,
    13,
    15,
    16,
    20,
    27,
    45,
    111,
    171
  ],
  "distribution": {
    "A": 0.062283017216055205,
    "B": 0.029420414136657275,
    "C": 0.8597905060673741,
    "D": 0.048506062579913585
  }
}