{
  "question_id": "waffle",
  "method": "faithful_monitor",
  "prefix_length": 214,
  "keep_m": 20,
  "kl_to_baseline": 0.06312056729722923,
  "token_kl": 0.4424141521895497,
  "selected_indices": [
    1,
    2,
    5,
    6,
    7,
    8,
    9,
    10,
    13,
    15,
    16,
    20,
    23,
    31,
    32,
    33,
    34,
    45,
    111,
    171
  ],
  "distribution": {
    "A": 0.14698046082051508,
    "B": 0.06942866187461344,
    "C": 0.746428392569704,
    "D": 0.03716248473516755
  }
}