{
  "question_id": "waffle",
  "method": "faithful_monitor",
  "prefix_length": 296,
  "keep_m": 20,
  "kl_to_baseline": 0.41040615420991,
  "token_kl": 0.6099126100802793,
  "selected_indices": [
    1,
    2,
    5,
    6,
    7,
    8,
    9,
    10,
    13,
    16,
    19,
    20,
    23,
    31,
    32,
    36,
    45,
    51,
    111,
    171
  ],
  "distribution": {
    "A": 0.07828152325578189,
    "B": 0.047480143943639246,
    "C": 0.8416057389126635,
    "D": 0.03263259388791537
  }
}