{
  "question_id": "waffle",
  "method": "faithful_monitor",
  "prefix_length": 291,
  "keep_m": 20,
  "kl_to_baseline": 0.5055900448352454,
  "token_kl": 1.9928857180636044,
  "selected_indices": [
    1,
    6,
    7,
    8,
    9,
    10,
    13,
    16,
    20,
    23,
    24,
    33,
    34,
    39,
    41,
    45,
    111,
    114,
    170,
    171
  ],
  "distribution": {
    "A": 0.058071588345146787,
    "B": 0.018853084439670292,
    "C": 0.9083925267896042,
    "D": 0.014682800425578537
  }
}