{
  "question_id": "waffle",
  "method": "faithful_monitor",
  "prefix_length": 290,
  "keep_m": 3,
  "kl_to_baseline": 0.4932729005100538,
  "token_kl": 0.9980620042627592,
  "selected_indices": [
    10,
    111,
    170
  ],
  "distribution": {
    "A": 0.2980747244459593,
    "B": 0.2980747244459593,
    "C": 0.26305002106231584,
    "D": 0.14080053004576565
  }
}