{
  "question_id": "waffle",
  "method": "faithful_monitor",
  "prefix_length": 204,
  "keep_m": 15,
  "kl_to_baseline": 0.04871683072924533,
  "token_kl": 1.0310945004284238,
  "selected_indices": [
    1,
    2,
    5,
    6,
    7,
    8,
    9,
    10,
    13,
    16,
    20,
    63,
    79,
    111,
    114
  ],
  "distribution": {
    "A": 0.009621494896530856,
    "B": 0.005835731647014596,
    "C": 0.9814191313986201,
    "D": 0.003123642057834512
  }
}