{
  "question_id": "waffle",
  "method": "faithful_monitor",
  "prefix_length": 257,
  "keep_m": 10,
  "kl_to_baseline": 0.412780701076908,
  "token_kl": 0.5924051557970763,
  "selected_indices": [
    5,
    6,
    7,
    8,
    10,
    13,
    20,
    77,
    111,
    171
  ],
  "distribution": {
    "A": 0.2039990647438357,
    "B": 0.10919283081132347,
    "C": 0.6283613938407395,
    "D": 0.05844671060410141
  }
}