{
  "question_id": "waffle",
  "method": "faithful_monitor",
  "prefix_length": 88,
  "keep_m": 15,
  "kl_to_baseline": 0.0834615158602533,
  "token_kl": 0.2413754195671506,
  "selected_indices": [
    1,
    2,
    4,
    6,
    7,
    8,
    9,
    10,
    13,
    15,
    16,
    20,
    27,
    34,
    81
  ],
  "distribution": {
    "A": 0.5357296193387678,
    "B": 0.22332531780793063,
    "C": 0.1354536523405777,
    "D": 0.10549141051272375
  }
}