{
  "question_id": "waffle",
  "method": "faithful_monitor",
  "prefix_length": 285,
  "keep_m": 5,
  "kl_to_baseline": 0.42737096420654197,
  "token_kl": 0.956660710602995,
  "selected_indices": [
    6,
    8,
    10,
    63,
    111
  ],
  "distribution": {
    "A": 0.5576165080406836,
    "B": 0.23244915760296564,
    "C": 0.1244210681565993,
    "D": 0.08551326619975153
  }
}