{
  "question_id": "waffle",
  "method": "faithful_monitor",
  "prefix_length": 249,
  "keep_m": 15,
  "kl_to_baseline": 0.16554305498584151,
  "token_kl": 1.012540257086037,
  "selected_indices": [
    1,
    6,
    7,
    8,
    9,
    10,
    13,
    15,
    16,
    20,
    23,
    61,
    63,
    111,
    171
  ],
  "distribution": {
    "A": 0.09096355061255121,
    "B": 0.022999187369842043,
    "C": 0.8630380746477648,
    "D": 0.022999187369842043
  }
}