{
  "question_id": "waffle",
  "method": "faithful_monitor",
  "prefix_length": 224,
  "keep_m": 10,
  "kl_to_baseline": 1.0482716957443818,
  "token_kl": 1.1265837211457073,
  "selected_indices": [
    6,
    7,
    8,
    10,
    13,
    20,
    61,
    79,
    111,
    171
  ],
  "distribution": {
    "A": 0.0021538950723581454,
    "B": 0.009653088004442515,
    "C": 0.9846418443025463,
    "D": 0.0035511726206530654
  }
}