{
  "question_id": "waffle",
  "method": "faithful_monitor",
  "prefix_length": 103,
  "keep_m": 20,
  "kl_to_baseline": 0.1247237677378304,
  "token_kl": 0.4596100747955705,
  "selected_indices": [
    1,
    2,
    6,
    7,
    8,
    9,
    10,
    13,
    15,
    16,
    17,
    19,
    20,
    23,
    24,
    33,
    34,
    41,
    52,
    54
  ],
  "distribution": {
    "A": 0.4167500624123087,
    "B": 0.32456525560616556,
    "C": 0.1533137709301907,
    "D": 0.1053709110513351
  }
}