{
  "question_id": "waffle",
  "method": "faithful_monitor",
  "prefix_length": 189,
  "keep_m": 3,
  "kl_to_baseline": 0.9274220258627228,
  "token_kl": 0.47309691574602963,
  "selected_indices": [
    9,
    10,
    171
  ],
  "distribution": {
    "A": 0.01380642059716508,
    "B": 0.01380642059716508,
    "C": 0.967904870293413,
    "D": 0.004482288512256783
  }
}