{
  "question_id": "waffle",
  "method": "faithful_monitor",
  "prefix_length": 227,
  "keep_m": 5,
  "kl_to_baseline": 0.30831337327669617,
  "token_kl": 0.5592693748054579,
  "selected_indices": [
    6,
    8,
    10,
    63,
    170
  ],
  "distribution": {
    "A": 0.5725761767111832,
    "B": 0.16404581141772923,
    "C": 0.1858882574400922,
    "D": 0.07748975443099536
  }
}