{
  "question_id": "waffle",
  "method": "faithful_monitor",
  "prefix_length": 206,
  "keep_m": 5,
  "kl_to_baseline": 0.8652710118384982,
  "token_kl": 0.5290588736117519,
  "selected_indices": [
    6,
    8,
    10,
    63,
    111
  ],
  "distribution": {
    "A": 0.00116658742994508,
    "B": 0.0016973746949716037,
    "C": 0.9963342548417097,
    "D": 0.0008017830333735678
  }
}