{
  "question_id": "waffle",
  "method": "faithful_monitor",
  "prefix_length": 178,
  "keep_m": 5,
  "kl_to_baseline": 1.2984756589887219,
  "token_kl": 0.7148249303855192,
  "selected_indices": [
    6,
    8,
    10,
    63,
    170
  ],
  "distribution": {
    "A": 0.7034605375329647,
    "B": 0.15696325304209172,
    "C": 0.07414419074650845,
    "D": 0.06543201867843512
  }
}