{
  "question_id": "waffle",
  "method": "faithful_monitor",
  "prefix_length": 227,
  "keep_m": 3,
  "kl_to_baseline": 0.17517376482508604,
  "token_kl": 0.501456922191406,
  "selected_indices": [
    6,
    114,
    171
  ],
  "distribution": {
    "A": 0.3147563234989944,
    "B": 0.19090936054056812,
    "C": 0.4041551194358978,
    "D": 0.09017919652453966
  }
}