{
  "question_id": "waffle",
  "method": "faithful_monitor",
  "prefix_length": 150,
  "keep_m": 5,
  "kl_to_baseline": 0.0795446983228906,
  "token_kl": 0.39449935240144507,
  "selected_indices": [
    6,
    8,
    10,
    63,
    114
  ],
  "distribution": {
    "A": 0.7478626895455825,
    "B": 0.1299590525948734,
    "C": 0.08931946353028855,
    "D": 0.03285879432925558
  }
}