{
  "question_id": "waffle",
  "method": "faithful_monitor",
  "prefix_length": 289,
  "keep_m": 10,
  "kl_to_baseline": 1.3031072813950655,
  "token_kl": 0.6026601327045141,
  "selected_indices": [
    1,
    6,
    7,
    8,
    10,
    13,
    63,
    111,
    114,
    171
  ],
  "distribution": {
    "A": 0.028348599868600437,
    "B": 0.019483688758424243,
    "C": 0.9387767809780101,
    "D": 0.013390930394965172
  }
}