{
  "question_id": "waffle",
  "method": "faithful_monitor",
  "prefix_length": 200,
  "keep_m": 10,
  "kl_to_baseline": 0.5786058059720615,
  "token_kl": 0.633688353082317,
  "selected_indices": [
    5,
    6,
    7,
    8,
    10,
    13,
    20,
    45,
    111,
    170
  ],
  "distribution": {
    "A": 0.4269327006952489,
    "B": 0.2589477726055856,
    "C": 0.1570597633495828,
    "D": 0.1570597633495828
  }
}