{
  "question_id": "waffle",
  "method": "faithful_monitor",
  "prefix_length": 265,
  "keep_m": 3,
  "kl_to_baseline": 1.8678471224657256,
  "token_kl": 0.5101602897504032,
  "selected_indices": [
    9,
    112,
    171
  ],
  "distribution": {
    "A": 0.015632021226579255,
    "B": 0.012174230372248745,
    "C": 0.967118774140165,
    "D": 0.005074974261007051
  }
}