{
  "question_id": "waffle",
  "method": "faithful_monitor",
  "prefix_length": 108,
  "keep_m": 10,
  "kl_to_baseline": 0.06430637151247502,
  "token_kl": 0.5979985028618438,
  "selected_indices": [
    5,
    6,
    7,
    8,
    10,
    13,
    20,
    34,
    63,
    81
  ],
  "distribution": {
    "A": 0.5731663125432125,
    "B": 0.18607985757384096,
    "C": 0.12789069110945198,
    "D": 0.11286313877349463
  }
}