{
  "question_id": "bigbench_logical_deduction_0009",
  "method": "attention",
  "prefix_length": 34,
  "keep_m": 10,
  "kl_to_baseline": 0.7590696088841334,
  "token_kl": 0.08868418567499334,
  "selected_indices": [
    1,
    8,
    15,
    17,
    20,
    21,
    22,
    25,
    27,
    28
  ],
  "distribution": {
    "A": 0.2126450966432755,
    "B": 0.022412628293083936,
    "C": 0.30939678997662357,
    "D": 0.30939678997662357,
    "E": 0.14614869511039338
  }
}