{
  "question_id": "bigbench_logical_deduction_0009",
  "method": "attention",
  "prefix_length": 32,
  "keep_m": 10,
  "kl_to_baseline": 0.3200381503043972,
  "token_kl": 0.4380999817916962,
  "selected_indices": [
    0,
    1,
    4,
    13,
    17,
    19,
    20,
    21,
    22,
    25
  ],
  "distribution": {
    "A": 0.26419940843587175,
    "B": 0.021686810663162543,
    "C": 0.18158144252708525,
    "D": 0.29937715097027867,
    "E": 0.2331551874036018
  }
}