{
  "question_id": "bigbench_logical_deduction_0009",
  "method": "attention",
  "prefix_length": 67,
  "keep_m": 15,
  "kl_to_baseline": 0.07478587307359708,
  "token_kl": 0.2569099712018456,
  "selected_indices": [
    0,
    22,
    25,
    26,
    38,
    44,
    47,
    54,
    55,
    56,
    57,
    58,
    59,
    60,
    61
  ],
  "distribution": {
    "A": 0.9265718881112117,
    "B": 0.013216838933306376,
    "C": 0.0037866877537207954,
    "D": 0.04613130069077338,
    "E": 0.010293284510987637
  }
}