{
  "question_id": "bigbench_logical_deduction_0009",
  "method": "attention",
  "prefix_length": 39,
  "keep_m": 5,
  "kl_to_baseline": 0.28741515417857666,
  "token_kl": 0.0018399871759039784,
  "selected_indices": [
    22,
    23,
    24,
    25,
    27
  ],
  "distribution": {
    "A": 0.5543951884335392,
    "B": 0.010154104493927322,
    "C": 0.15883688084241795,
    "D": 0.2311062979504524,
    "E": 0.04550752827966318
  }
}