{
  "question_id": "bigbench_logical_deduction_0009",
  "method": "attention",
  "prefix_length": 64,
  "keep_m": 3,
  "kl_to_baseline": 0.025941386502485453,
  "token_kl": 0.1040343466934019,
  "selected_indices": [
    53,
    56,
    57
  ],
  "distribution": {
    "A": 0.9716082295066826,
    "B": 0.0002240137729499717,
    "C": 0.025892484017153897,
    "D": 0.0011376363516068283,
    "E": 0.0011376363516068283
  }
}