{
  "question_id": "bigbench_logical_deduction_0009",
  "method": "attention",
  "prefix_length": 43,
  "keep_m": 15,
  "kl_to_baseline": 0.037384933797429964,
  "token_kl": 0.36543036252554734,
  "selected_indices": [
    0,
    2,
    4,
    5,
    7,
    9,
    11,
    13,
    17,
    20,
    21,
    25,
    28,
    32,
    37
  ],
  "distribution": {
    "A": 0.27503584178459933,
    "B": 0.00941120897413408,
    "C": 0.40017478850888194,
    "D": 0.1011800317778356,
    "E": 0.21419812895454896
  }
}