{
  "question_id": "bigbench_logical_deduction_0009",
  "method": "attention",
  "prefix_length": 56,
  "keep_m": 10,
  "kl_to_baseline": 0.33996689277012004,
  "token_kl": 1.0094409995366784,
  "selected_indices": [
    0,
    21,
    41,
    42,
    43,
    44,
    45,
    47,
    48,
    50
  ],
  "distribution": {
    "A": 0.18654948870430016,
    "B": 0.01351360124755005,
    "C": 0.5070940852532251,
    "D": 0.16462934596028486,
    "E": 0.12821347883463988
  }
}