{
  "question_id": "bigbench_logical_deduction_0009",
  "method": "attention",
  "prefix_length": 22,
  "keep_m": 10,
  "kl_to_baseline": 0.08213126826534188,
  "token_kl": 0.001706921649554781,
  "selected_indices": [
    0,
    1,
    4,
    6,
    10,
    12,
    13,
    14,
    15,
    16
  ],
  "distribution": {
    "A": 0.3249086588227301,
    "B": 0.01617625346683715,
    "C": 0.0930878892941231,
    "D": 0.4727393091221866,
    "E": 0.0930878892941231
  }
}