{
  "question_id": "bigbench_logical_deduction_0009",
  "method": "attention",
  "prefix_length": 35,
  "keep_m": 15,
  "kl_to_baseline": 0.6518108372589522,
  "token_kl": 0.07550913443856491,
  "selected_indices": [
    0,
    8,
    16,
    17,
    19,
    20,
    21,
    22,
    23,
    24,
    25,
    26,
    27,
    28,
    29
  ],
  "distribution": {
    "A": 0.48471783286631176,
    "B": 0.024132679884037913,
    "C": 0.2594507596486512,
    "D": 0.15736484041264032,
    "E": 0.07433388718835882
  }
}