{
  "question_id": "bigbench_logical_deduction_0009",
  "method": "attention",
  "prefix_length": 56,
  "keep_m": 3,
  "kl_to_baseline": 0.09408534971205157,
  "token_kl": 0.7708295236081888,
  "selected_indices": [
    41,
    42,
    50
  ],
  "distribution": {
    "A": 0.20244415173452995,
    "B": 0.010079099621558889,
    "C": 0.378215468083831,
    "D": 0.378215468083831,
    "E": 0.03104581247624904
  }
}