{
  "question_id": "bigbench_logical_deduction_0001",
  "method": "attention",
  "prefix_length": 65,
  "keep_m": 20,
  "kl_to_baseline": 0.17084966011943922,
  "token_kl": 0.016169692074326496,
  "selected_indices": [
    0,
    5,
    7,
    33,
    35,
    36,
    37,
    38,
    39,
    40,
    44,
    47,
    48,
    49,
    50,
    51,
    56,
    57,
    58,
    59
  ],
  "distribution": {
    "A": 0.8308011343691312,
    "B": 0.0026442581326036074,
    "C": 0.127407491807024,
    "D": 0.0026442581326036074,
    "E": 0.03650285755863775
  }
}