{
  "question_id": "bigbench_logical_deduction_0009",
  "method": "attention",
  "prefix_length": 73,
  "keep_m": 5,
  "kl_to_baseline": 0.028085222136593802,
  "token_kl": 0.21968174941760943,
  "selected_indices": [
    51,
    52,
    53,
    56,
    57
  ],
  "distribution": {
    "A": 0.9720504474251439,
    "B": 0.000537625930495588,
    "C": 0.025904268002540184,
    "D": 0.0011381541037905648,
    "E": 0.0003695045380296381
  }
}