{
  "question_id": "bigbench_logical_deduction_0000",
  "method": "attention",
  "prefix_length": 88,
  "keep_m": 15,
  "kl_to_baseline": 0.054067113382373,
  "token_kl": 0.0029308397785305198,
  "selected_indices": [
    0,
    52,
    58,
    59,
    66,
    69,
    70,
    71,
    74,
    77,
    78,
    79,
    80,
    81,
    82
  ],
  "distribution": {
    "A": 0.0002500271093789468,
    "B": 0.00041222521004898786,
    "C": 0.24197016372054858,
    "D": 0.7453205974397727,
    "E": 0.012046986520250803
  }
}