{
  "question_id": "bigbench_logical_deduction_0009",
  "method": "attention",
  "prefix_length": 30,
  "keep_m": 3,
  "kl_to_baseline": 0.5049119292545097,
  "token_kl": 0.500821389996919,
  "selected_indices": [
    20,
    21,
    24
  ],
  "distribution": {
    "A": 0.3518582029913474,
    "B": 0.019850483831870196,
    "C": 0.3105137742888459,
    "D": 0.12944141451866295,
    "E": 0.18833612436927347
  }
}