{
  "question_id": "bigbench_logical_deduction_0009",
  "method": "attention",
  "prefix_length": 59,
  "keep_m": 3,
  "kl_to_baseline": 0.019998014704820113,
  "token_kl": 0.09782888547602313,
  "selected_indices": [
    23,
    48,
    53
  ],
  "distribution": {
    "A": 0.9794942564266896,
    "B": 0.0021426348066509505,
    "C": 0.012330011992056581,
    "D": 0.005139913701668935,
    "E": 0.0008931830729339856
  }
}