{
  "question_id": "bigbench_logical_deduction_0009",
  "method": "attention",
  "prefix_length": 44,
  "keep_m": 3,
  "kl_to_baseline": 0.18359550334777197,
  "token_kl": 0.7504109415477938,
  "selected_indices": [
    6,
    22,
    38
  ],
  "distribution": {
    "A": 0.10555103983909937,
    "B": 0.007646091680656955,
    "C": 0.6074043325173871,
    "D": 0.19719530348216485,
    "E": 0.08220323248069165
  }
}