{
  "question_id": "bigbench_logical_deduction_0009",
  "method": "attention",
  "prefix_length": 32,
  "keep_m": 3,
  "kl_to_baseline": 0.995007520916457,
  "token_kl": 1.552909711264337,
  "selected_indices": [
    13,
    21,
    25
  ],
  "distribution": {
    "A": 0.11385098368692953,
    "B": 0.01978433440099004,
    "C": 0.5781830029573818,
    "D": 0.187708538494774,
    "E": 0.10047314045992461
  }
}