{
  "question_id": "bigbench_logical_deduction_0009",
  "method": "attention",
  "prefix_length": 31,
  "keep_m": 20,
  "kl_to_baseline": 0.7166434464444039,
  "token_kl": 0.01692127051576793,
  "selected_indices": [
    0,
    1,
    4,
    5,
    6,
    7,
    8,
    13,
    14,
    15,
    16,
    17,
    18,
    19,
    20,
    21,
    22,
    23,
    24,
    25
  ],
  "distribution": {
    "A": 0.46068346195982207,
    "B": 0.020241021102447843,
    "C": 0.21761148477206652,
    "D": 0.13198803741984716,
    "E": 0.16947599474581648
  }
}