{
  "question_id": "bigbench_logical_deduction_0001",
  "method": "attention",
  "prefix_length": 120,
  "keep_m": 10,
  "kl_to_baseline": 0.1305116947481883,
  "token_kl": 0.03740419813243698,
  "selected_indices": [
    68,
    97,
    98,
    103,
    108,
    109,
    111,
    112,
    113,
    114
  ],
  "distribution": {
    "A": 0.8679954982964975,
    "B": 0.002762639321101863,
    "C": 0.10366727571417544,
    "D": 0.005161289743491854,
    "E": 0.02041329692473335
  }
}