{
  "question_id": "bigbench_logical_deduction_0009",
  "method": "attention",
  "prefix_length": 37,
  "keep_m": 5,
  "kl_to_baseline": 0.4732669855916204,
  "token_kl": 0.27315094287382874,
  "selected_indices": [
    21,
    22,
    25,
    27,
    28
  ],
  "distribution": {
    "A": 0.3343221534899622,
    "B": 0.0022526449508354814,
    "C": 0.26037035493610095,
    "D": 0.3788366310531207,
    "E": 0.024218215569980585
  }
}