{
  "question_id": "bigbench_logical_deduction_0009",
  "method": "attention",
  "prefix_length": 37,
  "keep_m": 3,
  "kl_to_baseline": 0.32916733031033546,
  "token_kl": 0.20098065699573045,
  "selected_indices": [
    21,
    22,
    25
  ],
  "distribution": {
    "A": 0.47604434018481456,
    "B": 0.0059925124392256135,
    "C": 0.12036285855746574,
    "D": 0.37074370491264386,
    "E": 0.02685658390585014
  }
}