{
  "question_id": "bigbench_logical_deduction_0009",
  "method": "attention",
  "prefix_length": 55,
  "keep_m": 10,
  "kl_to_baseline": 0.09176266340354117,
  "token_kl": 0.14489866137157234,
  "selected_indices": [
    0,
    14,
    26,
    27,
    37,
    40,
    41,
    42,
    47,
    48
  ],
  "distribution": {
    "A": 0.1318703518859599,
    "B": 0.03334204646947579,
    "C": 0.40618932817342174,
    "D": 0.2791695704129006,
    "E": 0.149428703058242
  }
}