{
  "question_id": "bigbench_logical_deduction_0009",
  "method": "attention",
  "prefix_length": 22,
  "keep_m": 15,
  "kl_to_baseline": 0.14813142177044258,
  "token_kl": 0.00100064952272437,
  "selected_indices": [
    0,
    1,
    2,
    4,
    5,
    6,
    7,
    8,
    10,
    11,
    12,
    13,
    14,
    15,
    16
  ],
  "distribution": {
    "A": 0.47401286416729577,
    "B": 0.0076617052780354805,
    "C": 0.11984923526945059,
    "D": 0.3257839595511838,
    "E": 0.07269223573403448
  }
}