{
  "question_id": "bigbench_logical_deduction_0009",
  "method": "attention",
  "prefix_length": 50,
  "keep_m": 5,
  "kl_to_baseline": 0.49390445844367536,
  "token_kl": 0.34693657928918287,
  "selected_indices": [
    0,
    4,
    13,
    43,
    44
  ],
  "distribution": {
    "A": 0.2584518065377772,
    "B": 0.001741434781864624,
    "C": 0.7025448701815208,
    "D": 0.027240623243029845,
    "E": 0.010021265255807621
  }
}