{
  "question_id": "bookworm_nm",
  "method": "attention",
  "prefix_length": 99,
  "keep_m": 15,
  "kl_to_baseline": 0.042000196753771556,
  "token_kl": 0.12941158336181705,
  "selected_indices": [
    0,
    18,
    24,
    25,
    55,
    58,
    59,
    62,
    72,
    77,
    88,
    89,
    91,
    92,
    93
  ],
  "distribution": {
    "A": 0.06008665438181589,
    "B": 0.9399133456181842
  }
}