{
  "question_id": "bookworm_nm",
  "method": "attention",
  "prefix_length": 75,
  "keep_m": 20,
  "kl_to_baseline": 0.014488638260933048,
  "token_kl": 0.032036143292730954,
  "selected_indices": [
    0,
    5,
    10,
    13,
    16,
    25,
    30,
    36,
    38,
    42,
    58,
    59,
    60,
    61,
    62,
    63,
    65,
    66,
    67,
    69
  ],
  "distribution": {
    "A": 0.022977371582637088,
    "B": 0.9770226284173629
  }
}