{
  "question_id": "bookworm_nm",
  "method": "attention",
  "prefix_length": 97,
  "keep_m": 15,
  "kl_to_baseline": 0.05097590510938403,
  "token_kl": 0.09813798939144194,
  "selected_indices": [
    0,
    5,
    12,
    17,
    18,
    35,
    36,
    45,
    58,
    70,
    71,
    78,
    79,
    85,
    91
  ],
  "distribution": {
    "A": 0.07585817270885642,
    "B": 0.9241418272911436
  }
}