{
  "question_id": "bookworm_nm",
  "method": "attention",
  "prefix_length": 35,
  "keep_m": 5,
  "kl_to_baseline": 0.011947299973068641,
  "token_kl": 0.08098220934246107,
  "selected_indices": [
    0,
    5,
    12,
    22,
    28
  ],
  "distribution": {
    "A": 0.09534946232842245,
    "B": 0.9046505376715775
  }
}