{
  "question_id": "dilemma_15721",
  "method": "attention",
  "prefix_length": 36,
  "keep_m": 10,
  "kl_to_baseline": 0.20469427127133047,
  "token_kl": 0.15712622877547117,
  "selected_indices": [
    0,
    6,
    9,
    15,
    18,
    21,
    22,
    25,
    27,
    29
  ],
  "distribution": {
    "A": 0.24508501864634827,
    "B": 0.7549149813536518
  }
}