{
  "question_id": "dilemma_3081",
  "method": "attention",
  "prefix_length": 37,
  "keep_m": 15,
  "kl_to_baseline": 0.047559133138221465,
  "token_kl": 0.03939633058827377,
  "selected_indices": [
    0,
    4,
    5,
    8,
    10,
    13,
    17,
    18,
    20,
    24,
    27,
    28,
    29,
    30,
    31
  ],
  "distribution": {
    "A": 0.5312093733737563,
    "B": 0.46879062662624377
  }
}