{
  "question_id": "dilemma_15721",
  "method": "attention",
  "prefix_length": 31,
  "keep_m": 3,
  "kl_to_baseline": 0.030390849551623304,
  "token_kl": 0.18902823188556644,
  "selected_indices": [
    0,
    11,
    25
  ],
  "distribution": {
    "A": 0.07585818158818373,
    "B": 0.9241418184118162
  }
}