{
  "question_id": "dilemma_12903",
  "method": "attention",
  "prefix_length": 33,
  "keep_m": 3,
  "kl_to_baseline": 0.017681333770912723,
  "token_kl": 0.13332005562818722,
  "selected_indices": [
    0,
    25,
    26
  ],
  "distribution": {
    "A": 0.22270013882530884,
    "B": 0.7772998611746911
  }
}