{
  "question_id": "dilemma_24577",
  "method": "attention",
  "prefix_length": 31,
  "keep_m": 20,
  "kl_to_baseline": 0.0007946322740874853,
  "token_kl": 0.016319850709693506,
  "selected_indices": [
    0,
    1,
    3,
    4,
    5,
    6,
    7,
    8,
    10,
    13,
    14,
    15,
    16,
    19,
    20,
    21,
    22,
    23,
    24,
    25
  ],
  "distribution": {
    "A": 0.10669059039516234,
    "B": 0.8933094096048377
  }
}