{
  "question_id": "dilemma_33806",
  "method": "attention",
  "prefix_length": 19,
  "keep_m": 5,
  "kl_to_baseline": 0.00417732654232102,
  "token_kl": 0.17155139109671907,
  "selected_indices": [
    0,
    1,
    8,
    9,
    12
  ],
  "distribution": {
    "A": 0.8175744806385543,
    "B": 0.18242551936144574
  }
}