{
  "question_id": "dilemma_31754",
  "method": "attention",
  "prefix_length": 30,
  "keep_m": 10,
  "kl_to_baseline": 0.015945347624253647,
  "token_kl": 0.13853689385289755,
  "selected_indices": [
    0,
    2,
    7,
    9,
    10,
    12,
    13,
    21,
    22,
    24
  ],
  "distribution": {
    "A": 0.7057850278370112,
    "B": 0.29421497216298875
  }
}