{
  "question_id": "dilemma_3081",
  "method": "attention",
  "prefix_length": 33,
  "keep_m": 15,
  "kl_to_baseline": 0.013813987684828485,
  "token_kl": 0.0559539196224959,
  "selected_indices": [
    0,
    1,
    2,
    3,
    4,
    5,
    8,
    13,
    16,
    21,
    23,
    24,
    25,
    26,
    27
  ],
  "distribution": {
    "A": 0.32082129433083023,
    "B": 0.6791787056691698
  }
}