{
  "question_id": "dilemma_3081",
  "method": "attention",
  "prefix_length": 33,
  "keep_m": 10,
  "kl_to_baseline": 0.025008035462017963,
  "token_kl": 0.07478608855520352,
  "selected_indices": [
    0,
    3,
    13,
    16,
    21,
    23,
    24,
    25,
    26,
    27
  ],
  "distribution": {
    "A": 0.34864513533394575,
    "B": 0.6513548646660542
  }
}