{
  "question_id": "dilemma_12903",
  "method": "attention",
  "prefix_length": 37,
  "keep_m": 15,
  "kl_to_baseline": 0.0014759253393381508,
  "token_kl": 0.05492118224188453,
  "selected_indices": [
    0,
    9,
    10,
    16,
    20,
    21,
    22,
    23,
    24,
    25,
    26,
    27,
    29,
    30,
    31
  ],
  "distribution": {
    "A": 0.7310585727705126,
    "B": 0.2689414272294874
  }
}