{
  "question_id": "dilemma_3081",
  "method": "attention",
  "prefix_length": 42,
  "keep_m": 3,
  "kl_to_baseline": 0.023563569789439263,
  "token_kl": 0.41734374167422933,
  "selected_indices": [
    24,
    25,
    35
  ],
  "distribution": {
    "A": 0.037326884131416216,
    "B": 0.9626731158685837
  }
}