{
  "question_id": "dilemma_2081",
  "method": "attention",
  "prefix_length": 34,
  "keep_m": 15,
  "kl_to_baseline": 0.03801213906282616,
  "token_kl": 0.04489954598771888,
  "selected_indices": [
    0,
    2,
    7,
    13,
    15,
    16,
    17,
    18,
    19,
    20,
    22,
    23,
    24,
    25,
    28
  ],
  "distribution": {
    "A": 0.18242552158390105,
    "B": 0.817574478416099
  }
}