{
  "question_id": "dilemma_12903",
  "method": "attention",
  "prefix_length": 28,
  "keep_m": 15,
  "kl_to_baseline": 0.00417732897647876,
  "token_kl": 0.029534564861625656,
  "selected_indices": [
    0,
    1,
    2,
    3,
    5,
    7,
    8,
    11,
    12,
    13,
    14,
    15,
    17,
    18,
    19
  ],
  "distribution": {
    "A": 0.8175744761936437,
    "B": 0.18242552380635632
  }
}