{
  "question_id": "dilemma_24577",
  "method": "attention",
  "prefix_length": 31,
  "keep_m": 15,
  "kl_to_baseline": 0.003495410806561936,
  "token_kl": 0.041063185944847216,
  "selected_indices": [
    0,
    1,
    4,
    5,
    6,
    10,
    13,
    14,
    16,
    19,
    20,
    21,
    23,
    24,
    25
  ],
  "distribution": {
    "A": 0.1480471961522176,
    "B": 0.8519528038477825
  }
}