{
  "question_id": "dilemma_12903",
  "method": "attention",
  "prefix_length": 37,
  "keep_m": 5,
  "kl_to_baseline": 0.11414561113793745,
  "token_kl": 0.1825227306632536,
  "selected_indices": [
    0,
    21,
    27,
    30,
    31
  ],
  "distribution": {
    "A": 0.9149009625340367,
    "B": 0.08509903746596333
  }
}