{
  "question_id": "dilemma_3081",
  "method": "attention",
  "prefix_length": 31,
  "keep_m": 3,
  "kl_to_baseline": 0.2077974057369532,
  "token_kl": 0.3081151223905205,
  "selected_indices": [
    18,
    21,
    24
  ],
  "distribution": {
    "A": 0.5621765008857981,
    "B": 0.4378234991142019
  }
}