{
  "question_id": "dilemma_2081",
  "method": "attention",
  "prefix_length": 32,
  "keep_m": 20,
  "kl_to_baseline": 0.011186068600155682,
  "token_kl": 0.027250445515479085,
  "selected_indices": [
    0,
    2,
    3,
    5,
    7,
    12,
    13,
    14,
    15,
    16,
    17,
    18,
    19,
    20,
    21,
    22,
    23,
    24,
    25,
    26
  ],
  "distribution": {
    "A": 0.1329642419157059,
    "B": 0.8670357580842941
  }
}