{
  "question_id": "dilemma_24577",
  "method": "attention",
  "prefix_length": 34,
  "keep_m": 15,
  "kl_to_baseline": 0.09461117482003226,
  "token_kl": 0.03151316700656556,
  "selected_indices": [
    0,
    1,
    3,
    4,
    5,
    6,
    10,
    13,
    14,
    16,
    19,
    20,
    21,
    23,
    25
  ],
  "distribution": {
    "A": 0.3208212878370535,
    "B": 0.6791787121629466
  }
}