{
  "question_id": "dilemma_2081",
  "method": "attention",
  "prefix_length": 41,
  "keep_m": 10,
  "kl_to_baseline": 0.0007206063702175376,
  "token_kl": 0.12719805677384016,
  "selected_indices": [
    0,
    11,
    12,
    13,
    14,
    19,
    20,
    22,
    23,
    33
  ],
  "distribution": {
    "A": 0.09534945590170514,
    "B": 0.9046505440982949
  }
}