{
  "question_id": "dilemma_32747",
  "method": "attention",
  "prefix_length": 41,
  "keep_m": 5,
  "kl_to_baseline": 6.424472988182526e-05,
  "token_kl": 0.1583362709504368,
  "selected_indices": [
    0,
    3,
    5,
    6,
    11
  ],
  "distribution": {
    "A": 0.0007096704618445777,
    "B": 0.9992903295381553
  }
}