{
  "question_id": "dilemma_2081",
  "method": "attention",
  "prefix_length": 43,
  "keep_m": 5,
  "kl_to_baseline": 0.011186076807042304,
  "token_kl": 0.128368556118234,
  "selected_indices": [
    0,
    33,
    35,
    36,
    37
  ],
  "distribution": {
    "A": 0.13296425050508953,
    "B": 0.8670357494949105
  }
}