{
  "question_id": "dilemma_3081",
  "method": "attention",
  "prefix_length": 27,
  "keep_m": 3,
  "kl_to_baseline": 0.5663997859431608,
  "token_kl": 0.3566574835515419,
  "selected_indices": [
    2,
    14,
    15
  ],
  "distribution": {
    "A": 0.679178699175393,
    "B": 0.32082130082460697
  }
}