{
  "question_id": "dilemma_15721",
  "method": "attention",
  "prefix_length": 28,
  "keep_m": 3,
  "kl_to_baseline": 0.019895428544853433,
  "token_kl": 0.12828118759651985,
  "selected_indices": [
    0,
    13,
    20
  ],
  "distribution": {
    "A": 0.1192029188930649,
    "B": 0.880797081106935
  }
}