{
  "question_id": "dilemma_12903",
  "method": "attention",
  "prefix_length": 34,
  "keep_m": 10,
  "kl_to_baseline": 0.0074107641481612335,
  "token_kl": 0.10413667926081707,
  "selected_indices": [
    0,
    9,
    20,
    21,
    22,
    23,
    24,
    25,
    26,
    27
  ],
  "distribution": {
    "A": 0.34864513533394575,
    "B": 0.6513548646660542
  }
}