{
  "question_id": "dilemma_31754",
  "method": "attention",
  "prefix_length": 28,
  "keep_m": 10,
  "kl_to_baseline": 0.0072613037218001025,
  "token_kl": 0.048246073448396834,
  "selected_indices": [
    0,
    1,
    2,
    5,
    6,
    7,
    8,
    9,
    16,
    22
  ],
  "distribution": {
    "A": 0.4073334000459302,
    "B": 0.5926665999540697
  }
}