{
  "question_id": "dilemma_15721",
  "method": "attention",
  "prefix_length": 28,
  "keep_m": 20,
  "kl_to_baseline": 0.00819563788781573,
  "token_kl": 0.009222301762458213,
  "selected_indices": [
    0,
    1,
    2,
    4,
    5,
    6,
    9,
    10,
    11,
    12,
    13,
    14,
    15,
    16,
    17,
    18,
    19,
    20,
    21,
    22
  ],
  "distribution": {
    "A": 0.09534945461636171,
    "B": 0.9046505453836383
  }
}