{
  "question_id": "dilemma_32747",
  "method": "attention",
  "prefix_length": 30,
  "keep_m": 15,
  "kl_to_baseline": 0.0020147078087733904,
  "token_kl": 0.027660936047802797,
  "selected_indices": [
    0,
    1,
    3,
    7,
    8,
    12,
    13,
    15,
    17,
    19,
    20,
    21,
    22,
    23,
    24
  ],
  "distribution": {
    "A": 0.00037998450071226536,
    "B": 0.9996200154992877
  }
}