{
  "question_id": "dilemma_2081",
  "method": "attention",
  "prefix_length": 30,
  "keep_m": 3,
  "kl_to_baseline": 0.06433737894569858,
  "token_kl": 0.3221565653831979,
  "selected_indices": [
    18,
    23,
    24
  ],
  "distribution": {
    "A": 0.18242551713899047,
    "B": 0.8175744828610095
  }
}