{
  "question_id": "dilemma_32747",
  "method": "attention",
  "prefix_length": 23,
  "keep_m": 15,
  "kl_to_baseline": 1.5912984060976402e-05,
  "token_kl": 0.05811513071856438,
  "selected_indices": [
    0,
    2,
    3,
    6,
    7,
    8,
    9,
    10,
    11,
    12,
    13,
    14,
    15,
    16,
    17
  ],
  "distribution": {
    "A": 0.0004305570729325534,
    "B": 0.9995694429270675
  }
}