{
  "question_id": "dilemma_15721",
  "method": "attention",
  "prefix_length": 33,
  "keep_m": 20,
  "kl_to_baseline": 0.02670869603948876,
  "token_kl": 0.06687244914593522,
  "selected_indices": [
    0,
    1,
    2,
    3,
    5,
    6,
    9,
    10,
    15,
    16,
    17,
    18,
    19,
    21,
    22,
    23,
    24,
    25,
    26,
    27
  ],
  "distribution": {
    "A": 0.06008665017400762,
    "B": 0.9399133498259924
  }
}