{
  "question_id": "dilemma_3081",
  "method": "attention",
  "prefix_length": 23,
  "keep_m": 15,
  "kl_to_baseline": 0.013002947600192112,
  "token_kl": 0.03317013547163595,
  "selected_indices": [
    0,
    2,
    3,
    4,
    5,
    6,
    7,
    8,
    9,
    10,
    11,
    13,
    14,
    15,
    16
  ],
  "distribution": {
    "A": 0.29421497216298875,
    "B": 0.7057850278370112
  }
}