{
  "question_id": "dilemma_24577",
  "method": "attention",
  "prefix_length": 31,
  "keep_m": 10,
  "kl_to_baseline": 0.017510011308064385,
  "token_kl": 0.06399313530550195,
  "selected_indices": [
    0,
    4,
    5,
    6,
    16,
    19,
    20,
    23,
    24,
    25
  ],
  "distribution": {
    "A": 0.06754668832401889,
    "B": 0.9324533116759811
  }
}