{
  "question_id": "dilemma_32747",
  "method": "attention",
  "prefix_length": 26,
  "keep_m": 10,
  "kl_to_baseline": 0.0009491513801634364,
  "token_kl": 0.1326845435479118,
  "selected_indices": [
    0,
    7,
    11,
    12,
    13,
    16,
    17,
    18,
    19,
    20
  ],
  "distribution": {
    "A": 0.0035936021345601165,
    "B": 0.9964063978654398
  }
}