{
  "question_id": "dilemma_19599",
  "method": "attention",
  "prefix_length": 19,
  "keep_m": 3,
  "kl_to_baseline": 0.0941744309304138,
  "token_kl": 0.10556116009755183,
  "selected_indices": [
    7,
    8,
    12
  ],
  "distribution": {
    "A": 0.8519527963298947,
    "B": 0.1480472036701053
  }
}