{
  "question_id": "bigbench_logical_deduction_0000",
  "question_type": "multiple_choice",
  "source_rollout_idx": 6,
  "num_sentences": 5,
  "correct_answer": "D",
  "sentence_summaries": [
    {
      "sentence_idx": 0,
      "partial_cot_length": 51,
      "total_forces": 1,
      "valid_answers": 1,
      "answer_distribution": {
        "A": 0.00010886374723027911,
        "B": 8.478317159102885e-05,
        "C": 4.0048734494904236e-05,
        "D": 0.9995868183710171,
        "E": 0.00017948597566668333
      },
      "answer_counts": {
        "A": 0.00010886374723027911,
        "B": 8.478317159102885e-05,
        "C": 4.0048734494904236e-05,
        "D": 0.9995868183710171,
        "E": 0.00017948597566668333
      },
      "most_common": "D"
    },
    {
      "sentence_idx": 2,
      "partial_cot_length": 251,
      "total_forces": 1,
      "valid_answers": 1,
      "answer_distribution": {
        "A": 0.0001794296735128936,
        "B": 0.0002303922612985386,
        "C": 0.0001583461311068938,
        "D": 0.9992734858029747,
        "E": 0.0001583461311068938
      },
      "answer_counts": {
        "A": 0.0001794296735128936,
        "B": 0.0002303922612985386,
        "C": 0.0001583461311068938,
        "D": 0.9992734858029747,
        "E": 0.0001583461311068938
      },
      "most_common": "D"
    },
    {
      "sentence_idx": 69,
      "partial_cot_length": 3012,
      "total_forces": 1,
      "valid_answers": 1,
      "answer_distribution": {
        "A": 4.450845371046627e-07,
        "B": 4.450845371046627e-07,
        "C": 3.4663218603008504e-07,
        "D": 0.9999985249621547,
        "E": 2.3823658514235526e-07
      },
      "answer_counts": {
        "A": 4.450845371046627e-07,
        "B": 4.450845371046627e-07,
        "C": 3.4663218603008504e-07,
        "D": 0.9999985249621547,
        "E": 2.3823658514235526e-07
      },
      "most_common": "D"
    },
    {
      "sentence_idx": 75,
      "partial_cot_length": 3246,
      "total_forces": 1,
      "valid_answers": 1,
      "answer_distribution": {
        "A": 6.962166150800412e-06,
        "B": 4.222767228473939e-06,
        "C": 2.9022626429600063e-06,
        "D": 0.9999804906635276,
        "E": 5.422140450116589e-06
      },
      "answer_counts": {
        "A": 6.962166150800412e-06,
        "B": 4.222767228473939e-06,
        "C": 2.9022626429600063e-06,
        "D": 0.9999804906635276,
        "E": 5.422140450116589e-06
      },
      "most_common": "D"
    },
    {
      "sentence_idx": 90,
      "partial_cot_length": 3810,
      "total_forces": 1,
      "valid_answers": 1,
      "answer_distribution": {
        "A": 1.3006095336759309e-05,
        "B": 1.4737836811288475e-05,
        "C": 1.3006095336759309e-05,
        "D": 0.9999078098675928,
        "E": 5.144010492250261e-05
      },
      "answer_counts": {
        "A": 1.3006095336759309e-05,
        "B": 1.4737836811288475e-05,
        "C": 1.3006095336759309e-05,
        "D": 0.9999078098675928,
        "E": 5.144010492250261e-05
      },
      "most_common": "D"
    }
  ]
}