{
  "question_id": "bigbench_logical_deduction_0009",
  "method": "baseline",
  "prefix_length": 39,
  "keep_m": 34,
  "kl_to_baseline": 0.0,
  "token_kl": 0.0,
  "distribution": {
    "A": 0.2028141557356577,
    "B": 0.0054048154659985725,
    "C": 0.33438401256046724,
    "D": 0.33438401256046724,
    "E": 0.12301300367740925
  }
}