{
  "question_id": "bigbench_logical_deduction_0000",
  "method": "baseline",
  "prefix_length": 79,
  "keep_m": 74,
  "kl_to_baseline": 0.0,
  "token_kl": 0.0,
  "distribution": {
    "A": 0.002393483262226998,
    "B": 0.00017338326330566903,
    "C": 0.24414193007418028,
    "D": 0.7520100641302111,
    "E": 0.0012811392700759158
  }
}