{
  "question_id": "bigbench_logical_deduction_0009",
  "method": "baseline",
  "prefix_length": 70,
  "keep_m": 65,
  "kl_to_baseline": 0.0,
  "token_kl": 0.0,
  "distribution": {
    "A": 0.9996076151175318,
    "B": 8.478498851758802e-05,
    "C": 2.7525655717184304e-05,
    "D": 1.89180880661122e-05,
    "E": 0.00026115615016719646
  }
}