{
  "question_id": "bigbench_logical_deduction_0009",
  "method": "baseline",
  "prefix_length": 45,
  "keep_m": 40,
  "kl_to_baseline": 0.0,
  "token_kl": 0.0,
  "distribution": {
    "A": 0.2088573534916458,
    "B": 0.007146705632038592,
    "C": 0.501022745254462,
    "D": 0.09865722808346027,
    "E": 0.18431596753839338
  }
}