{
  "question_id": "dilemma_31754",
  "method": "baseline",
  "prefix_length": 29,
  "keep_m": 24,
  "kl_to_baseline": 0.0,
  "token_kl": 0.0,
  "distribution": {
    "A": 0.46879062662624377,
    "B": 0.5312093733737563
  }
}