{
  "question_id": "dilemma_3081",
  "method": "baseline",
  "prefix_length": 37,
  "keep_m": 32,
  "kl_to_baseline": 0.0,
  "token_kl": 0.0,
  "distribution": {
    "A": 0.37754066879814546,
    "B": 0.6224593312018546
  }
}