{
  "question_id": "dilemma_32747",
  "method": "baseline",
  "prefix_length": 39,
  "keep_m": 34,
  "kl_to_baseline": 0.0,
  "token_kl": 0.0,
  "distribution": {
    "A": 0.0017007226784650797,
    "B": 0.9982992773215349
  }
}