{
  "question_id": "dilemma_2081",
  "method": "baseline",
  "prefix_length": 33,
  "keep_m": 28,
  "kl_to_baseline": 0.0,
  "token_kl": 0.0,
  "distribution": {
    "A": 0.1329642436335826,
    "B": 0.8670357563664174
  }
}