{
  "question_id": "dilemma_25447",
  "method": "baseline",
  "prefix_length": 27,
  "keep_m": 22,
  "kl_to_baseline": 0.0,
  "token_kl": 0.0,
  "distribution": {
    "A": 0.9324533060447605,
    "B": 0.06754669395523943
  }
}