{
  "question_id": "dilemma_15721",
  "method": "baseline",
  "prefix_length": 20,
  "keep_m": 15,
  "kl_to_baseline": 0.0,
  "token_kl": 0.0,
  "distribution": {
    "A": 0.0534033333778795,
    "B": 0.9465966666221204
  }
}