{
  "question_id": "dilemma_24577",
  "method": "baseline",
  "prefix_length": 40,
  "keep_m": 35,
  "kl_to_baseline": 0.0,
  "token_kl": 0.0,
  "distribution": {
    "A": 0.7549149813536518,
    "B": 0.24508501864634827
  }
}