{
  "question_id": "dilemma_24577",
  "method": "baseline",
  "prefix_length": 29,
  "keep_m": 24,
  "kl_to_baseline": 0.0,
  "token_kl": 0.0,
  "distribution": {
    "A": 0.0758581763650499,
    "B": 0.9241418236349501
  }
}