{
  "question_id": "dilemma_24577",
  "method": "baseline",
  "prefix_length": 21,
  "keep_m": 16,
  "kl_to_baseline": 0.0,
  "token_kl": 0.0,
  "distribution": {
    "A": 0.10669058613457583,
    "B": 0.8933094138654242
  }
}