{
  "question_id": "dilemma_31754",
  "method": "baseline",
  "prefix_length": 21,
  "keep_m": 16,
  "kl_to_baseline": 0.0,
  "token_kl": 0.0,
  "distribution": {
    "A": 0.3486451421018059,
    "B": 0.651354857898194
  }
}