{
  "question_id": "dilemma_3081",
  "method": "baseline",
  "prefix_length": 52,
  "keep_m": 47,
  "kl_to_baseline": 0.0,
  "token_kl": 0.0,
  "distribution": {
    "A": 0.16451645675203383,
    "B": 0.8354835432479661
  }
}