{
  "question_id": "dilemma_32747",
  "method": "baseline",
  "prefix_length": 44,
  "keep_m": 39,
  "kl_to_baseline": 0.0,
  "token_kl": 0.0,
  "distribution": {
    "A": 0.00020342704526886784,
    "B": 0.999796572954731
  }
}