{
  "question_id": "dilemma_19599",
  "method": "baseline",
  "prefix_length": 17,
  "keep_m": 12,
  "kl_to_baseline": 0.0,
  "token_kl": 0.0,
  "distribution": {
    "A": 0.5312093733737563,
    "B": 0.46879062662624377
  }
}