{
  "question_id": "dilemma_3081",
  "method": "baseline",
  "prefix_length": 17,
  "keep_m": 12,
  "kl_to_baseline": 0.0,
  "token_kl": 0.0,
  "distribution": {
    "A": 0.26894141551050293,
    "B": 0.731058584489497
  }
}