{
  "question_id": "dilemma_25447",
  "method": "baseline",
  "prefix_length": 25,
  "keep_m": 20,
  "kl_to_baseline": 0.0,
  "token_kl": 0.0,
  "distribution": {
    "A": 0.8354835330070839,
    "B": 0.16451646699291617
  }
}