{
  "question_id": "dilemma_48618",
  "method": "baseline",
  "prefix_length": 36,
  "keep_m": 31,
  "kl_to_baseline": 0.0,
  "distribution": {
    "A": 0.939913354875362,
    "B": 0.06008664512463808
  }
}