{
  "question_id": "dilemma_32747",
  "method": "baseline",
  "prefix_length": 16,
  "keep_m": 11,
  "kl_to_baseline": 0.0,
  "token_kl": 0.0,
  "distribution": {
    "A": 0.003593602738154571,
    "B": 0.9964063972618453
  }
}