{
  "question_id": "dilemma_3297",
  "method": "baseline",
  "prefix_length": 19,
  "keep_m": 14,
  "kl_to_baseline": 0.0,
  "token_kl": 0.0,
  "distribution": {
    "A": 0.033085981248949035,
    "B": 0.9669140187510509
  }
}