{
  "question_id": "dilemma_33806",
  "method": "baseline",
  "prefix_length": 18,
  "keep_m": 13,
  "kl_to_baseline": 0.0,
  "token_kl": 0.0,
  "distribution": {
    "A": 0.7772998508568416,
    "B": 0.22270014914315833
  }
}