{
  "question_id": "dilemma_32747",
  "method": "baseline",
  "prefix_length": 33,
  "keep_m": 28,
  "kl_to_baseline": 0.0,
  "token_kl": 0.0,
  "distribution": {
    "A": 0.000709670528386236,
    "B": 0.9992903294716139
  }
}