{
  "question_id": "gpqa_gpqa_diamond_0001",
  "method": "baseline",
  "prefix_length": 357,
  "keep_m": 352,
  "kl_to_baseline": 0.0,
  "distribution": {
    "A": 0.5045404685865406,
    "B": 0.11257820226726219,
    "C": 0.14455327307617816,
    "D": 0.23832805607001908
  }
}