{
  "question_id": "gpqa_gpqa_diamond_0003",
  "method": "baseline",
  "prefix_length": 27,
  "keep_m": 22,
  "kl_to_baseline": 0.0,
  "distribution": {
    "A": 0.047347236509426814,
    "B": 0.0006753720565151735,
    "C": 0.9509947308901553,
    "D": 0.000982660543902616
  }
}