{
  "question_id": "gpqa_gpqa_diamond_0011",
  "method": "baseline",
  "prefix_length": 81,
  "keep_m": 76,
  "kl_to_baseline": 0.0,
  "distribution": {
    "A": 0.057491281978959335,
    "B": 0.7936427144354371,
    "C": 0.12170904490454088,
    "D": 0.027156958681062642
  }
}