{
  "question_id": "gpqa_gpqa_diamond_0002",
  "method": "baseline",
  "prefix_length": 26,
  "keep_m": 21,
  "kl_to_baseline": 0.0,
  "distribution": {
    "A": 0.4653250779256196,
    "B": 0.19397637491491757,
    "C": 0.09162795153175825,
    "D": 0.24907059562770456
  }
}