{
  "question_id": "gpqa_gpqa_diamond_0031",
  "method": "baseline",
  "prefix_length": 86,
  "keep_m": 81,
  "kl_to_baseline": 0.0,
  "distribution": {
    "A": 0.9817794829992642,
    "B": 0.002757616347785845,
    "C": 0.009625026798875967,
    "D": 0.005837873854074017
  }
}