{
  "question_id": "gpqa_gpqa_diamond_0002",
  "method": "baseline",
  "prefix_length": 39,
  "keep_m": 34,
  "kl_to_baseline": 0.0,
  "distribution": {
    "A": 0.416750060775819,
    "B": 0.1533137611899473,
    "C": 0.1053709043569702,
    "D": 0.3245652736772634
  }
}