{
  "question_id": "gpqa_gpqa_diamond_0031",
  "method": "baseline",
  "prefix_length": 77,
  "keep_m": 72,
  "kl_to_baseline": 0.0,
  "distribution": {
    "A": 0.9799620179892491,
    "B": 0.0016694828857796722,
    "C": 0.007482103202315208,
    "D": 0.01088639592265598
  }
}