{
  "question_id": "gpqa_gpqa_diamond_0009",
  "method": "baseline",
  "prefix_length": 90,
  "keep_m": 85,
  "kl_to_baseline": 0.0,
  "distribution": {
    "A": 0.066783344473156,
    "B": 0.0033249461443905963,
    "C": 0.007976131159549761,
    "D": 0.9219155782229037
  }
}