{
  "question_id": "gpqa_gpqa_diamond_0004",
  "method": "baseline",
  "prefix_length": 51,
  "keep_m": 46,
  "kl_to_baseline": 0.0,
  "distribution": {
    "A": 0.010256169129565965,
    "B": 0.2645101196317899,
    "C": 0.7190130302103641,
    "D": 0.00622068102827999
  }
}