{
  "question_id": "gpqa_gpqa_diamond_0026",
  "method": "baseline",
  "prefix_length": 39,
  "keep_m": 34,
  "kl_to_baseline": 0.0,
  "distribution": {
    "A": 0.00029592013444190333,
    "B": 0.9995792488923428,
    "C": 4.00484352101115e-05,
    "D": 8.478253800511766e-05
  }
}