{
  "question_id": "gpqa_gpqa_diamond_0023",
  "method": "baseline",
  "prefix_length": 281,
  "keep_m": 276,
  "kl_to_baseline": 0.0,
  "distribution": {
    "A": 0.49909593156937004,
    "B": 0.3027169665913235,
    "C": 0.1620327159746073,
    "D": 0.03615438586469917
  }
}