{
  "question_id": "gpqa_gpqa_diamond_0002",
  "method": "baseline",
  "prefix_length": 99,
  "keep_m": 94,
  "kl_to_baseline": 0.0,
  "distribution": {
    "A": 0.00026111502097791756,
    "B": 8.477163582480817e-05,
    "C": 0.00020335658280930846,
    "D": 0.9994507567603881
  }
}