{
  "question_id": "gpqa_gpqa_diamond_0023",
  "method": "baseline",
  "prefix_length": 160,
  "keep_m": 155,
  "kl_to_baseline": 0.0,
  "distribution": {
    "A": 0.44608189801115616,
    "B": 0.3065873059657956,
    "C": 0.21071416840369875,
    "D": 0.036616627619349494
  }
}