{
  "question_id": "gpqa_gpqa_diamond_0023",
  "method": "baseline",
  "prefix_length": 266,
  "keep_m": 261,
  "kl_to_baseline": 0.0,
  "distribution": {
    "A": 0.5356684335422989,
    "B": 0.19706140398472283,
    "C": 0.22329982508446558,
    "D": 0.04397033738851264
  }
}