{
  "question_id": "gpqa_gpqa_diamond_0031",
  "method": "baseline",
  "prefix_length": 244,
  "keep_m": 239,
  "kl_to_baseline": 0.0,
  "distribution": {
    "A": 0.9454750626665726,
    "B": 0.004378417788330077,
    "C": 0.03666004330188064,
    "D": 0.013486476243216727
  }
}