{
  "question_id": "gpqa_gpqa_diamond_0023",
  "method": "baseline",
  "prefix_length": 188,
  "keep_m": 183,
  "kl_to_baseline": 0.0,
  "distribution": {
    "A": 0.4205232021106604,
    "B": 0.327503799103477,
    "C": 0.22508984988713215,
    "D": 0.026883148898730534
  }
}