{
  "question_id": "gpqa_gpqa_diamond_0001",
  "method": "baseline",
  "prefix_length": 398,
  "keep_m": 393,
  "kl_to_baseline": 0.0,
  "distribution": {
    "A": 0.5408762846295914,
    "B": 0.08294605975260849,
    "C": 0.12068580481645369,
    "D": 0.2554918508013465
  }
}