{
  "question_id": "gpqa_gpqa_diamond_0017",
  "method": "baseline",
  "prefix_length": 99,
  "keep_m": 94,
  "kl_to_baseline": 0.0,
  "distribution": {
    "A": 0.6127811840981254,
    "B": 0.006807384864349562,
    "C": 0.3716705758505247,
    "D": 0.008740855187000272
  }
}