{
  "question_id": "gpqa_gpqa_diamond_0001",
  "method": "baseline",
  "prefix_length": 375,
  "keep_m": 370,
  "kl_to_baseline": 0.0,
  "distribution": {
    "A": 0.55527915450118,
    "B": 0.05852599578821312,
    "C": 0.12389953405592051,
    "D": 0.26229531565468633
  }
}