{
  "question_id": "gpqa_gpqa_diamond_0023",
  "method": "baseline",
  "prefix_length": 180,
  "keep_m": 175,
  "kl_to_baseline": 0.0,
  "distribution": {
    "A": 0.5157255991265741,
    "B": 0.21498641485181244,
    "C": 0.24361152341971426,
    "D": 0.025676462601899288
  }
}