{
  "question_id": "gpqa_gpqa_diamond_0002",
  "method": "baseline",
  "prefix_length": 78,
  "keep_m": 73,
  "kl_to_baseline": 0.0,
  "distribution": {
    "A": 0.0011692195074937308,
    "B": 9.016052724334976e-05,
    "C": 0.00015823665321243685,
    "D": 0.9985823833120505
  }
}