{
  "question_id": "gpqa_gpqa_diamond_0003",
  "method": "baseline",
  "prefix_length": 26,
  "keep_m": 21,
  "kl_to_baseline": 0.0,
  "distribution": {
    "A": 0.04732977850380886,
    "B": 0.000765014618705404,
    "C": 0.9506439110032295,
    "D": 0.001261295874256148
  }
}