{
  "question_id": "gpqa_gpqa_diamond_0023",
  "method": "baseline",
  "prefix_length": 89,
  "keep_m": 84,
  "kl_to_baseline": 0.0,
  "distribution": {
    "A": 0.45740709791046325,
    "B": 0.3143709944367539,
    "C": 0.19067564665024095,
    "D": 0.03754626100254192
  }
}