{
  "question_id": "gpqa_gpqa_diamond_0031",
  "method": "baseline",
  "prefix_length": 113,
  "keep_m": 108,
  "kl_to_baseline": 0.0,
  "distribution": {
    "A": 0.9768309426486534,
    "B": 0.0024213223575129347,
    "C": 0.008451245438290175,
    "D": 0.01229648955554344
  }
}