{
  "question_id": "gpqa_gpqa_diamond_0001",
  "method": "baseline",
  "prefix_length": 318,
  "keep_m": 313,
  "kl_to_baseline": 0.0,
  "distribution": {
    "A": 0.5190768664099631,
    "B": 0.11582169052437791,
    "C": 0.1487180121656105,
    "D": 0.2163834309000485
  }
}