{
  "question_id": "gpqa_gpqa_diamond_0023",
  "method": "baseline",
  "prefix_length": 17,
  "keep_m": 12,
  "kl_to_baseline": 0.0,
  "distribution": {
    "A": 0.5431365718171332,
    "B": 0.22641299479368482,
    "C": 0.19980876661032898,
    "D": 0.03064166677885305
  }
}