{
  "question_id": "gpqa_gpqa_diamond_0023",
  "method": "baseline",
  "prefix_length": 150,
  "keep_m": 145,
  "kl_to_baseline": 0.0,
  "distribution": {
    "A": 0.19460549964101387,
    "B": 0.363570937998402,
    "C": 0.41197984597294424,
    "D": 0.029843716387639982
  }
}