{
  "question_id": "gpqa_gpqa_diamond_0031",
  "method": "baseline",
  "prefix_length": 102,
  "keep_m": 97,
  "kl_to_baseline": 0.0,
  "distribution": {
    "A": 0.9481178117185216,
    "B": 0.002073998905812823,
    "C": 0.017365380228858883,
    "D": 0.03244280914680658
  }
}