{
  "question_id": "gpqa_gpqa_diamond_0023",
  "method": "baseline",
  "prefix_length": 324,
  "keep_m": 319,
  "kl_to_baseline": 0.0,
  "distribution": {
    "A": 0.4211520250369218,
    "B": 0.4211520250369218,
    "C": 0.13672802776195012,
    "D": 0.02096792216420632
  }
}