{
  "question_id": "gpqa_gpqa_diamond_0020",
  "method": "baseline",
  "prefix_length": 44,
  "keep_m": 39,
  "kl_to_baseline": 0.0,
  "distribution": {
    "A": 0.5481515697390804,
    "B": 0.4269008717546156,
    "C": 0.0036934168848017698,
    "D": 0.021254141621502166
  }
}