{
  "question_id": "gpqa_gpqa_diamond_0002",
  "method": "baseline",
  "prefix_length": 70,
  "keep_m": 65,
  "kl_to_baseline": 0.0,
  "distribution": {
    "A": 0.0004877605127494079,
    "B": 0.00013974579325766231,
    "C": 5.825471361896439e-05,
    "D": 0.999314238980374
  }
}