{
  "question_id": "gpqa_gpqa_diamond_0031",
  "method": "baseline",
  "prefix_length": 180,
  "keep_m": 175,
  "kl_to_baseline": 0.0,
  "distribution": {
    "A": 0.9067618098336986,
    "B": 0.0069232108205053875,
    "C": 0.035158974011817314,
    "D": 0.051156005333978655
  }
}