{
  "question_id": "gpqa_gpqa_diamond_0001",
  "method": "baseline",
  "prefix_length": 364,
  "keep_m": 359,
  "kl_to_baseline": 0.0,
  "distribution": {
    "A": 0.48997017339645055,
    "B": 0.12388384582983397,
    "C": 0.12388384582983397,
    "D": 0.26226213494388145
  }
}