{
  "question_id": "gpqa_gpqa_diamond_0031",
  "method": "baseline",
  "prefix_length": 63,
  "keep_m": 58,
  "kl_to_baseline": 0.0,
  "distribution": {
    "A": 0.9826096323773794,
    "B": 0.0014772938574785044,
    "C": 0.0035438437366345356,
    "D": 0.012369230028507606
  }
}