{
  "question_id": "gpqa_gpqa_diamond_0002",
  "method": "baseline",
  "prefix_length": 92,
  "keep_m": 87,
  "kl_to_baseline": 0.0,
  "distribution": {
    "A": 0.0009694061448151448,
    "B": 0.0,
    "C": 0.0003566245908227578,
    "D": 0.9986739692643621
  }
}