{
  "question_id": "gpqa_gpqa_diamond_0004",
  "method": "baseline",
  "prefix_length": 31,
  "keep_m": 26,
  "kl_to_baseline": 0.0,
  "distribution": {
    "A": 0.0009753750643978984,
    "B": 0.3472576177253326,
    "C": 0.6487626405028967,
    "D": 0.003004366707372917
  }
}