{
  "question_id": "gpqa_gpqa_diamond_0002",
  "method": "baseline",
  "prefix_length": 53,
  "keep_m": 48,
  "kl_to_baseline": 0.0,
  "distribution": {
    "A": 0.7023747700124926,
    "B": 0.018717658075300125,
    "C": 0.05087986981739803,
    "D": 0.22802770209480916
  }
}