{
  "question_id": "gpqa_gpqa_diamond_0023",
  "method": "baseline",
  "prefix_length": 184,
  "keep_m": 179,
  "kl_to_baseline": 0.0,
  "distribution": {
    "A": 0.6336659308727735,
    "B": 0.18154833421248912,
    "C": 0.1602158426119146,
    "D": 0.024569892302822856
  }
}