{
  "question_id": "gpqa_gpqa_diamond_0009",
  "method": "baseline",
  "prefix_length": 54,
  "keep_m": 49,
  "kl_to_baseline": 0.0,
  "distribution": {
    "A": 0.5460414202212036,
    "B": 0.06521535150073127,
    "C": 0.05755234570036098,
    "D": 0.3311908825777042
  }
}