{
  "question_id": "gpqa_gpqa_diamond_0026",
  "method": "baseline",
  "prefix_length": 51,
  "keep_m": 46,
  "kl_to_baseline": 0.0,
  "distribution": {
    "A": 0.0010308620112416864,
    "B": 0.9976429304104566,
    "C": 0.0001580878849378249,
    "D": 0.0011681196933638741
  }
}