{
  "question_id": "gpqa_gpqa_diamond_0023",
  "method": "baseline",
  "prefix_length": 173,
  "keep_m": 168,
  "kl_to_baseline": 0.0,
  "distribution": {
    "A": 0.48075357431390303,
    "B": 0.2573288449528703,
    "C": 0.2270919086165796,
    "D": 0.03482567211664708
  }
}