{
  "question_id": "gpqa_gpqa_diamond_0017",
  "method": "baseline",
  "prefix_length": 104,
  "keep_m": 99,
  "kl_to_baseline": 0.0,
  "distribution": {
    "A": 0.712810178393803,
    "B": 0.010167691723366328,
    "C": 0.26222822571884813,
    "D": 0.014793904163982552
  }
}