{
  "question_id": "gpqa_gpqa_diamond_0023",
  "method": "baseline",
  "prefix_length": 343,
  "keep_m": 338,
  "kl_to_baseline": 0.0,
  "distribution": {
    "A": 0.4716598127220648,
    "B": 0.22279631980199432,
    "C": 0.28607613737025106,
    "D": 0.019467730105689716
  }
}