{
  "question_id": "gpqa_gpqa_diamond_0003",
  "method": "baseline",
  "prefix_length": 29,
  "keep_m": 24,
  "kl_to_baseline": 0.0,
  "distribution": {
    "A": 0.01797590950254384,
    "B": 0.0001996943164355165,
    "C": 0.9814513180816178,
    "D": 0.00037307809940284473
  }
}