{
  "question_id": "gpqa_gpqa_diamond_0004",
  "method": "baseline",
  "prefix_length": 37,
  "keep_m": 32,
  "kl_to_baseline": 0.0,
  "distribution": {
    "A": 0.001051496851963374,
    "B": 0.2003798552617954,
    "C": 0.7925177012881213,
    "D": 0.006050946598120032
  }
}