{
  "question_id": "gpqa_gpqa_diamond_0031",
  "method": "baseline",
  "prefix_length": 164,
  "keep_m": 159,
  "kl_to_baseline": 0.0,
  "distribution": {
    "A": 0.9531346755476592,
    "B": 0.002677159422528697,
    "C": 0.015405988776977596,
    "D": 0.028782176252834583
  }
}