{
  "question_id": "gpqa_gpqa_diamond_0002",
  "method": "baseline",
  "prefix_length": 94,
  "keep_m": 89,
  "kl_to_baseline": 0.0,
  "distribution": {
    "A": 0.0016988320625371128,
    "B": 0.00048672353497677327,
    "C": 0.0006249653898102818,
    "D": 0.997189479012676
  }
}