{
  "question_id": "gpqa_gpqa_diamond_0020",
  "method": "baseline",
  "prefix_length": 50,
  "keep_m": 45,
  "kl_to_baseline": 0.0,
  "distribution": {
    "A": 0.14475437946174355,
    "B": 0.8330039766522772,
    "C": 0.0026512689417840943,
    "D": 0.019590374944195174
  }
}