{
  "question_id": "gpqa_gpqa_diamond_0023",
  "method": "baseline",
  "prefix_length": 204,
  "keep_m": 199,
  "kl_to_baseline": 0.0,
  "distribution": {
    "A": 0.4390301827240323,
    "B": 0.18301499776162045,
    "C": 0.3419170297176147,
    "D": 0.03603778979673251
  }
}