{
  "question_id": "gpqa_gpqa_diamond_0011",
  "method": "baseline",
  "prefix_length": 114,
  "keep_m": 109,
  "kl_to_baseline": 0.0,
  "distribution": {
    "A": 2.902306240836798e-06,
    "B": 0.999995102969796,
    "C": 1.9947239630952606e-06,
    "D": 0.0
  }
}