{
  "question_id": "gpqa_gpqa_diamond_0031",
  "method": "baseline",
  "prefix_length": 207,
  "keep_m": 202,
  "kl_to_baseline": 0.0,
  "distribution": {
    "A": 0.9712757657478082,
    "B": 0.0035029678283864875,
    "C": 0.01569921263022559,
    "D": 0.009522053793579633
  }
}