{
  "question_id": "medmcqa_0001",
  "method": "baseline",
  "prefix_length": 28,
  "keep_m": 23,
  "kl_to_baseline": 0.0,
  "distribution": {
    "A": 0.9979325587807497,
    "B": 0.001168458980880921,
    "C": 9.591290810284317e-05,
    "D": 0.0008030693302664827
  }
}