{
  "question_id": "medmcqa_0001",
  "method": "baseline",
  "prefix_length": 88,
  "keep_m": 83,
  "kl_to_baseline": 0.0,
  "distribution": {
    "A": 0.9617595553461821,
    "B": 0.004453829529008576,
    "C": 0.0008770110336309854,
    "D": 0.03290960409117836
  }
}