{
  "question_id": "medmcqa_0001",
  "method": "baseline",
  "prefix_length": 58,
  "keep_m": 53,
  "kl_to_baseline": 0.0,
  "distribution": {
    "A": 0.9899507271928341,
    "B": 0.0031507956005939245,
    "C": 0.0002282428677716123,
    "D": 0.0066702343388004804
  }
}