{
  "question_id": "starfish",
  "method": "baseline",
  "prefix_length": 65,
  "keep_m": 60,
  "kl_to_baseline": 0.0,
  "distribution": {
    "A": 0.2653185961525874,
    "B": 0.3860362795405684,
    "C": 0.2066303304470409,
    "D": 0.1420147938598033
  }
}