{
  "question_id": "starfish",
  "method": "baseline",
  "prefix_length": 53,
  "keep_m": 48,
  "kl_to_baseline": 0.0,
  "distribution": {
    "A": 0.33923575081602764,
    "B": 0.29937449934110405,
    "C": 0.26419706838133833,
    "D": 0.09719268146152989
  }
}