{
  "question_id": "waffle",
  "method": "baseline",
  "prefix_length": 55,
  "keep_m": 50,
  "kl_to_baseline": 0.0,
  "distribution": {
    "A": 0.41209692555709077,
    "B": 0.41209692555709077,
    "C": 0.10419443251117706,
    "D": 0.0716117163746415
  }
}