{
  "question_id": "waffle",
  "method": "baseline",
  "prefix_length": 242,
  "keep_m": 237,
  "kl_to_baseline": 0.0,
  "distribution": {
    "A": 0.22077101640691993,
    "B": 0.005883347603924414,
    "C": 0.7705665393629129,
    "D": 0.002779096626242884
  }
}