{
  "question_id": "waffle",
  "method": "baseline",
  "prefix_length": 291,
  "keep_m": 286,
  "kl_to_baseline": 0.0,
  "distribution": {
    "A": 0.3994313269077201,
    "B": 0.017549787697454047,
    "C": 0.5811691513802889,
    "D": 0.001849734014537003
  }
}