{
  "question_id": "waffle",
  "method": "baseline",
  "prefix_length": 183,
  "keep_m": 178,
  "kl_to_baseline": 0.0,
  "distribution": {
    "A": 0.504860443031462,
    "B": 0.041441468771498506,
    "C": 0.4455377772127519,
    "D": 0.00816031098428758
  }
}