{
  "question_id": "waffle",
  "method": "baseline",
  "prefix_length": 277,
  "keep_m": 272,
  "kl_to_baseline": 0.0,
  "distribution": {
    "A": 0.242880925827459,
    "B": 0.008310929246350887,
    "C": 0.74812594231044,
    "D": 0.0006822026157500327
  }
}