{
  "question_id": "waffle",
  "method": "baseline",
  "prefix_length": 274,
  "keep_m": 269,
  "kl_to_baseline": 0.0,
  "distribution": {
    "A": 0.5143608086868703,
    "B": 0.02901825286777681,
    "C": 0.45392182047707075,
    "D": 0.002699117968282131
  }
}