{
  "question_id": "waffle",
  "method": "baseline",
  "prefix_length": 134,
  "keep_m": 129,
  "kl_to_baseline": 0.0,
  "distribution": {
    "A": 0.824093062004755,
    "B": 0.1432059032886527,
    "C": 0.01938080917235215,
    "D": 0.013320225534240233
  }
}