{
  "question_id": "waffle",
  "method": "baseline",
  "prefix_length": 225,
  "keep_m": 220,
  "kl_to_baseline": 0.0,
  "distribution": {
    "A": 0.5642330944449926,
    "B": 0.04087290339984906,
    "C": 0.3877913565510975,
    "D": 0.007102645604060876
  }
}