{
  "question_id": "waffle",
  "method": "baseline",
  "prefix_length": 130,
  "keep_m": 125,
  "kl_to_baseline": 0.0,
  "distribution": {
    "A": 0.7237486533702612,
    "B": 0.2073574670914168,
    "C": 0.04083110134362255,
    "D": 0.028062778194699437
  }
}