{
  "question_id": "waffle",
  "method": "baseline",
  "prefix_length": 229,
  "keep_m": 224,
  "kl_to_baseline": 0.0,
  "distribution": {
    "A": 0.31120177199279137,
    "B": 0.025544997025783143,
    "C": 0.6588141761128252,
    "D": 0.0044390548686002295
  }
}