{
  "question_id": "waffle",
  "method": "baseline",
  "prefix_length": 73,
  "keep_m": 68,
  "kl_to_baseline": 0.0,
  "distribution": {
    "A": 0.4309501152814158,
    "B": 0.33562428724587884,
    "C": 0.1585376875824959,
    "D": 0.07488790989020956
  }
}