{
  "question_id": "waffle",
  "method": "baseline",
  "prefix_length": 261,
  "keep_m": 256,
  "kl_to_baseline": 0.0,
  "distribution": {
    "A": 0.7039932856851887,
    "B": 0.03093130810812421,
    "C": 0.2589846719630037,
    "D": 0.006090734243683431
  }
}