{
  "question_id": "waffle",
  "method": "baseline",
  "prefix_length": 29,
  "keep_m": 24,
  "kl_to_baseline": 0.0,
  "distribution": {
    "A": 0.6469483608855051,
    "B": 0.23799900146934022,
    "C": 0.0681878555689014,
    "D": 0.04686478207625322
  }
}